territoire_code,niveau,milieu,sexe,theme,sous_categorie,indicateur,valeur,unite,code_geo,source,territoire_id
tanger tetouan al hoceima,region,,,total_logements,,Total des logements urbains,1109294.0,logements,1.0,rgph2024_logement_urbain,1.0
tanger tetouan al hoceima,region,,,nature_occupation,,Logement occupé,63.55790259387815,%,1.0,rgph2024_logement_urbain,1.0
tanger tetouan al hoceima,region,,,nature_occupation,Logement non occupé,Logement vacants,12.727464495435465,%,1.0,rgph2024_logement_urbain,1.0
tanger tetouan al hoceima,region,,,nature_occupation,Logement non occupé,Logement secondaire/saisonnier,23.714632910661404,%,1.0,rgph2024_logement_urbain,1.0
tanger tetouan al hoceima,region,,,nature_occupation,Logement non occupé,Total logement non occupé,36.44209740609687,%,1.0,rgph2024_logement_urbain,1.0
tanger tetouan al hoceima,region,,,type_logement,Logement non précaire ou salubre,Villa ou niveau de villa,1.6,%,1.0,rgph2024_logement_urbain,1.0
tanger tetouan al hoceima,region,,,type_logement,Logement non précaire ou salubre,Appartement,35.8,%,1.0,rgph2024_logement_urbain,1.0
tanger tetouan al hoceima,region,,,type_logement,Logement non précaire ou salubre,Maison marocaine traditionnelle,1.8,%,1.0,rgph2024_logement_urbain,1.0
tanger tetouan al hoceima,region,,,type_logement,Logement non précaire ou salubre,Maison marocaine moderne,59.3,%,1.0,rgph2024_logement_urbain,1.0
tanger tetouan al hoceima,region,,,type_logement,Logement non précaire ou salubre,Total non précaire,98.6,%,1.0,rgph2024_logement_urbain,1.0
tanger tetouan al hoceima,region,,,type_logement,Logement précaire,Maison sommaire ou bidonville,0.7,%,1.0,rgph2024_logement_urbain,1.0
tanger tetouan al hoceima,region,,,type_logement,Logement précaire,Logement en type rural,0.3,%,1.0,rgph2024_logement_urbain,1.0
tanger tetouan al hoceima,region,,,type_logement,Logement précaire,Autres type,0.4,%,1.0,rgph2024_logement_urbain,1.0
tanger tetouan al hoceima,region,,,type_logement,Logement précaire,Total précaire,1.4,%,1.0,rgph2024_logement_urbain,1.0
tanger tetouan al hoceima,region,,,age_logement,,Moins de 20 ans,66.3,%,1.0,rgph2024_logement_urbain,1.0
tanger tetouan al hoceima,region,,,age_logement,,De 20 à moins de 50 ans,29.5,%,1.0,rgph2024_logement_urbain,1.0
tanger tetouan al hoceima,region,,,age_logement,,50 ans et plus,4.2,%,1.0,rgph2024_logement_urbain,1.0
tanger tetouan al hoceima,region,,,age_logement_par_type,Villa ou niveau de villa,Moins de 20 ans,68.5,%,1.0,rgph2024_logement_urbain,1.0
tanger tetouan al hoceima,region,,,age_logement_par_type,Villa ou niveau de villa,De 20 à moins de 50 ans,28.3,%,1.0,rgph2024_logement_urbain,1.0
tanger tetouan al hoceima,region,,,age_logement_par_type,Villa ou niveau de villa,50 ans et plus,3.2,%,1.0,rgph2024_logement_urbain,1.0
tanger tetouan al hoceima,region,,,age_logement_par_type,Appartement,Moins de 20 ans,81.6,%,1.0,rgph2024_logement_urbain,1.0
tanger tetouan al hoceima,region,,,age_logement_par_type,Appartement,De 20 à moins de 50 ans,16.5,%,1.0,rgph2024_logement_urbain,1.0
tanger tetouan al hoceima,region,,,age_logement_par_type,Appartement,50 ans et plus,2.0,%,1.0,rgph2024_logement_urbain,1.0
tanger tetouan al hoceima,region,,,age_logement_par_type,Maison marocaine traditionnelle,Moins de 20 ans,23.9,%,1.0,rgph2024_logement_urbain,1.0
tanger tetouan al hoceima,region,,,age_logement_par_type,Maison marocaine traditionnelle,De 20 à moins de 50 ans,25.8,%,1.0,rgph2024_logement_urbain,1.0
tanger tetouan al hoceima,region,,,age_logement_par_type,Maison marocaine traditionnelle,50 ans et plus,50.4,%,1.0,rgph2024_logement_urbain,1.0
tanger tetouan al hoceima,region,,,age_logement_par_type,Maison marocaine moderne,Moins de 20 ans,59.0,%,1.0,rgph2024_logement_urbain,1.0
tanger tetouan al hoceima,region,,,age_logement_par_type,Maison marocaine moderne,De 20 à moins de 50 ans,37.1,%,1.0,rgph2024_logement_urbain,1.0
tanger tetouan al hoceima,region,,,age_logement_par_type,Maison marocaine moderne,50 ans et plus,3.9,%,1.0,rgph2024_logement_urbain,1.0
tanger tetouan al hoceima,region,,,age_logement_par_type,Total non précaire,Moins de 20 ans,66.7,%,1.0,rgph2024_logement_urbain,1.0
tanger tetouan al hoceima,region,,,age_logement_par_type,Total non précaire,De 20 à moins de 50 ans,29.3,%,1.0,rgph2024_logement_urbain,1.0
tanger tetouan al hoceima,region,,,age_logement_par_type,Total non précaire,50 ans et plus,4.1,%,1.0,rgph2024_logement_urbain,1.0
tanger tetouan al hoceima,region,,,age_logement_par_type,Maison sommaire ou bidonville,Moins de 20 ans,34.1,%,1.0,rgph2024_logement_urbain,1.0
tanger tetouan al hoceima,region,,,age_logement_par_type,Maison sommaire ou bidonville,De 20 à moins de 50 ans,49.9,%,1.0,rgph2024_logement_urbain,1.0
tanger tetouan al hoceima,region,,,age_logement_par_type,Maison sommaire ou bidonville,50 ans et plus,16.0,%,1.0,rgph2024_logement_urbain,1.0
tanger tetouan al hoceima,region,,,age_logement_par_type,Logement en type rural,Moins de 20 ans,33.8,%,1.0,rgph2024_logement_urbain,1.0
tanger tetouan al hoceima,region,,,age_logement_par_type,Logement en type rural,De 20 à moins de 50 ans,48.7,%,1.0,rgph2024_logement_urbain,1.0
tanger tetouan al hoceima,region,,,age_logement_par_type,Logement en type rural,50 ans et plus,17.5,%,1.0,rgph2024_logement_urbain,1.0
tanger tetouan al hoceima,region,,,age_logement_par_type,Autres type,Moins de 20 ans,54.6,%,1.0,rgph2024_logement_urbain,1.0
tanger tetouan al hoceima,region,,,age_logement_par_type,Autres type,De 20 à moins de 50 ans,35.0,%,1.0,rgph2024_logement_urbain,1.0
tanger tetouan al hoceima,region,,,age_logement_par_type,Autres type,50 ans et plus,10.4,%,1.0,rgph2024_logement_urbain,1.0
tanger tetouan al hoceima,region,,,age_logement_par_type,Total précaire,Moins de 20 ans,40.1,%,1.0,rgph2024_logement_urbain,1.0
tanger tetouan al hoceima,region,,,age_logement_par_type,Total précaire,De 20 à moins de 50 ans,45.3,%,1.0,rgph2024_logement_urbain,1.0
tanger tetouan al hoceima,region,,,age_logement_par_type,Total précaire,50 ans et plus,14.6,%,1.0,rgph2024_logement_urbain,1.0
tanger tetouan al hoceima,region,,,materiaux_murs,,"Béton armé, briques avec mortier",99.17662422861156,%,1.0,rgph2024_logement_urbain,1.0
tanger tetouan al hoceima,region,,,materiaux_murs,,Pierre agglomérée avec mortier,0.524178631938734,%,1.0,rgph2024_logement_urbain,1.0
tanger tetouan al hoceima,region,,,materiaux_murs,,Autres,0.2991971394538832,%,1.0,rgph2024_logement_urbain,1.0
tanger tetouan al hoceima,region,,,materiaux_toits,,Dalle,98.42766744757692,%,1.0,rgph2024_logement_urbain,1.0
tanger tetouan al hoceima,region,,,materiaux_toits,,"Planches, bois ou tuiles",0.9366688241091704,%,1.0,rgph2024_logement_urbain,1.0
tanger tetouan al hoceima,region,,,materiaux_toits,,Tôle en ciment ou en zinc,0.1744039777237438,%,1.0,rgph2024_logement_urbain,1.0
tanger tetouan al hoceima,region,,,materiaux_toits,,Autres,0.4612597505963477,%,1.0,rgph2024_logement_urbain,1.0
tanger tetouan al hoceima,region,,,services_base,,Réseau public d'électricité,95.96980337243056,%,1.0,rgph2024_logement_urbain,1.0
tanger tetouan al hoceima,region,,,services_base,,Réseau public d'eau,94.60289196352262,%,1.0,rgph2024_logement_urbain,1.0
tanger tetouan al hoceima,region,,,services_base,,Réseau public d'assainissement,95.74080926315295,%,1.0,rgph2024_logement_urbain,1.0
tanger tetouan al hoceima,region,,,deficit_logement,,Taux de déficit quantitatif en logement (%),2.2,%,1.0,rgph2024_logement_urbain,1.0
tanger assilah,prefecture_province,,,total_logements,,Total des logements urbains,554635.0,logements,1511.0,rgph2024_logement_urbain,2.0
tanger assilah,prefecture_province,,,nature_occupation,,Logement occupé,68.62062437457512,%,1511.0,rgph2024_logement_urbain,2.0
tanger assilah,prefecture_province,,,nature_occupation,Logement non occupé,Logement vacants,13.22815905955889,%,1511.0,rgph2024_logement_urbain,2.0
tanger assilah,prefecture_province,,,nature_occupation,Logement non occupé,Logement secondaire/saisonnier,18.151216565845765,%,1511.0,rgph2024_logement_urbain,2.0
tanger assilah,prefecture_province,,,nature_occupation,Logement non occupé,Total logement non occupé,31.379375625404656,%,1511.0,rgph2024_logement_urbain,2.0
tanger assilah,prefecture_province,,,type_logement,Logement non précaire ou salubre,Villa ou niveau de villa,1.8,%,1511.0,rgph2024_logement_urbain,2.0
tanger assilah,prefecture_province,,,type_logement,Logement non précaire ou salubre,Appartement,38.5,%,1511.0,rgph2024_logement_urbain,2.0
tanger assilah,prefecture_province,,,type_logement,Logement non précaire ou salubre,Maison marocaine traditionnelle,0.6,%,1511.0,rgph2024_logement_urbain,2.0
tanger assilah,prefecture_province,,,type_logement,Logement non précaire ou salubre,Maison marocaine moderne,58.0,%,1511.0,rgph2024_logement_urbain,2.0
tanger assilah,prefecture_province,,,type_logement,Logement non précaire ou salubre,Total non précaire,99.0,%,1511.0,rgph2024_logement_urbain,2.0
tanger assilah,prefecture_province,,,type_logement,Logement précaire,Maison sommaire ou bidonville,0.5,%,1511.0,rgph2024_logement_urbain,2.0
tanger assilah,prefecture_province,,,type_logement,Logement précaire,Logement en type rural,0.1,%,1511.0,rgph2024_logement_urbain,2.0
tanger assilah,prefecture_province,,,type_logement,Logement précaire,Autres type,0.5,%,1511.0,rgph2024_logement_urbain,2.0
tanger assilah,prefecture_province,,,type_logement,Logement précaire,Total précaire,1.0,%,1511.0,rgph2024_logement_urbain,2.0
tanger assilah,prefecture_province,,,age_logement,,Moins de 20 ans,67.4,%,1511.0,rgph2024_logement_urbain,2.0
tanger assilah,prefecture_province,,,age_logement,,De 20 à moins de 50 ans,29.0,%,1511.0,rgph2024_logement_urbain,2.0
tanger assilah,prefecture_province,,,age_logement,,50 ans et plus,3.7,%,1511.0,rgph2024_logement_urbain,2.0
tanger assilah,prefecture_province,,,age_logement_par_type,Villa ou niveau de villa,Moins de 20 ans,67.5,%,1511.0,rgph2024_logement_urbain,2.0
tanger assilah,prefecture_province,,,age_logement_par_type,Villa ou niveau de villa,De 20 à moins de 50 ans,28.2,%,1511.0,rgph2024_logement_urbain,2.0
tanger assilah,prefecture_province,,,age_logement_par_type,Villa ou niveau de villa,50 ans et plus,4.3,%,1511.0,rgph2024_logement_urbain,2.0
tanger assilah,prefecture_province,,,age_logement_par_type,Appartement,Moins de 20 ans,82.5,%,1511.0,rgph2024_logement_urbain,2.0
tanger assilah,prefecture_province,,,age_logement_par_type,Appartement,De 20 à moins de 50 ans,15.6,%,1511.0,rgph2024_logement_urbain,2.0
tanger assilah,prefecture_province,,,age_logement_par_type,Appartement,50 ans et plus,1.8,%,1511.0,rgph2024_logement_urbain,2.0
tanger assilah,prefecture_province,,,age_logement_par_type,Maison marocaine traditionnelle,Moins de 20 ans,43.6,%,1511.0,rgph2024_logement_urbain,2.0
tanger assilah,prefecture_province,,,age_logement_par_type,Maison marocaine traditionnelle,De 20 à moins de 50 ans,26.7,%,1511.0,rgph2024_logement_urbain,2.0
tanger assilah,prefecture_province,,,age_logement_par_type,Maison marocaine traditionnelle,50 ans et plus,29.7,%,1511.0,rgph2024_logement_urbain,2.0
tanger assilah,prefecture_province,,,age_logement_par_type,Maison marocaine moderne,Moins de 20 ans,57.8,%,1511.0,rgph2024_logement_urbain,2.0
tanger assilah,prefecture_province,,,age_logement_par_type,Maison marocaine moderne,De 20 à moins de 50 ans,37.8,%,1511.0,rgph2024_logement_urbain,2.0
tanger assilah,prefecture_province,,,age_logement_par_type,Maison marocaine moderne,50 ans et plus,4.4,%,1511.0,rgph2024_logement_urbain,2.0
tanger assilah,prefecture_province,,,age_logement_par_type,Total non précaire,Moins de 20 ans,67.5,%,1511.0,rgph2024_logement_urbain,2.0
tanger assilah,prefecture_province,,,age_logement_par_type,Total non précaire,De 20 à moins de 50 ans,28.9,%,1511.0,rgph2024_logement_urbain,2.0
tanger assilah,prefecture_province,,,age_logement_par_type,Total non précaire,50 ans et plus,3.6,%,1511.0,rgph2024_logement_urbain,2.0
tanger assilah,prefecture_province,,,age_logement_par_type,Maison sommaire ou bidonville,Moins de 20 ans,54.2,%,1511.0,rgph2024_logement_urbain,2.0
tanger assilah,prefecture_province,,,age_logement_par_type,Maison sommaire ou bidonville,De 20 à moins de 50 ans,33.2,%,1511.0,rgph2024_logement_urbain,2.0
tanger assilah,prefecture_province,,,age_logement_par_type,Maison sommaire ou bidonville,50 ans et plus,12.5,%,1511.0,rgph2024_logement_urbain,2.0
tanger assilah,prefecture_province,,,age_logement_par_type,Logement en type rural,Moins de 20 ans,40.4,%,1511.0,rgph2024_logement_urbain,2.0
tanger assilah,prefecture_province,,,age_logement_par_type,Logement en type rural,De 20 à moins de 50 ans,33.7,%,1511.0,rgph2024_logement_urbain,2.0
tanger assilah,prefecture_province,,,age_logement_par_type,Logement en type rural,50 ans et plus,25.9,%,1511.0,rgph2024_logement_urbain,2.0
tanger assilah,prefecture_province,,,age_logement_par_type,Autres type,Moins de 20 ans,59.7,%,1511.0,rgph2024_logement_urbain,2.0
tanger assilah,prefecture_province,,,age_logement_par_type,Autres type,De 20 à moins de 50 ans,33.3,%,1511.0,rgph2024_logement_urbain,2.0
tanger assilah,prefecture_province,,,age_logement_par_type,Autres type,50 ans et plus,7.0,%,1511.0,rgph2024_logement_urbain,2.0
tanger assilah,prefecture_province,,,age_logement_par_type,Total précaire,Moins de 20 ans,55.7,%,1511.0,rgph2024_logement_urbain,2.0
tanger assilah,prefecture_province,,,age_logement_par_type,Total précaire,De 20 à moins de 50 ans,33.3,%,1511.0,rgph2024_logement_urbain,2.0
tanger assilah,prefecture_province,,,age_logement_par_type,Total précaire,50 ans et plus,11.0,%,1511.0,rgph2024_logement_urbain,2.0
tanger assilah,prefecture_province,,,materiaux_murs,,"Béton armé, briques avec mortier",99.69949572782517,%,1511.0,rgph2024_logement_urbain,2.0
tanger assilah,prefecture_province,,,materiaux_murs,,Pierre agglomérée avec mortier,0.1652995816375643,%,1511.0,rgph2024_logement_urbain,2.0
tanger assilah,prefecture_province,,,materiaux_murs,,Autres,0.1352046905372463,%,1511.0,rgph2024_logement_urbain,2.0
tanger assilah,prefecture_province,,,materiaux_toits,,Dalle,98.88684911273792,%,1511.0,rgph2024_logement_urbain,2.0
tanger assilah,prefecture_province,,,materiaux_toits,,"Planches, bois ou tuiles",0.8819178293069309,%,1511.0,rgph2024_logement_urbain,2.0
tanger assilah,prefecture_province,,,materiaux_toits,,Tôle en ciment ou en zinc,0.0661487588114425,%,1511.0,rgph2024_logement_urbain,2.0
tanger assilah,prefecture_province,,,materiaux_toits,,Autres,0.1650842991400758,%,1511.0,rgph2024_logement_urbain,2.0
tanger assilah,prefecture_province,,,services_base,,Réseau public d'électricité,96.02033568366836,%,1511.0,rgph2024_logement_urbain,2.0
tanger assilah,prefecture_province,,,services_base,,Réseau public d'eau,95.32933652212913,%,1511.0,rgph2024_logement_urbain,2.0
tanger assilah,prefecture_province,,,services_base,,Réseau public d'assainissement,97.34422769139252,%,1511.0,rgph2024_logement_urbain,2.0
tanger assilah,prefecture_province,,,deficit_logement,,Taux de déficit quantitatif en logement (%),1.7,%,1511.0,rgph2024_logement_urbain,2.0
tanger assilah,commune,,,total_logements,,Total des logements urbains,485227.0,logements,1511010.0,rgph2024_logement_urbain,34.0
tanger assilah,commune,,,nature_occupation,,Logement occupé,71.4449113507692,%,1511010.0,rgph2024_logement_urbain,34.0
tanger assilah,commune,,,nature_occupation,Logement non occupé,Logement vacants,11.882479746592344,%,1511010.0,rgph2024_logement_urbain,34.0
tanger assilah,commune,,,nature_occupation,Logement non occupé,Logement secondaire/saisonnier,16.672608902636636,%,1511010.0,rgph2024_logement_urbain,34.0
tanger assilah,commune,,,nature_occupation,Logement non occupé,Total logement non occupé,28.55508864922898,%,1511010.0,rgph2024_logement_urbain,34.0
tanger assilah,commune,,,type_logement,Logement non précaire ou salubre,Villa ou niveau de villa,1.9,%,1511010.0,rgph2024_logement_urbain,34.0
tanger assilah,commune,,,type_logement,Logement non précaire ou salubre,Appartement,36.6,%,1511010.0,rgph2024_logement_urbain,34.0
tanger assilah,commune,,,type_logement,Logement non précaire ou salubre,Maison marocaine traditionnelle,0.6,%,1511010.0,rgph2024_logement_urbain,34.0
tanger assilah,commune,,,type_logement,Logement non précaire ou salubre,Maison marocaine moderne,60.1,%,1511010.0,rgph2024_logement_urbain,34.0
tanger assilah,commune,,,type_logement,Logement non précaire ou salubre,Total non précaire,99.1,%,1511010.0,rgph2024_logement_urbain,34.0
tanger assilah,commune,,,type_logement,Logement précaire,Maison sommaire ou bidonville,0.3,%,1511010.0,rgph2024_logement_urbain,34.0
tanger assilah,commune,,,type_logement,Logement précaire,Logement en type rural,0.1,%,1511010.0,rgph2024_logement_urbain,34.0
tanger assilah,commune,,,type_logement,Logement précaire,Autres type,0.5,%,1511010.0,rgph2024_logement_urbain,34.0
tanger assilah,commune,,,type_logement,Logement précaire,Total précaire,0.9,%,1511010.0,rgph2024_logement_urbain,34.0
tanger assilah,commune,,,age_logement,,Moins de 20 ans,64.4,%,1511010.0,rgph2024_logement_urbain,34.0
tanger assilah,commune,,,age_logement,,De 20 à moins de 50 ans,31.8,%,1511010.0,rgph2024_logement_urbain,34.0
tanger assilah,commune,,,age_logement,,50 ans et plus,3.8,%,1511010.0,rgph2024_logement_urbain,34.0
tanger assilah,commune,,,age_logement_par_type,Villa ou niveau de villa,Moins de 20 ans,65.8,%,1511010.0,rgph2024_logement_urbain,34.0
tanger assilah,commune,,,age_logement_par_type,Villa ou niveau de villa,De 20 à moins de 50 ans,29.8,%,1511010.0,rgph2024_logement_urbain,34.0
tanger assilah,commune,,,age_logement_par_type,Villa ou niveau de villa,50 ans et plus,4.4,%,1511010.0,rgph2024_logement_urbain,34.0
tanger assilah,commune,,,age_logement_par_type,Appartement,Moins de 20 ans,79.3,%,1511010.0,rgph2024_logement_urbain,34.0
tanger assilah,commune,,,age_logement_par_type,Appartement,De 20 à moins de 50 ans,18.5,%,1511010.0,rgph2024_logement_urbain,34.0
tanger assilah,commune,,,age_logement_par_type,Appartement,50 ans et plus,2.2,%,1511010.0,rgph2024_logement_urbain,34.0
tanger assilah,commune,,,age_logement_par_type,Maison marocaine traditionnelle,Moins de 20 ans,42.0,%,1511010.0,rgph2024_logement_urbain,34.0
tanger assilah,commune,,,age_logement_par_type,Maison marocaine traditionnelle,De 20 à moins de 50 ans,26.5,%,1511010.0,rgph2024_logement_urbain,34.0
tanger assilah,commune,,,age_logement_par_type,Maison marocaine traditionnelle,50 ans et plus,31.5,%,1511010.0,rgph2024_logement_urbain,34.0
tanger assilah,commune,,,age_logement_par_type,Maison marocaine moderne,Moins de 20 ans,55.7,%,1511010.0,rgph2024_logement_urbain,34.0
tanger assilah,commune,,,age_logement_par_type,Maison marocaine moderne,De 20 à moins de 50 ans,40.0,%,1511010.0,rgph2024_logement_urbain,34.0
tanger assilah,commune,,,age_logement_par_type,Maison marocaine moderne,50 ans et plus,4.4,%,1511010.0,rgph2024_logement_urbain,34.0
tanger assilah,commune,,,age_logement_par_type,Total non précaire,Moins de 20 ans,64.5,%,1511010.0,rgph2024_logement_urbain,34.0
tanger assilah,commune,,,age_logement_par_type,Total non précaire,De 20 à moins de 50 ans,31.8,%,1511010.0,rgph2024_logement_urbain,34.0
tanger assilah,commune,,,age_logement_par_type,Total non précaire,50 ans et plus,3.7,%,1511010.0,rgph2024_logement_urbain,34.0
tanger assilah,commune,,,age_logement_par_type,Maison sommaire ou bidonville,Moins de 20 ans,67.6,%,1511010.0,rgph2024_logement_urbain,34.0
tanger assilah,commune,,,age_logement_par_type,Maison sommaire ou bidonville,De 20 à moins de 50 ans,20.4,%,1511010.0,rgph2024_logement_urbain,34.0
tanger assilah,commune,,,age_logement_par_type,Maison sommaire ou bidonville,50 ans et plus,11.9,%,1511010.0,rgph2024_logement_urbain,34.0
tanger assilah,commune,,,age_logement_par_type,Logement en type rural,Moins de 20 ans,47.7,%,1511010.0,rgph2024_logement_urbain,34.0
tanger assilah,commune,,,age_logement_par_type,Logement en type rural,De 20 à moins de 50 ans,38.5,%,1511010.0,rgph2024_logement_urbain,34.0
tanger assilah,commune,,,age_logement_par_type,Logement en type rural,50 ans et plus,13.8,%,1511010.0,rgph2024_logement_urbain,34.0
tanger assilah,commune,,,age_logement_par_type,Autres type,Moins de 20 ans,56.3,%,1511010.0,rgph2024_logement_urbain,34.0
tanger assilah,commune,,,age_logement_par_type,Autres type,De 20 à moins de 50 ans,36.5,%,1511010.0,rgph2024_logement_urbain,34.0
tanger assilah,commune,,,age_logement_par_type,Autres type,50 ans et plus,7.2,%,1511010.0,rgph2024_logement_urbain,34.0
tanger assilah,commune,,,age_logement_par_type,Total précaire,Moins de 20 ans,59.6,%,1511010.0,rgph2024_logement_urbain,34.0
tanger assilah,commune,,,age_logement_par_type,Total précaire,De 20 à moins de 50 ans,31.1,%,1511010.0,rgph2024_logement_urbain,34.0
tanger assilah,commune,,,age_logement_par_type,Total précaire,50 ans et plus,9.3,%,1511010.0,rgph2024_logement_urbain,34.0
tanger assilah,commune,,,materiaux_murs,,"Béton armé, briques avec mortier",99.76664184698214,%,1511010.0,rgph2024_logement_urbain,34.0
tanger assilah,commune,,,materiaux_murs,,Pierre agglomérée avec mortier,0.1461992811328148,%,1511010.0,rgph2024_logement_urbain,34.0
tanger assilah,commune,,,materiaux_murs,,Autres,0.0871588718850225,%,1511010.0,rgph2024_logement_urbain,34.0
tanger assilah,commune,,,materiaux_toits,,Dalle,98.96141118018087,%,1511010.0,rgph2024_logement_urbain,34.0
tanger assilah,commune,,,materiaux_toits,,"Planches, bois ou tuiles",0.9275174260559672,%,1511010.0,rgph2024_logement_urbain,34.0
tanger assilah,commune,,,materiaux_toits,,Tôle en ciment ou en zinc,0.0141334989704402,%,1511010.0,rgph2024_logement_urbain,34.0
tanger assilah,commune,,,materiaux_toits,,Autres,0.0969378947922446,%,1511010.0,rgph2024_logement_urbain,34.0
tanger assilah,commune,,,services_base,,Réseau public d'électricité,97.13306395446293,%,1511010.0,rgph2024_logement_urbain,34.0
tanger assilah,commune,,,services_base,,Réseau public d'eau,96.71928794464596,%,1511010.0,rgph2024_logement_urbain,34.0
tanger assilah,commune,,,services_base,,Réseau public d'assainissement,97.92209090273256,%,1511010.0,rgph2024_logement_urbain,34.0
tanger assilah,commune,,,deficit_logement,,Taux de déficit quantitatif en logement (%),1.4,%,1511010.0,rgph2024_logement_urbain,34.0
tanger assilah,arrondissement,,,total_logements,,Total des logements urbains,94716.0,logements,15110105.0,rgph2024_logement_urbain,180.0
tanger assilah,arrondissement,,,nature_occupation,,Logement occupé,71.12209130455173,%,15110105.0,rgph2024_logement_urbain,180.0
tanger assilah,arrondissement,,,nature_occupation,Logement non occupé,Logement vacants,12.72435491363948,%,15110105.0,rgph2024_logement_urbain,180.0
tanger assilah,arrondissement,,,nature_occupation,Logement non occupé,Logement secondaire/saisonnier,16.15355378183572,%,15110105.0,rgph2024_logement_urbain,180.0
tanger assilah,arrondissement,,,nature_occupation,Logement non occupé,Total logement non occupé,28.8779086954752,%,15110105.0,rgph2024_logement_urbain,180.0
tanger assilah,arrondissement,,,type_logement,Logement non précaire ou salubre,Villa ou niveau de villa,2.5,%,15110105.0,rgph2024_logement_urbain,180.0
tanger assilah,arrondissement,,,type_logement,Logement non précaire ou salubre,Appartement,27.2,%,15110105.0,rgph2024_logement_urbain,180.0
tanger assilah,arrondissement,,,type_logement,Logement non précaire ou salubre,Maison marocaine traditionnelle,0.4,%,15110105.0,rgph2024_logement_urbain,180.0
tanger assilah,arrondissement,,,type_logement,Logement non précaire ou salubre,Maison marocaine moderne,69.3,%,15110105.0,rgph2024_logement_urbain,180.0
tanger assilah,arrondissement,,,type_logement,Logement non précaire ou salubre,Total non précaire,99.3,%,15110105.0,rgph2024_logement_urbain,180.0
tanger assilah,arrondissement,,,type_logement,Logement précaire,Maison sommaire ou bidonville,0.2,%,15110105.0,rgph2024_logement_urbain,180.0
tanger assilah,arrondissement,,,type_logement,Logement précaire,Logement en type rural,0.1,%,15110105.0,rgph2024_logement_urbain,180.0
tanger assilah,arrondissement,,,type_logement,Logement précaire,Autres type,0.4,%,15110105.0,rgph2024_logement_urbain,180.0
tanger assilah,arrondissement,,,type_logement,Logement précaire,Total précaire,0.7,%,15110105.0,rgph2024_logement_urbain,180.0
tanger assilah,arrondissement,,,age_logement,,Moins de 20 ans,64.9,%,15110105.0,rgph2024_logement_urbain,180.0
tanger assilah,arrondissement,,,age_logement,,De 20 à moins de 50 ans,34.3,%,15110105.0,rgph2024_logement_urbain,180.0
tanger assilah,arrondissement,,,age_logement,,50 ans et plus,0.8,%,15110105.0,rgph2024_logement_urbain,180.0
tanger assilah,arrondissement,,,age_logement_par_type,Villa ou niveau de villa,Moins de 20 ans,63.1,%,15110105.0,rgph2024_logement_urbain,180.0
tanger assilah,arrondissement,,,age_logement_par_type,Villa ou niveau de villa,De 20 à moins de 50 ans,33.1,%,15110105.0,rgph2024_logement_urbain,180.0
tanger assilah,arrondissement,,,age_logement_par_type,Villa ou niveau de villa,50 ans et plus,3.8,%,15110105.0,rgph2024_logement_urbain,180.0
tanger assilah,arrondissement,,,age_logement_par_type,Appartement,Moins de 20 ans,92.3,%,15110105.0,rgph2024_logement_urbain,180.0
tanger assilah,arrondissement,,,age_logement_par_type,Appartement,De 20 à moins de 50 ans,7.4,%,15110105.0,rgph2024_logement_urbain,180.0
tanger assilah,arrondissement,,,age_logement_par_type,Appartement,50 ans et plus,0.2,%,15110105.0,rgph2024_logement_urbain,180.0
tanger assilah,arrondissement,,,age_logement_par_type,Maison marocaine traditionnelle,Moins de 20 ans,63.7,%,15110105.0,rgph2024_logement_urbain,180.0
tanger assilah,arrondissement,,,age_logement_par_type,Maison marocaine traditionnelle,De 20 à moins de 50 ans,36.3,%,15110105.0,rgph2024_logement_urbain,180.0
tanger assilah,arrondissement,,,age_logement_par_type,Maison marocaine traditionnelle,50 ans et plus,0.0,%,15110105.0,rgph2024_logement_urbain,180.0
tanger assilah,arrondissement,,,age_logement_par_type,Maison marocaine moderne,Moins de 20 ans,54.3,%,15110105.0,rgph2024_logement_urbain,180.0
tanger assilah,arrondissement,,,age_logement_par_type,Maison marocaine moderne,De 20 à moins de 50 ans,44.8,%,15110105.0,rgph2024_logement_urbain,180.0
tanger assilah,arrondissement,,,age_logement_par_type,Maison marocaine moderne,50 ans et plus,0.9,%,15110105.0,rgph2024_logement_urbain,180.0
tanger assilah,arrondissement,,,age_logement_par_type,Total non précaire,Moins de 20 ans,65.0,%,15110105.0,rgph2024_logement_urbain,180.0
tanger assilah,arrondissement,,,age_logement_par_type,Total non précaire,De 20 à moins de 50 ans,34.2,%,15110105.0,rgph2024_logement_urbain,180.0
tanger assilah,arrondissement,,,age_logement_par_type,Total non précaire,50 ans et plus,0.8,%,15110105.0,rgph2024_logement_urbain,180.0
tanger assilah,arrondissement,,,age_logement_par_type,Maison sommaire ou bidonville,Moins de 20 ans,54.2,%,15110105.0,rgph2024_logement_urbain,180.0
tanger assilah,arrondissement,,,age_logement_par_type,Maison sommaire ou bidonville,De 20 à moins de 50 ans,41.7,%,15110105.0,rgph2024_logement_urbain,180.0
tanger assilah,arrondissement,,,age_logement_par_type,Maison sommaire ou bidonville,50 ans et plus,4.2,%,15110105.0,rgph2024_logement_urbain,180.0
tanger assilah,arrondissement,,,age_logement_par_type,Logement en type rural,Moins de 20 ans,49.7,%,15110105.0,rgph2024_logement_urbain,180.0
tanger assilah,arrondissement,,,age_logement_par_type,Logement en type rural,De 20 à moins de 50 ans,44.9,%,15110105.0,rgph2024_logement_urbain,180.0
tanger assilah,arrondissement,,,age_logement_par_type,Logement en type rural,50 ans et plus,5.4,%,15110105.0,rgph2024_logement_urbain,180.0
tanger assilah,arrondissement,,,age_logement_par_type,Autres type,Moins de 20 ans,62.7,%,15110105.0,rgph2024_logement_urbain,180.0
tanger assilah,arrondissement,,,age_logement_par_type,Autres type,De 20 à moins de 50 ans,36.3,%,15110105.0,rgph2024_logement_urbain,180.0
tanger assilah,arrondissement,,,age_logement_par_type,Autres type,50 ans et plus,1.0,%,15110105.0,rgph2024_logement_urbain,180.0
tanger assilah,arrondissement,,,age_logement_par_type,Total précaire,Moins de 20 ans,58.8,%,15110105.0,rgph2024_logement_urbain,180.0
tanger assilah,arrondissement,,,age_logement_par_type,Total précaire,De 20 à moins de 50 ans,38.8,%,15110105.0,rgph2024_logement_urbain,180.0
tanger assilah,arrondissement,,,age_logement_par_type,Total précaire,50 ans et plus,2.4,%,15110105.0,rgph2024_logement_urbain,180.0
tanger assilah,arrondissement,,,materiaux_murs,,"Béton armé, briques avec mortier",99.81499098220893,%,15110105.0,rgph2024_logement_urbain,180.0
tanger assilah,arrondissement,,,materiaux_murs,,Pierre agglomérée avec mortier,0.070184550058956,%,15110105.0,rgph2024_logement_urbain,180.0
tanger assilah,arrondissement,,,materiaux_murs,,Autres,0.1148244677321222,%,15110105.0,rgph2024_logement_urbain,180.0
tanger assilah,arrondissement,,,materiaux_toits,,Dalle,98.91011149783031,%,15110105.0,rgph2024_logement_urbain,180.0
tanger assilah,arrondissement,,,materiaux_toits,,"Planches, bois ou tuiles",0.9239312243736888,%,15110105.0,rgph2024_logement_urbain,180.0
tanger assilah,arrondissement,,,materiaux_toits,,Tôle en ciment ou en zinc,0.0154245574237991,%,15110105.0,rgph2024_logement_urbain,180.0
tanger assilah,arrondissement,,,materiaux_toits,,Autres,0.1505327203731037,%,15110105.0,rgph2024_logement_urbain,180.0
tanger assilah,arrondissement,,,services_base,,Réseau public d'électricité,96.88782037474456,%,15110105.0,rgph2024_logement_urbain,180.0
tanger assilah,arrondissement,,,services_base,,Réseau public d'eau,95.98085817806952,%,15110105.0,rgph2024_logement_urbain,180.0
tanger assilah,arrondissement,,,services_base,,Réseau public d'assainissement,97.27092298538216,%,15110105.0,rgph2024_logement_urbain,180.0
tanger assilah,arrondissement,,,deficit_logement,,Taux de déficit quantitatif en logement (%),1.2,%,15110105.0,rgph2024_logement_urbain,180.0
tanger assilah,arrondissement,,,total_logements,,Total des logements urbains,46012.0,logements,15110106.0,rgph2024_logement_urbain,181.0
tanger assilah,arrondissement,,,nature_occupation,,Logement occupé,70.41423976353198,%,15110106.0,rgph2024_logement_urbain,181.0
tanger assilah,arrondissement,,,nature_occupation,Logement non occupé,Logement vacants,11.890376423540728,%,15110106.0,rgph2024_logement_urbain,181.0
tanger assilah,arrondissement,,,nature_occupation,Logement non occupé,Logement secondaire/saisonnier,17.695383812916944,%,15110106.0,rgph2024_logement_urbain,181.0
tanger assilah,arrondissement,,,nature_occupation,Logement non occupé,Total logement non occupé,29.58576023645768,%,15110106.0,rgph2024_logement_urbain,181.0
tanger assilah,arrondissement,,,type_logement,Logement non précaire ou salubre,Villa ou niveau de villa,1.5,%,15110106.0,rgph2024_logement_urbain,181.0
tanger assilah,arrondissement,,,type_logement,Logement non précaire ou salubre,Appartement,31.7,%,15110106.0,rgph2024_logement_urbain,181.0
tanger assilah,arrondissement,,,type_logement,Logement non précaire ou salubre,Maison marocaine traditionnelle,0.5,%,15110106.0,rgph2024_logement_urbain,181.0
tanger assilah,arrondissement,,,type_logement,Logement non précaire ou salubre,Maison marocaine moderne,65.7,%,15110106.0,rgph2024_logement_urbain,181.0
tanger assilah,arrondissement,,,type_logement,Logement non précaire ou salubre,Total non précaire,99.4,%,15110106.0,rgph2024_logement_urbain,181.0
tanger assilah,arrondissement,,,type_logement,Logement précaire,Maison sommaire ou bidonville,0.1,%,15110106.0,rgph2024_logement_urbain,181.0
tanger assilah,arrondissement,,,type_logement,Logement précaire,Logement en type rural,0.0,%,15110106.0,rgph2024_logement_urbain,181.0
tanger assilah,arrondissement,,,type_logement,Logement précaire,Autres type,0.5,%,15110106.0,rgph2024_logement_urbain,181.0
tanger assilah,arrondissement,,,type_logement,Logement précaire,Total précaire,0.6,%,15110106.0,rgph2024_logement_urbain,181.0
tanger assilah,arrondissement,,,age_logement,,Moins de 20 ans,34.8,%,15110106.0,rgph2024_logement_urbain,181.0
tanger assilah,arrondissement,,,age_logement,,De 20 à moins de 50 ans,56.3,%,15110106.0,rgph2024_logement_urbain,181.0
tanger assilah,arrondissement,,,age_logement,,50 ans et plus,9.0,%,15110106.0,rgph2024_logement_urbain,181.0
tanger assilah,arrondissement,,,age_logement_par_type,Villa ou niveau de villa,Moins de 20 ans,31.1,%,15110106.0,rgph2024_logement_urbain,181.0
tanger assilah,arrondissement,,,age_logement_par_type,Villa ou niveau de villa,De 20 à moins de 50 ans,67.1,%,15110106.0,rgph2024_logement_urbain,181.0
tanger assilah,arrondissement,,,age_logement_par_type,Villa ou niveau de villa,50 ans et plus,1.7,%,15110106.0,rgph2024_logement_urbain,181.0
tanger assilah,arrondissement,,,age_logement_par_type,Appartement,Moins de 20 ans,65.0,%,15110106.0,rgph2024_logement_urbain,181.0
tanger assilah,arrondissement,,,age_logement_par_type,Appartement,De 20 à moins de 50 ans,31.5,%,15110106.0,rgph2024_logement_urbain,181.0
tanger assilah,arrondissement,,,age_logement_par_type,Appartement,50 ans et plus,3.5,%,15110106.0,rgph2024_logement_urbain,181.0
tanger assilah,arrondissement,,,age_logement_par_type,Maison marocaine traditionnelle,Moins de 20 ans,24.7,%,15110106.0,rgph2024_logement_urbain,181.0
tanger assilah,arrondissement,,,age_logement_par_type,Maison marocaine traditionnelle,De 20 à moins de 50 ans,61.7,%,15110106.0,rgph2024_logement_urbain,181.0
tanger assilah,arrondissement,,,age_logement_par_type,Maison marocaine traditionnelle,50 ans et plus,13.6,%,15110106.0,rgph2024_logement_urbain,181.0
tanger assilah,arrondissement,,,age_logement_par_type,Maison marocaine moderne,Moins de 20 ans,20.5,%,15110106.0,rgph2024_logement_urbain,181.0
tanger assilah,arrondissement,,,age_logement_par_type,Maison marocaine moderne,De 20 à moins de 50 ans,67.8,%,15110106.0,rgph2024_logement_urbain,181.0
tanger assilah,arrondissement,,,age_logement_par_type,Maison marocaine moderne,50 ans et plus,11.7,%,15110106.0,rgph2024_logement_urbain,181.0
tanger assilah,arrondissement,,,age_logement_par_type,Total non précaire,Moins de 20 ans,34.8,%,15110106.0,rgph2024_logement_urbain,181.0
tanger assilah,arrondissement,,,age_logement_par_type,Total non précaire,De 20 à moins de 50 ans,56.2,%,15110106.0,rgph2024_logement_urbain,181.0
tanger assilah,arrondissement,,,age_logement_par_type,Total non précaire,50 ans et plus,9.0,%,15110106.0,rgph2024_logement_urbain,181.0
tanger assilah,arrondissement,,,age_logement_par_type,Maison sommaire ou bidonville,Moins de 20 ans,37.5,%,15110106.0,rgph2024_logement_urbain,181.0
tanger assilah,arrondissement,,,age_logement_par_type,Maison sommaire ou bidonville,De 20 à moins de 50 ans,37.5,%,15110106.0,rgph2024_logement_urbain,181.0
tanger assilah,arrondissement,,,age_logement_par_type,Maison sommaire ou bidonville,50 ans et plus,25.0,%,15110106.0,rgph2024_logement_urbain,181.0
tanger assilah,arrondissement,,,age_logement_par_type,Logement en type rural,Moins de 20 ans,42.8,%,15110106.0,rgph2024_logement_urbain,181.0
tanger assilah,arrondissement,,,age_logement_par_type,Logement en type rural,De 20 à moins de 50 ans,48.6,%,15110106.0,rgph2024_logement_urbain,181.0
tanger assilah,arrondissement,,,age_logement_par_type,Logement en type rural,50 ans et plus,8.7,%,15110106.0,rgph2024_logement_urbain,181.0
tanger assilah,arrondissement,,,age_logement_par_type,Autres type,Moins de 20 ans,21.2,%,15110106.0,rgph2024_logement_urbain,181.0
tanger assilah,arrondissement,,,age_logement_par_type,Autres type,De 20 à moins de 50 ans,73.0,%,15110106.0,rgph2024_logement_urbain,181.0
tanger assilah,arrondissement,,,age_logement_par_type,Autres type,50 ans et plus,5.8,%,15110106.0,rgph2024_logement_urbain,181.0
tanger assilah,arrondissement,,,age_logement_par_type,Total précaire,Moins de 20 ans,24.8,%,15110106.0,rgph2024_logement_urbain,181.0
tanger assilah,arrondissement,,,age_logement_par_type,Total précaire,De 20 à moins de 50 ans,66.9,%,15110106.0,rgph2024_logement_urbain,181.0
tanger assilah,arrondissement,,,age_logement_par_type,Total précaire,50 ans et plus,8.3,%,15110106.0,rgph2024_logement_urbain,181.0
tanger assilah,arrondissement,,,materiaux_murs,,"Béton armé, briques avec mortier",99.92712083094555,%,15110106.0,rgph2024_logement_urbain,181.0
tanger assilah,arrondissement,,,materiaux_murs,,Pierre agglomérée avec mortier,0.0278210475705527,%,15110106.0,rgph2024_logement_urbain,181.0
tanger assilah,arrondissement,,,materiaux_murs,,Autres,0.0450581214838371,%,15110106.0,rgph2024_logement_urbain,181.0
tanger assilah,arrondissement,,,materiaux_toits,,Dalle,98.83808855755036,%,15110106.0,rgph2024_logement_urbain,181.0
tanger assilah,arrondissement,,,materiaux_toits,,"Planches, bois ou tuiles",1.1212000131326734,%,15110106.0,rgph2024_logement_urbain,181.0
tanger assilah,arrondissement,,,materiaux_toits,,Tôle en ciment ou en zinc,0.0,%,15110106.0,rgph2024_logement_urbain,181.0
tanger assilah,arrondissement,,,materiaux_toits,,Autres,0.0407114293165767,%,15110106.0,rgph2024_logement_urbain,181.0
tanger assilah,arrondissement,,,services_base,,Réseau public d'électricité,96.58075293959374,%,15110106.0,rgph2024_logement_urbain,181.0
tanger assilah,arrondissement,,,services_base,,Réseau public d'eau,96.5546116938096,%,15110106.0,rgph2024_logement_urbain,181.0
tanger assilah,arrondissement,,,services_base,,Réseau public d'assainissement,98.09155328584951,%,15110106.0,rgph2024_logement_urbain,181.0
tanger assilah,arrondissement,,,deficit_logement,,Taux de déficit quantitatif en logement (%),1.1,%,15110106.0,rgph2024_logement_urbain,181.0
tanger assilah,arrondissement,,,total_logements,,Total des logements urbains,184748.0,logements,15110103.0,rgph2024_logement_urbain,182.0
tanger assilah,arrondissement,,,nature_occupation,,Logement occupé,78.6368458657396,%,15110103.0,rgph2024_logement_urbain,182.0
tanger assilah,arrondissement,,,nature_occupation,Logement non occupé,Logement vacants,10.526771602404498,%,15110103.0,rgph2024_logement_urbain,182.0
tanger assilah,arrondissement,,,nature_occupation,Logement non occupé,Logement secondaire/saisonnier,10.836382531886985,%,15110103.0,rgph2024_logement_urbain,182.0
tanger assilah,arrondissement,,,nature_occupation,Logement non occupé,Total logement non occupé,21.363154134291484,%,15110103.0,rgph2024_logement_urbain,182.0
tanger assilah,arrondissement,,,type_logement,Logement non précaire ou salubre,Villa ou niveau de villa,0.3,%,15110103.0,rgph2024_logement_urbain,182.0
tanger assilah,arrondissement,,,type_logement,Logement non précaire ou salubre,Appartement,23.6,%,15110103.0,rgph2024_logement_urbain,182.0
tanger assilah,arrondissement,,,type_logement,Logement non précaire ou salubre,Maison marocaine traditionnelle,0.4,%,15110103.0,rgph2024_logement_urbain,182.0
tanger assilah,arrondissement,,,type_logement,Logement non précaire ou salubre,Maison marocaine moderne,74.6,%,15110103.0,rgph2024_logement_urbain,182.0
tanger assilah,arrondissement,,,type_logement,Logement non précaire ou salubre,Total non précaire,98.9,%,15110103.0,rgph2024_logement_urbain,182.0
tanger assilah,arrondissement,,,type_logement,Logement précaire,Maison sommaire ou bidonville,0.4,%,15110103.0,rgph2024_logement_urbain,182.0
tanger assilah,arrondissement,,,type_logement,Logement précaire,Logement en type rural,0.0,%,15110103.0,rgph2024_logement_urbain,182.0
tanger assilah,arrondissement,,,type_logement,Logement précaire,Autres type,0.6,%,15110103.0,rgph2024_logement_urbain,182.0
tanger assilah,arrondissement,,,type_logement,Logement précaire,Total précaire,1.1,%,15110103.0,rgph2024_logement_urbain,182.0
tanger assilah,arrondissement,,,age_logement,,Moins de 20 ans,67.9,%,15110103.0,rgph2024_logement_urbain,182.0
tanger assilah,arrondissement,,,age_logement,,De 20 à moins de 50 ans,31.8,%,15110103.0,rgph2024_logement_urbain,182.0
tanger assilah,arrondissement,,,age_logement,,50 ans et plus,0.3,%,15110103.0,rgph2024_logement_urbain,182.0
tanger assilah,arrondissement,,,age_logement_par_type,Villa ou niveau de villa,Moins de 20 ans,72.6,%,15110103.0,rgph2024_logement_urbain,182.0
tanger assilah,arrondissement,,,age_logement_par_type,Villa ou niveau de villa,De 20 à moins de 50 ans,27.3,%,15110103.0,rgph2024_logement_urbain,182.0
tanger assilah,arrondissement,,,age_logement_par_type,Villa ou niveau de villa,50 ans et plus,0.2,%,15110103.0,rgph2024_logement_urbain,182.0
tanger assilah,arrondissement,,,age_logement_par_type,Appartement,Moins de 20 ans,82.6,%,15110103.0,rgph2024_logement_urbain,182.0
tanger assilah,arrondissement,,,age_logement_par_type,Appartement,De 20 à moins de 50 ans,17.4,%,15110103.0,rgph2024_logement_urbain,182.0
tanger assilah,arrondissement,,,age_logement_par_type,Appartement,50 ans et plus,0.0,%,15110103.0,rgph2024_logement_urbain,182.0
tanger assilah,arrondissement,,,age_logement_par_type,Maison marocaine traditionnelle,Moins de 20 ans,66.8,%,15110103.0,rgph2024_logement_urbain,182.0
tanger assilah,arrondissement,,,age_logement_par_type,Maison marocaine traditionnelle,De 20 à moins de 50 ans,31.6,%,15110103.0,rgph2024_logement_urbain,182.0
tanger assilah,arrondissement,,,age_logement_par_type,Maison marocaine traditionnelle,50 ans et plus,1.6,%,15110103.0,rgph2024_logement_urbain,182.0
tanger assilah,arrondissement,,,age_logement_par_type,Maison marocaine moderne,Moins de 20 ans,63.2,%,15110103.0,rgph2024_logement_urbain,182.0
tanger assilah,arrondissement,,,age_logement_par_type,Maison marocaine moderne,De 20 à moins de 50 ans,36.4,%,15110103.0,rgph2024_logement_urbain,182.0
tanger assilah,arrondissement,,,age_logement_par_type,Maison marocaine moderne,50 ans et plus,0.4,%,15110103.0,rgph2024_logement_urbain,182.0
tanger assilah,arrondissement,,,age_logement_par_type,Total non précaire,Moins de 20 ans,67.8,%,15110103.0,rgph2024_logement_urbain,182.0
tanger assilah,arrondissement,,,age_logement_par_type,Total non précaire,De 20 à moins de 50 ans,31.8,%,15110103.0,rgph2024_logement_urbain,182.0
tanger assilah,arrondissement,,,age_logement_par_type,Total non précaire,50 ans et plus,0.3,%,15110103.0,rgph2024_logement_urbain,182.0
tanger assilah,arrondissement,,,age_logement_par_type,Maison sommaire ou bidonville,Moins de 20 ans,91.0,%,15110103.0,rgph2024_logement_urbain,182.0
tanger assilah,arrondissement,,,age_logement_par_type,Maison sommaire ou bidonville,De 20 à moins de 50 ans,9.0,%,15110103.0,rgph2024_logement_urbain,182.0
tanger assilah,arrondissement,,,age_logement_par_type,Maison sommaire ou bidonville,50 ans et plus,0.0,%,15110103.0,rgph2024_logement_urbain,182.0
tanger assilah,arrondissement,,,age_logement_par_type,Logement en type rural,Moins de 20 ans,58.0,%,15110103.0,rgph2024_logement_urbain,182.0
tanger assilah,arrondissement,,,age_logement_par_type,Logement en type rural,De 20 à moins de 50 ans,42.0,%,15110103.0,rgph2024_logement_urbain,182.0
tanger assilah,arrondissement,,,age_logement_par_type,Logement en type rural,50 ans et plus,0.0,%,15110103.0,rgph2024_logement_urbain,182.0
tanger assilah,arrondissement,,,age_logement_par_type,Autres type,Moins de 20 ans,65.8,%,15110103.0,rgph2024_logement_urbain,182.0
tanger assilah,arrondissement,,,age_logement_par_type,Autres type,De 20 à moins de 50 ans,34.2,%,15110103.0,rgph2024_logement_urbain,182.0
tanger assilah,arrondissement,,,age_logement_par_type,Autres type,50 ans et plus,0.0,%,15110103.0,rgph2024_logement_urbain,182.0
tanger assilah,arrondissement,,,age_logement_par_type,Total précaire,Moins de 20 ans,75.0,%,15110103.0,rgph2024_logement_urbain,182.0
tanger assilah,arrondissement,,,age_logement_par_type,Total précaire,De 20 à moins de 50 ans,25.0,%,15110103.0,rgph2024_logement_urbain,182.0
tanger assilah,arrondissement,,,age_logement_par_type,Total précaire,50 ans et plus,0.0,%,15110103.0,rgph2024_logement_urbain,182.0
tanger assilah,arrondissement,,,materiaux_murs,,"Béton armé, briques avec mortier",99.89377417952956,%,15110103.0,rgph2024_logement_urbain,182.0
tanger assilah,arrondissement,,,materiaux_murs,,Pierre agglomérée avec mortier,0.0485752189302067,%,15110103.0,rgph2024_logement_urbain,182.0
tanger assilah,arrondissement,,,materiaux_murs,,Autres,0.0576506015401341,%,15110103.0,rgph2024_logement_urbain,182.0
tanger assilah,arrondissement,,,materiaux_toits,,Dalle,98.99187096387271,%,15110103.0,rgph2024_logement_urbain,182.0
tanger assilah,arrondissement,,,materiaux_toits,,"Planches, bois ou tuiles",0.9359320219867008,%,15110103.0,rgph2024_logement_urbain,182.0
tanger assilah,arrondissement,,,materiaux_toits,,Tôle en ciment ou en zinc,0.0028041199664175,%,15110103.0,rgph2024_logement_urbain,182.0
tanger assilah,arrondissement,,,materiaux_toits,,Autres,0.0693928941731569,%,15110103.0,rgph2024_logement_urbain,182.0
tanger assilah,arrondissement,,,services_base,,Réseau public d'électricité,97.470832754293,%,15110103.0,rgph2024_logement_urbain,182.0
tanger assilah,arrondissement,,,services_base,,Réseau public d'eau,97.29384430355638,%,15110103.0,rgph2024_logement_urbain,182.0
tanger assilah,arrondissement,,,services_base,,Réseau public d'assainissement,98.20496274480928,%,15110103.0,rgph2024_logement_urbain,182.0
tanger assilah,arrondissement,,,deficit_logement,,Taux de déficit quantitatif en logement (%),1.5,%,15110103.0,rgph2024_logement_urbain,182.0
tanger assilah,arrondissement,,,total_logements,,Total des logements urbains,159751.0,logements,15110107.0,rgph2024_logement_urbain,183.0
tanger assilah,arrondissement,,,nature_occupation,,Logement occupé,63.61587720892531,%,15110107.0,rgph2024_logement_urbain,183.0
tanger assilah,arrondissement,,,nature_occupation,Logement non occupé,Logement vacants,12.948901728315471,%,15110107.0,rgph2024_logement_urbain,183.0
tanger assilah,arrondissement,,,nature_occupation,Logement non occupé,Logement secondaire/saisonnier,23.435221062780368,%,15110107.0,rgph2024_logement_urbain,183.0
tanger assilah,arrondissement,,,nature_occupation,Logement non occupé,Total logement non occupé,36.38412279109584,%,15110107.0,rgph2024_logement_urbain,183.0
tanger assilah,arrondissement,,,type_logement,Logement non précaire ou salubre,Villa ou niveau de villa,3.5,%,15110107.0,rgph2024_logement_urbain,183.0
tanger assilah,arrondissement,,,type_logement,Logement non précaire ou salubre,Appartement,58.6,%,15110107.0,rgph2024_logement_urbain,183.0
tanger assilah,arrondissement,,,type_logement,Logement non précaire ou salubre,Maison marocaine traditionnelle,1.0,%,15110107.0,rgph2024_logement_urbain,183.0
tanger assilah,arrondissement,,,type_logement,Logement non précaire ou salubre,Maison marocaine moderne,36.2,%,15110107.0,rgph2024_logement_urbain,183.0
tanger assilah,arrondissement,,,type_logement,Logement non précaire ou salubre,Total non précaire,99.2,%,15110107.0,rgph2024_logement_urbain,183.0
tanger assilah,arrondissement,,,type_logement,Logement précaire,Maison sommaire ou bidonville,0.3,%,15110107.0,rgph2024_logement_urbain,183.0
tanger assilah,arrondissement,,,type_logement,Logement précaire,Logement en type rural,0.1,%,15110107.0,rgph2024_logement_urbain,183.0
tanger assilah,arrondissement,,,type_logement,Logement précaire,Autres type,0.4,%,15110107.0,rgph2024_logement_urbain,183.0
tanger assilah,arrondissement,,,type_logement,Logement précaire,Total précaire,0.8,%,15110107.0,rgph2024_logement_urbain,183.0
tanger assilah,arrondissement,,,age_logement,,Moins de 20 ans,68.7,%,15110107.0,rgph2024_logement_urbain,183.0
tanger assilah,arrondissement,,,age_logement,,De 20 à moins de 50 ans,23.3,%,15110107.0,rgph2024_logement_urbain,183.0
tanger assilah,arrondissement,,,age_logement,,50 ans et plus,8.0,%,15110107.0,rgph2024_logement_urbain,183.0
tanger assilah,arrondissement,,,age_logement_par_type,Villa ou niveau de villa,Moins de 20 ans,70.5,%,15110107.0,rgph2024_logement_urbain,183.0
tanger assilah,arrondissement,,,age_logement_par_type,Villa ou niveau de villa,De 20 à moins de 50 ans,24.0,%,15110107.0,rgph2024_logement_urbain,183.0
tanger assilah,arrondissement,,,age_logement_par_type,Villa ou niveau de villa,50 ans et plus,5.5,%,15110107.0,rgph2024_logement_urbain,183.0
tanger assilah,arrondissement,,,age_logement_par_type,Appartement,Moins de 20 ans,76.4,%,15110107.0,rgph2024_logement_urbain,183.0
tanger assilah,arrondissement,,,age_logement_par_type,Appartement,De 20 à moins de 50 ans,20.1,%,15110107.0,rgph2024_logement_urbain,183.0
tanger assilah,arrondissement,,,age_logement_par_type,Appartement,50 ans et plus,3.5,%,15110107.0,rgph2024_logement_urbain,183.0
tanger assilah,arrondissement,,,age_logement_par_type,Maison marocaine traditionnelle,Moins de 20 ans,27.2,%,15110107.0,rgph2024_logement_urbain,183.0
tanger assilah,arrondissement,,,age_logement_par_type,Maison marocaine traditionnelle,De 20 à moins de 50 ans,16.6,%,15110107.0,rgph2024_logement_urbain,183.0
tanger assilah,arrondissement,,,age_logement_par_type,Maison marocaine traditionnelle,50 ans et plus,56.2,%,15110107.0,rgph2024_logement_urbain,183.0
tanger assilah,arrondissement,,,age_logement_par_type,Maison marocaine moderne,Moins de 20 ans,57.7,%,15110107.0,rgph2024_logement_urbain,183.0
tanger assilah,arrondissement,,,age_logement_par_type,Maison marocaine moderne,De 20 à moins de 50 ans,28.4,%,15110107.0,rgph2024_logement_urbain,183.0
tanger assilah,arrondissement,,,age_logement_par_type,Maison marocaine moderne,50 ans et plus,13.9,%,15110107.0,rgph2024_logement_urbain,183.0
tanger assilah,arrondissement,,,age_logement_par_type,Total non précaire,Moins de 20 ans,68.9,%,15110107.0,rgph2024_logement_urbain,183.0
tanger assilah,arrondissement,,,age_logement_par_type,Total non précaire,De 20 à moins de 50 ans,23.2,%,15110107.0,rgph2024_logement_urbain,183.0
tanger assilah,arrondissement,,,age_logement_par_type,Total non précaire,50 ans et plus,7.9,%,15110107.0,rgph2024_logement_urbain,183.0
tanger assilah,arrondissement,,,age_logement_par_type,Maison sommaire ou bidonville,Moins de 20 ans,36.8,%,15110107.0,rgph2024_logement_urbain,183.0
tanger assilah,arrondissement,,,age_logement_par_type,Maison sommaire ou bidonville,De 20 à moins de 50 ans,28.4,%,15110107.0,rgph2024_logement_urbain,183.0
tanger assilah,arrondissement,,,age_logement_par_type,Maison sommaire ou bidonville,50 ans et plus,34.7,%,15110107.0,rgph2024_logement_urbain,183.0
tanger assilah,arrondissement,,,age_logement_par_type,Logement en type rural,Moins de 20 ans,40.1,%,15110107.0,rgph2024_logement_urbain,183.0
tanger assilah,arrondissement,,,age_logement_par_type,Logement en type rural,De 20 à moins de 50 ans,30.7,%,15110107.0,rgph2024_logement_urbain,183.0
tanger assilah,arrondissement,,,age_logement_par_type,Logement en type rural,50 ans et plus,29.2,%,15110107.0,rgph2024_logement_urbain,183.0
tanger assilah,arrondissement,,,age_logement_par_type,Autres type,Moins de 20 ans,48.6,%,15110107.0,rgph2024_logement_urbain,183.0
tanger assilah,arrondissement,,,age_logement_par_type,Autres type,De 20 à moins de 50 ans,27.4,%,15110107.0,rgph2024_logement_urbain,183.0
tanger assilah,arrondissement,,,age_logement_par_type,Autres type,50 ans et plus,23.9,%,15110107.0,rgph2024_logement_urbain,183.0
tanger assilah,arrondissement,,,age_logement_par_type,Total précaire,Moins de 20 ans,43.5,%,15110107.0,rgph2024_logement_urbain,183.0
tanger assilah,arrondissement,,,age_logement_par_type,Total précaire,De 20 à moins de 50 ans,28.1,%,15110107.0,rgph2024_logement_urbain,183.0
tanger assilah,arrondissement,,,age_logement_par_type,Total précaire,50 ans et plus,28.4,%,15110107.0,rgph2024_logement_urbain,183.0
tanger assilah,arrondissement,,,materiaux_murs,,"Béton armé, briques avec mortier",99.54472874549488,%,15110107.0,rgph2024_logement_urbain,183.0
tanger assilah,arrondissement,,,materiaux_murs,,Pierre agglomérée avec mortier,0.3382636863313943,%,15110107.0,rgph2024_logement_urbain,183.0
tanger assilah,arrondissement,,,materiaux_murs,,Autres,0.1170075681742085,%,15110107.0,rgph2024_logement_urbain,183.0
tanger assilah,arrondissement,,,materiaux_toits,,Dalle,98.99212045341636,%,15110107.0,rgph2024_logement_urbain,183.0
tanger assilah,arrondissement,,,materiaux_toits,,"Planches, bois ou tuiles",0.8641273234155278,%,15110107.0,rgph2024_logement_urbain,183.0
tanger assilah,arrondissement,,,materiaux_toits,,Tôle en ciment ou en zinc,0.0305409504067124,%,15110107.0,rgph2024_logement_urbain,183.0
tanger assilah,arrondissement,,,materiaux_toits,,Autres,0.1132112727625732,%,15110107.0,rgph2024_logement_urbain,183.0
tanger assilah,arrondissement,,,services_base,,Réseau public d'électricité,97.04692562094284,%,15110107.0,rgph2024_logement_urbain,183.0
tanger assilah,arrondissement,,,services_base,,Réseau public d'eau,96.54007190987085,%,15110107.0,rgph2024_logement_urbain,183.0
tanger assilah,arrondissement,,,services_base,,Réseau public d'assainissement,97.93222361055862,%,15110107.0,rgph2024_logement_urbain,183.0
tanger assilah,arrondissement,,,deficit_logement,,Taux de déficit quantitatif en logement (%),1.5,%,15110107.0,rgph2024_logement_urbain,183.0
tanger assilah,commune,,,total_logements,,Total des logements urbains,19413.0,logements,15110101.0,rgph2024_logement_urbain,35.0
tanger assilah,commune,,,nature_occupation,,Logement occupé,49.0547571215177,%,15110101.0,rgph2024_logement_urbain,35.0
tanger assilah,commune,,,nature_occupation,Logement non occupé,Logement vacants,10.307525884716432,%,15110101.0,rgph2024_logement_urbain,35.0
tanger assilah,commune,,,nature_occupation,Logement non occupé,Logement secondaire/saisonnier,40.63771699376708,%,15110101.0,rgph2024_logement_urbain,35.0
tanger assilah,commune,,,nature_occupation,Logement non occupé,Total logement non occupé,50.94524287848351,%,15110101.0,rgph2024_logement_urbain,35.0
tanger assilah,commune,,,type_logement,Logement non précaire ou salubre,Villa ou niveau de villa,1.1,%,15110101.0,rgph2024_logement_urbain,35.0
tanger assilah,commune,,,type_logement,Logement non précaire ou salubre,Appartement,32.4,%,15110101.0,rgph2024_logement_urbain,35.0
tanger assilah,commune,,,type_logement,Logement non précaire ou salubre,Maison marocaine traditionnelle,1.4,%,15110101.0,rgph2024_logement_urbain,35.0
tanger assilah,commune,,,type_logement,Logement non précaire ou salubre,Maison marocaine moderne,58.7,%,15110101.0,rgph2024_logement_urbain,35.0
tanger assilah,commune,,,type_logement,Logement non précaire ou salubre,Total non précaire,93.7,%,15110101.0,rgph2024_logement_urbain,35.0
tanger assilah,commune,,,type_logement,Logement précaire,Maison sommaire ou bidonville,5.9,%,15110101.0,rgph2024_logement_urbain,35.0
tanger assilah,commune,,,type_logement,Logement précaire,Logement en type rural,0.1,%,15110101.0,rgph2024_logement_urbain,35.0
tanger assilah,commune,,,type_logement,Logement précaire,Autres type,0.3,%,15110101.0,rgph2024_logement_urbain,35.0
tanger assilah,commune,,,type_logement,Logement précaire,Total précaire,6.3,%,15110101.0,rgph2024_logement_urbain,35.0
tanger assilah,commune,,,age_logement,,Moins de 20 ans,62.9,%,15110101.0,rgph2024_logement_urbain,35.0
tanger assilah,commune,,,age_logement,,De 20 à moins de 50 ans,28.2,%,15110101.0,rgph2024_logement_urbain,35.0
tanger assilah,commune,,,age_logement,,50 ans et plus,8.9,%,15110101.0,rgph2024_logement_urbain,35.0
tanger assilah,commune,,,age_logement_par_type,Villa ou niveau de villa,Moins de 20 ans,48.9,%,15110101.0,rgph2024_logement_urbain,35.0
tanger assilah,commune,,,age_logement_par_type,Villa ou niveau de villa,De 20 à moins de 50 ans,43.5,%,15110101.0,rgph2024_logement_urbain,35.0
tanger assilah,commune,,,age_logement_par_type,Villa ou niveau de villa,50 ans et plus,7.6,%,15110101.0,rgph2024_logement_urbain,35.0
tanger assilah,commune,,,age_logement_par_type,Appartement,Moins de 20 ans,92.1,%,15110101.0,rgph2024_logement_urbain,35.0
tanger assilah,commune,,,age_logement_par_type,Appartement,De 20 à moins de 50 ans,7.5,%,15110101.0,rgph2024_logement_urbain,35.0
tanger assilah,commune,,,age_logement_par_type,Appartement,50 ans et plus,0.4,%,15110101.0,rgph2024_logement_urbain,35.0
tanger assilah,commune,,,age_logement_par_type,Maison marocaine traditionnelle,Moins de 20 ans,19.4,%,15110101.0,rgph2024_logement_urbain,35.0
tanger assilah,commune,,,age_logement_par_type,Maison marocaine traditionnelle,De 20 à moins de 50 ans,47.2,%,15110101.0,rgph2024_logement_urbain,35.0
tanger assilah,commune,,,age_logement_par_type,Maison marocaine traditionnelle,50 ans et plus,33.4,%,15110101.0,rgph2024_logement_urbain,35.0
tanger assilah,commune,,,age_logement_par_type,Maison marocaine moderne,Moins de 20 ans,50.9,%,15110101.0,rgph2024_logement_urbain,35.0
tanger assilah,commune,,,age_logement_par_type,Maison marocaine moderne,De 20 à moins de 50 ans,36.6,%,15110101.0,rgph2024_logement_urbain,35.0
tanger assilah,commune,,,age_logement_par_type,Maison marocaine moderne,50 ans et plus,12.5,%,15110101.0,rgph2024_logement_urbain,35.0
tanger assilah,commune,,,age_logement_par_type,Total non précaire,Moins de 20 ans,64.6,%,15110101.0,rgph2024_logement_urbain,35.0
tanger assilah,commune,,,age_logement_par_type,Total non précaire,De 20 à moins de 50 ans,26.8,%,15110101.0,rgph2024_logement_urbain,35.0
tanger assilah,commune,,,age_logement_par_type,Total non précaire,50 ans et plus,8.6,%,15110101.0,rgph2024_logement_urbain,35.0
tanger assilah,commune,,,age_logement_par_type,Maison sommaire ou bidonville,Moins de 20 ans,36.0,%,15110101.0,rgph2024_logement_urbain,35.0
tanger assilah,commune,,,age_logement_par_type,Maison sommaire ou bidonville,De 20 à moins de 50 ans,50.0,%,15110101.0,rgph2024_logement_urbain,35.0
tanger assilah,commune,,,age_logement_par_type,Maison sommaire ou bidonville,50 ans et plus,14.0,%,15110101.0,rgph2024_logement_urbain,35.0
tanger assilah,commune,,,age_logement_par_type,Logement en type rural,Moins de 20 ans,17.5,%,15110101.0,rgph2024_logement_urbain,35.0
tanger assilah,commune,,,age_logement_par_type,Logement en type rural,De 20 à moins de 50 ans,65.0,%,15110101.0,rgph2024_logement_urbain,35.0
tanger assilah,commune,,,age_logement_par_type,Logement en type rural,50 ans et plus,17.5,%,15110101.0,rgph2024_logement_urbain,35.0
tanger assilah,commune,,,age_logement_par_type,Autres type,Moins de 20 ans,65.1,%,15110101.0,rgph2024_logement_urbain,35.0
tanger assilah,commune,,,age_logement_par_type,Autres type,De 20 à moins de 50 ans,25.1,%,15110101.0,rgph2024_logement_urbain,35.0
tanger assilah,commune,,,age_logement_par_type,Autres type,50 ans et plus,9.8,%,15110101.0,rgph2024_logement_urbain,35.0
tanger assilah,commune,,,age_logement_par_type,Total précaire,Moins de 20 ans,37.2,%,15110101.0,rgph2024_logement_urbain,35.0
tanger assilah,commune,,,age_logement_par_type,Total précaire,De 20 à moins de 50 ans,48.9,%,15110101.0,rgph2024_logement_urbain,35.0
tanger assilah,commune,,,age_logement_par_type,Total précaire,50 ans et plus,13.8,%,15110101.0,rgph2024_logement_urbain,35.0
tanger assilah,commune,,,materiaux_murs,,"Béton armé, briques avec mortier",98.5301609069169,%,15110101.0,rgph2024_logement_urbain,35.0
tanger assilah,commune,,,materiaux_murs,,Pierre agglomérée avec mortier,0.4614426577051596,%,15110101.0,rgph2024_logement_urbain,35.0
tanger assilah,commune,,,materiaux_murs,,Autres,1.008396435378376,%,15110101.0,rgph2024_logement_urbain,35.0
tanger assilah,commune,,,materiaux_toits,,Dalle,96.53775863362904,%,15110101.0,rgph2024_logement_urbain,35.0
tanger assilah,commune,,,materiaux_toits,,"Planches, bois ou tuiles",0.5865395170956679,%,15110101.0,rgph2024_logement_urbain,35.0
tanger assilah,commune,,,materiaux_toits,,Tôle en ciment ou en zinc,1.3028383042291527,%,15110101.0,rgph2024_logement_urbain,35.0
tanger assilah,commune,,,materiaux_toits,,Autres,1.572863545047167,%,15110101.0,rgph2024_logement_urbain,35.0
tanger assilah,commune,,,services_base,,Réseau public d'électricité,90.17648099029502,%,15110101.0,rgph2024_logement_urbain,35.0
tanger assilah,commune,,,services_base,,Réseau public d'eau,86.51967734442258,%,15110101.0,rgph2024_logement_urbain,35.0
tanger assilah,commune,,,services_base,,Réseau public d'assainissement,93.76643795535496,%,15110101.0,rgph2024_logement_urbain,35.0
tanger assilah,commune,,,deficit_logement,,Taux de déficit quantitatif en logement (%),12.3,%,15110101.0,rgph2024_logement_urbain,35.0
tanger assilah,commune,,,total_logements,,Total des logements urbains,49079.0,logements,15110109.0,rgph2024_logement_urbain,36.0
tanger assilah,commune,,,nature_occupation,,Logement occupé,48.358768516073006,%,15110109.0,rgph2024_logement_urbain,36.0
tanger assilah,commune,,,nature_occupation,Logement non occupé,Logement vacants,27.76951445628648,%,15110109.0,rgph2024_logement_urbain,36.0
tanger assilah,commune,,,nature_occupation,Logement non occupé,Logement secondaire/saisonnier,23.87171702765077,%,15110109.0,rgph2024_logement_urbain,36.0
tanger assilah,commune,,,nature_occupation,Logement non occupé,Total logement non occupé,51.64123148393725,%,15110109.0,rgph2024_logement_urbain,36.0
tanger assilah,commune,,,type_logement,Logement non précaire ou salubre,Villa ou niveau de villa,1.5,%,15110109.0,rgph2024_logement_urbain,36.0
tanger assilah,commune,,,type_logement,Logement non précaire ou salubre,Appartement,60.2,%,15110109.0,rgph2024_logement_urbain,36.0
tanger assilah,commune,,,type_logement,Logement non précaire ou salubre,Maison marocaine traditionnelle,0.6,%,15110109.0,rgph2024_logement_urbain,36.0
tanger assilah,commune,,,type_logement,Logement non précaire ou salubre,Maison marocaine moderne,37.1,%,15110109.0,rgph2024_logement_urbain,36.0
tanger assilah,commune,,,type_logement,Logement non précaire ou salubre,Total non précaire,99.4,%,15110109.0,rgph2024_logement_urbain,36.0
tanger assilah,commune,,,type_logement,Logement précaire,Maison sommaire ou bidonville,0.2,%,15110109.0,rgph2024_logement_urbain,36.0
tanger assilah,commune,,,type_logement,Logement précaire,Logement en type rural,0.0,%,15110109.0,rgph2024_logement_urbain,36.0
tanger assilah,commune,,,type_logement,Logement précaire,Autres type,0.4,%,15110109.0,rgph2024_logement_urbain,36.0
tanger assilah,commune,,,type_logement,Logement précaire,Total précaire,0.6,%,15110109.0,rgph2024_logement_urbain,36.0
tanger assilah,commune,,,age_logement,,Moins de 20 ans,98.2,%,15110109.0,rgph2024_logement_urbain,36.0
tanger assilah,commune,,,age_logement,,De 20 à moins de 50 ans,1.5,%,15110109.0,rgph2024_logement_urbain,36.0
tanger assilah,commune,,,age_logement,,50 ans et plus,0.3,%,15110109.0,rgph2024_logement_urbain,36.0
tanger assilah,commune,,,age_logement_par_type,Villa ou niveau de villa,Moins de 20 ans,93.6,%,15110109.0,rgph2024_logement_urbain,36.0
tanger assilah,commune,,,age_logement_par_type,Villa ou niveau de villa,De 20 à moins de 50 ans,5.2,%,15110109.0,rgph2024_logement_urbain,36.0
tanger assilah,commune,,,age_logement_par_type,Villa ou niveau de villa,50 ans et plus,1.2,%,15110109.0,rgph2024_logement_urbain,36.0
tanger assilah,commune,,,age_logement_par_type,Appartement,Moins de 20 ans,100.0,%,15110109.0,rgph2024_logement_urbain,36.0
tanger assilah,commune,,,age_logement_par_type,Appartement,De 20 à moins de 50 ans,0.0,%,15110109.0,rgph2024_logement_urbain,36.0
tanger assilah,commune,,,age_logement_par_type,Appartement,50 ans et plus,0.0,%,15110109.0,rgph2024_logement_urbain,36.0
tanger assilah,commune,,,age_logement_par_type,Maison marocaine traditionnelle,Moins de 20 ans,83.3,%,15110109.0,rgph2024_logement_urbain,36.0
tanger assilah,commune,,,age_logement_par_type,Maison marocaine traditionnelle,De 20 à moins de 50 ans,9.1,%,15110109.0,rgph2024_logement_urbain,36.0
tanger assilah,commune,,,age_logement_par_type,Maison marocaine traditionnelle,50 ans et plus,7.6,%,15110109.0,rgph2024_logement_urbain,36.0
tanger assilah,commune,,,age_logement_par_type,Maison marocaine moderne,Moins de 20 ans,95.9,%,15110109.0,rgph2024_logement_urbain,36.0
tanger assilah,commune,,,age_logement_par_type,Maison marocaine moderne,De 20 à moins de 50 ans,3.5,%,15110109.0,rgph2024_logement_urbain,36.0
tanger assilah,commune,,,age_logement_par_type,Maison marocaine moderne,50 ans et plus,0.5,%,15110109.0,rgph2024_logement_urbain,36.0
tanger assilah,commune,,,age_logement_par_type,Total non précaire,Moins de 20 ans,98.3,%,15110109.0,rgph2024_logement_urbain,36.0
tanger assilah,commune,,,age_logement_par_type,Total non précaire,De 20 à moins de 50 ans,1.5,%,15110109.0,rgph2024_logement_urbain,36.0
tanger assilah,commune,,,age_logement_par_type,Total non précaire,50 ans et plus,0.3,%,15110109.0,rgph2024_logement_urbain,36.0
tanger assilah,commune,,,age_logement_par_type,Maison sommaire ou bidonville,Moins de 20 ans,76.9,%,15110109.0,rgph2024_logement_urbain,36.0
tanger assilah,commune,,,age_logement_par_type,Maison sommaire ou bidonville,De 20 à moins de 50 ans,23.1,%,15110109.0,rgph2024_logement_urbain,36.0
tanger assilah,commune,,,age_logement_par_type,Maison sommaire ou bidonville,50 ans et plus,0.0,%,15110109.0,rgph2024_logement_urbain,36.0
tanger assilah,commune,,,age_logement_par_type,Logement en type rural,Moins de 20 ans,100.0,%,15110109.0,rgph2024_logement_urbain,36.0
tanger assilah,commune,,,age_logement_par_type,Logement en type rural,De 20 à moins de 50 ans,0.0,%,15110109.0,rgph2024_logement_urbain,36.0
tanger assilah,commune,,,age_logement_par_type,Logement en type rural,50 ans et plus,0.0,%,15110109.0,rgph2024_logement_urbain,36.0
tanger assilah,commune,,,age_logement_par_type,Autres type,Moins de 20 ans,96.5,%,15110109.0,rgph2024_logement_urbain,36.0
tanger assilah,commune,,,age_logement_par_type,Autres type,De 20 à moins de 50 ans,0.0,%,15110109.0,rgph2024_logement_urbain,36.0
tanger assilah,commune,,,age_logement_par_type,Autres type,50 ans et plus,3.5,%,15110109.0,rgph2024_logement_urbain,36.0
tanger assilah,commune,,,age_logement_par_type,Total précaire,Moins de 20 ans,91.9,%,15110109.0,rgph2024_logement_urbain,36.0
tanger assilah,commune,,,age_logement_par_type,Total précaire,De 20 à moins de 50 ans,5.7,%,15110109.0,rgph2024_logement_urbain,36.0
tanger assilah,commune,,,age_logement_par_type,Total précaire,50 ans et plus,2.4,%,15110109.0,rgph2024_logement_urbain,36.0
tanger assilah,commune,,,materiaux_murs,,"Béton armé, briques avec mortier",99.7574415907152,%,15110109.0,rgph2024_logement_urbain,36.0
tanger assilah,commune,,,materiaux_murs,,Pierre agglomérée avec mortier,0.1952588390412414,%,15110109.0,rgph2024_logement_urbain,36.0
tanger assilah,commune,,,materiaux_murs,,Autres,0.0472995702436004,%,15110109.0,rgph2024_logement_urbain,36.0
tanger assilah,commune,,,materiaux_toits,,Dalle,99.3514820302946,%,15110109.0,rgph2024_logement_urbain,36.0
tanger assilah,commune,,,materiaux_toits,,"Planches, bois ou tuiles",0.5378981951445867,%,15110109.0,rgph2024_logement_urbain,36.0
tanger assilah,commune,,,materiaux_toits,,Tôle en ciment ou en zinc,0.0476468864170365,%,15110109.0,rgph2024_logement_urbain,36.0
tanger assilah,commune,,,materiaux_toits,,Autres,0.0629728881439416,%,15110109.0,rgph2024_logement_urbain,36.0
tanger assilah,commune,,,services_base,,Réseau public d'électricité,87.43775612830444,%,15110109.0,rgph2024_logement_urbain,36.0
tanger assilah,commune,,,services_base,,Réseau public d'eau,85.21710169635291,%,15110109.0,rgph2024_logement_urbain,36.0
tanger assilah,commune,,,services_base,,Réseau public d'assainissement,93.82598388579798,%,15110109.0,rgph2024_logement_urbain,36.0
tanger assilah,commune,,,deficit_logement,,Taux de déficit quantitatif en logement (%),1.3,%,15110109.0,rgph2024_logement_urbain,36.0
tanger assilah,cercle,,,total_logements,,Total des logements urbains,554.0,logements,151105.0,rgph2024_logement_urbain,10.0
tanger assilah,cercle,,,nature_occupation,,Logement occupé,71.29963898916968,%,151105.0,rgph2024_logement_urbain,10.0
tanger assilah,cercle,,,nature_occupation,Logement non occupé,Logement vacants,8.664259927797833,%,151105.0,rgph2024_logement_urbain,10.0
tanger assilah,cercle,,,nature_occupation,Logement non occupé,Logement secondaire/saisonnier,20.03610108303249,%,151105.0,rgph2024_logement_urbain,10.0
tanger assilah,cercle,,,nature_occupation,Logement non occupé,Total logement non occupé,28.700361010830324,%,151105.0,rgph2024_logement_urbain,10.0
tanger assilah,cercle,,,type_logement,Logement non précaire ou salubre,Villa ou niveau de villa,2.0,%,151105.0,rgph2024_logement_urbain,10.0
tanger assilah,cercle,,,type_logement,Logement non précaire ou salubre,Appartement,0.0,%,151105.0,rgph2024_logement_urbain,10.0
tanger assilah,cercle,,,type_logement,Logement non précaire ou salubre,Maison marocaine traditionnelle,0.4,%,151105.0,rgph2024_logement_urbain,10.0
tanger assilah,cercle,,,type_logement,Logement non précaire ou salubre,Maison marocaine moderne,75.5,%,151105.0,rgph2024_logement_urbain,10.0
tanger assilah,cercle,,,type_logement,Logement non précaire ou salubre,Total non précaire,77.8,%,151105.0,rgph2024_logement_urbain,10.0
tanger assilah,cercle,,,type_logement,Logement précaire,Maison sommaire ou bidonville,0.5,%,151105.0,rgph2024_logement_urbain,10.0
tanger assilah,cercle,,,type_logement,Logement précaire,Logement en type rural,21.1,%,151105.0,rgph2024_logement_urbain,10.0
tanger assilah,cercle,,,type_logement,Logement précaire,Autres type,0.5,%,151105.0,rgph2024_logement_urbain,10.0
tanger assilah,cercle,,,type_logement,Logement précaire,Total précaire,22.2,%,151105.0,rgph2024_logement_urbain,10.0
tanger assilah,cercle,,,age_logement,,Moins de 20 ans,54.3,%,151105.0,rgph2024_logement_urbain,10.0
tanger assilah,cercle,,,age_logement,,De 20 à moins de 50 ans,27.1,%,151105.0,rgph2024_logement_urbain,10.0
tanger assilah,cercle,,,age_logement,,50 ans et plus,18.6,%,151105.0,rgph2024_logement_urbain,10.0
tanger assilah,cercle,,,age_logement_par_type,Villa ou niveau de villa,Moins de 20 ans,72.7,%,151105.0,rgph2024_logement_urbain,10.0
tanger assilah,cercle,,,age_logement_par_type,Villa ou niveau de villa,De 20 à moins de 50 ans,18.2,%,151105.0,rgph2024_logement_urbain,10.0
tanger assilah,cercle,,,age_logement_par_type,Villa ou niveau de villa,50 ans et plus,9.1,%,151105.0,rgph2024_logement_urbain,10.0
tanger assilah,cercle,,,age_logement_par_type,Appartement,Moins de 20 ans,0.0,%,151105.0,rgph2024_logement_urbain,10.0
tanger assilah,cercle,,,age_logement_par_type,Appartement,De 20 à moins de 50 ans,0.0,%,151105.0,rgph2024_logement_urbain,10.0
tanger assilah,cercle,,,age_logement_par_type,Appartement,50 ans et plus,0.0,%,151105.0,rgph2024_logement_urbain,10.0
tanger assilah,cercle,,,age_logement_par_type,Maison marocaine traditionnelle,Moins de 20 ans,50.0,%,151105.0,rgph2024_logement_urbain,10.0
tanger assilah,cercle,,,age_logement_par_type,Maison marocaine traditionnelle,De 20 à moins de 50 ans,0.0,%,151105.0,rgph2024_logement_urbain,10.0
tanger assilah,cercle,,,age_logement_par_type,Maison marocaine traditionnelle,50 ans et plus,50.0,%,151105.0,rgph2024_logement_urbain,10.0
tanger assilah,cercle,,,age_logement_par_type,Maison marocaine moderne,Moins de 20 ans,65.8,%,151105.0,rgph2024_logement_urbain,10.0
tanger assilah,cercle,,,age_logement_par_type,Maison marocaine moderne,De 20 à moins de 50 ans,28.9,%,151105.0,rgph2024_logement_urbain,10.0
tanger assilah,cercle,,,age_logement_par_type,Maison marocaine moderne,50 ans et plus,5.3,%,151105.0,rgph2024_logement_urbain,10.0
tanger assilah,cercle,,,age_logement_par_type,Total non précaire,Moins de 20 ans,65.9,%,151105.0,rgph2024_logement_urbain,10.0
tanger assilah,cercle,,,age_logement_par_type,Total non précaire,De 20 à moins de 50 ans,28.5,%,151105.0,rgph2024_logement_urbain,10.0
tanger assilah,cercle,,,age_logement_par_type,Total non précaire,50 ans et plus,5.6,%,151105.0,rgph2024_logement_urbain,10.0
tanger assilah,cercle,,,age_logement_par_type,Maison sommaire ou bidonville,Moins de 20 ans,0.0,%,151105.0,rgph2024_logement_urbain,10.0
tanger assilah,cercle,,,age_logement_par_type,Maison sommaire ou bidonville,De 20 à moins de 50 ans,0.0,%,151105.0,rgph2024_logement_urbain,10.0
tanger assilah,cercle,,,age_logement_par_type,Maison sommaire ou bidonville,50 ans et plus,100.0,%,151105.0,rgph2024_logement_urbain,10.0
tanger assilah,cercle,,,age_logement_par_type,Logement en type rural,Moins de 20 ans,12.0,%,151105.0,rgph2024_logement_urbain,10.0
tanger assilah,cercle,,,age_logement_par_type,Logement en type rural,De 20 à moins de 50 ans,23.1,%,151105.0,rgph2024_logement_urbain,10.0
tanger assilah,cercle,,,age_logement_par_type,Logement en type rural,50 ans et plus,65.0,%,151105.0,rgph2024_logement_urbain,10.0
tanger assilah,cercle,,,age_logement_par_type,Autres type,Moins de 20 ans,100.0,%,151105.0,rgph2024_logement_urbain,10.0
tanger assilah,cercle,,,age_logement_par_type,Autres type,De 20 à moins de 50 ans,0.0,%,151105.0,rgph2024_logement_urbain,10.0
tanger assilah,cercle,,,age_logement_par_type,Autres type,50 ans et plus,0.0,%,151105.0,rgph2024_logement_urbain,10.0
tanger assilah,cercle,,,age_logement_par_type,Total précaire,Moins de 20 ans,13.8,%,151105.0,rgph2024_logement_urbain,10.0
tanger assilah,cercle,,,age_logement_par_type,Total précaire,De 20 à moins de 50 ans,22.0,%,151105.0,rgph2024_logement_urbain,10.0
tanger assilah,cercle,,,age_logement_par_type,Total précaire,50 ans et plus,64.2,%,151105.0,rgph2024_logement_urbain,10.0
tanger assilah,cercle,,,materiaux_murs,,"Béton armé, briques avec mortier",78.51985559566786,%,151105.0,rgph2024_logement_urbain,10.0
tanger assilah,cercle,,,materiaux_murs,,Pierre agglomérée avec mortier,2.527075812274368,%,151105.0,rgph2024_logement_urbain,10.0
tanger assilah,cercle,,,materiaux_murs,,Autres,18.95306859205776,%,151105.0,rgph2024_logement_urbain,10.0
tanger assilah,cercle,,,materiaux_toits,,Dalle,77.25631768953069,%,151105.0,rgph2024_logement_urbain,10.0
tanger assilah,cercle,,,materiaux_toits,,"Planches, bois ou tuiles",1.8050541516245489,%,151105.0,rgph2024_logement_urbain,10.0
tanger assilah,cercle,,,materiaux_toits,,Tôle en ciment ou en zinc,1.8050541516245489,%,151105.0,rgph2024_logement_urbain,10.0
tanger assilah,cercle,,,materiaux_toits,,Autres,19.13357400722021,%,151105.0,rgph2024_logement_urbain,10.0
tanger assilah,cercle,,,services_base,,Réseau public d'électricité,96.028880866426,%,151105.0,rgph2024_logement_urbain,10.0
tanger assilah,cercle,,,services_base,,Réseau public d'eau,91.69675090252709,%,151105.0,rgph2024_logement_urbain,10.0
tanger assilah,cercle,,,services_base,,Réseau public d'assainissement,54.151624548736464,%,151105.0,rgph2024_logement_urbain,10.0
tanger assilah,commune,,,total_logements,,Total des logements urbains,554.0,logements,15110507.0,rgph2024_logement_urbain,38.0
tanger assilah,commune,,,nature_occupation,,Logement occupé,71.29963898916968,%,15110507.0,rgph2024_logement_urbain,38.0
tanger assilah,commune,,,nature_occupation,Logement non occupé,Logement vacants,8.664259927797833,%,15110507.0,rgph2024_logement_urbain,38.0
tanger assilah,commune,,,nature_occupation,Logement non occupé,Logement secondaire/saisonnier,20.03610108303249,%,15110507.0,rgph2024_logement_urbain,38.0
tanger assilah,commune,,,nature_occupation,Logement non occupé,Total logement non occupé,28.700361010830324,%,15110507.0,rgph2024_logement_urbain,38.0
tanger assilah,commune,,,type_logement,Logement non précaire ou salubre,Villa ou niveau de villa,2.0,%,15110507.0,rgph2024_logement_urbain,38.0
tanger assilah,commune,,,type_logement,Logement non précaire ou salubre,Appartement,0.0,%,15110507.0,rgph2024_logement_urbain,38.0
tanger assilah,commune,,,type_logement,Logement non précaire ou salubre,Maison marocaine traditionnelle,0.4,%,15110507.0,rgph2024_logement_urbain,38.0
tanger assilah,commune,,,type_logement,Logement non précaire ou salubre,Maison marocaine moderne,75.5,%,15110507.0,rgph2024_logement_urbain,38.0
tanger assilah,commune,,,type_logement,Logement non précaire ou salubre,Total non précaire,77.8,%,15110507.0,rgph2024_logement_urbain,38.0
tanger assilah,commune,,,type_logement,Logement précaire,Maison sommaire ou bidonville,0.5,%,15110507.0,rgph2024_logement_urbain,38.0
tanger assilah,commune,,,type_logement,Logement précaire,Logement en type rural,21.1,%,15110507.0,rgph2024_logement_urbain,38.0
tanger assilah,commune,,,type_logement,Logement précaire,Autres type,0.5,%,15110507.0,rgph2024_logement_urbain,38.0
tanger assilah,commune,,,type_logement,Logement précaire,Total précaire,22.2,%,15110507.0,rgph2024_logement_urbain,38.0
tanger assilah,commune,,,age_logement,,Moins de 20 ans,54.3,%,15110507.0,rgph2024_logement_urbain,38.0
tanger assilah,commune,,,age_logement,,De 20 à moins de 50 ans,27.1,%,15110507.0,rgph2024_logement_urbain,38.0
tanger assilah,commune,,,age_logement,,50 ans et plus,18.6,%,15110507.0,rgph2024_logement_urbain,38.0
tanger assilah,commune,,,age_logement_par_type,Villa ou niveau de villa,Moins de 20 ans,72.7,%,15110507.0,rgph2024_logement_urbain,38.0
tanger assilah,commune,,,age_logement_par_type,Villa ou niveau de villa,De 20 à moins de 50 ans,18.2,%,15110507.0,rgph2024_logement_urbain,38.0
tanger assilah,commune,,,age_logement_par_type,Villa ou niveau de villa,50 ans et plus,9.1,%,15110507.0,rgph2024_logement_urbain,38.0
tanger assilah,commune,,,age_logement_par_type,Appartement,Moins de 20 ans,0.0,%,15110507.0,rgph2024_logement_urbain,38.0
tanger assilah,commune,,,age_logement_par_type,Appartement,De 20 à moins de 50 ans,0.0,%,15110507.0,rgph2024_logement_urbain,38.0
tanger assilah,commune,,,age_logement_par_type,Appartement,50 ans et plus,0.0,%,15110507.0,rgph2024_logement_urbain,38.0
tanger assilah,commune,,,age_logement_par_type,Maison marocaine traditionnelle,Moins de 20 ans,50.0,%,15110507.0,rgph2024_logement_urbain,38.0
tanger assilah,commune,,,age_logement_par_type,Maison marocaine traditionnelle,De 20 à moins de 50 ans,0.0,%,15110507.0,rgph2024_logement_urbain,38.0
tanger assilah,commune,,,age_logement_par_type,Maison marocaine traditionnelle,50 ans et plus,50.0,%,15110507.0,rgph2024_logement_urbain,38.0
tanger assilah,commune,,,age_logement_par_type,Maison marocaine moderne,Moins de 20 ans,65.8,%,15110507.0,rgph2024_logement_urbain,38.0
tanger assilah,commune,,,age_logement_par_type,Maison marocaine moderne,De 20 à moins de 50 ans,28.9,%,15110507.0,rgph2024_logement_urbain,38.0
tanger assilah,commune,,,age_logement_par_type,Maison marocaine moderne,50 ans et plus,5.3,%,15110507.0,rgph2024_logement_urbain,38.0
tanger assilah,commune,,,age_logement_par_type,Total non précaire,Moins de 20 ans,65.9,%,15110507.0,rgph2024_logement_urbain,38.0
tanger assilah,commune,,,age_logement_par_type,Total non précaire,De 20 à moins de 50 ans,28.5,%,15110507.0,rgph2024_logement_urbain,38.0
tanger assilah,commune,,,age_logement_par_type,Total non précaire,50 ans et plus,5.6,%,15110507.0,rgph2024_logement_urbain,38.0
tanger assilah,commune,,,age_logement_par_type,Maison sommaire ou bidonville,Moins de 20 ans,0.0,%,15110507.0,rgph2024_logement_urbain,38.0
tanger assilah,commune,,,age_logement_par_type,Maison sommaire ou bidonville,De 20 à moins de 50 ans,0.0,%,15110507.0,rgph2024_logement_urbain,38.0
tanger assilah,commune,,,age_logement_par_type,Maison sommaire ou bidonville,50 ans et plus,100.0,%,15110507.0,rgph2024_logement_urbain,38.0
tanger assilah,commune,,,age_logement_par_type,Logement en type rural,Moins de 20 ans,12.0,%,15110507.0,rgph2024_logement_urbain,38.0
tanger assilah,commune,,,age_logement_par_type,Logement en type rural,De 20 à moins de 50 ans,23.1,%,15110507.0,rgph2024_logement_urbain,38.0
tanger assilah,commune,,,age_logement_par_type,Logement en type rural,50 ans et plus,65.0,%,15110507.0,rgph2024_logement_urbain,38.0
tanger assilah,commune,,,age_logement_par_type,Autres type,Moins de 20 ans,100.0,%,15110507.0,rgph2024_logement_urbain,38.0
tanger assilah,commune,,,age_logement_par_type,Autres type,De 20 à moins de 50 ans,0.0,%,15110507.0,rgph2024_logement_urbain,38.0
tanger assilah,commune,,,age_logement_par_type,Autres type,50 ans et plus,0.0,%,15110507.0,rgph2024_logement_urbain,38.0
tanger assilah,commune,,,age_logement_par_type,Total précaire,Moins de 20 ans,13.8,%,15110507.0,rgph2024_logement_urbain,38.0
tanger assilah,commune,,,age_logement_par_type,Total précaire,De 20 à moins de 50 ans,22.0,%,15110507.0,rgph2024_logement_urbain,38.0
tanger assilah,commune,,,age_logement_par_type,Total précaire,50 ans et plus,64.2,%,15110507.0,rgph2024_logement_urbain,38.0
tanger assilah,commune,,,materiaux_murs,,"Béton armé, briques avec mortier",78.51985559566786,%,15110507.0,rgph2024_logement_urbain,38.0
tanger assilah,commune,,,materiaux_murs,,Pierre agglomérée avec mortier,2.527075812274368,%,15110507.0,rgph2024_logement_urbain,38.0
tanger assilah,commune,,,materiaux_murs,,Autres,18.95306859205776,%,15110507.0,rgph2024_logement_urbain,38.0
tanger assilah,commune,,,materiaux_toits,,Dalle,77.25631768953069,%,15110507.0,rgph2024_logement_urbain,38.0
tanger assilah,commune,,,materiaux_toits,,"Planches, bois ou tuiles",1.8050541516245489,%,15110507.0,rgph2024_logement_urbain,38.0
tanger assilah,commune,,,materiaux_toits,,Tôle en ciment ou en zinc,1.8050541516245489,%,15110507.0,rgph2024_logement_urbain,38.0
tanger assilah,commune,,,materiaux_toits,,Autres,19.13357400722021,%,15110507.0,rgph2024_logement_urbain,38.0
tanger assilah,commune,,,services_base,,Réseau public d'électricité,96.028880866426,%,15110507.0,rgph2024_logement_urbain,38.0
tanger assilah,commune,,,services_base,,Réseau public d'eau,91.69675090252709,%,15110507.0,rgph2024_logement_urbain,38.0
tanger assilah,commune,,,services_base,,Réseau public d'assainissement,54.151624548736464,%,15110507.0,rgph2024_logement_urbain,38.0
tanger assilah,centre_urbain,,,total_logements,,Total des logements urbains,554.0,logements,151105073.0,rgph2024_logement_urbain,184.0
tanger assilah,centre_urbain,,,nature_occupation,,Logement occupé,71.29963898916968,%,151105073.0,rgph2024_logement_urbain,184.0
tanger assilah,centre_urbain,,,nature_occupation,Logement non occupé,Logement vacants,8.664259927797833,%,151105073.0,rgph2024_logement_urbain,184.0
tanger assilah,centre_urbain,,,nature_occupation,Logement non occupé,Logement secondaire/saisonnier,20.03610108303249,%,151105073.0,rgph2024_logement_urbain,184.0
tanger assilah,centre_urbain,,,nature_occupation,Logement non occupé,Total logement non occupé,28.700361010830324,%,151105073.0,rgph2024_logement_urbain,184.0
tanger assilah,centre_urbain,,,type_logement,Logement non précaire ou salubre,Villa ou niveau de villa,2.0,%,151105073.0,rgph2024_logement_urbain,184.0
tanger assilah,centre_urbain,,,type_logement,Logement non précaire ou salubre,Appartement,0.0,%,151105073.0,rgph2024_logement_urbain,184.0
tanger assilah,centre_urbain,,,type_logement,Logement non précaire ou salubre,Maison marocaine traditionnelle,0.4,%,151105073.0,rgph2024_logement_urbain,184.0
tanger assilah,centre_urbain,,,type_logement,Logement non précaire ou salubre,Maison marocaine moderne,75.5,%,151105073.0,rgph2024_logement_urbain,184.0
tanger assilah,centre_urbain,,,type_logement,Logement non précaire ou salubre,Total non précaire,77.8,%,151105073.0,rgph2024_logement_urbain,184.0
tanger assilah,centre_urbain,,,type_logement,Logement précaire,Maison sommaire ou bidonville,0.5,%,151105073.0,rgph2024_logement_urbain,184.0
tanger assilah,centre_urbain,,,type_logement,Logement précaire,Logement en type rural,21.1,%,151105073.0,rgph2024_logement_urbain,184.0
tanger assilah,centre_urbain,,,type_logement,Logement précaire,Autres type,0.5,%,151105073.0,rgph2024_logement_urbain,184.0
tanger assilah,centre_urbain,,,type_logement,Logement précaire,Total précaire,22.2,%,151105073.0,rgph2024_logement_urbain,184.0
tanger assilah,centre_urbain,,,age_logement,,Moins de 20 ans,54.3,%,151105073.0,rgph2024_logement_urbain,184.0
tanger assilah,centre_urbain,,,age_logement,,De 20 à moins de 50 ans,27.1,%,151105073.0,rgph2024_logement_urbain,184.0
tanger assilah,centre_urbain,,,age_logement,,50 ans et plus,18.6,%,151105073.0,rgph2024_logement_urbain,184.0
tanger assilah,centre_urbain,,,age_logement_par_type,Villa ou niveau de villa,Moins de 20 ans,72.7,%,151105073.0,rgph2024_logement_urbain,184.0
tanger assilah,centre_urbain,,,age_logement_par_type,Villa ou niveau de villa,De 20 à moins de 50 ans,18.2,%,151105073.0,rgph2024_logement_urbain,184.0
tanger assilah,centre_urbain,,,age_logement_par_type,Villa ou niveau de villa,50 ans et plus,9.1,%,151105073.0,rgph2024_logement_urbain,184.0
tanger assilah,centre_urbain,,,age_logement_par_type,Appartement,Moins de 20 ans,0.0,%,151105073.0,rgph2024_logement_urbain,184.0
tanger assilah,centre_urbain,,,age_logement_par_type,Appartement,De 20 à moins de 50 ans,0.0,%,151105073.0,rgph2024_logement_urbain,184.0
tanger assilah,centre_urbain,,,age_logement_par_type,Appartement,50 ans et plus,0.0,%,151105073.0,rgph2024_logement_urbain,184.0
tanger assilah,centre_urbain,,,age_logement_par_type,Maison marocaine traditionnelle,Moins de 20 ans,50.0,%,151105073.0,rgph2024_logement_urbain,184.0
tanger assilah,centre_urbain,,,age_logement_par_type,Maison marocaine traditionnelle,De 20 à moins de 50 ans,0.0,%,151105073.0,rgph2024_logement_urbain,184.0
tanger assilah,centre_urbain,,,age_logement_par_type,Maison marocaine traditionnelle,50 ans et plus,50.0,%,151105073.0,rgph2024_logement_urbain,184.0
tanger assilah,centre_urbain,,,age_logement_par_type,Maison marocaine moderne,Moins de 20 ans,65.8,%,151105073.0,rgph2024_logement_urbain,184.0
tanger assilah,centre_urbain,,,age_logement_par_type,Maison marocaine moderne,De 20 à moins de 50 ans,28.9,%,151105073.0,rgph2024_logement_urbain,184.0
tanger assilah,centre_urbain,,,age_logement_par_type,Maison marocaine moderne,50 ans et plus,5.3,%,151105073.0,rgph2024_logement_urbain,184.0
tanger assilah,centre_urbain,,,age_logement_par_type,Total non précaire,Moins de 20 ans,65.9,%,151105073.0,rgph2024_logement_urbain,184.0
tanger assilah,centre_urbain,,,age_logement_par_type,Total non précaire,De 20 à moins de 50 ans,28.5,%,151105073.0,rgph2024_logement_urbain,184.0
tanger assilah,centre_urbain,,,age_logement_par_type,Total non précaire,50 ans et plus,5.6,%,151105073.0,rgph2024_logement_urbain,184.0
tanger assilah,centre_urbain,,,age_logement_par_type,Maison sommaire ou bidonville,Moins de 20 ans,0.0,%,151105073.0,rgph2024_logement_urbain,184.0
tanger assilah,centre_urbain,,,age_logement_par_type,Maison sommaire ou bidonville,De 20 à moins de 50 ans,0.0,%,151105073.0,rgph2024_logement_urbain,184.0
tanger assilah,centre_urbain,,,age_logement_par_type,Maison sommaire ou bidonville,50 ans et plus,100.0,%,151105073.0,rgph2024_logement_urbain,184.0
tanger assilah,centre_urbain,,,age_logement_par_type,Logement en type rural,Moins de 20 ans,12.0,%,151105073.0,rgph2024_logement_urbain,184.0
tanger assilah,centre_urbain,,,age_logement_par_type,Logement en type rural,De 20 à moins de 50 ans,23.1,%,151105073.0,rgph2024_logement_urbain,184.0
tanger assilah,centre_urbain,,,age_logement_par_type,Logement en type rural,50 ans et plus,65.0,%,151105073.0,rgph2024_logement_urbain,184.0
tanger assilah,centre_urbain,,,age_logement_par_type,Autres type,Moins de 20 ans,100.0,%,151105073.0,rgph2024_logement_urbain,184.0
tanger assilah,centre_urbain,,,age_logement_par_type,Autres type,De 20 à moins de 50 ans,0.0,%,151105073.0,rgph2024_logement_urbain,184.0
tanger assilah,centre_urbain,,,age_logement_par_type,Autres type,50 ans et plus,0.0,%,151105073.0,rgph2024_logement_urbain,184.0
tanger assilah,centre_urbain,,,age_logement_par_type,Total précaire,Moins de 20 ans,13.8,%,151105073.0,rgph2024_logement_urbain,184.0
tanger assilah,centre_urbain,,,age_logement_par_type,Total précaire,De 20 à moins de 50 ans,22.0,%,151105073.0,rgph2024_logement_urbain,184.0
tanger assilah,centre_urbain,,,age_logement_par_type,Total précaire,50 ans et plus,64.2,%,151105073.0,rgph2024_logement_urbain,184.0
tanger assilah,centre_urbain,,,materiaux_murs,,"Béton armé, briques avec mortier",78.51985559566786,%,151105073.0,rgph2024_logement_urbain,184.0
tanger assilah,centre_urbain,,,materiaux_murs,,Pierre agglomérée avec mortier,2.527075812274368,%,151105073.0,rgph2024_logement_urbain,184.0
tanger assilah,centre_urbain,,,materiaux_murs,,Autres,18.95306859205776,%,151105073.0,rgph2024_logement_urbain,184.0
tanger assilah,centre_urbain,,,materiaux_toits,,Dalle,77.25631768953069,%,151105073.0,rgph2024_logement_urbain,184.0
tanger assilah,centre_urbain,,,materiaux_toits,,"Planches, bois ou tuiles",1.8050541516245489,%,151105073.0,rgph2024_logement_urbain,184.0
tanger assilah,centre_urbain,,,materiaux_toits,,Tôle en ciment ou en zinc,1.8050541516245489,%,151105073.0,rgph2024_logement_urbain,184.0
tanger assilah,centre_urbain,,,materiaux_toits,,Autres,19.13357400722021,%,151105073.0,rgph2024_logement_urbain,184.0
tanger assilah,centre_urbain,,,services_base,,Réseau public d'électricité,96.028880866426,%,151105073.0,rgph2024_logement_urbain,184.0
tanger assilah,centre_urbain,,,services_base,,Réseau public d'eau,91.69675090252709,%,151105073.0,rgph2024_logement_urbain,184.0
tanger assilah,centre_urbain,,,services_base,,Réseau public d'assainissement,54.151624548736464,%,151105073.0,rgph2024_logement_urbain,184.0
tanger assilah,cercle,,,total_logements,,Total des logements urbains,362.0,logements,151103.0,rgph2024_logement_urbain,11.0
tanger assilah,cercle,,,nature_occupation,,Logement occupé,75.13812154696133,%,151103.0,rgph2024_logement_urbain,11.0
tanger assilah,cercle,,,nature_occupation,Logement non occupé,Logement vacants,9.116022099447514,%,151103.0,rgph2024_logement_urbain,11.0
tanger assilah,cercle,,,nature_occupation,Logement non occupé,Logement secondaire/saisonnier,15.745856353591158,%,151103.0,rgph2024_logement_urbain,11.0
tanger assilah,cercle,,,nature_occupation,Logement non occupé,Total logement non occupé,24.86187845303867,%,151103.0,rgph2024_logement_urbain,11.0
tanger assilah,cercle,,,type_logement,Logement non précaire ou salubre,Villa ou niveau de villa,0.0,%,151103.0,rgph2024_logement_urbain,11.0
tanger assilah,cercle,,,type_logement,Logement non précaire ou salubre,Appartement,0.6,%,151103.0,rgph2024_logement_urbain,11.0
tanger assilah,cercle,,,type_logement,Logement non précaire ou salubre,Maison marocaine traditionnelle,3.3,%,151103.0,rgph2024_logement_urbain,11.0
tanger assilah,cercle,,,type_logement,Logement non précaire ou salubre,Maison marocaine moderne,90.3,%,151103.0,rgph2024_logement_urbain,11.0
tanger assilah,cercle,,,type_logement,Logement non précaire ou salubre,Total non précaire,94.2,%,151103.0,rgph2024_logement_urbain,11.0
tanger assilah,cercle,,,type_logement,Logement précaire,Maison sommaire ou bidonville,2.2,%,151103.0,rgph2024_logement_urbain,11.0
tanger assilah,cercle,,,type_logement,Logement précaire,Logement en type rural,2.5,%,151103.0,rgph2024_logement_urbain,11.0
tanger assilah,cercle,,,type_logement,Logement précaire,Autres type,1.1,%,151103.0,rgph2024_logement_urbain,11.0
tanger assilah,cercle,,,type_logement,Logement précaire,Total précaire,5.8,%,151103.0,rgph2024_logement_urbain,11.0
tanger assilah,cercle,,,age_logement,,Moins de 20 ans,80.9,%,151103.0,rgph2024_logement_urbain,11.0
tanger assilah,cercle,,,age_logement,,De 20 à moins de 50 ans,18.2,%,151103.0,rgph2024_logement_urbain,11.0
tanger assilah,cercle,,,age_logement,,50 ans et plus,0.8,%,151103.0,rgph2024_logement_urbain,11.0
tanger assilah,cercle,,,age_logement_par_type,Villa ou niveau de villa,Moins de 20 ans,0.0,%,151103.0,rgph2024_logement_urbain,11.0
tanger assilah,cercle,,,age_logement_par_type,Villa ou niveau de villa,De 20 à moins de 50 ans,0.0,%,151103.0,rgph2024_logement_urbain,11.0
tanger assilah,cercle,,,age_logement_par_type,Villa ou niveau de villa,50 ans et plus,0.0,%,151103.0,rgph2024_logement_urbain,11.0
tanger assilah,cercle,,,age_logement_par_type,Appartement,Moins de 20 ans,0.0,%,151103.0,rgph2024_logement_urbain,11.0
tanger assilah,cercle,,,age_logement_par_type,Appartement,De 20 à moins de 50 ans,100.0,%,151103.0,rgph2024_logement_urbain,11.0
tanger assilah,cercle,,,age_logement_par_type,Appartement,50 ans et plus,0.0,%,151103.0,rgph2024_logement_urbain,11.0
tanger assilah,cercle,,,age_logement_par_type,Maison marocaine traditionnelle,Moins de 20 ans,91.7,%,151103.0,rgph2024_logement_urbain,11.0
tanger assilah,cercle,,,age_logement_par_type,Maison marocaine traditionnelle,De 20 à moins de 50 ans,8.3,%,151103.0,rgph2024_logement_urbain,11.0
tanger assilah,cercle,,,age_logement_par_type,Maison marocaine traditionnelle,50 ans et plus,0.0,%,151103.0,rgph2024_logement_urbain,11.0
tanger assilah,cercle,,,age_logement_par_type,Maison marocaine moderne,Moins de 20 ans,82.0,%,151103.0,rgph2024_logement_urbain,11.0
tanger assilah,cercle,,,age_logement_par_type,Maison marocaine moderne,De 20 à moins de 50 ans,17.1,%,151103.0,rgph2024_logement_urbain,11.0
tanger assilah,cercle,,,age_logement_par_type,Maison marocaine moderne,50 ans et plus,0.9,%,151103.0,rgph2024_logement_urbain,11.0
tanger assilah,cercle,,,age_logement_par_type,Total non précaire,Moins de 20 ans,81.8,%,151103.0,rgph2024_logement_urbain,11.0
tanger assilah,cercle,,,age_logement_par_type,Total non précaire,De 20 à moins de 50 ans,17.3,%,151103.0,rgph2024_logement_urbain,11.0
tanger assilah,cercle,,,age_logement_par_type,Total non précaire,50 ans et plus,0.9,%,151103.0,rgph2024_logement_urbain,11.0
tanger assilah,cercle,,,age_logement_par_type,Maison sommaire ou bidonville,Moins de 20 ans,50.0,%,151103.0,rgph2024_logement_urbain,11.0
tanger assilah,cercle,,,age_logement_par_type,Maison sommaire ou bidonville,De 20 à moins de 50 ans,50.0,%,151103.0,rgph2024_logement_urbain,11.0
tanger assilah,cercle,,,age_logement_par_type,Maison sommaire ou bidonville,50 ans et plus,0.0,%,151103.0,rgph2024_logement_urbain,11.0
tanger assilah,cercle,,,age_logement_par_type,Logement en type rural,Moins de 20 ans,77.8,%,151103.0,rgph2024_logement_urbain,11.0
tanger assilah,cercle,,,age_logement_par_type,Logement en type rural,De 20 à moins de 50 ans,22.2,%,151103.0,rgph2024_logement_urbain,11.0
tanger assilah,cercle,,,age_logement_par_type,Logement en type rural,50 ans et plus,0.0,%,151103.0,rgph2024_logement_urbain,11.0
tanger assilah,cercle,,,age_logement_par_type,Autres type,Moins de 20 ans,75.0,%,151103.0,rgph2024_logement_urbain,11.0
tanger assilah,cercle,,,age_logement_par_type,Autres type,De 20 à moins de 50 ans,25.0,%,151103.0,rgph2024_logement_urbain,11.0
tanger assilah,cercle,,,age_logement_par_type,Autres type,50 ans et plus,0.0,%,151103.0,rgph2024_logement_urbain,11.0
tanger assilah,cercle,,,age_logement_par_type,Total précaire,Moins de 20 ans,66.7,%,151103.0,rgph2024_logement_urbain,11.0
tanger assilah,cercle,,,age_logement_par_type,Total précaire,De 20 à moins de 50 ans,33.3,%,151103.0,rgph2024_logement_urbain,11.0
tanger assilah,cercle,,,age_logement_par_type,Total précaire,50 ans et plus,0.0,%,151103.0,rgph2024_logement_urbain,11.0
tanger assilah,cercle,,,materiaux_murs,,"Béton armé, briques avec mortier",96.96132596685084,%,151103.0,rgph2024_logement_urbain,11.0
tanger assilah,cercle,,,materiaux_murs,,Pierre agglomérée avec mortier,2.209944751381215,%,151103.0,rgph2024_logement_urbain,11.0
tanger assilah,cercle,,,materiaux_murs,,Autres,0.8287292817679558,%,151103.0,rgph2024_logement_urbain,11.0
tanger assilah,cercle,,,materiaux_toits,,Dalle,95.02762430939228,%,151103.0,rgph2024_logement_urbain,11.0
tanger assilah,cercle,,,materiaux_toits,,"Planches, bois ou tuiles",0.8287292817679558,%,151103.0,rgph2024_logement_urbain,11.0
tanger assilah,cercle,,,materiaux_toits,,Tôle en ciment ou en zinc,3.314917127071823,%,151103.0,rgph2024_logement_urbain,11.0
tanger assilah,cercle,,,materiaux_toits,,Autres,0.8287292817679558,%,151103.0,rgph2024_logement_urbain,11.0
tanger assilah,cercle,,,services_base,,Réseau public d'électricité,81.49171270718232,%,151103.0,rgph2024_logement_urbain,11.0
tanger assilah,cercle,,,services_base,,Réseau public d'eau,81.21546961325967,%,151103.0,rgph2024_logement_urbain,11.0
tanger assilah,cercle,,,services_base,,Réseau public d'assainissement,57.73480662983425,%,151103.0,rgph2024_logement_urbain,11.0
tanger assilah,cercle,,,deficit_logement,,Taux de déficit quantitatif en logement (%),9.9,%,151103.0,rgph2024_logement_urbain,11.0
tanger assilah,commune,,,total_logements,,Total des logements urbains,362.0,logements,15110313.0,rgph2024_logement_urbain,45.0
tanger assilah,commune,,,nature_occupation,,Logement occupé,75.13812154696133,%,15110313.0,rgph2024_logement_urbain,45.0
tanger assilah,commune,,,nature_occupation,Logement non occupé,Logement vacants,9.116022099447514,%,15110313.0,rgph2024_logement_urbain,45.0
tanger assilah,commune,,,nature_occupation,Logement non occupé,Logement secondaire/saisonnier,15.745856353591158,%,15110313.0,rgph2024_logement_urbain,45.0
tanger assilah,commune,,,nature_occupation,Logement non occupé,Total logement non occupé,24.86187845303867,%,15110313.0,rgph2024_logement_urbain,45.0
tanger assilah,commune,,,type_logement,Logement non précaire ou salubre,Villa ou niveau de villa,0.0,%,15110313.0,rgph2024_logement_urbain,45.0
tanger assilah,commune,,,type_logement,Logement non précaire ou salubre,Appartement,0.6,%,15110313.0,rgph2024_logement_urbain,45.0
tanger assilah,commune,,,type_logement,Logement non précaire ou salubre,Maison marocaine traditionnelle,3.3,%,15110313.0,rgph2024_logement_urbain,45.0
tanger assilah,commune,,,type_logement,Logement non précaire ou salubre,Maison marocaine moderne,90.3,%,15110313.0,rgph2024_logement_urbain,45.0
tanger assilah,commune,,,type_logement,Logement non précaire ou salubre,Total non précaire,94.2,%,15110313.0,rgph2024_logement_urbain,45.0
tanger assilah,commune,,,type_logement,Logement précaire,Maison sommaire ou bidonville,2.2,%,15110313.0,rgph2024_logement_urbain,45.0
tanger assilah,commune,,,type_logement,Logement précaire,Logement en type rural,2.5,%,15110313.0,rgph2024_logement_urbain,45.0
tanger assilah,commune,,,type_logement,Logement précaire,Autres type,1.1,%,15110313.0,rgph2024_logement_urbain,45.0
tanger assilah,commune,,,type_logement,Logement précaire,Total précaire,5.8,%,15110313.0,rgph2024_logement_urbain,45.0
tanger assilah,commune,,,age_logement,,Moins de 20 ans,80.9,%,15110313.0,rgph2024_logement_urbain,45.0
tanger assilah,commune,,,age_logement,,De 20 à moins de 50 ans,18.2,%,15110313.0,rgph2024_logement_urbain,45.0
tanger assilah,commune,,,age_logement,,50 ans et plus,0.8,%,15110313.0,rgph2024_logement_urbain,45.0
tanger assilah,commune,,,age_logement_par_type,Villa ou niveau de villa,Moins de 20 ans,0.0,%,15110313.0,rgph2024_logement_urbain,45.0
tanger assilah,commune,,,age_logement_par_type,Villa ou niveau de villa,De 20 à moins de 50 ans,0.0,%,15110313.0,rgph2024_logement_urbain,45.0
tanger assilah,commune,,,age_logement_par_type,Villa ou niveau de villa,50 ans et plus,0.0,%,15110313.0,rgph2024_logement_urbain,45.0
tanger assilah,commune,,,age_logement_par_type,Appartement,Moins de 20 ans,0.0,%,15110313.0,rgph2024_logement_urbain,45.0
tanger assilah,commune,,,age_logement_par_type,Appartement,De 20 à moins de 50 ans,100.0,%,15110313.0,rgph2024_logement_urbain,45.0
tanger assilah,commune,,,age_logement_par_type,Appartement,50 ans et plus,0.0,%,15110313.0,rgph2024_logement_urbain,45.0
tanger assilah,commune,,,age_logement_par_type,Maison marocaine traditionnelle,Moins de 20 ans,91.7,%,15110313.0,rgph2024_logement_urbain,45.0
tanger assilah,commune,,,age_logement_par_type,Maison marocaine traditionnelle,De 20 à moins de 50 ans,8.3,%,15110313.0,rgph2024_logement_urbain,45.0
tanger assilah,commune,,,age_logement_par_type,Maison marocaine traditionnelle,50 ans et plus,0.0,%,15110313.0,rgph2024_logement_urbain,45.0
tanger assilah,commune,,,age_logement_par_type,Maison marocaine moderne,Moins de 20 ans,82.0,%,15110313.0,rgph2024_logement_urbain,45.0
tanger assilah,commune,,,age_logement_par_type,Maison marocaine moderne,De 20 à moins de 50 ans,17.1,%,15110313.0,rgph2024_logement_urbain,45.0
tanger assilah,commune,,,age_logement_par_type,Maison marocaine moderne,50 ans et plus,0.9,%,15110313.0,rgph2024_logement_urbain,45.0
tanger assilah,commune,,,age_logement_par_type,Total non précaire,Moins de 20 ans,81.8,%,15110313.0,rgph2024_logement_urbain,45.0
tanger assilah,commune,,,age_logement_par_type,Total non précaire,De 20 à moins de 50 ans,17.3,%,15110313.0,rgph2024_logement_urbain,45.0
tanger assilah,commune,,,age_logement_par_type,Total non précaire,50 ans et plus,0.9,%,15110313.0,rgph2024_logement_urbain,45.0
tanger assilah,commune,,,age_logement_par_type,Maison sommaire ou bidonville,Moins de 20 ans,50.0,%,15110313.0,rgph2024_logement_urbain,45.0
tanger assilah,commune,,,age_logement_par_type,Maison sommaire ou bidonville,De 20 à moins de 50 ans,50.0,%,15110313.0,rgph2024_logement_urbain,45.0
tanger assilah,commune,,,age_logement_par_type,Maison sommaire ou bidonville,50 ans et plus,0.0,%,15110313.0,rgph2024_logement_urbain,45.0
tanger assilah,commune,,,age_logement_par_type,Logement en type rural,Moins de 20 ans,77.8,%,15110313.0,rgph2024_logement_urbain,45.0
tanger assilah,commune,,,age_logement_par_type,Logement en type rural,De 20 à moins de 50 ans,22.2,%,15110313.0,rgph2024_logement_urbain,45.0
tanger assilah,commune,,,age_logement_par_type,Logement en type rural,50 ans et plus,0.0,%,15110313.0,rgph2024_logement_urbain,45.0
tanger assilah,commune,,,age_logement_par_type,Autres type,Moins de 20 ans,75.0,%,15110313.0,rgph2024_logement_urbain,45.0
tanger assilah,commune,,,age_logement_par_type,Autres type,De 20 à moins de 50 ans,25.0,%,15110313.0,rgph2024_logement_urbain,45.0
tanger assilah,commune,,,age_logement_par_type,Autres type,50 ans et plus,0.0,%,15110313.0,rgph2024_logement_urbain,45.0
tanger assilah,commune,,,age_logement_par_type,Total précaire,Moins de 20 ans,66.7,%,15110313.0,rgph2024_logement_urbain,45.0
tanger assilah,commune,,,age_logement_par_type,Total précaire,De 20 à moins de 50 ans,33.3,%,15110313.0,rgph2024_logement_urbain,45.0
tanger assilah,commune,,,age_logement_par_type,Total précaire,50 ans et plus,0.0,%,15110313.0,rgph2024_logement_urbain,45.0
tanger assilah,commune,,,materiaux_murs,,"Béton armé, briques avec mortier",96.96132596685084,%,15110313.0,rgph2024_logement_urbain,45.0
tanger assilah,commune,,,materiaux_murs,,Pierre agglomérée avec mortier,2.209944751381215,%,15110313.0,rgph2024_logement_urbain,45.0
tanger assilah,commune,,,materiaux_murs,,Autres,0.8287292817679558,%,15110313.0,rgph2024_logement_urbain,45.0
tanger assilah,commune,,,materiaux_toits,,Dalle,95.02762430939228,%,15110313.0,rgph2024_logement_urbain,45.0
tanger assilah,commune,,,materiaux_toits,,"Planches, bois ou tuiles",0.8287292817679558,%,15110313.0,rgph2024_logement_urbain,45.0
tanger assilah,commune,,,materiaux_toits,,Tôle en ciment ou en zinc,3.314917127071823,%,15110313.0,rgph2024_logement_urbain,45.0
tanger assilah,commune,,,materiaux_toits,,Autres,0.8287292817679558,%,15110313.0,rgph2024_logement_urbain,45.0
tanger assilah,commune,,,services_base,,Réseau public d'électricité,81.49171270718232,%,15110313.0,rgph2024_logement_urbain,45.0
tanger assilah,commune,,,services_base,,Réseau public d'eau,81.21546961325967,%,15110313.0,rgph2024_logement_urbain,45.0
tanger assilah,commune,,,services_base,,Réseau public d'assainissement,57.73480662983425,%,15110313.0,rgph2024_logement_urbain,45.0
tanger assilah,commune,,,deficit_logement,,Taux de déficit quantitatif en logement (%),9.9,%,15110313.0,rgph2024_logement_urbain,45.0
tanger assilah,centre_urbain,,,total_logements,,Total des logements urbains,362.0,logements,151103133.0,rgph2024_logement_urbain,185.0
tanger assilah,centre_urbain,,,nature_occupation,,Logement occupé,75.13812154696133,%,151103133.0,rgph2024_logement_urbain,185.0
tanger assilah,centre_urbain,,,nature_occupation,Logement non occupé,Logement vacants,9.116022099447514,%,151103133.0,rgph2024_logement_urbain,185.0
tanger assilah,centre_urbain,,,nature_occupation,Logement non occupé,Logement secondaire/saisonnier,15.745856353591158,%,151103133.0,rgph2024_logement_urbain,185.0
tanger assilah,centre_urbain,,,nature_occupation,Logement non occupé,Total logement non occupé,24.86187845303867,%,151103133.0,rgph2024_logement_urbain,185.0
tanger assilah,centre_urbain,,,type_logement,Logement non précaire ou salubre,Villa ou niveau de villa,0.0,%,151103133.0,rgph2024_logement_urbain,185.0
tanger assilah,centre_urbain,,,type_logement,Logement non précaire ou salubre,Appartement,0.6,%,151103133.0,rgph2024_logement_urbain,185.0
tanger assilah,centre_urbain,,,type_logement,Logement non précaire ou salubre,Maison marocaine traditionnelle,3.3,%,151103133.0,rgph2024_logement_urbain,185.0
tanger assilah,centre_urbain,,,type_logement,Logement non précaire ou salubre,Maison marocaine moderne,90.3,%,151103133.0,rgph2024_logement_urbain,185.0
tanger assilah,centre_urbain,,,type_logement,Logement non précaire ou salubre,Total non précaire,94.2,%,151103133.0,rgph2024_logement_urbain,185.0
tanger assilah,centre_urbain,,,type_logement,Logement précaire,Maison sommaire ou bidonville,2.2,%,151103133.0,rgph2024_logement_urbain,185.0
tanger assilah,centre_urbain,,,type_logement,Logement précaire,Logement en type rural,2.5,%,151103133.0,rgph2024_logement_urbain,185.0
tanger assilah,centre_urbain,,,type_logement,Logement précaire,Autres type,1.1,%,151103133.0,rgph2024_logement_urbain,185.0
tanger assilah,centre_urbain,,,type_logement,Logement précaire,Total précaire,5.8,%,151103133.0,rgph2024_logement_urbain,185.0
tanger assilah,centre_urbain,,,age_logement,,Moins de 20 ans,80.9,%,151103133.0,rgph2024_logement_urbain,185.0
tanger assilah,centre_urbain,,,age_logement,,De 20 à moins de 50 ans,18.2,%,151103133.0,rgph2024_logement_urbain,185.0
tanger assilah,centre_urbain,,,age_logement,,50 ans et plus,0.8,%,151103133.0,rgph2024_logement_urbain,185.0
tanger assilah,centre_urbain,,,age_logement_par_type,Villa ou niveau de villa,Moins de 20 ans,0.0,%,151103133.0,rgph2024_logement_urbain,185.0
tanger assilah,centre_urbain,,,age_logement_par_type,Villa ou niveau de villa,De 20 à moins de 50 ans,0.0,%,151103133.0,rgph2024_logement_urbain,185.0
tanger assilah,centre_urbain,,,age_logement_par_type,Villa ou niveau de villa,50 ans et plus,0.0,%,151103133.0,rgph2024_logement_urbain,185.0
tanger assilah,centre_urbain,,,age_logement_par_type,Appartement,Moins de 20 ans,0.0,%,151103133.0,rgph2024_logement_urbain,185.0
tanger assilah,centre_urbain,,,age_logement_par_type,Appartement,De 20 à moins de 50 ans,100.0,%,151103133.0,rgph2024_logement_urbain,185.0
tanger assilah,centre_urbain,,,age_logement_par_type,Appartement,50 ans et plus,0.0,%,151103133.0,rgph2024_logement_urbain,185.0
tanger assilah,centre_urbain,,,age_logement_par_type,Maison marocaine traditionnelle,Moins de 20 ans,91.7,%,151103133.0,rgph2024_logement_urbain,185.0
tanger assilah,centre_urbain,,,age_logement_par_type,Maison marocaine traditionnelle,De 20 à moins de 50 ans,8.3,%,151103133.0,rgph2024_logement_urbain,185.0
tanger assilah,centre_urbain,,,age_logement_par_type,Maison marocaine traditionnelle,50 ans et plus,0.0,%,151103133.0,rgph2024_logement_urbain,185.0
tanger assilah,centre_urbain,,,age_logement_par_type,Maison marocaine moderne,Moins de 20 ans,82.0,%,151103133.0,rgph2024_logement_urbain,185.0
tanger assilah,centre_urbain,,,age_logement_par_type,Maison marocaine moderne,De 20 à moins de 50 ans,17.1,%,151103133.0,rgph2024_logement_urbain,185.0
tanger assilah,centre_urbain,,,age_logement_par_type,Maison marocaine moderne,50 ans et plus,0.9,%,151103133.0,rgph2024_logement_urbain,185.0
tanger assilah,centre_urbain,,,age_logement_par_type,Total non précaire,Moins de 20 ans,81.8,%,151103133.0,rgph2024_logement_urbain,185.0
tanger assilah,centre_urbain,,,age_logement_par_type,Total non précaire,De 20 à moins de 50 ans,17.3,%,151103133.0,rgph2024_logement_urbain,185.0
tanger assilah,centre_urbain,,,age_logement_par_type,Total non précaire,50 ans et plus,0.9,%,151103133.0,rgph2024_logement_urbain,185.0
tanger assilah,centre_urbain,,,age_logement_par_type,Maison sommaire ou bidonville,Moins de 20 ans,50.0,%,151103133.0,rgph2024_logement_urbain,185.0
tanger assilah,centre_urbain,,,age_logement_par_type,Maison sommaire ou bidonville,De 20 à moins de 50 ans,50.0,%,151103133.0,rgph2024_logement_urbain,185.0
tanger assilah,centre_urbain,,,age_logement_par_type,Maison sommaire ou bidonville,50 ans et plus,0.0,%,151103133.0,rgph2024_logement_urbain,185.0
tanger assilah,centre_urbain,,,age_logement_par_type,Logement en type rural,Moins de 20 ans,77.8,%,151103133.0,rgph2024_logement_urbain,185.0
tanger assilah,centre_urbain,,,age_logement_par_type,Logement en type rural,De 20 à moins de 50 ans,22.2,%,151103133.0,rgph2024_logement_urbain,185.0
tanger assilah,centre_urbain,,,age_logement_par_type,Logement en type rural,50 ans et plus,0.0,%,151103133.0,rgph2024_logement_urbain,185.0
tanger assilah,centre_urbain,,,age_logement_par_type,Autres type,Moins de 20 ans,75.0,%,151103133.0,rgph2024_logement_urbain,185.0
tanger assilah,centre_urbain,,,age_logement_par_type,Autres type,De 20 à moins de 50 ans,25.0,%,151103133.0,rgph2024_logement_urbain,185.0
tanger assilah,centre_urbain,,,age_logement_par_type,Autres type,50 ans et plus,0.0,%,151103133.0,rgph2024_logement_urbain,185.0
tanger assilah,centre_urbain,,,age_logement_par_type,Total précaire,Moins de 20 ans,66.7,%,151103133.0,rgph2024_logement_urbain,185.0
tanger assilah,centre_urbain,,,age_logement_par_type,Total précaire,De 20 à moins de 50 ans,33.3,%,151103133.0,rgph2024_logement_urbain,185.0
tanger assilah,centre_urbain,,,age_logement_par_type,Total précaire,50 ans et plus,0.0,%,151103133.0,rgph2024_logement_urbain,185.0
tanger assilah,centre_urbain,,,materiaux_murs,,"Béton armé, briques avec mortier",96.96132596685084,%,151103133.0,rgph2024_logement_urbain,185.0
tanger assilah,centre_urbain,,,materiaux_murs,,Pierre agglomérée avec mortier,2.209944751381215,%,151103133.0,rgph2024_logement_urbain,185.0
tanger assilah,centre_urbain,,,materiaux_murs,,Autres,0.8287292817679558,%,151103133.0,rgph2024_logement_urbain,185.0
tanger assilah,centre_urbain,,,materiaux_toits,,Dalle,95.02762430939228,%,151103133.0,rgph2024_logement_urbain,185.0
tanger assilah,centre_urbain,,,materiaux_toits,,"Planches, bois ou tuiles",0.8287292817679558,%,151103133.0,rgph2024_logement_urbain,185.0
tanger assilah,centre_urbain,,,materiaux_toits,,Tôle en ciment ou en zinc,3.314917127071823,%,151103133.0,rgph2024_logement_urbain,185.0
tanger assilah,centre_urbain,,,materiaux_toits,,Autres,0.8287292817679558,%,151103133.0,rgph2024_logement_urbain,185.0
tanger assilah,centre_urbain,,,services_base,,Réseau public d'électricité,81.49171270718232,%,151103133.0,rgph2024_logement_urbain,185.0
tanger assilah,centre_urbain,,,services_base,,Réseau public d'eau,81.21546961325967,%,151103133.0,rgph2024_logement_urbain,185.0
tanger assilah,centre_urbain,,,services_base,,Réseau public d'assainissement,57.73480662983425,%,151103133.0,rgph2024_logement_urbain,185.0
tanger assilah,centre_urbain,,,deficit_logement,,Taux de déficit quantitatif en logement (%),9.9,%,151103133.0,rgph2024_logement_urbain,185.0
m'diq fnideq,prefecture_province,,,total_logements,,Total des logements urbains,156056.0,logements,1573.0,rgph2024_logement_urbain,3.0
m'diq fnideq,prefecture_province,,,nature_occupation,,Logement occupé,40.678346234688064,%,1573.0,rgph2024_logement_urbain,3.0
m'diq fnideq,prefecture_province,,,nature_occupation,Logement non occupé,Logement vacants,11.57084636284412,%,1573.0,rgph2024_logement_urbain,3.0
m'diq fnideq,prefecture_province,,,nature_occupation,Logement non occupé,Logement secondaire/saisonnier,47.75080740247096,%,1573.0,rgph2024_logement_urbain,3.0
m'diq fnideq,prefecture_province,,,nature_occupation,Logement non occupé,Total logement non occupé,59.32165376531509,%,1573.0,rgph2024_logement_urbain,3.0
m'diq fnideq,prefecture_province,,,type_logement,Logement non précaire ou salubre,Villa ou niveau de villa,1.8,%,1573.0,rgph2024_logement_urbain,3.0
m'diq fnideq,prefecture_province,,,type_logement,Logement non précaire ou salubre,Appartement,54.4,%,1573.0,rgph2024_logement_urbain,3.0
m'diq fnideq,prefecture_province,,,type_logement,Logement non précaire ou salubre,Maison marocaine traditionnelle,0.7,%,1573.0,rgph2024_logement_urbain,3.0
m'diq fnideq,prefecture_province,,,type_logement,Logement non précaire ou salubre,Maison marocaine moderne,42.7,%,1573.0,rgph2024_logement_urbain,3.0
m'diq fnideq,prefecture_province,,,type_logement,Logement non précaire ou salubre,Total non précaire,99.7,%,1573.0,rgph2024_logement_urbain,3.0
m'diq fnideq,prefecture_province,,,type_logement,Logement précaire,Maison sommaire ou bidonville,0.1,%,1573.0,rgph2024_logement_urbain,3.0
m'diq fnideq,prefecture_province,,,type_logement,Logement précaire,Logement en type rural,0.0,%,1573.0,rgph2024_logement_urbain,3.0
m'diq fnideq,prefecture_province,,,type_logement,Logement précaire,Autres type,0.2,%,1573.0,rgph2024_logement_urbain,3.0
m'diq fnideq,prefecture_province,,,type_logement,Logement précaire,Total précaire,0.3,%,1573.0,rgph2024_logement_urbain,3.0
m'diq fnideq,prefecture_province,,,age_logement,,Moins de 20 ans,79.4,%,1573.0,rgph2024_logement_urbain,3.0
m'diq fnideq,prefecture_province,,,age_logement,,De 20 à moins de 50 ans,19.3,%,1573.0,rgph2024_logement_urbain,3.0
m'diq fnideq,prefecture_province,,,age_logement,,50 ans et plus,1.3,%,1573.0,rgph2024_logement_urbain,3.0
m'diq fnideq,prefecture_province,,,age_logement_par_type,Villa ou niveau de villa,Moins de 20 ans,72.4,%,1573.0,rgph2024_logement_urbain,3.0
m'diq fnideq,prefecture_province,,,age_logement_par_type,Villa ou niveau de villa,De 20 à moins de 50 ans,27.0,%,1573.0,rgph2024_logement_urbain,3.0
m'diq fnideq,prefecture_province,,,age_logement_par_type,Villa ou niveau de villa,50 ans et plus,0.6,%,1573.0,rgph2024_logement_urbain,3.0
m'diq fnideq,prefecture_province,,,age_logement_par_type,Appartement,Moins de 20 ans,84.7,%,1573.0,rgph2024_logement_urbain,3.0
m'diq fnideq,prefecture_province,,,age_logement_par_type,Appartement,De 20 à moins de 50 ans,14.0,%,1573.0,rgph2024_logement_urbain,3.0
m'diq fnideq,prefecture_province,,,age_logement_par_type,Appartement,50 ans et plus,1.3,%,1573.0,rgph2024_logement_urbain,3.0
m'diq fnideq,prefecture_province,,,age_logement_par_type,Maison marocaine traditionnelle,Moins de 20 ans,63.7,%,1573.0,rgph2024_logement_urbain,3.0
m'diq fnideq,prefecture_province,,,age_logement_par_type,Maison marocaine traditionnelle,De 20 à moins de 50 ans,33.0,%,1573.0,rgph2024_logement_urbain,3.0
m'diq fnideq,prefecture_province,,,age_logement_par_type,Maison marocaine traditionnelle,50 ans et plus,3.4,%,1573.0,rgph2024_logement_urbain,3.0
m'diq fnideq,prefecture_province,,,age_logement_par_type,Maison marocaine moderne,Moins de 20 ans,73.3,%,1573.0,rgph2024_logement_urbain,3.0
m'diq fnideq,prefecture_province,,,age_logement_par_type,Maison marocaine moderne,De 20 à moins de 50 ans,25.6,%,1573.0,rgph2024_logement_urbain,3.0
m'diq fnideq,prefecture_province,,,age_logement_par_type,Maison marocaine moderne,50 ans et plus,1.1,%,1573.0,rgph2024_logement_urbain,3.0
m'diq fnideq,prefecture_province,,,age_logement_par_type,Total non précaire,Moins de 20 ans,79.4,%,1573.0,rgph2024_logement_urbain,3.0
m'diq fnideq,prefecture_province,,,age_logement_par_type,Total non précaire,De 20 à moins de 50 ans,19.3,%,1573.0,rgph2024_logement_urbain,3.0
m'diq fnideq,prefecture_province,,,age_logement_par_type,Total non précaire,50 ans et plus,1.3,%,1573.0,rgph2024_logement_urbain,3.0
m'diq fnideq,prefecture_province,,,age_logement_par_type,Maison sommaire ou bidonville,Moins de 20 ans,64.2,%,1573.0,rgph2024_logement_urbain,3.0
m'diq fnideq,prefecture_province,,,age_logement_par_type,Maison sommaire ou bidonville,De 20 à moins de 50 ans,31.3,%,1573.0,rgph2024_logement_urbain,3.0
m'diq fnideq,prefecture_province,,,age_logement_par_type,Maison sommaire ou bidonville,50 ans et plus,4.5,%,1573.0,rgph2024_logement_urbain,3.0
m'diq fnideq,prefecture_province,,,age_logement_par_type,Logement en type rural,Moins de 20 ans,53.8,%,1573.0,rgph2024_logement_urbain,3.0
m'diq fnideq,prefecture_province,,,age_logement_par_type,Logement en type rural,De 20 à moins de 50 ans,36.8,%,1573.0,rgph2024_logement_urbain,3.0
m'diq fnideq,prefecture_province,,,age_logement_par_type,Logement en type rural,50 ans et plus,9.4,%,1573.0,rgph2024_logement_urbain,3.0
m'diq fnideq,prefecture_province,,,age_logement_par_type,Autres type,Moins de 20 ans,68.8,%,1573.0,rgph2024_logement_urbain,3.0
m'diq fnideq,prefecture_province,,,age_logement_par_type,Autres type,De 20 à moins de 50 ans,29.7,%,1573.0,rgph2024_logement_urbain,3.0
m'diq fnideq,prefecture_province,,,age_logement_par_type,Autres type,50 ans et plus,1.5,%,1573.0,rgph2024_logement_urbain,3.0
m'diq fnideq,prefecture_province,,,age_logement_par_type,Total précaire,Moins de 20 ans,66.3,%,1573.0,rgph2024_logement_urbain,3.0
m'diq fnideq,prefecture_province,,,age_logement_par_type,Total précaire,De 20 à moins de 50 ans,30.7,%,1573.0,rgph2024_logement_urbain,3.0
m'diq fnideq,prefecture_province,,,age_logement_par_type,Total précaire,50 ans et plus,3.0,%,1573.0,rgph2024_logement_urbain,3.0
m'diq fnideq,prefecture_province,,,materiaux_murs,,"Béton armé, briques avec mortier",99.83353173293956,%,1573.0,rgph2024_logement_urbain,3.0
m'diq fnideq,prefecture_province,,,materiaux_murs,,Pierre agglomérée avec mortier,0.1175579302971733,%,1573.0,rgph2024_logement_urbain,3.0
m'diq fnideq,prefecture_province,,,materiaux_murs,,Autres,0.0489103367632875,%,1573.0,rgph2024_logement_urbain,3.0
m'diq fnideq,prefecture_province,,,materiaux_toits,,Dalle,99.39101087442992,%,1573.0,rgph2024_logement_urbain,3.0
m'diq fnideq,prefecture_province,,,materiaux_toits,,"Planches, bois ou tuiles",0.5426232526109448,%,1573.0,rgph2024_logement_urbain,3.0
m'diq fnideq,prefecture_province,,,materiaux_toits,,Tôle en ciment ou en zinc,0.027995073382904,%,1573.0,rgph2024_logement_urbain,3.0
m'diq fnideq,prefecture_province,,,materiaux_toits,,Autres,0.0383707995763496,%,1573.0,rgph2024_logement_urbain,3.0
m'diq fnideq,prefecture_province,,,services_base,,Réseau public d'électricité,97.18976720773746,%,1573.0,rgph2024_logement_urbain,3.0
m'diq fnideq,prefecture_province,,,services_base,,Réseau public d'eau,95.39114554683071,%,1573.0,rgph2024_logement_urbain,3.0
m'diq fnideq,prefecture_province,,,services_base,,Réseau public d'assainissement,96.39895222138604,%,1573.0,rgph2024_logement_urbain,3.0
m'diq fnideq,prefecture_province,,,deficit_logement,,Taux de déficit quantitatif en logement (%),0.7,%,1573.0,rgph2024_logement_urbain,3.0
m'diq fnideq,commune,,,total_logements,,Total des logements urbains,35609.0,logements,15730105.0,rgph2024_logement_urbain,46.0
m'diq fnideq,commune,,,nature_occupation,,Logement occupé,48.43719284450541,%,15730105.0,rgph2024_logement_urbain,46.0
m'diq fnideq,commune,,,nature_occupation,Logement non occupé,Logement vacants,7.450363672105061,%,15730105.0,rgph2024_logement_urbain,46.0
m'diq fnideq,commune,,,nature_occupation,Logement non occupé,Logement secondaire/saisonnier,44.11244348338722,%,15730105.0,rgph2024_logement_urbain,46.0
m'diq fnideq,commune,,,nature_occupation,Logement non occupé,Total logement non occupé,51.56280715549228,%,15730105.0,rgph2024_logement_urbain,46.0
m'diq fnideq,commune,,,type_logement,Logement non précaire ou salubre,Villa ou niveau de villa,2.9,%,15730105.0,rgph2024_logement_urbain,46.0
m'diq fnideq,commune,,,type_logement,Logement non précaire ou salubre,Appartement,34.0,%,15730105.0,rgph2024_logement_urbain,46.0
m'diq fnideq,commune,,,type_logement,Logement non précaire ou salubre,Maison marocaine traditionnelle,0.5,%,15730105.0,rgph2024_logement_urbain,46.0
m'diq fnideq,commune,,,type_logement,Logement non précaire ou salubre,Maison marocaine moderne,62.3,%,15730105.0,rgph2024_logement_urbain,46.0
m'diq fnideq,commune,,,type_logement,Logement non précaire ou salubre,Total non précaire,99.7,%,15730105.0,rgph2024_logement_urbain,46.0
m'diq fnideq,commune,,,type_logement,Logement précaire,Maison sommaire ou bidonville,0.1,%,15730105.0,rgph2024_logement_urbain,46.0
m'diq fnideq,commune,,,type_logement,Logement précaire,Logement en type rural,0.0,%,15730105.0,rgph2024_logement_urbain,46.0
m'diq fnideq,commune,,,type_logement,Logement précaire,Autres type,0.2,%,15730105.0,rgph2024_logement_urbain,46.0
m'diq fnideq,commune,,,type_logement,Logement précaire,Total précaire,0.3,%,15730105.0,rgph2024_logement_urbain,46.0
m'diq fnideq,commune,,,age_logement,,Moins de 20 ans,80.8,%,15730105.0,rgph2024_logement_urbain,46.0
m'diq fnideq,commune,,,age_logement,,De 20 à moins de 50 ans,18.1,%,15730105.0,rgph2024_logement_urbain,46.0
m'diq fnideq,commune,,,age_logement,,50 ans et plus,1.0,%,15730105.0,rgph2024_logement_urbain,46.0
m'diq fnideq,commune,,,age_logement_par_type,Villa ou niveau de villa,Moins de 20 ans,72.4,%,15730105.0,rgph2024_logement_urbain,46.0
m'diq fnideq,commune,,,age_logement_par_type,Villa ou niveau de villa,De 20 à moins de 50 ans,27.3,%,15730105.0,rgph2024_logement_urbain,46.0
m'diq fnideq,commune,,,age_logement_par_type,Villa ou niveau de villa,50 ans et plus,0.3,%,15730105.0,rgph2024_logement_urbain,46.0
m'diq fnideq,commune,,,age_logement_par_type,Appartement,Moins de 20 ans,88.8,%,15730105.0,rgph2024_logement_urbain,46.0
m'diq fnideq,commune,,,age_logement_par_type,Appartement,De 20 à moins de 50 ans,9.1,%,15730105.0,rgph2024_logement_urbain,46.0
m'diq fnideq,commune,,,age_logement_par_type,Appartement,50 ans et plus,2.1,%,15730105.0,rgph2024_logement_urbain,46.0
m'diq fnideq,commune,,,age_logement_par_type,Maison marocaine traditionnelle,Moins de 20 ans,65.3,%,15730105.0,rgph2024_logement_urbain,46.0
m'diq fnideq,commune,,,age_logement_par_type,Maison marocaine traditionnelle,De 20 à moins de 50 ans,32.9,%,15730105.0,rgph2024_logement_urbain,46.0
m'diq fnideq,commune,,,age_logement_par_type,Maison marocaine traditionnelle,50 ans et plus,1.8,%,15730105.0,rgph2024_logement_urbain,46.0
m'diq fnideq,commune,,,age_logement_par_type,Maison marocaine moderne,Moins de 20 ans,77.2,%,15730105.0,rgph2024_logement_urbain,46.0
m'diq fnideq,commune,,,age_logement_par_type,Maison marocaine moderne,De 20 à moins de 50 ans,22.4,%,15730105.0,rgph2024_logement_urbain,46.0
m'diq fnideq,commune,,,age_logement_par_type,Maison marocaine moderne,50 ans et plus,0.5,%,15730105.0,rgph2024_logement_urbain,46.0
m'diq fnideq,commune,,,age_logement_par_type,Total non précaire,Moins de 20 ans,80.9,%,15730105.0,rgph2024_logement_urbain,46.0
m'diq fnideq,commune,,,age_logement_par_type,Total non précaire,De 20 à moins de 50 ans,18.1,%,15730105.0,rgph2024_logement_urbain,46.0
m'diq fnideq,commune,,,age_logement_par_type,Total non précaire,50 ans et plus,1.0,%,15730105.0,rgph2024_logement_urbain,46.0
m'diq fnideq,commune,,,age_logement_par_type,Maison sommaire ou bidonville,Moins de 20 ans,66.7,%,15730105.0,rgph2024_logement_urbain,46.0
m'diq fnideq,commune,,,age_logement_par_type,Maison sommaire ou bidonville,De 20 à moins de 50 ans,22.2,%,15730105.0,rgph2024_logement_urbain,46.0
m'diq fnideq,commune,,,age_logement_par_type,Maison sommaire ou bidonville,50 ans et plus,11.1,%,15730105.0,rgph2024_logement_urbain,46.0
m'diq fnideq,commune,,,age_logement_par_type,Logement en type rural,Moins de 20 ans,0.0,%,15730105.0,rgph2024_logement_urbain,46.0
m'diq fnideq,commune,,,age_logement_par_type,Logement en type rural,De 20 à moins de 50 ans,0.0,%,15730105.0,rgph2024_logement_urbain,46.0
m'diq fnideq,commune,,,age_logement_par_type,Logement en type rural,50 ans et plus,0.0,%,15730105.0,rgph2024_logement_urbain,46.0
m'diq fnideq,commune,,,age_logement_par_type,Autres type,Moins de 20 ans,47.7,%,15730105.0,rgph2024_logement_urbain,46.0
m'diq fnideq,commune,,,age_logement_par_type,Autres type,De 20 à moins de 50 ans,46.6,%,15730105.0,rgph2024_logement_urbain,46.0
m'diq fnideq,commune,,,age_logement_par_type,Autres type,50 ans et plus,5.7,%,15730105.0,rgph2024_logement_urbain,46.0
m'diq fnideq,commune,,,age_logement_par_type,Total précaire,Moins de 20 ans,52.5,%,15730105.0,rgph2024_logement_urbain,46.0
m'diq fnideq,commune,,,age_logement_par_type,Total précaire,De 20 à moins de 50 ans,40.4,%,15730105.0,rgph2024_logement_urbain,46.0
m'diq fnideq,commune,,,age_logement_par_type,Total précaire,50 ans et plus,7.1,%,15730105.0,rgph2024_logement_urbain,46.0
m'diq fnideq,commune,,,materiaux_murs,,"Béton armé, briques avec mortier",99.85079644218882,%,15730105.0,rgph2024_logement_urbain,46.0
m'diq fnideq,commune,,,materiaux_murs,,Pierre agglomérée avec mortier,0.1225976464116867,%,15730105.0,rgph2024_logement_urbain,46.0
m'diq fnideq,commune,,,materiaux_murs,,Autres,0.0266059113995056,%,15730105.0,rgph2024_logement_urbain,46.0
m'diq fnideq,commune,,,materiaux_toits,,Dalle,99.40415447857436,%,15730105.0,rgph2024_logement_urbain,46.0
m'diq fnideq,commune,,,materiaux_toits,,"Planches, bois ou tuiles",0.5278141905771935,%,15730105.0,rgph2024_logement_urbain,46.0
m'diq fnideq,commune,,,materiaux_toits,,Tôle en ciment ou en zinc,0.0,%,15730105.0,rgph2024_logement_urbain,46.0
m'diq fnideq,commune,,,materiaux_toits,,Autres,0.0680313308483129,%,15730105.0,rgph2024_logement_urbain,46.0
m'diq fnideq,commune,,,services_base,,Réseau public d'électricité,96.73531167593184,%,15730105.0,rgph2024_logement_urbain,46.0
m'diq fnideq,commune,,,services_base,,Réseau public d'eau,94.77471266536092,%,15730105.0,rgph2024_logement_urbain,46.0
m'diq fnideq,commune,,,services_base,,Réseau public d'assainissement,95.1014364613018,%,15730105.0,rgph2024_logement_urbain,46.0
m'diq fnideq,commune,,,deficit_logement,,Taux de déficit quantitatif en logement (%),0.6,%,15730105.0,rgph2024_logement_urbain,46.0
m'diq fnideq,commune,,,total_logements,,Total des logements urbains,33246.0,logements,15730101.0,rgph2024_logement_urbain,47.0
m'diq fnideq,commune,,,nature_occupation,,Logement occupé,59.38759550021049,%,15730101.0,rgph2024_logement_urbain,47.0
m'diq fnideq,commune,,,nature_occupation,Logement non occupé,Logement vacants,11.12013475305308,%,15730101.0,rgph2024_logement_urbain,47.0
m'diq fnideq,commune,,,nature_occupation,Logement non occupé,Logement secondaire/saisonnier,29.49226974673666,%,15730101.0,rgph2024_logement_urbain,47.0
m'diq fnideq,commune,,,nature_occupation,Logement non occupé,Total logement non occupé,40.61240449978974,%,15730101.0,rgph2024_logement_urbain,47.0
m'diq fnideq,commune,,,type_logement,Logement non précaire ou salubre,Villa ou niveau de villa,1.2,%,15730101.0,rgph2024_logement_urbain,47.0
m'diq fnideq,commune,,,type_logement,Logement non précaire ou salubre,Appartement,41.6,%,15730101.0,rgph2024_logement_urbain,47.0
m'diq fnideq,commune,,,type_logement,Logement non précaire ou salubre,Maison marocaine traditionnelle,1.3,%,15730101.0,rgph2024_logement_urbain,47.0
m'diq fnideq,commune,,,type_logement,Logement non précaire ou salubre,Maison marocaine moderne,55.3,%,15730101.0,rgph2024_logement_urbain,47.0
m'diq fnideq,commune,,,type_logement,Logement non précaire ou salubre,Total non précaire,99.4,%,15730101.0,rgph2024_logement_urbain,47.0
m'diq fnideq,commune,,,type_logement,Logement précaire,Maison sommaire ou bidonville,0.3,%,15730101.0,rgph2024_logement_urbain,47.0
m'diq fnideq,commune,,,type_logement,Logement précaire,Logement en type rural,0.1,%,15730101.0,rgph2024_logement_urbain,47.0
m'diq fnideq,commune,,,type_logement,Logement précaire,Autres type,0.3,%,15730101.0,rgph2024_logement_urbain,47.0
m'diq fnideq,commune,,,type_logement,Logement précaire,Total précaire,0.6,%,15730101.0,rgph2024_logement_urbain,47.0
m'diq fnideq,commune,,,age_logement,,Moins de 20 ans,70.2,%,15730101.0,rgph2024_logement_urbain,47.0
m'diq fnideq,commune,,,age_logement,,De 20 à moins de 50 ans,28.7,%,15730101.0,rgph2024_logement_urbain,47.0
m'diq fnideq,commune,,,age_logement,,50 ans et plus,1.0,%,15730101.0,rgph2024_logement_urbain,47.0
m'diq fnideq,commune,,,age_logement_par_type,Villa ou niveau de villa,Moins de 20 ans,73.6,%,15730101.0,rgph2024_logement_urbain,47.0
m'diq fnideq,commune,,,age_logement_par_type,Villa ou niveau de villa,De 20 à moins de 50 ans,26.4,%,15730101.0,rgph2024_logement_urbain,47.0
m'diq fnideq,commune,,,age_logement_par_type,Villa ou niveau de villa,50 ans et plus,0.0,%,15730101.0,rgph2024_logement_urbain,47.0
m'diq fnideq,commune,,,age_logement_par_type,Appartement,Moins de 20 ans,77.2,%,15730101.0,rgph2024_logement_urbain,47.0
m'diq fnideq,commune,,,age_logement_par_type,Appartement,De 20 à moins de 50 ans,22.6,%,15730101.0,rgph2024_logement_urbain,47.0
m'diq fnideq,commune,,,age_logement_par_type,Appartement,50 ans et plus,0.2,%,15730101.0,rgph2024_logement_urbain,47.0
m'diq fnideq,commune,,,age_logement_par_type,Maison marocaine traditionnelle,Moins de 20 ans,60.0,%,15730101.0,rgph2024_logement_urbain,47.0
m'diq fnideq,commune,,,age_logement_par_type,Maison marocaine traditionnelle,De 20 à moins de 50 ans,37.7,%,15730101.0,rgph2024_logement_urbain,47.0
m'diq fnideq,commune,,,age_logement_par_type,Maison marocaine traditionnelle,50 ans et plus,2.3,%,15730101.0,rgph2024_logement_urbain,47.0
m'diq fnideq,commune,,,age_logement_par_type,Maison marocaine moderne,Moins de 20 ans,65.2,%,15730101.0,rgph2024_logement_urbain,47.0
m'diq fnideq,commune,,,age_logement_par_type,Maison marocaine moderne,De 20 à moins de 50 ans,33.1,%,15730101.0,rgph2024_logement_urbain,47.0
m'diq fnideq,commune,,,age_logement_par_type,Maison marocaine moderne,50 ans et plus,1.7,%,15730101.0,rgph2024_logement_urbain,47.0
m'diq fnideq,commune,,,age_logement_par_type,Total non précaire,Moins de 20 ans,70.3,%,15730101.0,rgph2024_logement_urbain,47.0
m'diq fnideq,commune,,,age_logement_par_type,Total non précaire,De 20 à moins de 50 ans,28.7,%,15730101.0,rgph2024_logement_urbain,47.0
m'diq fnideq,commune,,,age_logement_par_type,Total non précaire,50 ans et plus,1.0,%,15730101.0,rgph2024_logement_urbain,47.0
m'diq fnideq,commune,,,age_logement_par_type,Maison sommaire ou bidonville,Moins de 20 ans,60.9,%,15730101.0,rgph2024_logement_urbain,47.0
m'diq fnideq,commune,,,age_logement_par_type,Maison sommaire ou bidonville,De 20 à moins de 50 ans,34.8,%,15730101.0,rgph2024_logement_urbain,47.0
m'diq fnideq,commune,,,age_logement_par_type,Maison sommaire ou bidonville,50 ans et plus,4.3,%,15730101.0,rgph2024_logement_urbain,47.0
m'diq fnideq,commune,,,age_logement_par_type,Logement en type rural,Moins de 20 ans,62.1,%,15730101.0,rgph2024_logement_urbain,47.0
m'diq fnideq,commune,,,age_logement_par_type,Logement en type rural,De 20 à moins de 50 ans,37.9,%,15730101.0,rgph2024_logement_urbain,47.0
m'diq fnideq,commune,,,age_logement_par_type,Logement en type rural,50 ans et plus,0.0,%,15730101.0,rgph2024_logement_urbain,47.0
m'diq fnideq,commune,,,age_logement_par_type,Autres type,Moins de 20 ans,75.3,%,15730101.0,rgph2024_logement_urbain,47.0
m'diq fnideq,commune,,,age_logement_par_type,Autres type,De 20 à moins de 50 ans,24.7,%,15730101.0,rgph2024_logement_urbain,47.0
m'diq fnideq,commune,,,age_logement_par_type,Autres type,50 ans et plus,0.0,%,15730101.0,rgph2024_logement_urbain,47.0
m'diq fnideq,commune,,,age_logement_par_type,Total précaire,Moins de 20 ans,67.2,%,15730101.0,rgph2024_logement_urbain,47.0
m'diq fnideq,commune,,,age_logement_par_type,Total précaire,De 20 à moins de 50 ans,30.8,%,15730101.0,rgph2024_logement_urbain,47.0
m'diq fnideq,commune,,,age_logement_par_type,Total précaire,50 ans et plus,2.0,%,15730101.0,rgph2024_logement_urbain,47.0
m'diq fnideq,commune,,,materiaux_murs,,"Béton armé, briques avec mortier",99.65969913557085,%,15730101.0,rgph2024_logement_urbain,47.0
m'diq fnideq,commune,,,materiaux_murs,,Pierre agglomérée avec mortier,0.2508491095270183,%,15730101.0,rgph2024_logement_urbain,47.0
m'diq fnideq,commune,,,materiaux_murs,,Autres,0.08945175490219,%,15730101.0,rgph2024_logement_urbain,47.0
m'diq fnideq,commune,,,materiaux_toits,,Dalle,99.26072472024453,%,15730101.0,rgph2024_logement_urbain,47.0
m'diq fnideq,commune,,,materiaux_toits,,"Planches, bois ou tuiles",0.608690912688999,%,15730101.0,rgph2024_logement_urbain,47.0
m'diq fnideq,commune,,,materiaux_toits,,Tôle en ciment ou en zinc,0.0829813863876134,%,15730101.0,rgph2024_logement_urbain,47.0
m'diq fnideq,commune,,,materiaux_toits,,Autres,0.0476029806789431,%,15730101.0,rgph2024_logement_urbain,47.0
m'diq fnideq,commune,,,services_base,,Réseau public d'électricité,96.55481917469804,%,15730101.0,rgph2024_logement_urbain,47.0
m'diq fnideq,commune,,,services_base,,Réseau public d'eau,95.41657886194052,%,15730101.0,rgph2024_logement_urbain,47.0
m'diq fnideq,commune,,,services_base,,Réseau public d'assainissement,94.19523984105028,%,15730101.0,rgph2024_logement_urbain,47.0
m'diq fnideq,commune,,,deficit_logement,,Taux de déficit quantitatif en logement (%),1.0,%,15730101.0,rgph2024_logement_urbain,47.0
m'diq fnideq,commune,,,total_logements,,Total des logements urbains,87201.0,logements,15730103.0,rgph2024_logement_urbain,48.0
m'diq fnideq,commune,,,nature_occupation,,Logement occupé,30.37694521851716,%,15730103.0,rgph2024_logement_urbain,48.0
m'diq fnideq,commune,,,nature_occupation,Logement non occupé,Logement vacants,13.42530475567932,%,15730103.0,rgph2024_logement_urbain,48.0
m'diq fnideq,commune,,,nature_occupation,Logement non occupé,Logement secondaire/saisonnier,56.19775002580209,%,15730103.0,rgph2024_logement_urbain,48.0
m'diq fnideq,commune,,,nature_occupation,Logement non occupé,Total logement non occupé,69.6230547814814,%,15730103.0,rgph2024_logement_urbain,48.0
m'diq fnideq,commune,,,type_logement,Logement non précaire ou salubre,Villa ou niveau de villa,1.5,%,15730103.0,rgph2024_logement_urbain,48.0
m'diq fnideq,commune,,,type_logement,Logement non précaire ou salubre,Appartement,67.7,%,15730103.0,rgph2024_logement_urbain,48.0
m'diq fnideq,commune,,,type_logement,Logement non précaire ou salubre,Maison marocaine traditionnelle,0.6,%,15730103.0,rgph2024_logement_urbain,48.0
m'diq fnideq,commune,,,type_logement,Logement non précaire ou salubre,Maison marocaine moderne,30.0,%,15730103.0,rgph2024_logement_urbain,48.0
m'diq fnideq,commune,,,type_logement,Logement non précaire ou salubre,Total non précaire,99.8,%,15730103.0,rgph2024_logement_urbain,48.0
m'diq fnideq,commune,,,type_logement,Logement précaire,Maison sommaire ou bidonville,0.0,%,15730103.0,rgph2024_logement_urbain,48.0
m'diq fnideq,commune,,,type_logement,Logement précaire,Logement en type rural,0.0,%,15730103.0,rgph2024_logement_urbain,48.0
m'diq fnideq,commune,,,type_logement,Logement précaire,Autres type,0.2,%,15730103.0,rgph2024_logement_urbain,48.0
m'diq fnideq,commune,,,type_logement,Logement précaire,Total précaire,0.2,%,15730103.0,rgph2024_logement_urbain,48.0
m'diq fnideq,commune,,,age_logement,,Moins de 20 ans,82.3,%,15730103.0,rgph2024_logement_urbain,48.0
m'diq fnideq,commune,,,age_logement,,De 20 à moins de 50 ans,16.3,%,15730103.0,rgph2024_logement_urbain,48.0
m'diq fnideq,commune,,,age_logement,,50 ans et plus,1.4,%,15730103.0,rgph2024_logement_urbain,48.0
m'diq fnideq,commune,,,age_logement_par_type,Villa ou niveau de villa,Moins de 20 ans,72.1,%,15730103.0,rgph2024_logement_urbain,48.0
m'diq fnideq,commune,,,age_logement_par_type,Villa ou niveau de villa,De 20 à moins de 50 ans,26.9,%,15730103.0,rgph2024_logement_urbain,48.0
m'diq fnideq,commune,,,age_logement_par_type,Villa ou niveau de villa,50 ans et plus,1.1,%,15730103.0,rgph2024_logement_urbain,48.0
m'diq fnideq,commune,,,age_logement_par_type,Appartement,Moins de 20 ans,85.6,%,15730103.0,rgph2024_logement_urbain,48.0
m'diq fnideq,commune,,,age_logement_par_type,Appartement,De 20 à moins de 50 ans,12.9,%,15730103.0,rgph2024_logement_urbain,48.0
m'diq fnideq,commune,,,age_logement_par_type,Appartement,50 ans et plus,1.5,%,15730103.0,rgph2024_logement_urbain,48.0
m'diq fnideq,commune,,,age_logement_par_type,Maison marocaine traditionnelle,Moins de 20 ans,66.0,%,15730103.0,rgph2024_logement_urbain,48.0
m'diq fnideq,commune,,,age_logement_par_type,Maison marocaine traditionnelle,De 20 à moins de 50 ans,29.5,%,15730103.0,rgph2024_logement_urbain,48.0
m'diq fnideq,commune,,,age_logement_par_type,Maison marocaine traditionnelle,50 ans et plus,4.6,%,15730103.0,rgph2024_logement_urbain,48.0
m'diq fnideq,commune,,,age_logement_par_type,Maison marocaine moderne,Moins de 20 ans,75.7,%,15730103.0,rgph2024_logement_urbain,48.0
m'diq fnideq,commune,,,age_logement_par_type,Maison marocaine moderne,De 20 à moins de 50 ans,23.0,%,15730103.0,rgph2024_logement_urbain,48.0
m'diq fnideq,commune,,,age_logement_par_type,Maison marocaine moderne,50 ans et plus,1.3,%,15730103.0,rgph2024_logement_urbain,48.0
m'diq fnideq,commune,,,age_logement_par_type,Total non précaire,Moins de 20 ans,82.3,%,15730103.0,rgph2024_logement_urbain,48.0
m'diq fnideq,commune,,,age_logement_par_type,Total non précaire,De 20 à moins de 50 ans,16.3,%,15730103.0,rgph2024_logement_urbain,48.0
m'diq fnideq,commune,,,age_logement_par_type,Total non précaire,50 ans et plus,1.4,%,15730103.0,rgph2024_logement_urbain,48.0
m'diq fnideq,commune,,,age_logement_par_type,Maison sommaire ou bidonville,Moins de 20 ans,70.0,%,15730103.0,rgph2024_logement_urbain,48.0
m'diq fnideq,commune,,,age_logement_par_type,Maison sommaire ou bidonville,De 20 à moins de 50 ans,30.0,%,15730103.0,rgph2024_logement_urbain,48.0
m'diq fnideq,commune,,,age_logement_par_type,Maison sommaire ou bidonville,50 ans et plus,0.0,%,15730103.0,rgph2024_logement_urbain,48.0
m'diq fnideq,commune,,,age_logement_par_type,Logement en type rural,Moins de 20 ans,43.1,%,15730103.0,rgph2024_logement_urbain,48.0
m'diq fnideq,commune,,,age_logement_par_type,Logement en type rural,De 20 à moins de 50 ans,35.3,%,15730103.0,rgph2024_logement_urbain,48.0
m'diq fnideq,commune,,,age_logement_par_type,Logement en type rural,50 ans et plus,21.6,%,15730103.0,rgph2024_logement_urbain,48.0
m'diq fnideq,commune,,,age_logement_par_type,Autres type,Moins de 20 ans,76.7,%,15730103.0,rgph2024_logement_urbain,48.0
m'diq fnideq,commune,,,age_logement_par_type,Autres type,De 20 à moins de 50 ans,23.3,%,15730103.0,rgph2024_logement_urbain,48.0
m'diq fnideq,commune,,,age_logement_par_type,Autres type,50 ans et plus,0.0,%,15730103.0,rgph2024_logement_urbain,48.0
m'diq fnideq,commune,,,age_logement_par_type,Total précaire,Moins de 20 ans,72.7,%,15730103.0,rgph2024_logement_urbain,48.0
m'diq fnideq,commune,,,age_logement_par_type,Total précaire,De 20 à moins de 50 ans,25.5,%,15730103.0,rgph2024_logement_urbain,48.0
m'diq fnideq,commune,,,age_logement_par_type,Total précaire,50 ans et plus,1.7,%,15730103.0,rgph2024_logement_urbain,48.0
m'diq fnideq,commune,,,materiaux_murs,,"Béton armé, briques avec mortier",99.89275650674338,%,15730103.0,rgph2024_logement_urbain,48.0
m'diq fnideq,commune,,,materiaux_murs,,Pierre agglomérée avec mortier,0.0646817270908189,%,15730103.0,rgph2024_logement_urbain,48.0
m'diq fnideq,commune,,,materiaux_murs,,Autres,0.0425617661658507,%,15730103.0,rgph2024_logement_urbain,48.0
m'diq fnideq,commune,,,materiaux_toits,,Dalle,99.43531613333845,%,15730103.0,rgph2024_logement_urbain,48.0
m'diq fnideq,commune,,,materiaux_toits,,"Planches, bois ou tuiles",0.5234818489917656,%,15730103.0,rgph2024_logement_urbain,48.0
m'diq fnideq,commune,,,materiaux_toits,,Tôle en ciment ou en zinc,0.018463091019597,%,15730103.0,rgph2024_logement_urbain,48.0
m'diq fnideq,commune,,,materiaux_toits,,Autres,0.0227389266505774,%,15730103.0,rgph2024_logement_urbain,48.0
m'diq fnideq,commune,,,services_base,,Réseau public d'électricité,97.6174250251769,%,15730103.0,rgph2024_logement_urbain,48.0
m'diq fnideq,commune,,,services_base,,Réseau public d'eau,95.6331726162699,%,15730103.0,rgph2024_logement_urbain,48.0
m'diq fnideq,commune,,,services_base,,Réseau public d'assainissement,97.76898078180996,%,15730103.0,rgph2024_logement_urbain,48.0
m'diq fnideq,commune,,,deficit_logement,,Taux de déficit quantitatif en logement (%),0.6,%,15730103.0,rgph2024_logement_urbain,48.0
tetouan,prefecture_province,,,total_logements,,Total des logements urbains,181353.0,logements,1571.0,rgph2024_logement_urbain,4.0
tetouan,prefecture_province,,,nature_occupation,,Logement occupé,64.33585328059426,%,1571.0,rgph2024_logement_urbain,4.0
tetouan,prefecture_province,,,nature_occupation,Logement non occupé,Logement vacants,12.284880867694277,%,1571.0,rgph2024_logement_urbain,4.0
tetouan,prefecture_province,,,nature_occupation,Logement non occupé,Logement secondaire/saisonnier,23.379265851670617,%,1571.0,rgph2024_logement_urbain,4.0
tetouan,prefecture_province,,,nature_occupation,Logement non occupé,Total logement non occupé,35.664146719364894,%,1571.0,rgph2024_logement_urbain,4.0
tetouan,prefecture_province,,,type_logement,Logement non précaire ou salubre,Villa ou niveau de villa,1.3,%,1571.0,rgph2024_logement_urbain,4.0
tetouan,prefecture_province,,,type_logement,Logement non précaire ou salubre,Appartement,35.7,%,1571.0,rgph2024_logement_urbain,4.0
tetouan,prefecture_province,,,type_logement,Logement non précaire ou salubre,Maison marocaine traditionnelle,3.2,%,1571.0,rgph2024_logement_urbain,4.0
tetouan,prefecture_province,,,type_logement,Logement non précaire ou salubre,Maison marocaine moderne,59.2,%,1571.0,rgph2024_logement_urbain,4.0
tetouan,prefecture_province,,,type_logement,Logement non précaire ou salubre,Total non précaire,99.3,%,1571.0,rgph2024_logement_urbain,4.0
tetouan,prefecture_province,,,type_logement,Logement précaire,Maison sommaire ou bidonville,0.3,%,1571.0,rgph2024_logement_urbain,4.0
tetouan,prefecture_province,,,type_logement,Logement précaire,Logement en type rural,0.1,%,1571.0,rgph2024_logement_urbain,4.0
tetouan,prefecture_province,,,type_logement,Logement précaire,Autres type,0.3,%,1571.0,rgph2024_logement_urbain,4.0
tetouan,prefecture_province,,,type_logement,Logement précaire,Total précaire,0.7,%,1571.0,rgph2024_logement_urbain,4.0
tetouan,prefecture_province,,,age_logement,,Moins de 20 ans,57.5,%,1571.0,rgph2024_logement_urbain,4.0
tetouan,prefecture_province,,,age_logement,,De 20 à moins de 50 ans,36.2,%,1571.0,rgph2024_logement_urbain,4.0
tetouan,prefecture_province,,,age_logement,,50 ans et plus,6.3,%,1571.0,rgph2024_logement_urbain,4.0
tetouan,prefecture_province,,,age_logement_par_type,Villa ou niveau de villa,Moins de 20 ans,63.8,%,1571.0,rgph2024_logement_urbain,4.0
tetouan,prefecture_province,,,age_logement_par_type,Villa ou niveau de villa,De 20 à moins de 50 ans,34.5,%,1571.0,rgph2024_logement_urbain,4.0
tetouan,prefecture_province,,,age_logement_par_type,Villa ou niveau de villa,50 ans et plus,1.7,%,1571.0,rgph2024_logement_urbain,4.0
tetouan,prefecture_province,,,age_logement_par_type,Appartement,Moins de 20 ans,72.4,%,1571.0,rgph2024_logement_urbain,4.0
tetouan,prefecture_province,,,age_logement_par_type,Appartement,De 20 à moins de 50 ans,23.9,%,1571.0,rgph2024_logement_urbain,4.0
tetouan,prefecture_province,,,age_logement_par_type,Appartement,50 ans et plus,3.7,%,1571.0,rgph2024_logement_urbain,4.0
tetouan,prefecture_province,,,age_logement_par_type,Maison marocaine traditionnelle,Moins de 20 ans,11.2,%,1571.0,rgph2024_logement_urbain,4.0
tetouan,prefecture_province,,,age_logement_par_type,Maison marocaine traditionnelle,De 20 à moins de 50 ans,12.8,%,1571.0,rgph2024_logement_urbain,4.0
tetouan,prefecture_province,,,age_logement_par_type,Maison marocaine traditionnelle,50 ans et plus,75.9,%,1571.0,rgph2024_logement_urbain,4.0
tetouan,prefecture_province,,,age_logement_par_type,Maison marocaine moderne,Moins de 20 ans,51.1,%,1571.0,rgph2024_logement_urbain,4.0
tetouan,prefecture_province,,,age_logement_par_type,Maison marocaine moderne,De 20 à moins de 50 ans,44.7,%,1571.0,rgph2024_logement_urbain,4.0
tetouan,prefecture_province,,,age_logement_par_type,Maison marocaine moderne,50 ans et plus,4.2,%,1571.0,rgph2024_logement_urbain,4.0
tetouan,prefecture_province,,,age_logement_par_type,Total non précaire,Moins de 20 ans,57.7,%,1571.0,rgph2024_logement_urbain,4.0
tetouan,prefecture_province,,,age_logement_par_type,Total non précaire,De 20 à moins de 50 ans,36.0,%,1571.0,rgph2024_logement_urbain,4.0
tetouan,prefecture_province,,,age_logement_par_type,Total non précaire,50 ans et plus,6.3,%,1571.0,rgph2024_logement_urbain,4.0
tetouan,prefecture_province,,,age_logement_par_type,Maison sommaire ou bidonville,Moins de 20 ans,20.4,%,1571.0,rgph2024_logement_urbain,4.0
tetouan,prefecture_province,,,age_logement_par_type,Maison sommaire ou bidonville,De 20 à moins de 50 ans,60.6,%,1571.0,rgph2024_logement_urbain,4.0
tetouan,prefecture_province,,,age_logement_par_type,Maison sommaire ou bidonville,50 ans et plus,18.9,%,1571.0,rgph2024_logement_urbain,4.0
tetouan,prefecture_province,,,age_logement_par_type,Logement en type rural,Moins de 20 ans,26.3,%,1571.0,rgph2024_logement_urbain,4.0
tetouan,prefecture_province,,,age_logement_par_type,Logement en type rural,De 20 à moins de 50 ans,63.8,%,1571.0,rgph2024_logement_urbain,4.0
tetouan,prefecture_province,,,age_logement_par_type,Logement en type rural,50 ans et plus,9.9,%,1571.0,rgph2024_logement_urbain,4.0
tetouan,prefecture_province,,,age_logement_par_type,Autres type,Moins de 20 ans,37.6,%,1571.0,rgph2024_logement_urbain,4.0
tetouan,prefecture_province,,,age_logement_par_type,Autres type,De 20 à moins de 50 ans,42.2,%,1571.0,rgph2024_logement_urbain,4.0
tetouan,prefecture_province,,,age_logement_par_type,Autres type,50 ans et plus,20.2,%,1571.0,rgph2024_logement_urbain,4.0
tetouan,prefecture_province,,,age_logement_par_type,Total précaire,Moins de 20 ans,28.7,%,1571.0,rgph2024_logement_urbain,4.0
tetouan,prefecture_province,,,age_logement_par_type,Total précaire,De 20 à moins de 50 ans,53.6,%,1571.0,rgph2024_logement_urbain,4.0
tetouan,prefecture_province,,,age_logement_par_type,Total précaire,50 ans et plus,17.7,%,1571.0,rgph2024_logement_urbain,4.0
tetouan,prefecture_province,,,materiaux_murs,,"Béton armé, briques avec mortier",99.03376059719685,%,1571.0,rgph2024_logement_urbain,4.0
tetouan,prefecture_province,,,materiaux_murs,,Pierre agglomérée avec mortier,0.8697364629828224,%,1571.0,rgph2024_logement_urbain,4.0
tetouan,prefecture_province,,,materiaux_murs,,Autres,0.0965029398177691,%,1571.0,rgph2024_logement_urbain,4.0
tetouan,prefecture_province,,,materiaux_toits,,Dalle,98.86110594247066,%,1571.0,rgph2024_logement_urbain,4.0
tetouan,prefecture_province,,,materiaux_toits,,"Planches, bois ou tuiles",0.9827355812779004,%,1571.0,rgph2024_logement_urbain,4.0
tetouan,prefecture_province,,,materiaux_toits,,Tôle en ciment ou en zinc,0.0537620697662589,%,1571.0,rgph2024_logement_urbain,4.0
tetouan,prefecture_province,,,materiaux_toits,,Autres,0.1023964064832127,%,1571.0,rgph2024_logement_urbain,4.0
tetouan,prefecture_province,,,services_base,,Réseau public d'électricité,95.93623670560652,%,1571.0,rgph2024_logement_urbain,4.0
tetouan,prefecture_province,,,services_base,,Réseau public d'eau,94.5464950762634,%,1571.0,rgph2024_logement_urbain,4.0
tetouan,prefecture_province,,,services_base,,Réseau public d'assainissement,95.52027371034058,%,1571.0,rgph2024_logement_urbain,4.0
tetouan,prefecture_province,,,deficit_logement,,Taux de déficit quantitatif en logement (%),1.0,%,1571.0,rgph2024_logement_urbain,4.0
tetouan,commune,,,total_logements,,Total des logements urbains,164846.0,logements,15710111.0,rgph2024_logement_urbain,51.0
tetouan,commune,,,nature_occupation,,Logement occupé,68.0016500248556,%,15710111.0,rgph2024_logement_urbain,51.0
tetouan,commune,,,nature_occupation,Logement non occupé,Logement vacants,12.03729541511046,%,15710111.0,rgph2024_logement_urbain,51.0
tetouan,commune,,,nature_occupation,Logement non occupé,Logement secondaire/saisonnier,19.96105456000653,%,15710111.0,rgph2024_logement_urbain,51.0
tetouan,commune,,,nature_occupation,Logement non occupé,Total logement non occupé,31.998349975116994,%,15710111.0,rgph2024_logement_urbain,51.0
tetouan,commune,,,type_logement,Logement non précaire ou salubre,Villa ou niveau de villa,1.4,%,15710111.0,rgph2024_logement_urbain,51.0
tetouan,commune,,,type_logement,Logement non précaire ou salubre,Appartement,34.5,%,15710111.0,rgph2024_logement_urbain,51.0
tetouan,commune,,,type_logement,Logement non précaire ou salubre,Maison marocaine traditionnelle,3.4,%,15710111.0,rgph2024_logement_urbain,51.0
tetouan,commune,,,type_logement,Logement non précaire ou salubre,Maison marocaine moderne,60.1,%,15710111.0,rgph2024_logement_urbain,51.0
tetouan,commune,,,type_logement,Logement non précaire ou salubre,Total non précaire,99.4,%,15710111.0,rgph2024_logement_urbain,51.0
tetouan,commune,,,type_logement,Logement précaire,Maison sommaire ou bidonville,0.3,%,15710111.0,rgph2024_logement_urbain,51.0
tetouan,commune,,,type_logement,Logement précaire,Logement en type rural,0.1,%,15710111.0,rgph2024_logement_urbain,51.0
tetouan,commune,,,type_logement,Logement précaire,Autres type,0.3,%,15710111.0,rgph2024_logement_urbain,51.0
tetouan,commune,,,type_logement,Logement précaire,Total précaire,0.6,%,15710111.0,rgph2024_logement_urbain,51.0
tetouan,commune,,,age_logement,,Moins de 20 ans,54.7,%,15710111.0,rgph2024_logement_urbain,51.0
tetouan,commune,,,age_logement,,De 20 à moins de 50 ans,38.5,%,15710111.0,rgph2024_logement_urbain,51.0
tetouan,commune,,,age_logement,,50 ans et plus,6.8,%,15710111.0,rgph2024_logement_urbain,51.0
tetouan,commune,,,age_logement_par_type,Villa ou niveau de villa,Moins de 20 ans,62.5,%,15710111.0,rgph2024_logement_urbain,51.0
tetouan,commune,,,age_logement_par_type,Villa ou niveau de villa,De 20 à moins de 50 ans,35.7,%,15710111.0,rgph2024_logement_urbain,51.0
tetouan,commune,,,age_logement_par_type,Villa ou niveau de villa,50 ans et plus,1.8,%,15710111.0,rgph2024_logement_urbain,51.0
tetouan,commune,,,age_logement_par_type,Appartement,Moins de 20 ans,68.9,%,15710111.0,rgph2024_logement_urbain,51.0
tetouan,commune,,,age_logement_par_type,Appartement,De 20 à moins de 50 ans,26.9,%,15710111.0,rgph2024_logement_urbain,51.0
tetouan,commune,,,age_logement_par_type,Appartement,50 ans et plus,4.2,%,15710111.0,rgph2024_logement_urbain,51.0
tetouan,commune,,,age_logement_par_type,Maison marocaine traditionnelle,Moins de 20 ans,10.2,%,15710111.0,rgph2024_logement_urbain,51.0
tetouan,commune,,,age_logement_par_type,Maison marocaine traditionnelle,De 20 à moins de 50 ans,11.8,%,15710111.0,rgph2024_logement_urbain,51.0
tetouan,commune,,,age_logement_par_type,Maison marocaine traditionnelle,50 ans et plus,78.0,%,15710111.0,rgph2024_logement_urbain,51.0
tetouan,commune,,,age_logement_par_type,Maison marocaine moderne,Moins de 20 ans,49.1,%,15710111.0,rgph2024_logement_urbain,51.0
tetouan,commune,,,age_logement_par_type,Maison marocaine moderne,De 20 à moins de 50 ans,46.5,%,15710111.0,rgph2024_logement_urbain,51.0
tetouan,commune,,,age_logement_par_type,Maison marocaine moderne,50 ans et plus,4.3,%,15710111.0,rgph2024_logement_urbain,51.0
tetouan,commune,,,age_logement_par_type,Total non précaire,Moins de 20 ans,54.9,%,15710111.0,rgph2024_logement_urbain,51.0
tetouan,commune,,,age_logement_par_type,Total non précaire,De 20 à moins de 50 ans,38.4,%,15710111.0,rgph2024_logement_urbain,51.0
tetouan,commune,,,age_logement_par_type,Total non précaire,50 ans et plus,6.8,%,15710111.0,rgph2024_logement_urbain,51.0
tetouan,commune,,,age_logement_par_type,Maison sommaire ou bidonville,Moins de 20 ans,20.8,%,15710111.0,rgph2024_logement_urbain,51.0
tetouan,commune,,,age_logement_par_type,Maison sommaire ou bidonville,De 20 à moins de 50 ans,62.4,%,15710111.0,rgph2024_logement_urbain,51.0
tetouan,commune,,,age_logement_par_type,Maison sommaire ou bidonville,50 ans et plus,16.8,%,15710111.0,rgph2024_logement_urbain,51.0
tetouan,commune,,,age_logement_par_type,Logement en type rural,Moins de 20 ans,34.3,%,15710111.0,rgph2024_logement_urbain,51.0
tetouan,commune,,,age_logement_par_type,Logement en type rural,De 20 à moins de 50 ans,56.6,%,15710111.0,rgph2024_logement_urbain,51.0
tetouan,commune,,,age_logement_par_type,Logement en type rural,50 ans et plus,9.2,%,15710111.0,rgph2024_logement_urbain,51.0
tetouan,commune,,,age_logement_par_type,Autres type,Moins de 20 ans,36.7,%,15710111.0,rgph2024_logement_urbain,51.0
tetouan,commune,,,age_logement_par_type,Autres type,De 20 à moins de 50 ans,42.0,%,15710111.0,rgph2024_logement_urbain,51.0
tetouan,commune,,,age_logement_par_type,Autres type,50 ans et plus,21.3,%,15710111.0,rgph2024_logement_urbain,51.0
tetouan,commune,,,age_logement_par_type,Total précaire,Moins de 20 ans,29.3,%,15710111.0,rgph2024_logement_urbain,51.0
tetouan,commune,,,age_logement_par_type,Total précaire,De 20 à moins de 50 ans,52.5,%,15710111.0,rgph2024_logement_urbain,51.0
tetouan,commune,,,age_logement_par_type,Total précaire,50 ans et plus,18.2,%,15710111.0,rgph2024_logement_urbain,51.0
tetouan,commune,,,materiaux_murs,,"Béton armé, briques avec mortier",99.09567526500769,%,15710111.0,rgph2024_logement_urbain,51.0
tetouan,commune,,,materiaux_murs,,Pierre agglomérée avec mortier,0.8638168170966967,%,15710111.0,rgph2024_logement_urbain,51.0
tetouan,commune,,,materiaux_murs,,Autres,0.0405079178931429,%,15710111.0,rgph2024_logement_urbain,51.0
tetouan,commune,,,materiaux_toits,,Dalle,98.91538666031204,%,15710111.0,rgph2024_logement_urbain,51.0
tetouan,commune,,,materiaux_toits,,"Planches, bois ou tuiles",0.9931423202335732,%,15710111.0,rgph2024_logement_urbain,51.0
tetouan,commune,,,materiaux_toits,,Tôle en ciment ou en zinc,0.0460495802683138,%,15710111.0,rgph2024_logement_urbain,51.0
tetouan,commune,,,materiaux_toits,,Autres,0.0454214391843276,%,15710111.0,rgph2024_logement_urbain,51.0
tetouan,commune,,,services_base,,Réseau public d'électricité,96.20696017755286,%,15710111.0,rgph2024_logement_urbain,51.0
tetouan,commune,,,services_base,,Réseau public d'eau,95.1184844480464,%,15710111.0,rgph2024_logement_urbain,51.0
tetouan,commune,,,services_base,,Réseau public d'assainissement,96.97810834234365,%,15710111.0,rgph2024_logement_urbain,51.0
tetouan,commune,,,deficit_logement,,Taux de déficit quantitatif en logement (%),0.9,%,15710111.0,rgph2024_logement_urbain,51.0
tetouan,commune,,,total_logements,,Total des logements urbains,14278.0,logements,15710107.0,rgph2024_logement_urbain,52.0
tetouan,commune,,,nature_occupation,,Logement occupé,21.690712985012063,%,15710107.0,rgph2024_logement_urbain,52.0
tetouan,commune,,,nature_occupation,Logement non occupé,Logement vacants,14.364756968763167,%,15710107.0,rgph2024_logement_urbain,52.0
tetouan,commune,,,nature_occupation,Logement non occupé,Logement secondaire/saisonnier,63.944530046225125,%,15710107.0,rgph2024_logement_urbain,52.0
tetouan,commune,,,nature_occupation,Logement non occupé,Total logement non occupé,78.30928701498829,%,15710107.0,rgph2024_logement_urbain,52.0
tetouan,commune,,,type_logement,Logement non précaire ou salubre,Villa ou niveau de villa,0.9,%,15710107.0,rgph2024_logement_urbain,52.0
tetouan,commune,,,type_logement,Logement non précaire ou salubre,Appartement,54.5,%,15710107.0,rgph2024_logement_urbain,52.0
tetouan,commune,,,type_logement,Logement non précaire ou salubre,Maison marocaine traditionnelle,1.0,%,15710107.0,rgph2024_logement_urbain,52.0
tetouan,commune,,,type_logement,Logement non précaire ou salubre,Maison marocaine moderne,42.6,%,15710107.0,rgph2024_logement_urbain,52.0
tetouan,commune,,,type_logement,Logement non précaire ou salubre,Total non précaire,99.0,%,15710107.0,rgph2024_logement_urbain,52.0
tetouan,commune,,,type_logement,Logement précaire,Maison sommaire ou bidonville,0.1,%,15710107.0,rgph2024_logement_urbain,52.0
tetouan,commune,,,type_logement,Logement précaire,Logement en type rural,0.8,%,15710107.0,rgph2024_logement_urbain,52.0
tetouan,commune,,,type_logement,Logement précaire,Autres type,0.1,%,15710107.0,rgph2024_logement_urbain,52.0
tetouan,commune,,,type_logement,Logement précaire,Total précaire,1.0,%,15710107.0,rgph2024_logement_urbain,52.0
tetouan,commune,,,age_logement,,Moins de 20 ans,88.2,%,15710107.0,rgph2024_logement_urbain,52.0
tetouan,commune,,,age_logement,,De 20 à moins de 50 ans,10.8,%,15710107.0,rgph2024_logement_urbain,52.0
tetouan,commune,,,age_logement,,50 ans et plus,1.0,%,15710107.0,rgph2024_logement_urbain,52.0
tetouan,commune,,,age_logement_par_type,Villa ou niveau de villa,Moins de 20 ans,84.7,%,15710107.0,rgph2024_logement_urbain,52.0
tetouan,commune,,,age_logement_par_type,Villa ou niveau de villa,De 20 à moins de 50 ans,15.3,%,15710107.0,rgph2024_logement_urbain,52.0
tetouan,commune,,,age_logement_par_type,Villa ou niveau de villa,50 ans et plus,0.0,%,15710107.0,rgph2024_logement_urbain,52.0
tetouan,commune,,,age_logement_par_type,Appartement,Moins de 20 ans,98.0,%,15710107.0,rgph2024_logement_urbain,52.0
tetouan,commune,,,age_logement_par_type,Appartement,De 20 à moins de 50 ans,2.0,%,15710107.0,rgph2024_logement_urbain,52.0
tetouan,commune,,,age_logement_par_type,Appartement,50 ans et plus,0.0,%,15710107.0,rgph2024_logement_urbain,52.0
tetouan,commune,,,age_logement_par_type,Maison marocaine traditionnelle,Moins de 20 ans,50.1,%,15710107.0,rgph2024_logement_urbain,52.0
tetouan,commune,,,age_logement_par_type,Maison marocaine traditionnelle,De 20 à moins de 50 ans,48.5,%,15710107.0,rgph2024_logement_urbain,52.0
tetouan,commune,,,age_logement_par_type,Maison marocaine traditionnelle,50 ans et plus,1.4,%,15710107.0,rgph2024_logement_urbain,52.0
tetouan,commune,,,age_logement_par_type,Maison marocaine moderne,Moins de 20 ans,78.0,%,15710107.0,rgph2024_logement_urbain,52.0
tetouan,commune,,,age_logement_par_type,Maison marocaine moderne,De 20 à moins de 50 ans,20.0,%,15710107.0,rgph2024_logement_urbain,52.0
tetouan,commune,,,age_logement_par_type,Maison marocaine moderne,50 ans et plus,2.0,%,15710107.0,rgph2024_logement_urbain,52.0
tetouan,commune,,,age_logement_par_type,Total non précaire,Moins de 20 ans,88.8,%,15710107.0,rgph2024_logement_urbain,52.0
tetouan,commune,,,age_logement_par_type,Total non précaire,De 20 à moins de 50 ans,10.3,%,15710107.0,rgph2024_logement_urbain,52.0
tetouan,commune,,,age_logement_par_type,Total non précaire,50 ans et plus,0.9,%,15710107.0,rgph2024_logement_urbain,52.0
tetouan,commune,,,age_logement_par_type,Maison sommaire ou bidonville,Moins de 20 ans,0.0,%,15710107.0,rgph2024_logement_urbain,52.0
tetouan,commune,,,age_logement_par_type,Maison sommaire ou bidonville,De 20 à moins de 50 ans,0.0,%,15710107.0,rgph2024_logement_urbain,52.0
tetouan,commune,,,age_logement_par_type,Maison sommaire ou bidonville,50 ans et plus,100.0,%,15710107.0,rgph2024_logement_urbain,52.0
tetouan,commune,,,age_logement_par_type,Logement en type rural,Moins de 20 ans,21.5,%,15710107.0,rgph2024_logement_urbain,52.0
tetouan,commune,,,age_logement_par_type,Logement en type rural,De 20 à moins de 50 ans,68.8,%,15710107.0,rgph2024_logement_urbain,52.0
tetouan,commune,,,age_logement_par_type,Logement en type rural,50 ans et plus,9.7,%,15710107.0,rgph2024_logement_urbain,52.0
tetouan,commune,,,age_logement_par_type,Autres type,Moins de 20 ans,63.9,%,15710107.0,rgph2024_logement_urbain,52.0
tetouan,commune,,,age_logement_par_type,Autres type,De 20 à moins de 50 ans,36.1,%,15710107.0,rgph2024_logement_urbain,52.0
tetouan,commune,,,age_logement_par_type,Autres type,50 ans et plus,0.0,%,15710107.0,rgph2024_logement_urbain,52.0
tetouan,commune,,,age_logement_par_type,Total précaire,Moins de 20 ans,25.5,%,15710107.0,rgph2024_logement_urbain,52.0
tetouan,commune,,,age_logement_par_type,Total précaire,De 20 à moins de 50 ans,60.4,%,15710107.0,rgph2024_logement_urbain,52.0
tetouan,commune,,,age_logement_par_type,Total précaire,50 ans et plus,14.1,%,15710107.0,rgph2024_logement_urbain,52.0
tetouan,commune,,,materiaux_murs,,"Béton armé, briques avec mortier",98.4832540165297,%,15710107.0,rgph2024_logement_urbain,52.0
tetouan,commune,,,materiaux_murs,,Pierre agglomérée avec mortier,0.9197765611587644,%,15710107.0,rgph2024_logement_urbain,52.0
tetouan,commune,,,materiaux_murs,,Autres,0.5969694223115756,%,15710107.0,rgph2024_logement_urbain,52.0
tetouan,commune,,,materiaux_toits,,Dalle,98.39279426944388,%,15710107.0,rgph2024_logement_urbain,52.0
tetouan,commune,,,materiaux_toits,,"Planches, bois ou tuiles",0.8829322699462615,%,15710107.0,rgph2024_logement_urbain,52.0
tetouan,commune,,,materiaux_toits,,Tôle en ciment ou en zinc,0.0881652562972237,%,15710107.0,rgph2024_logement_urbain,52.0
tetouan,commune,,,materiaux_toits,,Autres,0.6361082043126794,%,15710107.0,rgph2024_logement_urbain,52.0
tetouan,commune,,,services_base,,Réseau public d'électricité,92.76451728835112,%,15710107.0,rgph2024_logement_urbain,52.0
tetouan,commune,,,services_base,,Réseau public d'eau,88.01574690034614,%,15710107.0,rgph2024_logement_urbain,52.0
tetouan,commune,,,services_base,,Réseau public d'assainissement,84.49607440745712,%,15710107.0,rgph2024_logement_urbain,52.0
tetouan,commune,,,deficit_logement,,Taux de déficit quantitatif en logement (%),2.9,%,15710107.0,rgph2024_logement_urbain,52.0
tetouan,cercle,,,total_logements,,Total des logements urbains,503.0,logements,157103.0,rgph2024_logement_urbain,12.0
tetouan,cercle,,,nature_occupation,,Logement occupé,75.94433399602386,%,157103.0,rgph2024_logement_urbain,12.0
tetouan,cercle,,,nature_occupation,Logement non occupé,Logement vacants,15.904572564612328,%,157103.0,rgph2024_logement_urbain,12.0
tetouan,cercle,,,nature_occupation,Logement non occupé,Logement secondaire/saisonnier,8.151093439363818,%,157103.0,rgph2024_logement_urbain,12.0
tetouan,cercle,,,nature_occupation,Logement non occupé,Total logement non occupé,24.055666003976143,%,157103.0,rgph2024_logement_urbain,12.0
tetouan,cercle,,,type_logement,Logement non précaire ou salubre,Villa ou niveau de villa,0.6,%,157103.0,rgph2024_logement_urbain,12.0
tetouan,cercle,,,type_logement,Logement non précaire ou salubre,Appartement,0.0,%,157103.0,rgph2024_logement_urbain,12.0
tetouan,cercle,,,type_logement,Logement non précaire ou salubre,Maison marocaine traditionnelle,0.0,%,157103.0,rgph2024_logement_urbain,12.0
tetouan,cercle,,,type_logement,Logement non précaire ou salubre,Maison marocaine moderne,92.0,%,157103.0,rgph2024_logement_urbain,12.0
tetouan,cercle,,,type_logement,Logement non précaire ou salubre,Total non précaire,92.6,%,157103.0,rgph2024_logement_urbain,12.0
tetouan,cercle,,,type_logement,Logement précaire,Maison sommaire ou bidonville,0.0,%,157103.0,rgph2024_logement_urbain,12.0
tetouan,cercle,,,type_logement,Logement précaire,Logement en type rural,4.6,%,157103.0,rgph2024_logement_urbain,12.0
tetouan,cercle,,,type_logement,Logement précaire,Autres type,2.8,%,157103.0,rgph2024_logement_urbain,12.0
tetouan,cercle,,,type_logement,Logement précaire,Total précaire,7.4,%,157103.0,rgph2024_logement_urbain,12.0
tetouan,cercle,,,age_logement,,Moins de 20 ans,72.6,%,157103.0,rgph2024_logement_urbain,12.0
tetouan,cercle,,,age_logement,,De 20 à moins de 50 ans,26.2,%,157103.0,rgph2024_logement_urbain,12.0
tetouan,cercle,,,age_logement,,50 ans et plus,1.2,%,157103.0,rgph2024_logement_urbain,12.0
tetouan,cercle,,,age_logement_par_type,Villa ou niveau de villa,Moins de 20 ans,100.0,%,157103.0,rgph2024_logement_urbain,12.0
tetouan,cercle,,,age_logement_par_type,Villa ou niveau de villa,De 20 à moins de 50 ans,0.0,%,157103.0,rgph2024_logement_urbain,12.0
tetouan,cercle,,,age_logement_par_type,Villa ou niveau de villa,50 ans et plus,0.0,%,157103.0,rgph2024_logement_urbain,12.0
tetouan,cercle,,,age_logement_par_type,Appartement,Moins de 20 ans,0.0,%,157103.0,rgph2024_logement_urbain,12.0
tetouan,cercle,,,age_logement_par_type,Appartement,De 20 à moins de 50 ans,0.0,%,157103.0,rgph2024_logement_urbain,12.0
tetouan,cercle,,,age_logement_par_type,Appartement,50 ans et plus,0.0,%,157103.0,rgph2024_logement_urbain,12.0
tetouan,cercle,,,age_logement_par_type,Maison marocaine traditionnelle,Moins de 20 ans,0.0,%,157103.0,rgph2024_logement_urbain,12.0
tetouan,cercle,,,age_logement_par_type,Maison marocaine traditionnelle,De 20 à moins de 50 ans,0.0,%,157103.0,rgph2024_logement_urbain,12.0
tetouan,cercle,,,age_logement_par_type,Maison marocaine traditionnelle,50 ans et plus,0.0,%,157103.0,rgph2024_logement_urbain,12.0
tetouan,cercle,,,age_logement_par_type,Maison marocaine moderne,Moins de 20 ans,76.2,%,157103.0,rgph2024_logement_urbain,12.0
tetouan,cercle,,,age_logement_par_type,Maison marocaine moderne,De 20 à moins de 50 ans,23.1,%,157103.0,rgph2024_logement_urbain,12.0
tetouan,cercle,,,age_logement_par_type,Maison marocaine moderne,50 ans et plus,0.6,%,157103.0,rgph2024_logement_urbain,12.0
tetouan,cercle,,,age_logement_par_type,Total non précaire,Moins de 20 ans,76.4,%,157103.0,rgph2024_logement_urbain,12.0
tetouan,cercle,,,age_logement_par_type,Total non précaire,De 20 à moins de 50 ans,23.0,%,157103.0,rgph2024_logement_urbain,12.0
tetouan,cercle,,,age_logement_par_type,Total non précaire,50 ans et plus,0.6,%,157103.0,rgph2024_logement_urbain,12.0
tetouan,cercle,,,age_logement_par_type,Maison sommaire ou bidonville,Moins de 20 ans,0.0,%,157103.0,rgph2024_logement_urbain,12.0
tetouan,cercle,,,age_logement_par_type,Maison sommaire ou bidonville,De 20 à moins de 50 ans,0.0,%,157103.0,rgph2024_logement_urbain,12.0
tetouan,cercle,,,age_logement_par_type,Maison sommaire ou bidonville,50 ans et plus,0.0,%,157103.0,rgph2024_logement_urbain,12.0
tetouan,cercle,,,age_logement_par_type,Logement en type rural,Moins de 20 ans,21.7,%,157103.0,rgph2024_logement_urbain,12.0
tetouan,cercle,,,age_logement_par_type,Logement en type rural,De 20 à moins de 50 ans,73.9,%,157103.0,rgph2024_logement_urbain,12.0
tetouan,cercle,,,age_logement_par_type,Logement en type rural,50 ans et plus,4.3,%,157103.0,rgph2024_logement_urbain,12.0
tetouan,cercle,,,age_logement_par_type,Autres type,Moins de 20 ans,28.6,%,157103.0,rgph2024_logement_urbain,12.0
tetouan,cercle,,,age_logement_par_type,Autres type,De 20 à moins de 50 ans,57.1,%,157103.0,rgph2024_logement_urbain,12.0
tetouan,cercle,,,age_logement_par_type,Autres type,50 ans et plus,14.3,%,157103.0,rgph2024_logement_urbain,12.0
tetouan,cercle,,,age_logement_par_type,Total précaire,Moins de 20 ans,24.3,%,157103.0,rgph2024_logement_urbain,12.0
tetouan,cercle,,,age_logement_par_type,Total précaire,De 20 à moins de 50 ans,67.6,%,157103.0,rgph2024_logement_urbain,12.0
tetouan,cercle,,,age_logement_par_type,Total précaire,50 ans et plus,8.1,%,157103.0,rgph2024_logement_urbain,12.0
tetouan,cercle,,,materiaux_murs,,"Béton armé, briques avec mortier",93.83697813121272,%,157103.0,rgph2024_logement_urbain,12.0
tetouan,cercle,,,materiaux_murs,,Pierre agglomérée avec mortier,1.9880715705765408,%,157103.0,rgph2024_logement_urbain,12.0
tetouan,cercle,,,materiaux_murs,,Autres,4.174950298210735,%,157103.0,rgph2024_logement_urbain,12.0
tetouan,cercle,,,materiaux_toits,,Dalle,93.43936381709742,%,157103.0,rgph2024_logement_urbain,12.0
tetouan,cercle,,,materiaux_toits,,"Planches, bois ou tuiles",1.5904572564612325,%,157103.0,rgph2024_logement_urbain,12.0
tetouan,cercle,,,materiaux_toits,,Tôle en ciment ou en zinc,1.5904572564612325,%,157103.0,rgph2024_logement_urbain,12.0
tetouan,cercle,,,materiaux_toits,,Autres,3.37972166998012,%,157103.0,rgph2024_logement_urbain,12.0
tetouan,cercle,,,services_base,,Réseau public d'électricité,93.24055666003976,%,157103.0,rgph2024_logement_urbain,12.0
tetouan,cercle,,,services_base,,Réseau public d'eau,93.63817097415506,%,157103.0,rgph2024_logement_urbain,12.0
tetouan,cercle,,,services_base,,Réseau public d'assainissement,69.78131212723659,%,157103.0,rgph2024_logement_urbain,12.0
tetouan,cercle,,,deficit_logement,,Taux de déficit quantitatif en logement (%),10.8,%,157103.0,rgph2024_logement_urbain,12.0
tetouan,commune,,,total_logements,,Total des logements urbains,503.0,logements,15710309.0,rgph2024_logement_urbain,55.0
tetouan,commune,,,nature_occupation,,Logement occupé,75.94433399602386,%,15710309.0,rgph2024_logement_urbain,55.0
tetouan,commune,,,nature_occupation,Logement non occupé,Logement vacants,15.904572564612328,%,15710309.0,rgph2024_logement_urbain,55.0
tetouan,commune,,,nature_occupation,Logement non occupé,Logement secondaire/saisonnier,8.151093439363818,%,15710309.0,rgph2024_logement_urbain,55.0
tetouan,commune,,,nature_occupation,Logement non occupé,Total logement non occupé,24.055666003976143,%,15710309.0,rgph2024_logement_urbain,55.0
tetouan,commune,,,type_logement,Logement non précaire ou salubre,Villa ou niveau de villa,0.6,%,15710309.0,rgph2024_logement_urbain,55.0
tetouan,commune,,,type_logement,Logement non précaire ou salubre,Appartement,0.0,%,15710309.0,rgph2024_logement_urbain,55.0
tetouan,commune,,,type_logement,Logement non précaire ou salubre,Maison marocaine traditionnelle,0.0,%,15710309.0,rgph2024_logement_urbain,55.0
tetouan,commune,,,type_logement,Logement non précaire ou salubre,Maison marocaine moderne,92.0,%,15710309.0,rgph2024_logement_urbain,55.0
tetouan,commune,,,type_logement,Logement non précaire ou salubre,Total non précaire,92.6,%,15710309.0,rgph2024_logement_urbain,55.0
tetouan,commune,,,type_logement,Logement précaire,Maison sommaire ou bidonville,0.0,%,15710309.0,rgph2024_logement_urbain,55.0
tetouan,commune,,,type_logement,Logement précaire,Logement en type rural,4.6,%,15710309.0,rgph2024_logement_urbain,55.0
tetouan,commune,,,type_logement,Logement précaire,Autres type,2.8,%,15710309.0,rgph2024_logement_urbain,55.0
tetouan,commune,,,type_logement,Logement précaire,Total précaire,7.4,%,15710309.0,rgph2024_logement_urbain,55.0
tetouan,commune,,,age_logement,,Moins de 20 ans,72.6,%,15710309.0,rgph2024_logement_urbain,55.0
tetouan,commune,,,age_logement,,De 20 à moins de 50 ans,26.2,%,15710309.0,rgph2024_logement_urbain,55.0
tetouan,commune,,,age_logement,,50 ans et plus,1.2,%,15710309.0,rgph2024_logement_urbain,55.0
tetouan,commune,,,age_logement_par_type,Villa ou niveau de villa,Moins de 20 ans,100.0,%,15710309.0,rgph2024_logement_urbain,55.0
tetouan,commune,,,age_logement_par_type,Villa ou niveau de villa,De 20 à moins de 50 ans,0.0,%,15710309.0,rgph2024_logement_urbain,55.0
tetouan,commune,,,age_logement_par_type,Villa ou niveau de villa,50 ans et plus,0.0,%,15710309.0,rgph2024_logement_urbain,55.0
tetouan,commune,,,age_logement_par_type,Appartement,Moins de 20 ans,0.0,%,15710309.0,rgph2024_logement_urbain,55.0
tetouan,commune,,,age_logement_par_type,Appartement,De 20 à moins de 50 ans,0.0,%,15710309.0,rgph2024_logement_urbain,55.0
tetouan,commune,,,age_logement_par_type,Appartement,50 ans et plus,0.0,%,15710309.0,rgph2024_logement_urbain,55.0
tetouan,commune,,,age_logement_par_type,Maison marocaine traditionnelle,Moins de 20 ans,0.0,%,15710309.0,rgph2024_logement_urbain,55.0
tetouan,commune,,,age_logement_par_type,Maison marocaine traditionnelle,De 20 à moins de 50 ans,0.0,%,15710309.0,rgph2024_logement_urbain,55.0
tetouan,commune,,,age_logement_par_type,Maison marocaine traditionnelle,50 ans et plus,0.0,%,15710309.0,rgph2024_logement_urbain,55.0
tetouan,commune,,,age_logement_par_type,Maison marocaine moderne,Moins de 20 ans,76.2,%,15710309.0,rgph2024_logement_urbain,55.0
tetouan,commune,,,age_logement_par_type,Maison marocaine moderne,De 20 à moins de 50 ans,23.1,%,15710309.0,rgph2024_logement_urbain,55.0
tetouan,commune,,,age_logement_par_type,Maison marocaine moderne,50 ans et plus,0.6,%,15710309.0,rgph2024_logement_urbain,55.0
tetouan,commune,,,age_logement_par_type,Total non précaire,Moins de 20 ans,76.4,%,15710309.0,rgph2024_logement_urbain,55.0
tetouan,commune,,,age_logement_par_type,Total non précaire,De 20 à moins de 50 ans,23.0,%,15710309.0,rgph2024_logement_urbain,55.0
tetouan,commune,,,age_logement_par_type,Total non précaire,50 ans et plus,0.6,%,15710309.0,rgph2024_logement_urbain,55.0
tetouan,commune,,,age_logement_par_type,Maison sommaire ou bidonville,Moins de 20 ans,0.0,%,15710309.0,rgph2024_logement_urbain,55.0
tetouan,commune,,,age_logement_par_type,Maison sommaire ou bidonville,De 20 à moins de 50 ans,0.0,%,15710309.0,rgph2024_logement_urbain,55.0
tetouan,commune,,,age_logement_par_type,Maison sommaire ou bidonville,50 ans et plus,0.0,%,15710309.0,rgph2024_logement_urbain,55.0
tetouan,commune,,,age_logement_par_type,Logement en type rural,Moins de 20 ans,21.7,%,15710309.0,rgph2024_logement_urbain,55.0
tetouan,commune,,,age_logement_par_type,Logement en type rural,De 20 à moins de 50 ans,73.9,%,15710309.0,rgph2024_logement_urbain,55.0
tetouan,commune,,,age_logement_par_type,Logement en type rural,50 ans et plus,4.3,%,15710309.0,rgph2024_logement_urbain,55.0
tetouan,commune,,,age_logement_par_type,Autres type,Moins de 20 ans,28.6,%,15710309.0,rgph2024_logement_urbain,55.0
tetouan,commune,,,age_logement_par_type,Autres type,De 20 à moins de 50 ans,57.1,%,15710309.0,rgph2024_logement_urbain,55.0
tetouan,commune,,,age_logement_par_type,Autres type,50 ans et plus,14.3,%,15710309.0,rgph2024_logement_urbain,55.0
tetouan,commune,,,age_logement_par_type,Total précaire,Moins de 20 ans,24.3,%,15710309.0,rgph2024_logement_urbain,55.0
tetouan,commune,,,age_logement_par_type,Total précaire,De 20 à moins de 50 ans,67.6,%,15710309.0,rgph2024_logement_urbain,55.0
tetouan,commune,,,age_logement_par_type,Total précaire,50 ans et plus,8.1,%,15710309.0,rgph2024_logement_urbain,55.0
tetouan,commune,,,materiaux_murs,,"Béton armé, briques avec mortier",93.83697813121272,%,15710309.0,rgph2024_logement_urbain,55.0
tetouan,commune,,,materiaux_murs,,Pierre agglomérée avec mortier,1.9880715705765408,%,15710309.0,rgph2024_logement_urbain,55.0
tetouan,commune,,,materiaux_murs,,Autres,4.174950298210735,%,15710309.0,rgph2024_logement_urbain,55.0
tetouan,commune,,,materiaux_toits,,Dalle,93.43936381709742,%,15710309.0,rgph2024_logement_urbain,55.0
tetouan,commune,,,materiaux_toits,,"Planches, bois ou tuiles",1.5904572564612325,%,15710309.0,rgph2024_logement_urbain,55.0
tetouan,commune,,,materiaux_toits,,Tôle en ciment ou en zinc,1.5904572564612325,%,15710309.0,rgph2024_logement_urbain,55.0
tetouan,commune,,,materiaux_toits,,Autres,3.37972166998012,%,15710309.0,rgph2024_logement_urbain,55.0
tetouan,commune,,,services_base,,Réseau public d'électricité,93.24055666003976,%,15710309.0,rgph2024_logement_urbain,55.0
tetouan,commune,,,services_base,,Réseau public d'eau,93.63817097415506,%,15710309.0,rgph2024_logement_urbain,55.0
tetouan,commune,,,services_base,,Réseau public d'assainissement,69.78131212723659,%,15710309.0,rgph2024_logement_urbain,55.0
tetouan,commune,,,deficit_logement,,Taux de déficit quantitatif en logement (%),10.8,%,15710309.0,rgph2024_logement_urbain,55.0
tetouan,centre_urbain,,,total_logements,,Total des logements urbains,503.0,logements,157103093.0,rgph2024_logement_urbain,186.0
tetouan,centre_urbain,,,nature_occupation,,Logement occupé,75.94433399602386,%,157103093.0,rgph2024_logement_urbain,186.0
tetouan,centre_urbain,,,nature_occupation,Logement non occupé,Logement vacants,15.904572564612328,%,157103093.0,rgph2024_logement_urbain,186.0
tetouan,centre_urbain,,,nature_occupation,Logement non occupé,Logement secondaire/saisonnier,8.151093439363818,%,157103093.0,rgph2024_logement_urbain,186.0
tetouan,centre_urbain,,,nature_occupation,Logement non occupé,Total logement non occupé,24.055666003976143,%,157103093.0,rgph2024_logement_urbain,186.0
tetouan,centre_urbain,,,type_logement,Logement non précaire ou salubre,Villa ou niveau de villa,0.6,%,157103093.0,rgph2024_logement_urbain,186.0
tetouan,centre_urbain,,,type_logement,Logement non précaire ou salubre,Appartement,0.0,%,157103093.0,rgph2024_logement_urbain,186.0
tetouan,centre_urbain,,,type_logement,Logement non précaire ou salubre,Maison marocaine traditionnelle,0.0,%,157103093.0,rgph2024_logement_urbain,186.0
tetouan,centre_urbain,,,type_logement,Logement non précaire ou salubre,Maison marocaine moderne,92.0,%,157103093.0,rgph2024_logement_urbain,186.0
tetouan,centre_urbain,,,type_logement,Logement non précaire ou salubre,Total non précaire,92.6,%,157103093.0,rgph2024_logement_urbain,186.0
tetouan,centre_urbain,,,type_logement,Logement précaire,Maison sommaire ou bidonville,0.0,%,157103093.0,rgph2024_logement_urbain,186.0
tetouan,centre_urbain,,,type_logement,Logement précaire,Logement en type rural,4.6,%,157103093.0,rgph2024_logement_urbain,186.0
tetouan,centre_urbain,,,type_logement,Logement précaire,Autres type,2.8,%,157103093.0,rgph2024_logement_urbain,186.0
tetouan,centre_urbain,,,type_logement,Logement précaire,Total précaire,7.4,%,157103093.0,rgph2024_logement_urbain,186.0
tetouan,centre_urbain,,,age_logement,,Moins de 20 ans,72.6,%,157103093.0,rgph2024_logement_urbain,186.0
tetouan,centre_urbain,,,age_logement,,De 20 à moins de 50 ans,26.2,%,157103093.0,rgph2024_logement_urbain,186.0
tetouan,centre_urbain,,,age_logement,,50 ans et plus,1.2,%,157103093.0,rgph2024_logement_urbain,186.0
tetouan,centre_urbain,,,age_logement_par_type,Villa ou niveau de villa,Moins de 20 ans,100.0,%,157103093.0,rgph2024_logement_urbain,186.0
tetouan,centre_urbain,,,age_logement_par_type,Villa ou niveau de villa,De 20 à moins de 50 ans,0.0,%,157103093.0,rgph2024_logement_urbain,186.0
tetouan,centre_urbain,,,age_logement_par_type,Villa ou niveau de villa,50 ans et plus,0.0,%,157103093.0,rgph2024_logement_urbain,186.0
tetouan,centre_urbain,,,age_logement_par_type,Appartement,Moins de 20 ans,0.0,%,157103093.0,rgph2024_logement_urbain,186.0
tetouan,centre_urbain,,,age_logement_par_type,Appartement,De 20 à moins de 50 ans,0.0,%,157103093.0,rgph2024_logement_urbain,186.0
tetouan,centre_urbain,,,age_logement_par_type,Appartement,50 ans et plus,0.0,%,157103093.0,rgph2024_logement_urbain,186.0
tetouan,centre_urbain,,,age_logement_par_type,Maison marocaine traditionnelle,Moins de 20 ans,0.0,%,157103093.0,rgph2024_logement_urbain,186.0
tetouan,centre_urbain,,,age_logement_par_type,Maison marocaine traditionnelle,De 20 à moins de 50 ans,0.0,%,157103093.0,rgph2024_logement_urbain,186.0
tetouan,centre_urbain,,,age_logement_par_type,Maison marocaine traditionnelle,50 ans et plus,0.0,%,157103093.0,rgph2024_logement_urbain,186.0
tetouan,centre_urbain,,,age_logement_par_type,Maison marocaine moderne,Moins de 20 ans,76.2,%,157103093.0,rgph2024_logement_urbain,186.0
tetouan,centre_urbain,,,age_logement_par_type,Maison marocaine moderne,De 20 à moins de 50 ans,23.1,%,157103093.0,rgph2024_logement_urbain,186.0
tetouan,centre_urbain,,,age_logement_par_type,Maison marocaine moderne,50 ans et plus,0.6,%,157103093.0,rgph2024_logement_urbain,186.0
tetouan,centre_urbain,,,age_logement_par_type,Total non précaire,Moins de 20 ans,76.4,%,157103093.0,rgph2024_logement_urbain,186.0
tetouan,centre_urbain,,,age_logement_par_type,Total non précaire,De 20 à moins de 50 ans,23.0,%,157103093.0,rgph2024_logement_urbain,186.0
tetouan,centre_urbain,,,age_logement_par_type,Total non précaire,50 ans et plus,0.6,%,157103093.0,rgph2024_logement_urbain,186.0
tetouan,centre_urbain,,,age_logement_par_type,Maison sommaire ou bidonville,Moins de 20 ans,0.0,%,157103093.0,rgph2024_logement_urbain,186.0
tetouan,centre_urbain,,,age_logement_par_type,Maison sommaire ou bidonville,De 20 à moins de 50 ans,0.0,%,157103093.0,rgph2024_logement_urbain,186.0
tetouan,centre_urbain,,,age_logement_par_type,Maison sommaire ou bidonville,50 ans et plus,0.0,%,157103093.0,rgph2024_logement_urbain,186.0
tetouan,centre_urbain,,,age_logement_par_type,Logement en type rural,Moins de 20 ans,21.7,%,157103093.0,rgph2024_logement_urbain,186.0
tetouan,centre_urbain,,,age_logement_par_type,Logement en type rural,De 20 à moins de 50 ans,73.9,%,157103093.0,rgph2024_logement_urbain,186.0
tetouan,centre_urbain,,,age_logement_par_type,Logement en type rural,50 ans et plus,4.3,%,157103093.0,rgph2024_logement_urbain,186.0
tetouan,centre_urbain,,,age_logement_par_type,Autres type,Moins de 20 ans,28.6,%,157103093.0,rgph2024_logement_urbain,186.0
tetouan,centre_urbain,,,age_logement_par_type,Autres type,De 20 à moins de 50 ans,57.1,%,157103093.0,rgph2024_logement_urbain,186.0
tetouan,centre_urbain,,,age_logement_par_type,Autres type,50 ans et plus,14.3,%,157103093.0,rgph2024_logement_urbain,186.0
tetouan,centre_urbain,,,age_logement_par_type,Total précaire,Moins de 20 ans,24.3,%,157103093.0,rgph2024_logement_urbain,186.0
tetouan,centre_urbain,,,age_logement_par_type,Total précaire,De 20 à moins de 50 ans,67.6,%,157103093.0,rgph2024_logement_urbain,186.0
tetouan,centre_urbain,,,age_logement_par_type,Total précaire,50 ans et plus,8.1,%,157103093.0,rgph2024_logement_urbain,186.0
tetouan,centre_urbain,,,materiaux_murs,,"Béton armé, briques avec mortier",93.83697813121272,%,157103093.0,rgph2024_logement_urbain,186.0
tetouan,centre_urbain,,,materiaux_murs,,Pierre agglomérée avec mortier,1.9880715705765408,%,157103093.0,rgph2024_logement_urbain,186.0
tetouan,centre_urbain,,,materiaux_murs,,Autres,4.174950298210735,%,157103093.0,rgph2024_logement_urbain,186.0
tetouan,centre_urbain,,,materiaux_toits,,Dalle,93.43936381709742,%,157103093.0,rgph2024_logement_urbain,186.0
tetouan,centre_urbain,,,materiaux_toits,,"Planches, bois ou tuiles",1.5904572564612325,%,157103093.0,rgph2024_logement_urbain,186.0
tetouan,centre_urbain,,,materiaux_toits,,Tôle en ciment ou en zinc,1.5904572564612325,%,157103093.0,rgph2024_logement_urbain,186.0
tetouan,centre_urbain,,,materiaux_toits,,Autres,3.37972166998012,%,157103093.0,rgph2024_logement_urbain,186.0
tetouan,centre_urbain,,,services_base,,Réseau public d'électricité,93.24055666003976,%,157103093.0,rgph2024_logement_urbain,186.0
tetouan,centre_urbain,,,services_base,,Réseau public d'eau,93.63817097415506,%,157103093.0,rgph2024_logement_urbain,186.0
tetouan,centre_urbain,,,services_base,,Réseau public d'assainissement,69.78131212723659,%,157103093.0,rgph2024_logement_urbain,186.0
tetouan,centre_urbain,,,deficit_logement,,Taux de déficit quantitatif en logement (%),10.8,%,157103093.0,rgph2024_logement_urbain,186.0
tetouan,cercle,,,total_logements,,Total des logements urbains,1726.0,logements,157105.0,rgph2024_logement_urbain,13.0
tetouan,cercle,,,nature_occupation,,Logement occupé,63.615295480880654,%,157105.0,rgph2024_logement_urbain,13.0
tetouan,cercle,,,nature_occupation,Logement non occupé,Logement vacants,17.670915411355736,%,157105.0,rgph2024_logement_urbain,13.0
tetouan,cercle,,,nature_occupation,Logement non occupé,Logement secondaire/saisonnier,18.713789107763613,%,157105.0,rgph2024_logement_urbain,13.0
tetouan,cercle,,,nature_occupation,Logement non occupé,Total logement non occupé,36.38470451911935,%,157105.0,rgph2024_logement_urbain,13.0
tetouan,cercle,,,type_logement,Logement non précaire ou salubre,Villa ou niveau de villa,1.5,%,157105.0,rgph2024_logement_urbain,13.0
tetouan,cercle,,,type_logement,Logement non précaire ou salubre,Appartement,1.6,%,157105.0,rgph2024_logement_urbain,13.0
tetouan,cercle,,,type_logement,Logement non précaire ou salubre,Maison marocaine traditionnelle,0.9,%,157105.0,rgph2024_logement_urbain,13.0
tetouan,cercle,,,type_logement,Logement non précaire ou salubre,Maison marocaine moderne,94.8,%,157105.0,rgph2024_logement_urbain,13.0
tetouan,cercle,,,type_logement,Logement non précaire ou salubre,Total non précaire,98.9,%,157105.0,rgph2024_logement_urbain,13.0
tetouan,cercle,,,type_logement,Logement précaire,Maison sommaire ou bidonville,0.2,%,157105.0,rgph2024_logement_urbain,13.0
tetouan,cercle,,,type_logement,Logement précaire,Logement en type rural,0.4,%,157105.0,rgph2024_logement_urbain,13.0
tetouan,cercle,,,type_logement,Logement précaire,Autres type,0.5,%,157105.0,rgph2024_logement_urbain,13.0
tetouan,cercle,,,type_logement,Logement précaire,Total précaire,1.1,%,157105.0,rgph2024_logement_urbain,13.0
tetouan,cercle,,,age_logement,,Moins de 20 ans,66.7,%,157105.0,rgph2024_logement_urbain,13.0
tetouan,cercle,,,age_logement,,De 20 à moins de 50 ans,28.7,%,157105.0,rgph2024_logement_urbain,13.0
tetouan,cercle,,,age_logement,,50 ans et plus,4.6,%,157105.0,rgph2024_logement_urbain,13.0
tetouan,cercle,,,age_logement_par_type,Villa ou niveau de villa,Moins de 20 ans,80.8,%,157105.0,rgph2024_logement_urbain,13.0
tetouan,cercle,,,age_logement_par_type,Villa ou niveau de villa,De 20 à moins de 50 ans,19.2,%,157105.0,rgph2024_logement_urbain,13.0
tetouan,cercle,,,age_logement_par_type,Villa ou niveau de villa,50 ans et plus,0.0,%,157105.0,rgph2024_logement_urbain,13.0
tetouan,cercle,,,age_logement_par_type,Appartement,Moins de 20 ans,85.7,%,157105.0,rgph2024_logement_urbain,13.0
tetouan,cercle,,,age_logement_par_type,Appartement,De 20 à moins de 50 ans,10.7,%,157105.0,rgph2024_logement_urbain,13.0
tetouan,cercle,,,age_logement_par_type,Appartement,50 ans et plus,3.6,%,157105.0,rgph2024_logement_urbain,13.0
tetouan,cercle,,,age_logement_par_type,Maison marocaine traditionnelle,Moins de 20 ans,18.8,%,157105.0,rgph2024_logement_urbain,13.0
tetouan,cercle,,,age_logement_par_type,Maison marocaine traditionnelle,De 20 à moins de 50 ans,62.5,%,157105.0,rgph2024_logement_urbain,13.0
tetouan,cercle,,,age_logement_par_type,Maison marocaine traditionnelle,50 ans et plus,18.8,%,157105.0,rgph2024_logement_urbain,13.0
tetouan,cercle,,,age_logement_par_type,Maison marocaine moderne,Moins de 20 ans,67.0,%,157105.0,rgph2024_logement_urbain,13.0
tetouan,cercle,,,age_logement_par_type,Maison marocaine moderne,De 20 à moins de 50 ans,28.8,%,157105.0,rgph2024_logement_urbain,13.0
tetouan,cercle,,,age_logement_par_type,Maison marocaine moderne,50 ans et plus,4.2,%,157105.0,rgph2024_logement_urbain,13.0
tetouan,cercle,,,age_logement_par_type,Total non précaire,Moins de 20 ans,67.1,%,157105.0,rgph2024_logement_urbain,13.0
tetouan,cercle,,,age_logement_par_type,Total non précaire,De 20 à moins de 50 ans,28.7,%,157105.0,rgph2024_logement_urbain,13.0
tetouan,cercle,,,age_logement_par_type,Total non précaire,50 ans et plus,4.2,%,157105.0,rgph2024_logement_urbain,13.0
tetouan,cercle,,,age_logement_par_type,Maison sommaire ou bidonville,Moins de 20 ans,25.0,%,157105.0,rgph2024_logement_urbain,13.0
tetouan,cercle,,,age_logement_par_type,Maison sommaire ou bidonville,De 20 à moins de 50 ans,0.0,%,157105.0,rgph2024_logement_urbain,13.0
tetouan,cercle,,,age_logement_par_type,Maison sommaire ou bidonville,50 ans et plus,75.0,%,157105.0,rgph2024_logement_urbain,13.0
tetouan,cercle,,,age_logement_par_type,Logement en type rural,Moins de 20 ans,14.3,%,157105.0,rgph2024_logement_urbain,13.0
tetouan,cercle,,,age_logement_par_type,Logement en type rural,De 20 à moins de 50 ans,42.9,%,157105.0,rgph2024_logement_urbain,13.0
tetouan,cercle,,,age_logement_par_type,Logement en type rural,50 ans et plus,42.9,%,157105.0,rgph2024_logement_urbain,13.0
tetouan,cercle,,,age_logement_par_type,Autres type,Moins de 20 ans,50.0,%,157105.0,rgph2024_logement_urbain,13.0
tetouan,cercle,,,age_logement_par_type,Autres type,De 20 à moins de 50 ans,37.5,%,157105.0,rgph2024_logement_urbain,13.0
tetouan,cercle,,,age_logement_par_type,Autres type,50 ans et plus,12.5,%,157105.0,rgph2024_logement_urbain,13.0
tetouan,cercle,,,age_logement_par_type,Total précaire,Moins de 20 ans,31.6,%,157105.0,rgph2024_logement_urbain,13.0
tetouan,cercle,,,age_logement_par_type,Total précaire,De 20 à moins de 50 ans,31.6,%,157105.0,rgph2024_logement_urbain,13.0
tetouan,cercle,,,age_logement_par_type,Total précaire,50 ans et plus,36.8,%,157105.0,rgph2024_logement_urbain,13.0
tetouan,cercle,,,materiaux_murs,,"Béton armé, briques avec mortier",99.18887601390496,%,157105.0,rgph2024_logement_urbain,13.0
tetouan,cercle,,,materiaux_murs,,Pierre agglomérée avec mortier,0.6952491309385863,%,157105.0,rgph2024_logement_urbain,13.0
tetouan,cercle,,,materiaux_murs,,Autres,0.115874855156431,%,157105.0,rgph2024_logement_urbain,13.0
tetouan,cercle,,,materiaux_toits,,Dalle,99.13093858632676,%,157105.0,rgph2024_logement_urbain,13.0
tetouan,cercle,,,materiaux_toits,,"Planches, bois ou tuiles",0.6373117033603708,%,157105.0,rgph2024_logement_urbain,13.0
tetouan,cercle,,,materiaux_toits,,Tôle en ciment ou en zinc,0.0579374275782155,%,157105.0,rgph2024_logement_urbain,13.0
tetouan,cercle,,,materiaux_toits,,Autres,0.1738122827346465,%,157105.0,rgph2024_logement_urbain,13.0
tetouan,cercle,,,services_base,,Réseau public d'électricité,97.1031286210892,%,157105.0,rgph2024_logement_urbain,13.0
tetouan,cercle,,,services_base,,Réseau public d'eau,94.20625724217844,%,157105.0,rgph2024_logement_urbain,13.0
tetouan,cercle,,,services_base,,Réseau public d'assainissement,54.982618771726536,%,157105.0,rgph2024_logement_urbain,13.0
tetouan,cercle,,,deficit_logement,,Taux de déficit quantitatif en logement (%),1.8,%,157105.0,rgph2024_logement_urbain,13.0
tetouan,commune,,,total_logements,,Total des logements urbains,1726.0,logements,15710517.0,rgph2024_logement_urbain,67.0
tetouan,commune,,,nature_occupation,,Logement occupé,63.615295480880654,%,15710517.0,rgph2024_logement_urbain,67.0
tetouan,commune,,,nature_occupation,Logement non occupé,Logement vacants,17.670915411355736,%,15710517.0,rgph2024_logement_urbain,67.0
tetouan,commune,,,nature_occupation,Logement non occupé,Logement secondaire/saisonnier,18.713789107763613,%,15710517.0,rgph2024_logement_urbain,67.0
tetouan,commune,,,nature_occupation,Logement non occupé,Total logement non occupé,36.38470451911935,%,15710517.0,rgph2024_logement_urbain,67.0
tetouan,commune,,,type_logement,Logement non précaire ou salubre,Villa ou niveau de villa,1.5,%,15710517.0,rgph2024_logement_urbain,67.0
tetouan,commune,,,type_logement,Logement non précaire ou salubre,Appartement,1.6,%,15710517.0,rgph2024_logement_urbain,67.0
tetouan,commune,,,type_logement,Logement non précaire ou salubre,Maison marocaine traditionnelle,0.9,%,15710517.0,rgph2024_logement_urbain,67.0
tetouan,commune,,,type_logement,Logement non précaire ou salubre,Maison marocaine moderne,94.8,%,15710517.0,rgph2024_logement_urbain,67.0
tetouan,commune,,,type_logement,Logement non précaire ou salubre,Total non précaire,98.9,%,15710517.0,rgph2024_logement_urbain,67.0
tetouan,commune,,,type_logement,Logement précaire,Maison sommaire ou bidonville,0.2,%,15710517.0,rgph2024_logement_urbain,67.0
tetouan,commune,,,type_logement,Logement précaire,Logement en type rural,0.4,%,15710517.0,rgph2024_logement_urbain,67.0
tetouan,commune,,,type_logement,Logement précaire,Autres type,0.5,%,15710517.0,rgph2024_logement_urbain,67.0
tetouan,commune,,,type_logement,Logement précaire,Total précaire,1.1,%,15710517.0,rgph2024_logement_urbain,67.0
tetouan,commune,,,age_logement,,Moins de 20 ans,66.7,%,15710517.0,rgph2024_logement_urbain,67.0
tetouan,commune,,,age_logement,,De 20 à moins de 50 ans,28.7,%,15710517.0,rgph2024_logement_urbain,67.0
tetouan,commune,,,age_logement,,50 ans et plus,4.6,%,15710517.0,rgph2024_logement_urbain,67.0
tetouan,commune,,,age_logement_par_type,Villa ou niveau de villa,Moins de 20 ans,80.8,%,15710517.0,rgph2024_logement_urbain,67.0
tetouan,commune,,,age_logement_par_type,Villa ou niveau de villa,De 20 à moins de 50 ans,19.2,%,15710517.0,rgph2024_logement_urbain,67.0
tetouan,commune,,,age_logement_par_type,Villa ou niveau de villa,50 ans et plus,0.0,%,15710517.0,rgph2024_logement_urbain,67.0
tetouan,commune,,,age_logement_par_type,Appartement,Moins de 20 ans,85.7,%,15710517.0,rgph2024_logement_urbain,67.0
tetouan,commune,,,age_logement_par_type,Appartement,De 20 à moins de 50 ans,10.7,%,15710517.0,rgph2024_logement_urbain,67.0
tetouan,commune,,,age_logement_par_type,Appartement,50 ans et plus,3.6,%,15710517.0,rgph2024_logement_urbain,67.0
tetouan,commune,,,age_logement_par_type,Maison marocaine traditionnelle,Moins de 20 ans,18.8,%,15710517.0,rgph2024_logement_urbain,67.0
tetouan,commune,,,age_logement_par_type,Maison marocaine traditionnelle,De 20 à moins de 50 ans,62.5,%,15710517.0,rgph2024_logement_urbain,67.0
tetouan,commune,,,age_logement_par_type,Maison marocaine traditionnelle,50 ans et plus,18.8,%,15710517.0,rgph2024_logement_urbain,67.0
tetouan,commune,,,age_logement_par_type,Maison marocaine moderne,Moins de 20 ans,67.0,%,15710517.0,rgph2024_logement_urbain,67.0
tetouan,commune,,,age_logement_par_type,Maison marocaine moderne,De 20 à moins de 50 ans,28.8,%,15710517.0,rgph2024_logement_urbain,67.0
tetouan,commune,,,age_logement_par_type,Maison marocaine moderne,50 ans et plus,4.2,%,15710517.0,rgph2024_logement_urbain,67.0
tetouan,commune,,,age_logement_par_type,Total non précaire,Moins de 20 ans,67.1,%,15710517.0,rgph2024_logement_urbain,67.0
tetouan,commune,,,age_logement_par_type,Total non précaire,De 20 à moins de 50 ans,28.7,%,15710517.0,rgph2024_logement_urbain,67.0
tetouan,commune,,,age_logement_par_type,Total non précaire,50 ans et plus,4.2,%,15710517.0,rgph2024_logement_urbain,67.0
tetouan,commune,,,age_logement_par_type,Maison sommaire ou bidonville,Moins de 20 ans,25.0,%,15710517.0,rgph2024_logement_urbain,67.0
tetouan,commune,,,age_logement_par_type,Maison sommaire ou bidonville,De 20 à moins de 50 ans,0.0,%,15710517.0,rgph2024_logement_urbain,67.0
tetouan,commune,,,age_logement_par_type,Maison sommaire ou bidonville,50 ans et plus,75.0,%,15710517.0,rgph2024_logement_urbain,67.0
tetouan,commune,,,age_logement_par_type,Logement en type rural,Moins de 20 ans,14.3,%,15710517.0,rgph2024_logement_urbain,67.0
tetouan,commune,,,age_logement_par_type,Logement en type rural,De 20 à moins de 50 ans,42.9,%,15710517.0,rgph2024_logement_urbain,67.0
tetouan,commune,,,age_logement_par_type,Logement en type rural,50 ans et plus,42.9,%,15710517.0,rgph2024_logement_urbain,67.0
tetouan,commune,,,age_logement_par_type,Autres type,Moins de 20 ans,50.0,%,15710517.0,rgph2024_logement_urbain,67.0
tetouan,commune,,,age_logement_par_type,Autres type,De 20 à moins de 50 ans,37.5,%,15710517.0,rgph2024_logement_urbain,67.0
tetouan,commune,,,age_logement_par_type,Autres type,50 ans et plus,12.5,%,15710517.0,rgph2024_logement_urbain,67.0
tetouan,commune,,,age_logement_par_type,Total précaire,Moins de 20 ans,31.6,%,15710517.0,rgph2024_logement_urbain,67.0
tetouan,commune,,,age_logement_par_type,Total précaire,De 20 à moins de 50 ans,31.6,%,15710517.0,rgph2024_logement_urbain,67.0
tetouan,commune,,,age_logement_par_type,Total précaire,50 ans et plus,36.8,%,15710517.0,rgph2024_logement_urbain,67.0
tetouan,commune,,,materiaux_murs,,"Béton armé, briques avec mortier",99.18887601390496,%,15710517.0,rgph2024_logement_urbain,67.0
tetouan,commune,,,materiaux_murs,,Pierre agglomérée avec mortier,0.6952491309385863,%,15710517.0,rgph2024_logement_urbain,67.0
tetouan,commune,,,materiaux_murs,,Autres,0.115874855156431,%,15710517.0,rgph2024_logement_urbain,67.0
tetouan,commune,,,materiaux_toits,,Dalle,99.13093858632676,%,15710517.0,rgph2024_logement_urbain,67.0
tetouan,commune,,,materiaux_toits,,"Planches, bois ou tuiles",0.6373117033603708,%,15710517.0,rgph2024_logement_urbain,67.0
tetouan,commune,,,materiaux_toits,,Tôle en ciment ou en zinc,0.0579374275782155,%,15710517.0,rgph2024_logement_urbain,67.0
tetouan,commune,,,materiaux_toits,,Autres,0.1738122827346465,%,15710517.0,rgph2024_logement_urbain,67.0
tetouan,commune,,,services_base,,Réseau public d'électricité,97.1031286210892,%,15710517.0,rgph2024_logement_urbain,67.0
tetouan,commune,,,services_base,,Réseau public d'eau,94.20625724217844,%,15710517.0,rgph2024_logement_urbain,67.0
tetouan,commune,,,services_base,,Réseau public d'assainissement,54.982618771726536,%,15710517.0,rgph2024_logement_urbain,67.0
tetouan,commune,,,deficit_logement,,Taux de déficit quantitatif en logement (%),1.8,%,15710517.0,rgph2024_logement_urbain,67.0
tetouan,centre_urbain,,,total_logements,,Total des logements urbains,1726.0,logements,157105173.0,rgph2024_logement_urbain,187.0
tetouan,centre_urbain,,,nature_occupation,,Logement occupé,63.615295480880654,%,157105173.0,rgph2024_logement_urbain,187.0
tetouan,centre_urbain,,,nature_occupation,Logement non occupé,Logement vacants,17.670915411355736,%,157105173.0,rgph2024_logement_urbain,187.0
tetouan,centre_urbain,,,nature_occupation,Logement non occupé,Logement secondaire/saisonnier,18.713789107763613,%,157105173.0,rgph2024_logement_urbain,187.0
tetouan,centre_urbain,,,nature_occupation,Logement non occupé,Total logement non occupé,36.38470451911935,%,157105173.0,rgph2024_logement_urbain,187.0
tetouan,centre_urbain,,,type_logement,Logement non précaire ou salubre,Villa ou niveau de villa,1.5,%,157105173.0,rgph2024_logement_urbain,187.0
tetouan,centre_urbain,,,type_logement,Logement non précaire ou salubre,Appartement,1.6,%,157105173.0,rgph2024_logement_urbain,187.0
tetouan,centre_urbain,,,type_logement,Logement non précaire ou salubre,Maison marocaine traditionnelle,0.9,%,157105173.0,rgph2024_logement_urbain,187.0
tetouan,centre_urbain,,,type_logement,Logement non précaire ou salubre,Maison marocaine moderne,94.8,%,157105173.0,rgph2024_logement_urbain,187.0
tetouan,centre_urbain,,,type_logement,Logement non précaire ou salubre,Total non précaire,98.9,%,157105173.0,rgph2024_logement_urbain,187.0
tetouan,centre_urbain,,,type_logement,Logement précaire,Maison sommaire ou bidonville,0.2,%,157105173.0,rgph2024_logement_urbain,187.0
tetouan,centre_urbain,,,type_logement,Logement précaire,Logement en type rural,0.4,%,157105173.0,rgph2024_logement_urbain,187.0
tetouan,centre_urbain,,,type_logement,Logement précaire,Autres type,0.5,%,157105173.0,rgph2024_logement_urbain,187.0
tetouan,centre_urbain,,,type_logement,Logement précaire,Total précaire,1.1,%,157105173.0,rgph2024_logement_urbain,187.0
tetouan,centre_urbain,,,age_logement,,Moins de 20 ans,66.7,%,157105173.0,rgph2024_logement_urbain,187.0
tetouan,centre_urbain,,,age_logement,,De 20 à moins de 50 ans,28.7,%,157105173.0,rgph2024_logement_urbain,187.0
tetouan,centre_urbain,,,age_logement,,50 ans et plus,4.6,%,157105173.0,rgph2024_logement_urbain,187.0
tetouan,centre_urbain,,,age_logement_par_type,Villa ou niveau de villa,Moins de 20 ans,80.8,%,157105173.0,rgph2024_logement_urbain,187.0
tetouan,centre_urbain,,,age_logement_par_type,Villa ou niveau de villa,De 20 à moins de 50 ans,19.2,%,157105173.0,rgph2024_logement_urbain,187.0
tetouan,centre_urbain,,,age_logement_par_type,Villa ou niveau de villa,50 ans et plus,0.0,%,157105173.0,rgph2024_logement_urbain,187.0
tetouan,centre_urbain,,,age_logement_par_type,Appartement,Moins de 20 ans,85.7,%,157105173.0,rgph2024_logement_urbain,187.0
tetouan,centre_urbain,,,age_logement_par_type,Appartement,De 20 à moins de 50 ans,10.7,%,157105173.0,rgph2024_logement_urbain,187.0
tetouan,centre_urbain,,,age_logement_par_type,Appartement,50 ans et plus,3.6,%,157105173.0,rgph2024_logement_urbain,187.0
tetouan,centre_urbain,,,age_logement_par_type,Maison marocaine traditionnelle,Moins de 20 ans,18.8,%,157105173.0,rgph2024_logement_urbain,187.0
tetouan,centre_urbain,,,age_logement_par_type,Maison marocaine traditionnelle,De 20 à moins de 50 ans,62.5,%,157105173.0,rgph2024_logement_urbain,187.0
tetouan,centre_urbain,,,age_logement_par_type,Maison marocaine traditionnelle,50 ans et plus,18.8,%,157105173.0,rgph2024_logement_urbain,187.0
tetouan,centre_urbain,,,age_logement_par_type,Maison marocaine moderne,Moins de 20 ans,67.0,%,157105173.0,rgph2024_logement_urbain,187.0
tetouan,centre_urbain,,,age_logement_par_type,Maison marocaine moderne,De 20 à moins de 50 ans,28.8,%,157105173.0,rgph2024_logement_urbain,187.0
tetouan,centre_urbain,,,age_logement_par_type,Maison marocaine moderne,50 ans et plus,4.2,%,157105173.0,rgph2024_logement_urbain,187.0
tetouan,centre_urbain,,,age_logement_par_type,Total non précaire,Moins de 20 ans,67.1,%,157105173.0,rgph2024_logement_urbain,187.0
tetouan,centre_urbain,,,age_logement_par_type,Total non précaire,De 20 à moins de 50 ans,28.7,%,157105173.0,rgph2024_logement_urbain,187.0
tetouan,centre_urbain,,,age_logement_par_type,Total non précaire,50 ans et plus,4.2,%,157105173.0,rgph2024_logement_urbain,187.0
tetouan,centre_urbain,,,age_logement_par_type,Maison sommaire ou bidonville,Moins de 20 ans,25.0,%,157105173.0,rgph2024_logement_urbain,187.0
tetouan,centre_urbain,,,age_logement_par_type,Maison sommaire ou bidonville,De 20 à moins de 50 ans,0.0,%,157105173.0,rgph2024_logement_urbain,187.0
tetouan,centre_urbain,,,age_logement_par_type,Maison sommaire ou bidonville,50 ans et plus,75.0,%,157105173.0,rgph2024_logement_urbain,187.0
tetouan,centre_urbain,,,age_logement_par_type,Logement en type rural,Moins de 20 ans,14.3,%,157105173.0,rgph2024_logement_urbain,187.0
tetouan,centre_urbain,,,age_logement_par_type,Logement en type rural,De 20 à moins de 50 ans,42.9,%,157105173.0,rgph2024_logement_urbain,187.0
tetouan,centre_urbain,,,age_logement_par_type,Logement en type rural,50 ans et plus,42.9,%,157105173.0,rgph2024_logement_urbain,187.0
tetouan,centre_urbain,,,age_logement_par_type,Autres type,Moins de 20 ans,50.0,%,157105173.0,rgph2024_logement_urbain,187.0
tetouan,centre_urbain,,,age_logement_par_type,Autres type,De 20 à moins de 50 ans,37.5,%,157105173.0,rgph2024_logement_urbain,187.0
tetouan,centre_urbain,,,age_logement_par_type,Autres type,50 ans et plus,12.5,%,157105173.0,rgph2024_logement_urbain,187.0
tetouan,centre_urbain,,,age_logement_par_type,Total précaire,Moins de 20 ans,31.6,%,157105173.0,rgph2024_logement_urbain,187.0
tetouan,centre_urbain,,,age_logement_par_type,Total précaire,De 20 à moins de 50 ans,31.6,%,157105173.0,rgph2024_logement_urbain,187.0
tetouan,centre_urbain,,,age_logement_par_type,Total précaire,50 ans et plus,36.8,%,157105173.0,rgph2024_logement_urbain,187.0
tetouan,centre_urbain,,,materiaux_murs,,"Béton armé, briques avec mortier",99.18887601390496,%,157105173.0,rgph2024_logement_urbain,187.0
tetouan,centre_urbain,,,materiaux_murs,,Pierre agglomérée avec mortier,0.6952491309385863,%,157105173.0,rgph2024_logement_urbain,187.0
tetouan,centre_urbain,,,materiaux_murs,,Autres,0.115874855156431,%,157105173.0,rgph2024_logement_urbain,187.0
tetouan,centre_urbain,,,materiaux_toits,,Dalle,99.13093858632676,%,157105173.0,rgph2024_logement_urbain,187.0
tetouan,centre_urbain,,,materiaux_toits,,"Planches, bois ou tuiles",0.6373117033603708,%,157105173.0,rgph2024_logement_urbain,187.0
tetouan,centre_urbain,,,materiaux_toits,,Tôle en ciment ou en zinc,0.0579374275782155,%,157105173.0,rgph2024_logement_urbain,187.0
tetouan,centre_urbain,,,materiaux_toits,,Autres,0.1738122827346465,%,157105173.0,rgph2024_logement_urbain,187.0
tetouan,centre_urbain,,,services_base,,Réseau public d'électricité,97.1031286210892,%,157105173.0,rgph2024_logement_urbain,187.0
tetouan,centre_urbain,,,services_base,,Réseau public d'eau,94.20625724217844,%,157105173.0,rgph2024_logement_urbain,187.0
tetouan,centre_urbain,,,services_base,,Réseau public d'assainissement,54.982618771726536,%,157105173.0,rgph2024_logement_urbain,187.0
tetouan,centre_urbain,,,deficit_logement,,Taux de déficit quantitatif en logement (%),1.8,%,157105173.0,rgph2024_logement_urbain,187.0
fahs anjra,prefecture_province,,,total_logements,,Total des logements urbains,1129.0,logements,1227.0,rgph2024_logement_urbain,5.0
fahs anjra,prefecture_province,,,nature_occupation,,Logement occupé,79.00797165633304,%,1227.0,rgph2024_logement_urbain,5.0
fahs anjra,prefecture_province,,,nature_occupation,Logement non occupé,Logement vacants,16.474756421612046,%,1227.0,rgph2024_logement_urbain,5.0
fahs anjra,prefecture_province,,,nature_occupation,Logement non occupé,Logement secondaire/saisonnier,4.517271922054915,%,1227.0,rgph2024_logement_urbain,5.0
fahs anjra,prefecture_province,,,nature_occupation,Logement non occupé,Total logement non occupé,20.99202834366696,%,1227.0,rgph2024_logement_urbain,5.0
fahs anjra,prefecture_province,,,type_logement,Logement non précaire ou salubre,Villa ou niveau de villa,0.4,%,1227.0,rgph2024_logement_urbain,5.0
fahs anjra,prefecture_province,,,type_logement,Logement non précaire ou salubre,Appartement,0.3,%,1227.0,rgph2024_logement_urbain,5.0
fahs anjra,prefecture_province,,,type_logement,Logement non précaire ou salubre,Maison marocaine traditionnelle,0.6,%,1227.0,rgph2024_logement_urbain,5.0
fahs anjra,prefecture_province,,,type_logement,Logement non précaire ou salubre,Maison marocaine moderne,97.0,%,1227.0,rgph2024_logement_urbain,5.0
fahs anjra,prefecture_province,,,type_logement,Logement non précaire ou salubre,Total non précaire,98.2,%,1227.0,rgph2024_logement_urbain,5.0
fahs anjra,prefecture_province,,,type_logement,Logement précaire,Maison sommaire ou bidonville,0.7,%,1227.0,rgph2024_logement_urbain,5.0
fahs anjra,prefecture_province,,,type_logement,Logement précaire,Logement en type rural,0.5,%,1227.0,rgph2024_logement_urbain,5.0
fahs anjra,prefecture_province,,,type_logement,Logement précaire,Autres type,0.5,%,1227.0,rgph2024_logement_urbain,5.0
fahs anjra,prefecture_province,,,type_logement,Logement précaire,Total précaire,1.8,%,1227.0,rgph2024_logement_urbain,5.0
fahs anjra,prefecture_province,,,age_logement,,Moins de 20 ans,54.4,%,1227.0,rgph2024_logement_urbain,5.0
fahs anjra,prefecture_province,,,age_logement,,De 20 à moins de 50 ans,42.5,%,1227.0,rgph2024_logement_urbain,5.0
fahs anjra,prefecture_province,,,age_logement,,50 ans et plus,3.1,%,1227.0,rgph2024_logement_urbain,5.0
fahs anjra,prefecture_province,,,age_logement_par_type,Villa ou niveau de villa,Moins de 20 ans,100.0,%,1227.0,rgph2024_logement_urbain,5.0
fahs anjra,prefecture_province,,,age_logement_par_type,Villa ou niveau de villa,De 20 à moins de 50 ans,0.0,%,1227.0,rgph2024_logement_urbain,5.0
fahs anjra,prefecture_province,,,age_logement_par_type,Villa ou niveau de villa,50 ans et plus,0.0,%,1227.0,rgph2024_logement_urbain,5.0
fahs anjra,prefecture_province,,,age_logement_par_type,Appartement,Moins de 20 ans,100.0,%,1227.0,rgph2024_logement_urbain,5.0
fahs anjra,prefecture_province,,,age_logement_par_type,Appartement,De 20 à moins de 50 ans,0.0,%,1227.0,rgph2024_logement_urbain,5.0
fahs anjra,prefecture_province,,,age_logement_par_type,Appartement,50 ans et plus,0.0,%,1227.0,rgph2024_logement_urbain,5.0
fahs anjra,prefecture_province,,,age_logement_par_type,Maison marocaine traditionnelle,Moins de 20 ans,57.1,%,1227.0,rgph2024_logement_urbain,5.0
fahs anjra,prefecture_province,,,age_logement_par_type,Maison marocaine traditionnelle,De 20 à moins de 50 ans,42.9,%,1227.0,rgph2024_logement_urbain,5.0
fahs anjra,prefecture_province,,,age_logement_par_type,Maison marocaine traditionnelle,50 ans et plus,0.0,%,1227.0,rgph2024_logement_urbain,5.0
fahs anjra,prefecture_province,,,age_logement_par_type,Maison marocaine moderne,Moins de 20 ans,54.2,%,1227.0,rgph2024_logement_urbain,5.0
fahs anjra,prefecture_province,,,age_logement_par_type,Maison marocaine moderne,De 20 à moins de 50 ans,42.7,%,1227.0,rgph2024_logement_urbain,5.0
fahs anjra,prefecture_province,,,age_logement_par_type,Maison marocaine moderne,50 ans et plus,3.1,%,1227.0,rgph2024_logement_urbain,5.0
fahs anjra,prefecture_province,,,age_logement_par_type,Total non précaire,Moins de 20 ans,54.5,%,1227.0,rgph2024_logement_urbain,5.0
fahs anjra,prefecture_province,,,age_logement_par_type,Total non précaire,De 20 à moins de 50 ans,42.5,%,1227.0,rgph2024_logement_urbain,5.0
fahs anjra,prefecture_province,,,age_logement_par_type,Total non précaire,50 ans et plus,3.1,%,1227.0,rgph2024_logement_urbain,5.0
fahs anjra,prefecture_province,,,age_logement_par_type,Maison sommaire ou bidonville,Moins de 20 ans,50.0,%,1227.0,rgph2024_logement_urbain,5.0
fahs anjra,prefecture_province,,,age_logement_par_type,Maison sommaire ou bidonville,De 20 à moins de 50 ans,50.0,%,1227.0,rgph2024_logement_urbain,5.0
fahs anjra,prefecture_province,,,age_logement_par_type,Maison sommaire ou bidonville,50 ans et plus,0.0,%,1227.0,rgph2024_logement_urbain,5.0
fahs anjra,prefecture_province,,,age_logement_par_type,Logement en type rural,Moins de 20 ans,16.7,%,1227.0,rgph2024_logement_urbain,5.0
fahs anjra,prefecture_province,,,age_logement_par_type,Logement en type rural,De 20 à moins de 50 ans,66.7,%,1227.0,rgph2024_logement_urbain,5.0
fahs anjra,prefecture_province,,,age_logement_par_type,Logement en type rural,50 ans et plus,16.7,%,1227.0,rgph2024_logement_urbain,5.0
fahs anjra,prefecture_province,,,age_logement_par_type,Autres type,Moins de 20 ans,83.3,%,1227.0,rgph2024_logement_urbain,5.0
fahs anjra,prefecture_province,,,age_logement_par_type,Autres type,De 20 à moins de 50 ans,16.7,%,1227.0,rgph2024_logement_urbain,5.0
fahs anjra,prefecture_province,,,age_logement_par_type,Autres type,50 ans et plus,0.0,%,1227.0,rgph2024_logement_urbain,5.0
fahs anjra,prefecture_province,,,age_logement_par_type,Total précaire,Moins de 20 ans,50.0,%,1227.0,rgph2024_logement_urbain,5.0
fahs anjra,prefecture_province,,,age_logement_par_type,Total précaire,De 20 à moins de 50 ans,45.0,%,1227.0,rgph2024_logement_urbain,5.0
fahs anjra,prefecture_province,,,age_logement_par_type,Total précaire,50 ans et plus,5.0,%,1227.0,rgph2024_logement_urbain,5.0
fahs anjra,prefecture_province,,,materiaux_murs,,"Béton armé, briques avec mortier",99.46855624446412,%,1227.0,rgph2024_logement_urbain,5.0
fahs anjra,prefecture_province,,,materiaux_murs,,Pierre agglomérée avec mortier,0.354295837023915,%,1227.0,rgph2024_logement_urbain,5.0
fahs anjra,prefecture_province,,,materiaux_murs,,Autres,0.1771479185119575,%,1227.0,rgph2024_logement_urbain,5.0
fahs anjra,prefecture_province,,,materiaux_toits,,Dalle,98.13994685562444,%,1227.0,rgph2024_logement_urbain,5.0
fahs anjra,prefecture_province,,,materiaux_toits,,"Planches, bois ou tuiles",1.5943312666076177,%,1227.0,rgph2024_logement_urbain,5.0
fahs anjra,prefecture_province,,,materiaux_toits,,Tôle en ciment ou en zinc,0.0885739592559787,%,1227.0,rgph2024_logement_urbain,5.0
fahs anjra,prefecture_province,,,materiaux_toits,,Autres,0.1771479185119575,%,1227.0,rgph2024_logement_urbain,5.0
fahs anjra,prefecture_province,,,services_base,,Réseau public d'électricité,96.36846767050488,%,1227.0,rgph2024_logement_urbain,5.0
fahs anjra,prefecture_province,,,services_base,,Réseau public d'eau,87.33392382639505,%,1227.0,rgph2024_logement_urbain,5.0
fahs anjra,prefecture_province,,,services_base,,Réseau public d'assainissement,85.11957484499557,%,1227.0,rgph2024_logement_urbain,5.0
fahs anjra,prefecture_province,,,deficit_logement,,Taux de déficit quantitatif en logement (%),2.6,%,1227.0,rgph2024_logement_urbain,5.0
fahs anjra,cercle,,,total_logements,,Total des logements urbains,1129.0,logements,122703.0,rgph2024_logement_urbain,15.0
fahs anjra,cercle,,,nature_occupation,,Logement occupé,79.00797165633304,%,122703.0,rgph2024_logement_urbain,15.0
fahs anjra,cercle,,,nature_occupation,Logement non occupé,Logement vacants,16.474756421612046,%,122703.0,rgph2024_logement_urbain,15.0
fahs anjra,cercle,,,nature_occupation,Logement non occupé,Logement secondaire/saisonnier,4.517271922054915,%,122703.0,rgph2024_logement_urbain,15.0
fahs anjra,cercle,,,nature_occupation,Logement non occupé,Total logement non occupé,20.99202834366696,%,122703.0,rgph2024_logement_urbain,15.0
fahs anjra,cercle,,,type_logement,Logement non précaire ou salubre,Villa ou niveau de villa,0.4,%,122703.0,rgph2024_logement_urbain,15.0
fahs anjra,cercle,,,type_logement,Logement non précaire ou salubre,Appartement,0.3,%,122703.0,rgph2024_logement_urbain,15.0
fahs anjra,cercle,,,type_logement,Logement non précaire ou salubre,Maison marocaine traditionnelle,0.6,%,122703.0,rgph2024_logement_urbain,15.0
fahs anjra,cercle,,,type_logement,Logement non précaire ou salubre,Maison marocaine moderne,97.0,%,122703.0,rgph2024_logement_urbain,15.0
fahs anjra,cercle,,,type_logement,Logement non précaire ou salubre,Total non précaire,98.2,%,122703.0,rgph2024_logement_urbain,15.0
fahs anjra,cercle,,,type_logement,Logement précaire,Maison sommaire ou bidonville,0.7,%,122703.0,rgph2024_logement_urbain,15.0
fahs anjra,cercle,,,type_logement,Logement précaire,Logement en type rural,0.5,%,122703.0,rgph2024_logement_urbain,15.0
fahs anjra,cercle,,,type_logement,Logement précaire,Autres type,0.5,%,122703.0,rgph2024_logement_urbain,15.0
fahs anjra,cercle,,,type_logement,Logement précaire,Total précaire,1.8,%,122703.0,rgph2024_logement_urbain,15.0
fahs anjra,cercle,,,age_logement,,Moins de 20 ans,54.4,%,122703.0,rgph2024_logement_urbain,15.0
fahs anjra,cercle,,,age_logement,,De 20 à moins de 50 ans,42.5,%,122703.0,rgph2024_logement_urbain,15.0
fahs anjra,cercle,,,age_logement,,50 ans et plus,3.1,%,122703.0,rgph2024_logement_urbain,15.0
fahs anjra,cercle,,,age_logement_par_type,Villa ou niveau de villa,Moins de 20 ans,100.0,%,122703.0,rgph2024_logement_urbain,15.0
fahs anjra,cercle,,,age_logement_par_type,Villa ou niveau de villa,De 20 à moins de 50 ans,0.0,%,122703.0,rgph2024_logement_urbain,15.0
fahs anjra,cercle,,,age_logement_par_type,Villa ou niveau de villa,50 ans et plus,0.0,%,122703.0,rgph2024_logement_urbain,15.0
fahs anjra,cercle,,,age_logement_par_type,Appartement,Moins de 20 ans,100.0,%,122703.0,rgph2024_logement_urbain,15.0
fahs anjra,cercle,,,age_logement_par_type,Appartement,De 20 à moins de 50 ans,0.0,%,122703.0,rgph2024_logement_urbain,15.0
fahs anjra,cercle,,,age_logement_par_type,Appartement,50 ans et plus,0.0,%,122703.0,rgph2024_logement_urbain,15.0
fahs anjra,cercle,,,age_logement_par_type,Maison marocaine traditionnelle,Moins de 20 ans,57.1,%,122703.0,rgph2024_logement_urbain,15.0
fahs anjra,cercle,,,age_logement_par_type,Maison marocaine traditionnelle,De 20 à moins de 50 ans,42.9,%,122703.0,rgph2024_logement_urbain,15.0
fahs anjra,cercle,,,age_logement_par_type,Maison marocaine traditionnelle,50 ans et plus,0.0,%,122703.0,rgph2024_logement_urbain,15.0
fahs anjra,cercle,,,age_logement_par_type,Maison marocaine moderne,Moins de 20 ans,54.2,%,122703.0,rgph2024_logement_urbain,15.0
fahs anjra,cercle,,,age_logement_par_type,Maison marocaine moderne,De 20 à moins de 50 ans,42.7,%,122703.0,rgph2024_logement_urbain,15.0
fahs anjra,cercle,,,age_logement_par_type,Maison marocaine moderne,50 ans et plus,3.1,%,122703.0,rgph2024_logement_urbain,15.0
fahs anjra,cercle,,,age_logement_par_type,Total non précaire,Moins de 20 ans,54.5,%,122703.0,rgph2024_logement_urbain,15.0
fahs anjra,cercle,,,age_logement_par_type,Total non précaire,De 20 à moins de 50 ans,42.5,%,122703.0,rgph2024_logement_urbain,15.0
fahs anjra,cercle,,,age_logement_par_type,Total non précaire,50 ans et plus,3.1,%,122703.0,rgph2024_logement_urbain,15.0
fahs anjra,cercle,,,age_logement_par_type,Maison sommaire ou bidonville,Moins de 20 ans,50.0,%,122703.0,rgph2024_logement_urbain,15.0
fahs anjra,cercle,,,age_logement_par_type,Maison sommaire ou bidonville,De 20 à moins de 50 ans,50.0,%,122703.0,rgph2024_logement_urbain,15.0
fahs anjra,cercle,,,age_logement_par_type,Maison sommaire ou bidonville,50 ans et plus,0.0,%,122703.0,rgph2024_logement_urbain,15.0
fahs anjra,cercle,,,age_logement_par_type,Logement en type rural,Moins de 20 ans,16.7,%,122703.0,rgph2024_logement_urbain,15.0
fahs anjra,cercle,,,age_logement_par_type,Logement en type rural,De 20 à moins de 50 ans,66.7,%,122703.0,rgph2024_logement_urbain,15.0
fahs anjra,cercle,,,age_logement_par_type,Logement en type rural,50 ans et plus,16.7,%,122703.0,rgph2024_logement_urbain,15.0
fahs anjra,cercle,,,age_logement_par_type,Autres type,Moins de 20 ans,83.3,%,122703.0,rgph2024_logement_urbain,15.0
fahs anjra,cercle,,,age_logement_par_type,Autres type,De 20 à moins de 50 ans,16.7,%,122703.0,rgph2024_logement_urbain,15.0
fahs anjra,cercle,,,age_logement_par_type,Autres type,50 ans et plus,0.0,%,122703.0,rgph2024_logement_urbain,15.0
fahs anjra,cercle,,,age_logement_par_type,Total précaire,Moins de 20 ans,50.0,%,122703.0,rgph2024_logement_urbain,15.0
fahs anjra,cercle,,,age_logement_par_type,Total précaire,De 20 à moins de 50 ans,45.0,%,122703.0,rgph2024_logement_urbain,15.0
fahs anjra,cercle,,,age_logement_par_type,Total précaire,50 ans et plus,5.0,%,122703.0,rgph2024_logement_urbain,15.0
fahs anjra,cercle,,,materiaux_murs,,"Béton armé, briques avec mortier",99.46855624446412,%,122703.0,rgph2024_logement_urbain,15.0
fahs anjra,cercle,,,materiaux_murs,,Pierre agglomérée avec mortier,0.354295837023915,%,122703.0,rgph2024_logement_urbain,15.0
fahs anjra,cercle,,,materiaux_murs,,Autres,0.1771479185119575,%,122703.0,rgph2024_logement_urbain,15.0
fahs anjra,cercle,,,materiaux_toits,,Dalle,98.13994685562444,%,122703.0,rgph2024_logement_urbain,15.0
fahs anjra,cercle,,,materiaux_toits,,"Planches, bois ou tuiles",1.5943312666076177,%,122703.0,rgph2024_logement_urbain,15.0
fahs anjra,cercle,,,materiaux_toits,,Tôle en ciment ou en zinc,0.0885739592559787,%,122703.0,rgph2024_logement_urbain,15.0
fahs anjra,cercle,,,materiaux_toits,,Autres,0.1771479185119575,%,122703.0,rgph2024_logement_urbain,15.0
fahs anjra,cercle,,,services_base,,Réseau public d'électricité,96.36846767050488,%,122703.0,rgph2024_logement_urbain,15.0
fahs anjra,cercle,,,services_base,,Réseau public d'eau,87.33392382639505,%,122703.0,rgph2024_logement_urbain,15.0
fahs anjra,cercle,,,services_base,,Réseau public d'assainissement,85.11957484499557,%,122703.0,rgph2024_logement_urbain,15.0
fahs anjra,cercle,,,deficit_logement,,Taux de déficit quantitatif en logement (%),2.6,%,122703.0,rgph2024_logement_urbain,15.0
fahs anjra,commune,,,total_logements,,Total des logements urbains,1129.0,logements,12270305.0,rgph2024_logement_urbain,77.0
fahs anjra,commune,,,nature_occupation,,Logement occupé,79.00797165633304,%,12270305.0,rgph2024_logement_urbain,77.0
fahs anjra,commune,,,nature_occupation,Logement non occupé,Logement vacants,16.474756421612046,%,12270305.0,rgph2024_logement_urbain,77.0
fahs anjra,commune,,,nature_occupation,Logement non occupé,Logement secondaire/saisonnier,4.517271922054915,%,12270305.0,rgph2024_logement_urbain,77.0
fahs anjra,commune,,,nature_occupation,Logement non occupé,Total logement non occupé,20.99202834366696,%,12270305.0,rgph2024_logement_urbain,77.0
fahs anjra,commune,,,type_logement,Logement non précaire ou salubre,Villa ou niveau de villa,0.4,%,12270305.0,rgph2024_logement_urbain,77.0
fahs anjra,commune,,,type_logement,Logement non précaire ou salubre,Appartement,0.3,%,12270305.0,rgph2024_logement_urbain,77.0
fahs anjra,commune,,,type_logement,Logement non précaire ou salubre,Maison marocaine traditionnelle,0.6,%,12270305.0,rgph2024_logement_urbain,77.0
fahs anjra,commune,,,type_logement,Logement non précaire ou salubre,Maison marocaine moderne,97.0,%,12270305.0,rgph2024_logement_urbain,77.0
fahs anjra,commune,,,type_logement,Logement non précaire ou salubre,Total non précaire,98.2,%,12270305.0,rgph2024_logement_urbain,77.0
fahs anjra,commune,,,type_logement,Logement précaire,Maison sommaire ou bidonville,0.7,%,12270305.0,rgph2024_logement_urbain,77.0
fahs anjra,commune,,,type_logement,Logement précaire,Logement en type rural,0.5,%,12270305.0,rgph2024_logement_urbain,77.0
fahs anjra,commune,,,type_logement,Logement précaire,Autres type,0.5,%,12270305.0,rgph2024_logement_urbain,77.0
fahs anjra,commune,,,type_logement,Logement précaire,Total précaire,1.8,%,12270305.0,rgph2024_logement_urbain,77.0
fahs anjra,commune,,,age_logement,,Moins de 20 ans,54.4,%,12270305.0,rgph2024_logement_urbain,77.0
fahs anjra,commune,,,age_logement,,De 20 à moins de 50 ans,42.5,%,12270305.0,rgph2024_logement_urbain,77.0
fahs anjra,commune,,,age_logement,,50 ans et plus,3.1,%,12270305.0,rgph2024_logement_urbain,77.0
fahs anjra,commune,,,age_logement_par_type,Villa ou niveau de villa,Moins de 20 ans,100.0,%,12270305.0,rgph2024_logement_urbain,77.0
fahs anjra,commune,,,age_logement_par_type,Villa ou niveau de villa,De 20 à moins de 50 ans,0.0,%,12270305.0,rgph2024_logement_urbain,77.0
fahs anjra,commune,,,age_logement_par_type,Villa ou niveau de villa,50 ans et plus,0.0,%,12270305.0,rgph2024_logement_urbain,77.0
fahs anjra,commune,,,age_logement_par_type,Appartement,Moins de 20 ans,100.0,%,12270305.0,rgph2024_logement_urbain,77.0
fahs anjra,commune,,,age_logement_par_type,Appartement,De 20 à moins de 50 ans,0.0,%,12270305.0,rgph2024_logement_urbain,77.0
fahs anjra,commune,,,age_logement_par_type,Appartement,50 ans et plus,0.0,%,12270305.0,rgph2024_logement_urbain,77.0
fahs anjra,commune,,,age_logement_par_type,Maison marocaine traditionnelle,Moins de 20 ans,57.1,%,12270305.0,rgph2024_logement_urbain,77.0
fahs anjra,commune,,,age_logement_par_type,Maison marocaine traditionnelle,De 20 à moins de 50 ans,42.9,%,12270305.0,rgph2024_logement_urbain,77.0
fahs anjra,commune,,,age_logement_par_type,Maison marocaine traditionnelle,50 ans et plus,0.0,%,12270305.0,rgph2024_logement_urbain,77.0
fahs anjra,commune,,,age_logement_par_type,Maison marocaine moderne,Moins de 20 ans,54.2,%,12270305.0,rgph2024_logement_urbain,77.0
fahs anjra,commune,,,age_logement_par_type,Maison marocaine moderne,De 20 à moins de 50 ans,42.7,%,12270305.0,rgph2024_logement_urbain,77.0
fahs anjra,commune,,,age_logement_par_type,Maison marocaine moderne,50 ans et plus,3.1,%,12270305.0,rgph2024_logement_urbain,77.0
fahs anjra,commune,,,age_logement_par_type,Total non précaire,Moins de 20 ans,54.5,%,12270305.0,rgph2024_logement_urbain,77.0
fahs anjra,commune,,,age_logement_par_type,Total non précaire,De 20 à moins de 50 ans,42.5,%,12270305.0,rgph2024_logement_urbain,77.0
fahs anjra,commune,,,age_logement_par_type,Total non précaire,50 ans et plus,3.1,%,12270305.0,rgph2024_logement_urbain,77.0
fahs anjra,commune,,,age_logement_par_type,Maison sommaire ou bidonville,Moins de 20 ans,50.0,%,12270305.0,rgph2024_logement_urbain,77.0
fahs anjra,commune,,,age_logement_par_type,Maison sommaire ou bidonville,De 20 à moins de 50 ans,50.0,%,12270305.0,rgph2024_logement_urbain,77.0
fahs anjra,commune,,,age_logement_par_type,Maison sommaire ou bidonville,50 ans et plus,0.0,%,12270305.0,rgph2024_logement_urbain,77.0
fahs anjra,commune,,,age_logement_par_type,Logement en type rural,Moins de 20 ans,16.7,%,12270305.0,rgph2024_logement_urbain,77.0
fahs anjra,commune,,,age_logement_par_type,Logement en type rural,De 20 à moins de 50 ans,66.7,%,12270305.0,rgph2024_logement_urbain,77.0
fahs anjra,commune,,,age_logement_par_type,Logement en type rural,50 ans et plus,16.7,%,12270305.0,rgph2024_logement_urbain,77.0
fahs anjra,commune,,,age_logement_par_type,Autres type,Moins de 20 ans,83.3,%,12270305.0,rgph2024_logement_urbain,77.0
fahs anjra,commune,,,age_logement_par_type,Autres type,De 20 à moins de 50 ans,16.7,%,12270305.0,rgph2024_logement_urbain,77.0
fahs anjra,commune,,,age_logement_par_type,Autres type,50 ans et plus,0.0,%,12270305.0,rgph2024_logement_urbain,77.0
fahs anjra,commune,,,age_logement_par_type,Total précaire,Moins de 20 ans,50.0,%,12270305.0,rgph2024_logement_urbain,77.0
fahs anjra,commune,,,age_logement_par_type,Total précaire,De 20 à moins de 50 ans,45.0,%,12270305.0,rgph2024_logement_urbain,77.0
fahs anjra,commune,,,age_logement_par_type,Total précaire,50 ans et plus,5.0,%,12270305.0,rgph2024_logement_urbain,77.0
fahs anjra,commune,,,materiaux_murs,,"Béton armé, briques avec mortier",99.46855624446412,%,12270305.0,rgph2024_logement_urbain,77.0
fahs anjra,commune,,,materiaux_murs,,Pierre agglomérée avec mortier,0.354295837023915,%,12270305.0,rgph2024_logement_urbain,77.0
fahs anjra,commune,,,materiaux_murs,,Autres,0.1771479185119575,%,12270305.0,rgph2024_logement_urbain,77.0
fahs anjra,commune,,,materiaux_toits,,Dalle,98.13994685562444,%,12270305.0,rgph2024_logement_urbain,77.0
fahs anjra,commune,,,materiaux_toits,,"Planches, bois ou tuiles",1.5943312666076177,%,12270305.0,rgph2024_logement_urbain,77.0
fahs anjra,commune,,,materiaux_toits,,Tôle en ciment ou en zinc,0.0885739592559787,%,12270305.0,rgph2024_logement_urbain,77.0
fahs anjra,commune,,,materiaux_toits,,Autres,0.1771479185119575,%,12270305.0,rgph2024_logement_urbain,77.0
fahs anjra,commune,,,services_base,,Réseau public d'électricité,96.36846767050488,%,12270305.0,rgph2024_logement_urbain,77.0
fahs anjra,commune,,,services_base,,Réseau public d'eau,87.33392382639505,%,12270305.0,rgph2024_logement_urbain,77.0
fahs anjra,commune,,,services_base,,Réseau public d'assainissement,85.11957484499557,%,12270305.0,rgph2024_logement_urbain,77.0
fahs anjra,commune,,,deficit_logement,,Taux de déficit quantitatif en logement (%),2.6,%,12270305.0,rgph2024_logement_urbain,77.0
fahs anjra,centre_urbain,,,total_logements,,Total des logements urbains,1129.0,logements,122703053.0,rgph2024_logement_urbain,188.0
fahs anjra,centre_urbain,,,nature_occupation,,Logement occupé,79.00797165633304,%,122703053.0,rgph2024_logement_urbain,188.0
fahs anjra,centre_urbain,,,nature_occupation,Logement non occupé,Logement vacants,16.474756421612046,%,122703053.0,rgph2024_logement_urbain,188.0
fahs anjra,centre_urbain,,,nature_occupation,Logement non occupé,Logement secondaire/saisonnier,4.517271922054915,%,122703053.0,rgph2024_logement_urbain,188.0
fahs anjra,centre_urbain,,,nature_occupation,Logement non occupé,Total logement non occupé,20.99202834366696,%,122703053.0,rgph2024_logement_urbain,188.0
fahs anjra,centre_urbain,,,type_logement,Logement non précaire ou salubre,Villa ou niveau de villa,0.4,%,122703053.0,rgph2024_logement_urbain,188.0
fahs anjra,centre_urbain,,,type_logement,Logement non précaire ou salubre,Appartement,0.3,%,122703053.0,rgph2024_logement_urbain,188.0
fahs anjra,centre_urbain,,,type_logement,Logement non précaire ou salubre,Maison marocaine traditionnelle,0.6,%,122703053.0,rgph2024_logement_urbain,188.0
fahs anjra,centre_urbain,,,type_logement,Logement non précaire ou salubre,Maison marocaine moderne,97.0,%,122703053.0,rgph2024_logement_urbain,188.0
fahs anjra,centre_urbain,,,type_logement,Logement non précaire ou salubre,Total non précaire,98.2,%,122703053.0,rgph2024_logement_urbain,188.0
fahs anjra,centre_urbain,,,type_logement,Logement précaire,Maison sommaire ou bidonville,0.7,%,122703053.0,rgph2024_logement_urbain,188.0
fahs anjra,centre_urbain,,,type_logement,Logement précaire,Logement en type rural,0.5,%,122703053.0,rgph2024_logement_urbain,188.0
fahs anjra,centre_urbain,,,type_logement,Logement précaire,Autres type,0.5,%,122703053.0,rgph2024_logement_urbain,188.0
fahs anjra,centre_urbain,,,type_logement,Logement précaire,Total précaire,1.8,%,122703053.0,rgph2024_logement_urbain,188.0
fahs anjra,centre_urbain,,,age_logement,,Moins de 20 ans,54.4,%,122703053.0,rgph2024_logement_urbain,188.0
fahs anjra,centre_urbain,,,age_logement,,De 20 à moins de 50 ans,42.5,%,122703053.0,rgph2024_logement_urbain,188.0
fahs anjra,centre_urbain,,,age_logement,,50 ans et plus,3.1,%,122703053.0,rgph2024_logement_urbain,188.0
fahs anjra,centre_urbain,,,age_logement_par_type,Villa ou niveau de villa,Moins de 20 ans,100.0,%,122703053.0,rgph2024_logement_urbain,188.0
fahs anjra,centre_urbain,,,age_logement_par_type,Villa ou niveau de villa,De 20 à moins de 50 ans,0.0,%,122703053.0,rgph2024_logement_urbain,188.0
fahs anjra,centre_urbain,,,age_logement_par_type,Villa ou niveau de villa,50 ans et plus,0.0,%,122703053.0,rgph2024_logement_urbain,188.0
fahs anjra,centre_urbain,,,age_logement_par_type,Appartement,Moins de 20 ans,100.0,%,122703053.0,rgph2024_logement_urbain,188.0
fahs anjra,centre_urbain,,,age_logement_par_type,Appartement,De 20 à moins de 50 ans,0.0,%,122703053.0,rgph2024_logement_urbain,188.0
fahs anjra,centre_urbain,,,age_logement_par_type,Appartement,50 ans et plus,0.0,%,122703053.0,rgph2024_logement_urbain,188.0
fahs anjra,centre_urbain,,,age_logement_par_type,Maison marocaine traditionnelle,Moins de 20 ans,57.1,%,122703053.0,rgph2024_logement_urbain,188.0
fahs anjra,centre_urbain,,,age_logement_par_type,Maison marocaine traditionnelle,De 20 à moins de 50 ans,42.9,%,122703053.0,rgph2024_logement_urbain,188.0
fahs anjra,centre_urbain,,,age_logement_par_type,Maison marocaine traditionnelle,50 ans et plus,0.0,%,122703053.0,rgph2024_logement_urbain,188.0
fahs anjra,centre_urbain,,,age_logement_par_type,Maison marocaine moderne,Moins de 20 ans,54.2,%,122703053.0,rgph2024_logement_urbain,188.0
fahs anjra,centre_urbain,,,age_logement_par_type,Maison marocaine moderne,De 20 à moins de 50 ans,42.7,%,122703053.0,rgph2024_logement_urbain,188.0
fahs anjra,centre_urbain,,,age_logement_par_type,Maison marocaine moderne,50 ans et plus,3.1,%,122703053.0,rgph2024_logement_urbain,188.0
fahs anjra,centre_urbain,,,age_logement_par_type,Total non précaire,Moins de 20 ans,54.5,%,122703053.0,rgph2024_logement_urbain,188.0
fahs anjra,centre_urbain,,,age_logement_par_type,Total non précaire,De 20 à moins de 50 ans,42.5,%,122703053.0,rgph2024_logement_urbain,188.0
fahs anjra,centre_urbain,,,age_logement_par_type,Total non précaire,50 ans et plus,3.1,%,122703053.0,rgph2024_logement_urbain,188.0
fahs anjra,centre_urbain,,,age_logement_par_type,Maison sommaire ou bidonville,Moins de 20 ans,50.0,%,122703053.0,rgph2024_logement_urbain,188.0
fahs anjra,centre_urbain,,,age_logement_par_type,Maison sommaire ou bidonville,De 20 à moins de 50 ans,50.0,%,122703053.0,rgph2024_logement_urbain,188.0
fahs anjra,centre_urbain,,,age_logement_par_type,Maison sommaire ou bidonville,50 ans et plus,0.0,%,122703053.0,rgph2024_logement_urbain,188.0
fahs anjra,centre_urbain,,,age_logement_par_type,Logement en type rural,Moins de 20 ans,16.7,%,122703053.0,rgph2024_logement_urbain,188.0
fahs anjra,centre_urbain,,,age_logement_par_type,Logement en type rural,De 20 à moins de 50 ans,66.7,%,122703053.0,rgph2024_logement_urbain,188.0
fahs anjra,centre_urbain,,,age_logement_par_type,Logement en type rural,50 ans et plus,16.7,%,122703053.0,rgph2024_logement_urbain,188.0
fahs anjra,centre_urbain,,,age_logement_par_type,Autres type,Moins de 20 ans,83.3,%,122703053.0,rgph2024_logement_urbain,188.0
fahs anjra,centre_urbain,,,age_logement_par_type,Autres type,De 20 à moins de 50 ans,16.7,%,122703053.0,rgph2024_logement_urbain,188.0
fahs anjra,centre_urbain,,,age_logement_par_type,Autres type,50 ans et plus,0.0,%,122703053.0,rgph2024_logement_urbain,188.0
fahs anjra,centre_urbain,,,age_logement_par_type,Total précaire,Moins de 20 ans,50.0,%,122703053.0,rgph2024_logement_urbain,188.0
fahs anjra,centre_urbain,,,age_logement_par_type,Total précaire,De 20 à moins de 50 ans,45.0,%,122703053.0,rgph2024_logement_urbain,188.0
fahs anjra,centre_urbain,,,age_logement_par_type,Total précaire,50 ans et plus,5.0,%,122703053.0,rgph2024_logement_urbain,188.0
fahs anjra,centre_urbain,,,materiaux_murs,,"Béton armé, briques avec mortier",99.46855624446412,%,122703053.0,rgph2024_logement_urbain,188.0
fahs anjra,centre_urbain,,,materiaux_murs,,Pierre agglomérée avec mortier,0.354295837023915,%,122703053.0,rgph2024_logement_urbain,188.0
fahs anjra,centre_urbain,,,materiaux_murs,,Autres,0.1771479185119575,%,122703053.0,rgph2024_logement_urbain,188.0
fahs anjra,centre_urbain,,,materiaux_toits,,Dalle,98.13994685562444,%,122703053.0,rgph2024_logement_urbain,188.0
fahs anjra,centre_urbain,,,materiaux_toits,,"Planches, bois ou tuiles",1.5943312666076177,%,122703053.0,rgph2024_logement_urbain,188.0
fahs anjra,centre_urbain,,,materiaux_toits,,Tôle en ciment ou en zinc,0.0885739592559787,%,122703053.0,rgph2024_logement_urbain,188.0
fahs anjra,centre_urbain,,,materiaux_toits,,Autres,0.1771479185119575,%,122703053.0,rgph2024_logement_urbain,188.0
fahs anjra,centre_urbain,,,services_base,,Réseau public d'électricité,96.36846767050488,%,122703053.0,rgph2024_logement_urbain,188.0
fahs anjra,centre_urbain,,,services_base,,Réseau public d'eau,87.33392382639505,%,122703053.0,rgph2024_logement_urbain,188.0
fahs anjra,centre_urbain,,,services_base,,Réseau public d'assainissement,85.11957484499557,%,122703053.0,rgph2024_logement_urbain,188.0
fahs anjra,centre_urbain,,,deficit_logement,,Taux de déficit quantitatif en logement (%),2.6,%,122703053.0,rgph2024_logement_urbain,188.0
larache,prefecture_province,,,total_logements,,Total des logements urbains,98267.0,logements,1331.0,rgph2024_logement_urbain,6.0
larache,prefecture_province,,,nature_occupation,,Logement occupé,72.54724373391596,%,1331.0,rgph2024_logement_urbain,6.0
larache,prefecture_province,,,nature_occupation,Logement non occupé,Logement vacants,12.190257156522312,%,1331.0,rgph2024_logement_urbain,6.0
larache,prefecture_province,,,nature_occupation,Logement non occupé,Logement secondaire/saisonnier,15.262499109568548,%,1331.0,rgph2024_logement_urbain,6.0
larache,prefecture_province,,,nature_occupation,Logement non occupé,Total logement non occupé,27.45275626609086,%,1331.0,rgph2024_logement_urbain,6.0
larache,prefecture_province,,,type_logement,Logement non précaire ou salubre,Villa ou niveau de villa,1.2,%,1331.0,rgph2024_logement_urbain,6.0
larache,prefecture_province,,,type_logement,Logement non précaire ou salubre,Appartement,14.6,%,1331.0,rgph2024_logement_urbain,6.0
larache,prefecture_province,,,type_logement,Logement non précaire ou salubre,Maison marocaine traditionnelle,4.6,%,1331.0,rgph2024_logement_urbain,6.0
larache,prefecture_province,,,type_logement,Logement non précaire ou salubre,Maison marocaine moderne,74.4,%,1331.0,rgph2024_logement_urbain,6.0
larache,prefecture_province,,,type_logement,Logement non précaire ou salubre,Total non précaire,94.8,%,1331.0,rgph2024_logement_urbain,6.0
larache,prefecture_province,,,type_logement,Logement précaire,Maison sommaire ou bidonville,4.1,%,1331.0,rgph2024_logement_urbain,6.0
larache,prefecture_province,,,type_logement,Logement précaire,Logement en type rural,0.6,%,1331.0,rgph2024_logement_urbain,6.0
larache,prefecture_province,,,type_logement,Logement précaire,Autres type,0.4,%,1331.0,rgph2024_logement_urbain,6.0
larache,prefecture_province,,,type_logement,Logement précaire,Total précaire,5.2,%,1331.0,rgph2024_logement_urbain,6.0
larache,prefecture_province,,,age_logement,,Moins de 20 ans,56.1,%,1331.0,rgph2024_logement_urbain,6.0
larache,prefecture_province,,,age_logement,,De 20 à moins de 50 ans,37.0,%,1331.0,rgph2024_logement_urbain,6.0
larache,prefecture_province,,,age_logement,,50 ans et plus,6.9,%,1331.0,rgph2024_logement_urbain,6.0
larache,prefecture_province,,,age_logement_par_type,Villa ou niveau de villa,Moins de 20 ans,69.8,%,1331.0,rgph2024_logement_urbain,6.0
larache,prefecture_province,,,age_logement_par_type,Villa ou niveau de villa,De 20 à moins de 50 ans,26.9,%,1331.0,rgph2024_logement_urbain,6.0
larache,prefecture_province,,,age_logement_par_type,Villa ou niveau de villa,50 ans et plus,3.4,%,1331.0,rgph2024_logement_urbain,6.0
larache,prefecture_province,,,age_logement_par_type,Appartement,Moins de 20 ans,80.5,%,1331.0,rgph2024_logement_urbain,6.0
larache,prefecture_province,,,age_logement_par_type,Appartement,De 20 à moins de 50 ans,16.6,%,1331.0,rgph2024_logement_urbain,6.0
larache,prefecture_province,,,age_logement_par_type,Appartement,50 ans et plus,2.9,%,1331.0,rgph2024_logement_urbain,6.0
larache,prefecture_province,,,age_logement_par_type,Maison marocaine traditionnelle,Moins de 20 ans,14.2,%,1331.0,rgph2024_logement_urbain,6.0
larache,prefecture_province,,,age_logement_par_type,Maison marocaine traditionnelle,De 20 à moins de 50 ans,29.4,%,1331.0,rgph2024_logement_urbain,6.0
larache,prefecture_province,,,age_logement_par_type,Maison marocaine traditionnelle,50 ans et plus,56.4,%,1331.0,rgph2024_logement_urbain,6.0
larache,prefecture_province,,,age_logement_par_type,Maison marocaine moderne,Moins de 20 ans,55.6,%,1331.0,rgph2024_logement_urbain,6.0
larache,prefecture_province,,,age_logement_par_type,Maison marocaine moderne,De 20 à moins de 50 ans,40.3,%,1331.0,rgph2024_logement_urbain,6.0
larache,prefecture_province,,,age_logement_par_type,Maison marocaine moderne,50 ans et plus,4.0,%,1331.0,rgph2024_logement_urbain,6.0
larache,prefecture_province,,,age_logement_par_type,Total non précaire,Moins de 20 ans,57.7,%,1331.0,rgph2024_logement_urbain,6.0
larache,prefecture_province,,,age_logement_par_type,Total non précaire,De 20 à moins de 50 ans,36.0,%,1331.0,rgph2024_logement_urbain,6.0
larache,prefecture_province,,,age_logement_par_type,Total non précaire,50 ans et plus,6.4,%,1331.0,rgph2024_logement_urbain,6.0
larache,prefecture_province,,,age_logement_par_type,Maison sommaire ou bidonville,Moins de 20 ans,22.1,%,1331.0,rgph2024_logement_urbain,6.0
larache,prefecture_province,,,age_logement_par_type,Maison sommaire ou bidonville,De 20 à moins de 50 ans,60.2,%,1331.0,rgph2024_logement_urbain,6.0
larache,prefecture_province,,,age_logement_par_type,Maison sommaire ou bidonville,50 ans et plus,17.7,%,1331.0,rgph2024_logement_urbain,6.0
larache,prefecture_province,,,age_logement_par_type,Logement en type rural,Moins de 20 ans,48.3,%,1331.0,rgph2024_logement_urbain,6.0
larache,prefecture_province,,,age_logement_par_type,Logement en type rural,De 20 à moins de 50 ans,42.8,%,1331.0,rgph2024_logement_urbain,6.0
larache,prefecture_province,,,age_logement_par_type,Logement en type rural,50 ans et plus,9.0,%,1331.0,rgph2024_logement_urbain,6.0
larache,prefecture_province,,,age_logement_par_type,Autres type,Moins de 20 ans,46.3,%,1331.0,rgph2024_logement_urbain,6.0
larache,prefecture_province,,,age_logement_par_type,Autres type,De 20 à moins de 50 ans,33.3,%,1331.0,rgph2024_logement_urbain,6.0
larache,prefecture_province,,,age_logement_par_type,Autres type,50 ans et plus,20.4,%,1331.0,rgph2024_logement_urbain,6.0
larache,prefecture_province,,,age_logement_par_type,Total précaire,Moins de 20 ans,27.2,%,1331.0,rgph2024_logement_urbain,6.0
larache,prefecture_province,,,age_logement_par_type,Total précaire,De 20 à moins de 50 ans,55.8,%,1331.0,rgph2024_logement_urbain,6.0
larache,prefecture_province,,,age_logement_par_type,Total précaire,50 ans et plus,16.9,%,1331.0,rgph2024_logement_urbain,6.0
larache,prefecture_province,,,materiaux_murs,,"Béton armé, briques avec mortier",97.9899689852471,%,1331.0,rgph2024_logement_urbain,6.0
larache,prefecture_province,,,materiaux_murs,,Pierre agglomérée avec mortier,1.130768056341107,%,1331.0,rgph2024_logement_urbain,6.0
larache,prefecture_province,,,materiaux_murs,,Autres,0.8792629584118047,%,1331.0,rgph2024_logement_urbain,6.0
larache,prefecture_province,,,materiaux_toits,,Dalle,95.15515270811105,%,1331.0,rgph2024_logement_urbain,6.0
larache,prefecture_province,,,materiaux_toits,,"Planches, bois ou tuiles",1.224461991704256,%,1331.0,rgph2024_logement_urbain,6.0
larache,prefecture_province,,,materiaux_toits,,Tôle en ciment ou en zinc,1.187857408951306,%,1331.0,rgph2024_logement_urbain,6.0
larache,prefecture_province,,,materiaux_toits,,Autres,2.432527891235181,%,1331.0,rgph2024_logement_urbain,6.0
larache,prefecture_province,,,services_base,,Réseau public d'électricité,94.07856440870648,%,1331.0,rgph2024_logement_urbain,6.0
larache,prefecture_province,,,services_base,,Réseau public d'eau,90.07698148879264,%,1331.0,rgph2024_logement_urbain,6.0
larache,prefecture_province,,,services_base,,Réseau public d'assainissement,92.69171697184332,%,1331.0,rgph2024_logement_urbain,6.0
larache,prefecture_province,,,deficit_logement,,Taux de déficit quantitatif en logement (%),6.9,%,1331.0,rgph2024_logement_urbain,6.0
larache,commune,,,total_logements,,Total des logements urbains,43770.0,logements,13310101.0,rgph2024_logement_urbain,80.0
larache,commune,,,nature_occupation,,Logement occupé,74.87091615262771,%,13310101.0,rgph2024_logement_urbain,80.0
larache,commune,,,nature_occupation,Logement non occupé,Logement vacants,14.40484350011305,%,13310101.0,rgph2024_logement_urbain,80.0
larache,commune,,,nature_occupation,Logement non occupé,Logement secondaire/saisonnier,10.724240347268935,%,13310101.0,rgph2024_logement_urbain,80.0
larache,commune,,,nature_occupation,Logement non occupé,Total logement non occupé,25.129083847381985,%,13310101.0,rgph2024_logement_urbain,80.0
larache,commune,,,type_logement,Logement non précaire ou salubre,Villa ou niveau de villa,0.5,%,13310101.0,rgph2024_logement_urbain,80.0
larache,commune,,,type_logement,Logement non précaire ou salubre,Appartement,9.8,%,13310101.0,rgph2024_logement_urbain,80.0
larache,commune,,,type_logement,Logement non précaire ou salubre,Maison marocaine traditionnelle,4.9,%,13310101.0,rgph2024_logement_urbain,80.0
larache,commune,,,type_logement,Logement non précaire ou salubre,Maison marocaine moderne,84.2,%,13310101.0,rgph2024_logement_urbain,80.0
larache,commune,,,type_logement,Logement non précaire ou salubre,Total non précaire,99.4,%,13310101.0,rgph2024_logement_urbain,80.0
larache,commune,,,type_logement,Logement précaire,Maison sommaire ou bidonville,0.2,%,13310101.0,rgph2024_logement_urbain,80.0
larache,commune,,,type_logement,Logement précaire,Logement en type rural,0.1,%,13310101.0,rgph2024_logement_urbain,80.0
larache,commune,,,type_logement,Logement précaire,Autres type,0.4,%,13310101.0,rgph2024_logement_urbain,80.0
larache,commune,,,type_logement,Logement précaire,Total précaire,0.6,%,13310101.0,rgph2024_logement_urbain,80.0
larache,commune,,,age_logement,,Moins de 20 ans,58.5,%,13310101.0,rgph2024_logement_urbain,80.0
larache,commune,,,age_logement,,De 20 à moins de 50 ans,36.1,%,13310101.0,rgph2024_logement_urbain,80.0
larache,commune,,,age_logement,,50 ans et plus,5.4,%,13310101.0,rgph2024_logement_urbain,80.0
larache,commune,,,age_logement_par_type,Villa ou niveau de villa,Moins de 20 ans,64.5,%,13310101.0,rgph2024_logement_urbain,80.0
larache,commune,,,age_logement_par_type,Villa ou niveau de villa,De 20 à moins de 50 ans,35.0,%,13310101.0,rgph2024_logement_urbain,80.0
larache,commune,,,age_logement_par_type,Villa ou niveau de villa,50 ans et plus,0.5,%,13310101.0,rgph2024_logement_urbain,80.0
larache,commune,,,age_logement_par_type,Appartement,Moins de 20 ans,86.6,%,13310101.0,rgph2024_logement_urbain,80.0
larache,commune,,,age_logement_par_type,Appartement,De 20 à moins de 50 ans,11.4,%,13310101.0,rgph2024_logement_urbain,80.0
larache,commune,,,age_logement_par_type,Appartement,50 ans et plus,2.1,%,13310101.0,rgph2024_logement_urbain,80.0
larache,commune,,,age_logement_par_type,Maison marocaine traditionnelle,Moins de 20 ans,16.4,%,13310101.0,rgph2024_logement_urbain,80.0
larache,commune,,,age_logement_par_type,Maison marocaine traditionnelle,De 20 à moins de 50 ans,38.3,%,13310101.0,rgph2024_logement_urbain,80.0
larache,commune,,,age_logement_par_type,Maison marocaine traditionnelle,50 ans et plus,45.3,%,13310101.0,rgph2024_logement_urbain,80.0
larache,commune,,,age_logement_par_type,Maison marocaine moderne,Moins de 20 ans,57.7,%,13310101.0,rgph2024_logement_urbain,80.0
larache,commune,,,age_logement_par_type,Maison marocaine moderne,De 20 à moins de 50 ans,38.9,%,13310101.0,rgph2024_logement_urbain,80.0
larache,commune,,,age_logement_par_type,Maison marocaine moderne,50 ans et plus,3.4,%,13310101.0,rgph2024_logement_urbain,80.0
larache,commune,,,age_logement_par_type,Total non précaire,Moins de 20 ans,58.6,%,13310101.0,rgph2024_logement_urbain,80.0
larache,commune,,,age_logement_par_type,Total non précaire,De 20 à moins de 50 ans,36.1,%,13310101.0,rgph2024_logement_urbain,80.0
larache,commune,,,age_logement_par_type,Total non précaire,50 ans et plus,5.3,%,13310101.0,rgph2024_logement_urbain,80.0
larache,commune,,,age_logement_par_type,Maison sommaire ou bidonville,Moins de 20 ans,52.9,%,13310101.0,rgph2024_logement_urbain,80.0
larache,commune,,,age_logement_par_type,Maison sommaire ou bidonville,De 20 à moins de 50 ans,29.4,%,13310101.0,rgph2024_logement_urbain,80.0
larache,commune,,,age_logement_par_type,Maison sommaire ou bidonville,50 ans et plus,17.6,%,13310101.0,rgph2024_logement_urbain,80.0
larache,commune,,,age_logement_par_type,Logement en type rural,Moins de 20 ans,46.4,%,13310101.0,rgph2024_logement_urbain,80.0
larache,commune,,,age_logement_par_type,Logement en type rural,De 20 à moins de 50 ans,53.6,%,13310101.0,rgph2024_logement_urbain,80.0
larache,commune,,,age_logement_par_type,Logement en type rural,50 ans et plus,0.0,%,13310101.0,rgph2024_logement_urbain,80.0
larache,commune,,,age_logement_par_type,Autres type,Moins de 20 ans,43.5,%,13310101.0,rgph2024_logement_urbain,80.0
larache,commune,,,age_logement_par_type,Autres type,De 20 à moins de 50 ans,27.7,%,13310101.0,rgph2024_logement_urbain,80.0
larache,commune,,,age_logement_par_type,Autres type,50 ans et plus,28.8,%,13310101.0,rgph2024_logement_urbain,80.0
larache,commune,,,age_logement_par_type,Total précaire,Moins de 20 ans,46.2,%,13310101.0,rgph2024_logement_urbain,80.0
larache,commune,,,age_logement_par_type,Total précaire,De 20 à moins de 50 ans,30.3,%,13310101.0,rgph2024_logement_urbain,80.0
larache,commune,,,age_logement_par_type,Total précaire,50 ans et plus,23.5,%,13310101.0,rgph2024_logement_urbain,80.0
larache,commune,,,materiaux_murs,,"Béton armé, briques avec mortier",99.72453264437466,%,13310101.0,rgph2024_logement_urbain,80.0
larache,commune,,,materiaux_murs,,Pierre agglomérée avec mortier,0.1918050664839051,%,13310101.0,rgph2024_logement_urbain,80.0
larache,commune,,,materiaux_murs,,Autres,0.0836622891414722,%,13310101.0,rgph2024_logement_urbain,80.0
larache,commune,,,materiaux_toits,,Dalle,98.7555110028316,%,13310101.0,rgph2024_logement_urbain,80.0
larache,commune,,,materiaux_toits,,"Planches, bois ou tuiles",1.0808337371541898,%,13310101.0,rgph2024_logement_urbain,80.0
larache,commune,,,materiaux_toits,,Tôle en ciment ou en zinc,0.0634107881215143,%,13310101.0,rgph2024_logement_urbain,80.0
larache,commune,,,materiaux_toits,,Autres,0.1002444718930718,%,13310101.0,rgph2024_logement_urbain,80.0
larache,commune,,,services_base,,Réseau public d'électricité,94.61849225807332,%,13310101.0,rgph2024_logement_urbain,80.0
larache,commune,,,services_base,,Réseau public d'eau,94.84048851698672,%,13310101.0,rgph2024_logement_urbain,80.0
larache,commune,,,services_base,,Réseau public d'assainissement,97.8131245148664,%,13310101.0,rgph2024_logement_urbain,80.0
larache,commune,,,deficit_logement,,Taux de déficit quantitatif en logement (%),0.7,%,13310101.0,rgph2024_logement_urbain,80.0
larache,commune,,,total_logements,,Total des logements urbains,49584.0,logements,13310103.0,rgph2024_logement_urbain,81.0
larache,commune,,,nature_occupation,,Logement occupé,70.04678928686975,%,13310103.0,rgph2024_logement_urbain,81.0
larache,commune,,,nature_occupation,Logement non occupé,Logement vacants,10.261374636979708,%,13310103.0,rgph2024_logement_urbain,81.0
larache,commune,,,nature_occupation,Logement non occupé,Logement secondaire/saisonnier,19.691836076153667,%,13310103.0,rgph2024_logement_urbain,81.0
larache,commune,,,nature_occupation,Logement non occupé,Total logement non occupé,29.953210713133373,%,13310103.0,rgph2024_logement_urbain,81.0
larache,commune,,,type_logement,Logement non précaire ou salubre,Villa ou niveau de villa,1.9,%,13310103.0,rgph2024_logement_urbain,81.0
larache,commune,,,type_logement,Logement non précaire ou salubre,Appartement,20.2,%,13310103.0,rgph2024_logement_urbain,81.0
larache,commune,,,type_logement,Logement non précaire ou salubre,Maison marocaine traditionnelle,4.5,%,13310103.0,rgph2024_logement_urbain,81.0
larache,commune,,,type_logement,Logement non précaire ou salubre,Maison marocaine moderne,64.0,%,13310103.0,rgph2024_logement_urbain,81.0
larache,commune,,,type_logement,Logement non précaire ou salubre,Total non précaire,90.7,%,13310103.0,rgph2024_logement_urbain,81.0
larache,commune,,,type_logement,Logement précaire,Maison sommaire ou bidonville,7.8,%,13310103.0,rgph2024_logement_urbain,81.0
larache,commune,,,type_logement,Logement précaire,Logement en type rural,1.1,%,13310103.0,rgph2024_logement_urbain,81.0
larache,commune,,,type_logement,Logement précaire,Autres type,0.5,%,13310103.0,rgph2024_logement_urbain,81.0
larache,commune,,,type_logement,Logement précaire,Total précaire,9.3,%,13310103.0,rgph2024_logement_urbain,81.0
larache,commune,,,age_logement,,Moins de 20 ans,53.2,%,13310103.0,rgph2024_logement_urbain,81.0
larache,commune,,,age_logement,,De 20 à moins de 50 ans,38.6,%,13310103.0,rgph2024_logement_urbain,81.0
larache,commune,,,age_logement,,50 ans et plus,8.2,%,13310103.0,rgph2024_logement_urbain,81.0
larache,commune,,,age_logement_par_type,Villa ou niveau de villa,Moins de 20 ans,71.4,%,13310103.0,rgph2024_logement_urbain,81.0
larache,commune,,,age_logement_par_type,Villa ou niveau de villa,De 20 à moins de 50 ans,24.8,%,13310103.0,rgph2024_logement_urbain,81.0
larache,commune,,,age_logement_par_type,Villa ou niveau de villa,50 ans et plus,3.8,%,13310103.0,rgph2024_logement_urbain,81.0
larache,commune,,,age_logement_par_type,Appartement,Moins de 20 ans,78.0,%,13310103.0,rgph2024_logement_urbain,81.0
larache,commune,,,age_logement_par_type,Appartement,De 20 à moins de 50 ans,18.7,%,13310103.0,rgph2024_logement_urbain,81.0
larache,commune,,,age_logement_par_type,Appartement,50 ans et plus,3.2,%,13310103.0,rgph2024_logement_urbain,81.0
larache,commune,,,age_logement_par_type,Maison marocaine traditionnelle,Moins de 20 ans,11.1,%,13310103.0,rgph2024_logement_urbain,81.0
larache,commune,,,age_logement_par_type,Maison marocaine traditionnelle,De 20 à moins de 50 ans,19.7,%,13310103.0,rgph2024_logement_urbain,81.0
larache,commune,,,age_logement_par_type,Maison marocaine traditionnelle,50 ans et plus,69.2,%,13310103.0,rgph2024_logement_urbain,81.0
larache,commune,,,age_logement_par_type,Maison marocaine moderne,Moins de 20 ans,51.9,%,13310103.0,rgph2024_logement_urbain,81.0
larache,commune,,,age_logement_par_type,Maison marocaine moderne,De 20 à moins de 50 ans,43.8,%,13310103.0,rgph2024_logement_urbain,81.0
larache,commune,,,age_logement_par_type,Maison marocaine moderne,50 ans et plus,4.4,%,13310103.0,rgph2024_logement_urbain,81.0
larache,commune,,,age_logement_par_type,Total non précaire,Moins de 20 ans,56.1,%,13310103.0,rgph2024_logement_urbain,81.0
larache,commune,,,age_logement_par_type,Total non précaire,De 20 à moins de 50 ans,36.6,%,13310103.0,rgph2024_logement_urbain,81.0
larache,commune,,,age_logement_par_type,Total non précaire,50 ans et plus,7.4,%,13310103.0,rgph2024_logement_urbain,81.0
larache,commune,,,age_logement_par_type,Maison sommaire ou bidonville,Moins de 20 ans,20.5,%,13310103.0,rgph2024_logement_urbain,81.0
larache,commune,,,age_logement_par_type,Maison sommaire ou bidonville,De 20 à moins de 50 ans,61.4,%,13310103.0,rgph2024_logement_urbain,81.0
larache,commune,,,age_logement_par_type,Maison sommaire ou bidonville,50 ans et plus,18.2,%,13310103.0,rgph2024_logement_urbain,81.0
larache,commune,,,age_logement_par_type,Logement en type rural,Moins de 20 ans,50.4,%,13310103.0,rgph2024_logement_urbain,81.0
larache,commune,,,age_logement_par_type,Logement en type rural,De 20 à moins de 50 ans,43.1,%,13310103.0,rgph2024_logement_urbain,81.0
larache,commune,,,age_logement_par_type,Logement en type rural,50 ans et plus,6.5,%,13310103.0,rgph2024_logement_urbain,81.0
larache,commune,,,age_logement_par_type,Autres type,Moins de 20 ans,46.1,%,13310103.0,rgph2024_logement_urbain,81.0
larache,commune,,,age_logement_par_type,Autres type,De 20 à moins de 50 ans,39.0,%,13310103.0,rgph2024_logement_urbain,81.0
larache,commune,,,age_logement_par_type,Autres type,50 ans et plus,14.8,%,13310103.0,rgph2024_logement_urbain,81.0
larache,commune,,,age_logement_par_type,Total précaire,Moins de 20 ans,25.2,%,13310103.0,rgph2024_logement_urbain,81.0
larache,commune,,,age_logement_par_type,Total précaire,De 20 à moins de 50 ans,58.2,%,13310103.0,rgph2024_logement_urbain,81.0
larache,commune,,,age_logement_par_type,Total précaire,50 ans et plus,16.7,%,13310103.0,rgph2024_logement_urbain,81.0
larache,commune,,,materiaux_murs,,"Béton armé, briques avec mortier",96.48912621367307,%,13310103.0,rgph2024_logement_urbain,81.0
larache,commune,,,materiaux_murs,,Pierre agglomérée avec mortier,1.9849523401192488,%,13310103.0,rgph2024_logement_urbain,81.0
larache,commune,,,materiaux_murs,,Autres,1.5259214462078674,%,13310103.0,rgph2024_logement_urbain,81.0
larache,commune,,,materiaux_toits,,Dalle,92.01416718983072,%,13310103.0,rgph2024_logement_urbain,81.0
larache,commune,,,materiaux_toits,,"Planches, bois ou tuiles",1.2681312465110566,%,13310103.0,rgph2024_logement_urbain,81.0
larache,commune,,,materiaux_toits,,Tôle en ciment ou en zinc,2.2215168967679424,%,13310103.0,rgph2024_logement_urbain,81.0
larache,commune,,,materiaux_toits,,Autres,4.496184666889946,%,13310103.0,rgph2024_logement_urbain,81.0
larache,commune,,,services_base,,Réseau public d'électricité,94.28481122465244,%,13310103.0,rgph2024_logement_urbain,81.0
larache,commune,,,services_base,,Réseau public d'eau,90.5659362678271,%,13310103.0,rgph2024_logement_urbain,81.0
larache,commune,,,services_base,,Réseau public d'assainissement,92.80446731080008,%,13310103.0,rgph2024_logement_urbain,81.0
larache,commune,,,deficit_logement,,Taux de déficit quantitatif en logement (%),13.7,%,13310103.0,rgph2024_logement_urbain,81.0
larache,cercle,,,total_logements,,Total des logements urbains,2695.0,logements,133107.0,rgph2024_logement_urbain,16.0
larache,cercle,,,nature_occupation,,Logement occupé,77.84786641929504,%,133107.0,rgph2024_logement_urbain,16.0
larache,cercle,,,nature_occupation,Logement non occupé,Logement vacants,9.907235621521329,%,133107.0,rgph2024_logement_urbain,16.0
larache,cercle,,,nature_occupation,Logement non occupé,Logement secondaire/saisonnier,12.244897959183664,%,133107.0,rgph2024_logement_urbain,16.0
larache,cercle,,,nature_occupation,Logement non occupé,Total logement non occupé,22.15213358070499,%,133107.0,rgph2024_logement_urbain,16.0
larache,cercle,,,type_logement,Logement non précaire ou salubre,Villa ou niveau de villa,0.2,%,133107.0,rgph2024_logement_urbain,16.0
larache,cercle,,,type_logement,Logement non précaire ou salubre,Appartement,0.3,%,133107.0,rgph2024_logement_urbain,16.0
larache,cercle,,,type_logement,Logement non précaire ou salubre,Maison marocaine traditionnelle,0.6,%,133107.0,rgph2024_logement_urbain,16.0
larache,cercle,,,type_logement,Logement non précaire ou salubre,Maison marocaine moderne,95.3,%,133107.0,rgph2024_logement_urbain,16.0
larache,cercle,,,type_logement,Logement non précaire ou salubre,Total non précaire,96.4,%,133107.0,rgph2024_logement_urbain,16.0
larache,cercle,,,type_logement,Logement précaire,Maison sommaire ou bidonville,2.3,%,133107.0,rgph2024_logement_urbain,16.0
larache,cercle,,,type_logement,Logement précaire,Logement en type rural,0.9,%,133107.0,rgph2024_logement_urbain,16.0
larache,cercle,,,type_logement,Logement précaire,Autres type,0.4,%,133107.0,rgph2024_logement_urbain,16.0
larache,cercle,,,type_logement,Logement précaire,Total précaire,3.6,%,133107.0,rgph2024_logement_urbain,16.0
larache,cercle,,,age_logement,,Moins de 20 ans,66.1,%,133107.0,rgph2024_logement_urbain,16.0
larache,cercle,,,age_logement,,De 20 à moins de 50 ans,24.2,%,133107.0,rgph2024_logement_urbain,16.0
larache,cercle,,,age_logement,,50 ans et plus,9.6,%,133107.0,rgph2024_logement_urbain,16.0
larache,cercle,,,age_logement_par_type,Villa ou niveau de villa,Moins de 20 ans,40.0,%,133107.0,rgph2024_logement_urbain,16.0
larache,cercle,,,age_logement_par_type,Villa ou niveau de villa,De 20 à moins de 50 ans,40.0,%,133107.0,rgph2024_logement_urbain,16.0
larache,cercle,,,age_logement_par_type,Villa ou niveau de villa,50 ans et plus,20.0,%,133107.0,rgph2024_logement_urbain,16.0
larache,cercle,,,age_logement_par_type,Appartement,Moins de 20 ans,0.0,%,133107.0,rgph2024_logement_urbain,16.0
larache,cercle,,,age_logement_par_type,Appartement,De 20 à moins de 50 ans,100.0,%,133107.0,rgph2024_logement_urbain,16.0
larache,cercle,,,age_logement_par_type,Appartement,50 ans et plus,0.0,%,133107.0,rgph2024_logement_urbain,16.0
larache,cercle,,,age_logement_par_type,Maison marocaine traditionnelle,Moins de 20 ans,35.3,%,133107.0,rgph2024_logement_urbain,16.0
larache,cercle,,,age_logement_par_type,Maison marocaine traditionnelle,De 20 à moins de 50 ans,29.4,%,133107.0,rgph2024_logement_urbain,16.0
larache,cercle,,,age_logement_par_type,Maison marocaine traditionnelle,50 ans et plus,35.3,%,133107.0,rgph2024_logement_urbain,16.0
larache,cercle,,,age_logement_par_type,Maison marocaine moderne,Moins de 20 ans,66.9,%,133107.0,rgph2024_logement_urbain,16.0
larache,cercle,,,age_logement_par_type,Maison marocaine moderne,De 20 à moins de 50 ans,23.5,%,133107.0,rgph2024_logement_urbain,16.0
larache,cercle,,,age_logement_par_type,Maison marocaine moderne,50 ans et plus,9.7,%,133107.0,rgph2024_logement_urbain,16.0
larache,cercle,,,age_logement_par_type,Total non précaire,Moins de 20 ans,66.4,%,133107.0,rgph2024_logement_urbain,16.0
larache,cercle,,,age_logement_par_type,Total non précaire,De 20 à moins de 50 ans,23.8,%,133107.0,rgph2024_logement_urbain,16.0
larache,cercle,,,age_logement_par_type,Total non précaire,50 ans et plus,9.8,%,133107.0,rgph2024_logement_urbain,16.0
larache,cercle,,,age_logement_par_type,Maison sommaire ou bidonville,Moins de 20 ans,55.6,%,133107.0,rgph2024_logement_urbain,16.0
larache,cercle,,,age_logement_par_type,Maison sommaire ou bidonville,De 20 à moins de 50 ans,44.4,%,133107.0,rgph2024_logement_urbain,16.0
larache,cercle,,,age_logement_par_type,Maison sommaire ou bidonville,50 ans et plus,0.0,%,133107.0,rgph2024_logement_urbain,16.0
larache,cercle,,,age_logement_par_type,Logement en type rural,Moins de 20 ans,50.0,%,133107.0,rgph2024_logement_urbain,16.0
larache,cercle,,,age_logement_par_type,Logement en type rural,De 20 à moins de 50 ans,33.3,%,133107.0,rgph2024_logement_urbain,16.0
larache,cercle,,,age_logement_par_type,Logement en type rural,50 ans et plus,16.7,%,133107.0,rgph2024_logement_urbain,16.0
larache,cercle,,,age_logement_par_type,Autres type,Moins de 20 ans,100.0,%,133107.0,rgph2024_logement_urbain,16.0
larache,cercle,,,age_logement_par_type,Autres type,De 20 à moins de 50 ans,0.0,%,133107.0,rgph2024_logement_urbain,16.0
larache,cercle,,,age_logement_par_type,Autres type,50 ans et plus,0.0,%,133107.0,rgph2024_logement_urbain,16.0
larache,cercle,,,age_logement_par_type,Total précaire,Moins de 20 ans,58.9,%,133107.0,rgph2024_logement_urbain,16.0
larache,cercle,,,age_logement_par_type,Total précaire,De 20 à moins de 50 ans,37.2,%,133107.0,rgph2024_logement_urbain,16.0
larache,cercle,,,age_logement_par_type,Total précaire,50 ans et plus,4.0,%,133107.0,rgph2024_logement_urbain,16.0
larache,cercle,,,materiaux_murs,,"Béton armé, briques avec mortier",99.15423163274166,%,133107.0,rgph2024_logement_urbain,16.0
larache,cercle,,,materiaux_murs,,Pierre agglomérée avec mortier,0.0,%,133107.0,rgph2024_logement_urbain,16.0
larache,cercle,,,materiaux_murs,,Autres,0.8457683672583418,%,133107.0,rgph2024_logement_urbain,16.0
larache,cercle,,,materiaux_toits,,Dalle,95.90063400121004,%,133107.0,rgph2024_logement_urbain,16.0
larache,cercle,,,materiaux_toits,,"Planches, bois ou tuiles",1.4608883623589697,%,133107.0,rgph2024_logement_urbain,16.0
larache,cercle,,,materiaux_toits,,Tôle en ciment ou en zinc,0.0,%,133107.0,rgph2024_logement_urbain,16.0
larache,cercle,,,materiaux_toits,,Autres,2.6384776364309803,%,133107.0,rgph2024_logement_urbain,16.0
larache,cercle,,,services_base,,Réseau public d'électricité,87.25373018603052,%,133107.0,rgph2024_logement_urbain,16.0
larache,cercle,,,services_base,,Réseau public d'eau,19.927708225203386,%,133107.0,rgph2024_logement_urbain,16.0
larache,cercle,,,services_base,,Réseau public d'assainissement,20.534242863785785,%,133107.0,rgph2024_logement_urbain,16.0
larache,cercle,,,deficit_logement,,Taux de déficit quantitatif en logement (%),4.6,%,133107.0,rgph2024_logement_urbain,16.0
larache,commune,,,total_logements,,Total des logements urbains,2695.0,logements,13310705.0,rgph2024_logement_urbain,82.0
larache,commune,,,nature_occupation,,Logement occupé,77.84786641929504,%,13310705.0,rgph2024_logement_urbain,82.0
larache,commune,,,nature_occupation,Logement non occupé,Logement vacants,9.907235621521329,%,13310705.0,rgph2024_logement_urbain,82.0
larache,commune,,,nature_occupation,Logement non occupé,Logement secondaire/saisonnier,12.244897959183664,%,13310705.0,rgph2024_logement_urbain,82.0
larache,commune,,,nature_occupation,Logement non occupé,Total logement non occupé,22.15213358070499,%,13310705.0,rgph2024_logement_urbain,82.0
larache,commune,,,type_logement,Logement non précaire ou salubre,Villa ou niveau de villa,0.2,%,13310705.0,rgph2024_logement_urbain,82.0
larache,commune,,,type_logement,Logement non précaire ou salubre,Appartement,0.3,%,13310705.0,rgph2024_logement_urbain,82.0
larache,commune,,,type_logement,Logement non précaire ou salubre,Maison marocaine traditionnelle,0.6,%,13310705.0,rgph2024_logement_urbain,82.0
larache,commune,,,type_logement,Logement non précaire ou salubre,Maison marocaine moderne,95.3,%,13310705.0,rgph2024_logement_urbain,82.0
larache,commune,,,type_logement,Logement non précaire ou salubre,Total non précaire,96.4,%,13310705.0,rgph2024_logement_urbain,82.0
larache,commune,,,type_logement,Logement précaire,Maison sommaire ou bidonville,2.3,%,13310705.0,rgph2024_logement_urbain,82.0
larache,commune,,,type_logement,Logement précaire,Logement en type rural,0.9,%,13310705.0,rgph2024_logement_urbain,82.0
larache,commune,,,type_logement,Logement précaire,Autres type,0.4,%,13310705.0,rgph2024_logement_urbain,82.0
larache,commune,,,type_logement,Logement précaire,Total précaire,3.6,%,13310705.0,rgph2024_logement_urbain,82.0
larache,commune,,,age_logement,,Moins de 20 ans,66.1,%,13310705.0,rgph2024_logement_urbain,82.0
larache,commune,,,age_logement,,De 20 à moins de 50 ans,24.2,%,13310705.0,rgph2024_logement_urbain,82.0
larache,commune,,,age_logement,,50 ans et plus,9.6,%,13310705.0,rgph2024_logement_urbain,82.0
larache,commune,,,age_logement_par_type,Villa ou niveau de villa,Moins de 20 ans,40.0,%,13310705.0,rgph2024_logement_urbain,82.0
larache,commune,,,age_logement_par_type,Villa ou niveau de villa,De 20 à moins de 50 ans,40.0,%,13310705.0,rgph2024_logement_urbain,82.0
larache,commune,,,age_logement_par_type,Villa ou niveau de villa,50 ans et plus,20.0,%,13310705.0,rgph2024_logement_urbain,82.0
larache,commune,,,age_logement_par_type,Appartement,Moins de 20 ans,0.0,%,13310705.0,rgph2024_logement_urbain,82.0
larache,commune,,,age_logement_par_type,Appartement,De 20 à moins de 50 ans,100.0,%,13310705.0,rgph2024_logement_urbain,82.0
larache,commune,,,age_logement_par_type,Appartement,50 ans et plus,0.0,%,13310705.0,rgph2024_logement_urbain,82.0
larache,commune,,,age_logement_par_type,Maison marocaine traditionnelle,Moins de 20 ans,35.3,%,13310705.0,rgph2024_logement_urbain,82.0
larache,commune,,,age_logement_par_type,Maison marocaine traditionnelle,De 20 à moins de 50 ans,29.4,%,13310705.0,rgph2024_logement_urbain,82.0
larache,commune,,,age_logement_par_type,Maison marocaine traditionnelle,50 ans et plus,35.3,%,13310705.0,rgph2024_logement_urbain,82.0
larache,commune,,,age_logement_par_type,Maison marocaine moderne,Moins de 20 ans,66.9,%,13310705.0,rgph2024_logement_urbain,82.0
larache,commune,,,age_logement_par_type,Maison marocaine moderne,De 20 à moins de 50 ans,23.5,%,13310705.0,rgph2024_logement_urbain,82.0
larache,commune,,,age_logement_par_type,Maison marocaine moderne,50 ans et plus,9.7,%,13310705.0,rgph2024_logement_urbain,82.0
larache,commune,,,age_logement_par_type,Total non précaire,Moins de 20 ans,66.4,%,13310705.0,rgph2024_logement_urbain,82.0
larache,commune,,,age_logement_par_type,Total non précaire,De 20 à moins de 50 ans,23.8,%,13310705.0,rgph2024_logement_urbain,82.0
larache,commune,,,age_logement_par_type,Total non précaire,50 ans et plus,9.8,%,13310705.0,rgph2024_logement_urbain,82.0
larache,commune,,,age_logement_par_type,Maison sommaire ou bidonville,Moins de 20 ans,55.6,%,13310705.0,rgph2024_logement_urbain,82.0
larache,commune,,,age_logement_par_type,Maison sommaire ou bidonville,De 20 à moins de 50 ans,44.4,%,13310705.0,rgph2024_logement_urbain,82.0
larache,commune,,,age_logement_par_type,Maison sommaire ou bidonville,50 ans et plus,0.0,%,13310705.0,rgph2024_logement_urbain,82.0
larache,commune,,,age_logement_par_type,Logement en type rural,Moins de 20 ans,50.0,%,13310705.0,rgph2024_logement_urbain,82.0
larache,commune,,,age_logement_par_type,Logement en type rural,De 20 à moins de 50 ans,33.3,%,13310705.0,rgph2024_logement_urbain,82.0
larache,commune,,,age_logement_par_type,Logement en type rural,50 ans et plus,16.7,%,13310705.0,rgph2024_logement_urbain,82.0
larache,commune,,,age_logement_par_type,Autres type,Moins de 20 ans,100.0,%,13310705.0,rgph2024_logement_urbain,82.0
larache,commune,,,age_logement_par_type,Autres type,De 20 à moins de 50 ans,0.0,%,13310705.0,rgph2024_logement_urbain,82.0
larache,commune,,,age_logement_par_type,Autres type,50 ans et plus,0.0,%,13310705.0,rgph2024_logement_urbain,82.0
larache,commune,,,age_logement_par_type,Total précaire,Moins de 20 ans,58.9,%,13310705.0,rgph2024_logement_urbain,82.0
larache,commune,,,age_logement_par_type,Total précaire,De 20 à moins de 50 ans,37.2,%,13310705.0,rgph2024_logement_urbain,82.0
larache,commune,,,age_logement_par_type,Total précaire,50 ans et plus,4.0,%,13310705.0,rgph2024_logement_urbain,82.0
larache,commune,,,materiaux_murs,,"Béton armé, briques avec mortier",99.15423163274166,%,13310705.0,rgph2024_logement_urbain,82.0
larache,commune,,,materiaux_murs,,Pierre agglomérée avec mortier,0.0,%,13310705.0,rgph2024_logement_urbain,82.0
larache,commune,,,materiaux_murs,,Autres,0.8457683672583418,%,13310705.0,rgph2024_logement_urbain,82.0
larache,commune,,,materiaux_toits,,Dalle,95.90063400121004,%,13310705.0,rgph2024_logement_urbain,82.0
larache,commune,,,materiaux_toits,,"Planches, bois ou tuiles",1.4608883623589697,%,13310705.0,rgph2024_logement_urbain,82.0
larache,commune,,,materiaux_toits,,Tôle en ciment ou en zinc,0.0,%,13310705.0,rgph2024_logement_urbain,82.0
larache,commune,,,materiaux_toits,,Autres,2.6384776364309803,%,13310705.0,rgph2024_logement_urbain,82.0
larache,commune,,,services_base,,Réseau public d'électricité,87.25373018603052,%,13310705.0,rgph2024_logement_urbain,82.0
larache,commune,,,services_base,,Réseau public d'eau,19.927708225203386,%,13310705.0,rgph2024_logement_urbain,82.0
larache,commune,,,services_base,,Réseau public d'assainissement,20.534242863785785,%,13310705.0,rgph2024_logement_urbain,82.0
larache,commune,,,deficit_logement,,Taux de déficit quantitatif en logement (%),4.6,%,13310705.0,rgph2024_logement_urbain,82.0
larache,centre_urbain,,,total_logements,,Total des logements urbains,2695.0,logements,133107053.0,rgph2024_logement_urbain,189.0
larache,centre_urbain,,,nature_occupation,,Logement occupé,77.84786641929504,%,133107053.0,rgph2024_logement_urbain,189.0
larache,centre_urbain,,,nature_occupation,Logement non occupé,Logement vacants,9.907235621521329,%,133107053.0,rgph2024_logement_urbain,189.0
larache,centre_urbain,,,nature_occupation,Logement non occupé,Logement secondaire/saisonnier,12.244897959183664,%,133107053.0,rgph2024_logement_urbain,189.0
larache,centre_urbain,,,nature_occupation,Logement non occupé,Total logement non occupé,22.15213358070499,%,133107053.0,rgph2024_logement_urbain,189.0
larache,centre_urbain,,,type_logement,Logement non précaire ou salubre,Villa ou niveau de villa,0.2,%,133107053.0,rgph2024_logement_urbain,189.0
larache,centre_urbain,,,type_logement,Logement non précaire ou salubre,Appartement,0.3,%,133107053.0,rgph2024_logement_urbain,189.0
larache,centre_urbain,,,type_logement,Logement non précaire ou salubre,Maison marocaine traditionnelle,0.6,%,133107053.0,rgph2024_logement_urbain,189.0
larache,centre_urbain,,,type_logement,Logement non précaire ou salubre,Maison marocaine moderne,95.3,%,133107053.0,rgph2024_logement_urbain,189.0
larache,centre_urbain,,,type_logement,Logement non précaire ou salubre,Total non précaire,96.4,%,133107053.0,rgph2024_logement_urbain,189.0
larache,centre_urbain,,,type_logement,Logement précaire,Maison sommaire ou bidonville,2.3,%,133107053.0,rgph2024_logement_urbain,189.0
larache,centre_urbain,,,type_logement,Logement précaire,Logement en type rural,0.9,%,133107053.0,rgph2024_logement_urbain,189.0
larache,centre_urbain,,,type_logement,Logement précaire,Autres type,0.4,%,133107053.0,rgph2024_logement_urbain,189.0
larache,centre_urbain,,,type_logement,Logement précaire,Total précaire,3.6,%,133107053.0,rgph2024_logement_urbain,189.0
larache,centre_urbain,,,age_logement,,Moins de 20 ans,66.1,%,133107053.0,rgph2024_logement_urbain,189.0
larache,centre_urbain,,,age_logement,,De 20 à moins de 50 ans,24.2,%,133107053.0,rgph2024_logement_urbain,189.0
larache,centre_urbain,,,age_logement,,50 ans et plus,9.6,%,133107053.0,rgph2024_logement_urbain,189.0
larache,centre_urbain,,,age_logement_par_type,Villa ou niveau de villa,Moins de 20 ans,40.0,%,133107053.0,rgph2024_logement_urbain,189.0
larache,centre_urbain,,,age_logement_par_type,Villa ou niveau de villa,De 20 à moins de 50 ans,40.0,%,133107053.0,rgph2024_logement_urbain,189.0
larache,centre_urbain,,,age_logement_par_type,Villa ou niveau de villa,50 ans et plus,20.0,%,133107053.0,rgph2024_logement_urbain,189.0
larache,centre_urbain,,,age_logement_par_type,Appartement,Moins de 20 ans,0.0,%,133107053.0,rgph2024_logement_urbain,189.0
larache,centre_urbain,,,age_logement_par_type,Appartement,De 20 à moins de 50 ans,100.0,%,133107053.0,rgph2024_logement_urbain,189.0
larache,centre_urbain,,,age_logement_par_type,Appartement,50 ans et plus,0.0,%,133107053.0,rgph2024_logement_urbain,189.0
larache,centre_urbain,,,age_logement_par_type,Maison marocaine traditionnelle,Moins de 20 ans,35.3,%,133107053.0,rgph2024_logement_urbain,189.0
larache,centre_urbain,,,age_logement_par_type,Maison marocaine traditionnelle,De 20 à moins de 50 ans,29.4,%,133107053.0,rgph2024_logement_urbain,189.0
larache,centre_urbain,,,age_logement_par_type,Maison marocaine traditionnelle,50 ans et plus,35.3,%,133107053.0,rgph2024_logement_urbain,189.0
larache,centre_urbain,,,age_logement_par_type,Maison marocaine moderne,Moins de 20 ans,66.9,%,133107053.0,rgph2024_logement_urbain,189.0
larache,centre_urbain,,,age_logement_par_type,Maison marocaine moderne,De 20 à moins de 50 ans,23.5,%,133107053.0,rgph2024_logement_urbain,189.0
larache,centre_urbain,,,age_logement_par_type,Maison marocaine moderne,50 ans et plus,9.7,%,133107053.0,rgph2024_logement_urbain,189.0
larache,centre_urbain,,,age_logement_par_type,Total non précaire,Moins de 20 ans,66.4,%,133107053.0,rgph2024_logement_urbain,189.0
larache,centre_urbain,,,age_logement_par_type,Total non précaire,De 20 à moins de 50 ans,23.8,%,133107053.0,rgph2024_logement_urbain,189.0
larache,centre_urbain,,,age_logement_par_type,Total non précaire,50 ans et plus,9.8,%,133107053.0,rgph2024_logement_urbain,189.0
larache,centre_urbain,,,age_logement_par_type,Maison sommaire ou bidonville,Moins de 20 ans,55.6,%,133107053.0,rgph2024_logement_urbain,189.0
larache,centre_urbain,,,age_logement_par_type,Maison sommaire ou bidonville,De 20 à moins de 50 ans,44.4,%,133107053.0,rgph2024_logement_urbain,189.0
larache,centre_urbain,,,age_logement_par_type,Maison sommaire ou bidonville,50 ans et plus,0.0,%,133107053.0,rgph2024_logement_urbain,189.0
larache,centre_urbain,,,age_logement_par_type,Logement en type rural,Moins de 20 ans,50.0,%,133107053.0,rgph2024_logement_urbain,189.0
larache,centre_urbain,,,age_logement_par_type,Logement en type rural,De 20 à moins de 50 ans,33.3,%,133107053.0,rgph2024_logement_urbain,189.0
larache,centre_urbain,,,age_logement_par_type,Logement en type rural,50 ans et plus,16.7,%,133107053.0,rgph2024_logement_urbain,189.0
larache,centre_urbain,,,age_logement_par_type,Autres type,Moins de 20 ans,100.0,%,133107053.0,rgph2024_logement_urbain,189.0
larache,centre_urbain,,,age_logement_par_type,Autres type,De 20 à moins de 50 ans,0.0,%,133107053.0,rgph2024_logement_urbain,189.0
larache,centre_urbain,,,age_logement_par_type,Autres type,50 ans et plus,0.0,%,133107053.0,rgph2024_logement_urbain,189.0
larache,centre_urbain,,,age_logement_par_type,Total précaire,Moins de 20 ans,58.9,%,133107053.0,rgph2024_logement_urbain,189.0
larache,centre_urbain,,,age_logement_par_type,Total précaire,De 20 à moins de 50 ans,37.2,%,133107053.0,rgph2024_logement_urbain,189.0
larache,centre_urbain,,,age_logement_par_type,Total précaire,50 ans et plus,4.0,%,133107053.0,rgph2024_logement_urbain,189.0
larache,centre_urbain,,,materiaux_murs,,"Béton armé, briques avec mortier",99.15423163274166,%,133107053.0,rgph2024_logement_urbain,189.0
larache,centre_urbain,,,materiaux_murs,,Pierre agglomérée avec mortier,0.0,%,133107053.0,rgph2024_logement_urbain,189.0
larache,centre_urbain,,,materiaux_murs,,Autres,0.8457683672583418,%,133107053.0,rgph2024_logement_urbain,189.0
larache,centre_urbain,,,materiaux_toits,,Dalle,95.90063400121004,%,133107053.0,rgph2024_logement_urbain,189.0
larache,centre_urbain,,,materiaux_toits,,"Planches, bois ou tuiles",1.4608883623589697,%,133107053.0,rgph2024_logement_urbain,189.0
larache,centre_urbain,,,materiaux_toits,,Tôle en ciment ou en zinc,0.0,%,133107053.0,rgph2024_logement_urbain,189.0
larache,centre_urbain,,,materiaux_toits,,Autres,2.6384776364309803,%,133107053.0,rgph2024_logement_urbain,189.0
larache,centre_urbain,,,services_base,,Réseau public d'électricité,87.25373018603052,%,133107053.0,rgph2024_logement_urbain,189.0
larache,centre_urbain,,,services_base,,Réseau public d'eau,19.927708225203386,%,133107053.0,rgph2024_logement_urbain,189.0
larache,centre_urbain,,,services_base,,Réseau public d'assainissement,20.534242863785785,%,133107053.0,rgph2024_logement_urbain,189.0
larache,centre_urbain,,,deficit_logement,,Taux de déficit quantitatif en logement (%),4.6,%,133107053.0,rgph2024_logement_urbain,189.0
larache,cercle,,,total_logements,,Total des logements urbains,2218.0,logements,133111.0,rgph2024_logement_urbain,18.0
larache,cercle,,,nature_occupation,,Logement occupé,76.14968440036068,%,133111.0,rgph2024_logement_urbain,18.0
larache,cercle,,,nature_occupation,Logement non occupé,Logement vacants,14.382326420198376,%,133111.0,rgph2024_logement_urbain,18.0
larache,cercle,,,nature_occupation,Logement non occupé,Logement secondaire/saisonnier,9.467989179440938,%,133111.0,rgph2024_logement_urbain,18.0
larache,cercle,,,nature_occupation,Logement non occupé,Total logement non occupé,23.85031559963932,%,133111.0,rgph2024_logement_urbain,18.0
larache,cercle,,,type_logement,Logement non précaire ou salubre,Villa ou niveau de villa,0.7,%,133111.0,rgph2024_logement_urbain,18.0
larache,cercle,,,type_logement,Logement non précaire ou salubre,Appartement,0.2,%,133111.0,rgph2024_logement_urbain,18.0
larache,cercle,,,type_logement,Logement non précaire ou salubre,Maison marocaine traditionnelle,3.7,%,133111.0,rgph2024_logement_urbain,18.0
larache,cercle,,,type_logement,Logement non précaire ou salubre,Maison marocaine moderne,91.0,%,133111.0,rgph2024_logement_urbain,18.0
larache,cercle,,,type_logement,Logement non précaire ou salubre,Total non précaire,95.6,%,133111.0,rgph2024_logement_urbain,18.0
larache,cercle,,,type_logement,Logement précaire,Maison sommaire ou bidonville,2.7,%,133111.0,rgph2024_logement_urbain,18.0
larache,cercle,,,type_logement,Logement précaire,Logement en type rural,1.3,%,133111.0,rgph2024_logement_urbain,18.0
larache,cercle,,,type_logement,Logement précaire,Autres type,0.4,%,133111.0,rgph2024_logement_urbain,18.0
larache,cercle,,,type_logement,Logement précaire,Total précaire,4.4,%,133111.0,rgph2024_logement_urbain,18.0
larache,cercle,,,age_logement,,Moins de 20 ans,61.0,%,133111.0,rgph2024_logement_urbain,18.0
larache,cercle,,,age_logement,,De 20 à moins de 50 ans,35.3,%,133111.0,rgph2024_logement_urbain,18.0
larache,cercle,,,age_logement,,50 ans et plus,3.7,%,133111.0,rgph2024_logement_urbain,18.0
larache,cercle,,,age_logement_par_type,Villa ou niveau de villa,Moins de 20 ans,50.0,%,133111.0,rgph2024_logement_urbain,18.0
larache,cercle,,,age_logement_par_type,Villa ou niveau de villa,De 20 à moins de 50 ans,43.8,%,133111.0,rgph2024_logement_urbain,18.0
larache,cercle,,,age_logement_par_type,Villa ou niveau de villa,50 ans et plus,6.3,%,133111.0,rgph2024_logement_urbain,18.0
larache,cercle,,,age_logement_par_type,Appartement,Moins de 20 ans,20.0,%,133111.0,rgph2024_logement_urbain,18.0
larache,cercle,,,age_logement_par_type,Appartement,De 20 à moins de 50 ans,80.0,%,133111.0,rgph2024_logement_urbain,18.0
larache,cercle,,,age_logement_par_type,Appartement,50 ans et plus,0.0,%,133111.0,rgph2024_logement_urbain,18.0
larache,cercle,,,age_logement_par_type,Maison marocaine traditionnelle,Moins de 20 ans,35.4,%,133111.0,rgph2024_logement_urbain,18.0
larache,cercle,,,age_logement_par_type,Maison marocaine traditionnelle,De 20 à moins de 50 ans,62.2,%,133111.0,rgph2024_logement_urbain,18.0
larache,cercle,,,age_logement_par_type,Maison marocaine traditionnelle,50 ans et plus,2.4,%,133111.0,rgph2024_logement_urbain,18.0
larache,cercle,,,age_logement_par_type,Maison marocaine moderne,Moins de 20 ans,63.2,%,133111.0,rgph2024_logement_urbain,18.0
larache,cercle,,,age_logement_par_type,Maison marocaine moderne,De 20 à moins de 50 ans,34.1,%,133111.0,rgph2024_logement_urbain,18.0
larache,cercle,,,age_logement_par_type,Maison marocaine moderne,50 ans et plus,2.7,%,133111.0,rgph2024_logement_urbain,18.0
larache,cercle,,,age_logement_par_type,Total non précaire,Moins de 20 ans,61.9,%,133111.0,rgph2024_logement_urbain,18.0
larache,cercle,,,age_logement_par_type,Total non précaire,De 20 à moins de 50 ans,35.4,%,133111.0,rgph2024_logement_urbain,18.0
larache,cercle,,,age_logement_par_type,Total non précaire,50 ans et plus,2.7,%,133111.0,rgph2024_logement_urbain,18.0
larache,cercle,,,age_logement_par_type,Maison sommaire ou bidonville,Moins de 20 ans,55.9,%,133111.0,rgph2024_logement_urbain,18.0
larache,cercle,,,age_logement_par_type,Maison sommaire ou bidonville,De 20 à moins de 50 ans,35.6,%,133111.0,rgph2024_logement_urbain,18.0
larache,cercle,,,age_logement_par_type,Maison sommaire ou bidonville,50 ans et plus,8.5,%,133111.0,rgph2024_logement_urbain,18.0
larache,cercle,,,age_logement_par_type,Logement en type rural,Moins de 20 ans,10.3,%,133111.0,rgph2024_logement_urbain,18.0
larache,cercle,,,age_logement_par_type,Logement en type rural,De 20 à moins de 50 ans,34.5,%,133111.0,rgph2024_logement_urbain,18.0
larache,cercle,,,age_logement_par_type,Logement en type rural,50 ans et plus,55.2,%,133111.0,rgph2024_logement_urbain,18.0
larache,cercle,,,age_logement_par_type,Autres type,Moins de 20 ans,44.4,%,133111.0,rgph2024_logement_urbain,18.0
larache,cercle,,,age_logement_par_type,Autres type,De 20 à moins de 50 ans,33.3,%,133111.0,rgph2024_logement_urbain,18.0
larache,cercle,,,age_logement_par_type,Autres type,50 ans et plus,22.2,%,133111.0,rgph2024_logement_urbain,18.0
larache,cercle,,,age_logement_par_type,Total précaire,Moins de 20 ans,41.2,%,133111.0,rgph2024_logement_urbain,18.0
larache,cercle,,,age_logement_par_type,Total précaire,De 20 à moins de 50 ans,35.1,%,133111.0,rgph2024_logement_urbain,18.0
larache,cercle,,,age_logement_par_type,Total précaire,50 ans et plus,23.7,%,133111.0,rgph2024_logement_urbain,18.0
larache,cercle,,,materiaux_murs,,"Béton armé, briques avec mortier",95.89720468890891,%,133111.0,rgph2024_logement_urbain,18.0
larache,cercle,,,materiaux_murs,,Pierre agglomérée avec mortier,1.93868349864743,%,133111.0,rgph2024_logement_urbain,18.0
larache,cercle,,,materiaux_murs,,Autres,2.164111812443643,%,133111.0,rgph2024_logement_urbain,18.0
larache,cercle,,,materiaux_toits,,Dalle,93.41749323715058,%,133111.0,rgph2024_logement_urbain,18.0
larache,cercle,,,materiaux_toits,,"Planches, bois ou tuiles",2.7953110910730388,%,133111.0,rgph2024_logement_urbain,18.0
larache,cercle,,,materiaux_toits,,Tôle en ciment ou en zinc,1.7132551848512172,%,133111.0,rgph2024_logement_urbain,18.0
larache,cercle,,,materiaux_toits,,Autres,2.073940486925157,%,133111.0,rgph2024_logement_urbain,18.0
larache,cercle,,,services_base,,Réseau public d'électricité,87.10550045085664,%,133111.0,rgph2024_logement_urbain,18.0
larache,cercle,,,services_base,,Réseau public d'eau,70.37871956717764,%,133111.0,rgph2024_logement_urbain,18.0
larache,cercle,,,services_base,,Réseau public d'assainissement,76.78088367899008,%,133111.0,rgph2024_logement_urbain,18.0
larache,cercle,,,deficit_logement,,Taux de déficit quantitatif en logement (%),8.1,%,133111.0,rgph2024_logement_urbain,18.0
larache,commune,,,total_logements,,Total des logements urbains,2218.0,logements,13311111.0,rgph2024_logement_urbain,93.0
larache,commune,,,nature_occupation,,Logement occupé,76.14968440036068,%,13311111.0,rgph2024_logement_urbain,93.0
larache,commune,,,nature_occupation,Logement non occupé,Logement vacants,14.382326420198376,%,13311111.0,rgph2024_logement_urbain,93.0
larache,commune,,,nature_occupation,Logement non occupé,Logement secondaire/saisonnier,9.467989179440938,%,13311111.0,rgph2024_logement_urbain,93.0
larache,commune,,,nature_occupation,Logement non occupé,Total logement non occupé,23.85031559963932,%,13311111.0,rgph2024_logement_urbain,93.0
larache,commune,,,type_logement,Logement non précaire ou salubre,Villa ou niveau de villa,0.7,%,13311111.0,rgph2024_logement_urbain,93.0
larache,commune,,,type_logement,Logement non précaire ou salubre,Appartement,0.2,%,13311111.0,rgph2024_logement_urbain,93.0
larache,commune,,,type_logement,Logement non précaire ou salubre,Maison marocaine traditionnelle,3.7,%,13311111.0,rgph2024_logement_urbain,93.0
larache,commune,,,type_logement,Logement non précaire ou salubre,Maison marocaine moderne,91.0,%,13311111.0,rgph2024_logement_urbain,93.0
larache,commune,,,type_logement,Logement non précaire ou salubre,Total non précaire,95.6,%,13311111.0,rgph2024_logement_urbain,93.0
larache,commune,,,type_logement,Logement précaire,Maison sommaire ou bidonville,2.7,%,13311111.0,rgph2024_logement_urbain,93.0
larache,commune,,,type_logement,Logement précaire,Logement en type rural,1.3,%,13311111.0,rgph2024_logement_urbain,93.0
larache,commune,,,type_logement,Logement précaire,Autres type,0.4,%,13311111.0,rgph2024_logement_urbain,93.0
larache,commune,,,type_logement,Logement précaire,Total précaire,4.4,%,13311111.0,rgph2024_logement_urbain,93.0
larache,commune,,,age_logement,,Moins de 20 ans,61.0,%,13311111.0,rgph2024_logement_urbain,93.0
larache,commune,,,age_logement,,De 20 à moins de 50 ans,35.3,%,13311111.0,rgph2024_logement_urbain,93.0
larache,commune,,,age_logement,,50 ans et plus,3.7,%,13311111.0,rgph2024_logement_urbain,93.0
larache,commune,,,age_logement_par_type,Villa ou niveau de villa,Moins de 20 ans,50.0,%,13311111.0,rgph2024_logement_urbain,93.0
larache,commune,,,age_logement_par_type,Villa ou niveau de villa,De 20 à moins de 50 ans,43.8,%,13311111.0,rgph2024_logement_urbain,93.0
larache,commune,,,age_logement_par_type,Villa ou niveau de villa,50 ans et plus,6.3,%,13311111.0,rgph2024_logement_urbain,93.0
larache,commune,,,age_logement_par_type,Appartement,Moins de 20 ans,20.0,%,13311111.0,rgph2024_logement_urbain,93.0
larache,commune,,,age_logement_par_type,Appartement,De 20 à moins de 50 ans,80.0,%,13311111.0,rgph2024_logement_urbain,93.0
larache,commune,,,age_logement_par_type,Appartement,50 ans et plus,0.0,%,13311111.0,rgph2024_logement_urbain,93.0
larache,commune,,,age_logement_par_type,Maison marocaine traditionnelle,Moins de 20 ans,35.4,%,13311111.0,rgph2024_logement_urbain,93.0
larache,commune,,,age_logement_par_type,Maison marocaine traditionnelle,De 20 à moins de 50 ans,62.2,%,13311111.0,rgph2024_logement_urbain,93.0
larache,commune,,,age_logement_par_type,Maison marocaine traditionnelle,50 ans et plus,2.4,%,13311111.0,rgph2024_logement_urbain,93.0
larache,commune,,,age_logement_par_type,Maison marocaine moderne,Moins de 20 ans,63.2,%,13311111.0,rgph2024_logement_urbain,93.0
larache,commune,,,age_logement_par_type,Maison marocaine moderne,De 20 à moins de 50 ans,34.1,%,13311111.0,rgph2024_logement_urbain,93.0
larache,commune,,,age_logement_par_type,Maison marocaine moderne,50 ans et plus,2.7,%,13311111.0,rgph2024_logement_urbain,93.0
larache,commune,,,age_logement_par_type,Total non précaire,Moins de 20 ans,61.9,%,13311111.0,rgph2024_logement_urbain,93.0
larache,commune,,,age_logement_par_type,Total non précaire,De 20 à moins de 50 ans,35.4,%,13311111.0,rgph2024_logement_urbain,93.0
larache,commune,,,age_logement_par_type,Total non précaire,50 ans et plus,2.7,%,13311111.0,rgph2024_logement_urbain,93.0
larache,commune,,,age_logement_par_type,Maison sommaire ou bidonville,Moins de 20 ans,55.9,%,13311111.0,rgph2024_logement_urbain,93.0
larache,commune,,,age_logement_par_type,Maison sommaire ou bidonville,De 20 à moins de 50 ans,35.6,%,13311111.0,rgph2024_logement_urbain,93.0
larache,commune,,,age_logement_par_type,Maison sommaire ou bidonville,50 ans et plus,8.5,%,13311111.0,rgph2024_logement_urbain,93.0
larache,commune,,,age_logement_par_type,Logement en type rural,Moins de 20 ans,10.3,%,13311111.0,rgph2024_logement_urbain,93.0
larache,commune,,,age_logement_par_type,Logement en type rural,De 20 à moins de 50 ans,34.5,%,13311111.0,rgph2024_logement_urbain,93.0
larache,commune,,,age_logement_par_type,Logement en type rural,50 ans et plus,55.2,%,13311111.0,rgph2024_logement_urbain,93.0
larache,commune,,,age_logement_par_type,Autres type,Moins de 20 ans,44.4,%,13311111.0,rgph2024_logement_urbain,93.0
larache,commune,,,age_logement_par_type,Autres type,De 20 à moins de 50 ans,33.3,%,13311111.0,rgph2024_logement_urbain,93.0
larache,commune,,,age_logement_par_type,Autres type,50 ans et plus,22.2,%,13311111.0,rgph2024_logement_urbain,93.0
larache,commune,,,age_logement_par_type,Total précaire,Moins de 20 ans,41.2,%,13311111.0,rgph2024_logement_urbain,93.0
larache,commune,,,age_logement_par_type,Total précaire,De 20 à moins de 50 ans,35.1,%,13311111.0,rgph2024_logement_urbain,93.0
larache,commune,,,age_logement_par_type,Total précaire,50 ans et plus,23.7,%,13311111.0,rgph2024_logement_urbain,93.0
larache,commune,,,materiaux_murs,,"Béton armé, briques avec mortier",95.89720468890891,%,13311111.0,rgph2024_logement_urbain,93.0
larache,commune,,,materiaux_murs,,Pierre agglomérée avec mortier,1.93868349864743,%,13311111.0,rgph2024_logement_urbain,93.0
larache,commune,,,materiaux_murs,,Autres,2.164111812443643,%,13311111.0,rgph2024_logement_urbain,93.0
larache,commune,,,materiaux_toits,,Dalle,93.41749323715058,%,13311111.0,rgph2024_logement_urbain,93.0
larache,commune,,,materiaux_toits,,"Planches, bois ou tuiles",2.7953110910730388,%,13311111.0,rgph2024_logement_urbain,93.0
larache,commune,,,materiaux_toits,,Tôle en ciment ou en zinc,1.7132551848512172,%,13311111.0,rgph2024_logement_urbain,93.0
larache,commune,,,materiaux_toits,,Autres,2.073940486925157,%,13311111.0,rgph2024_logement_urbain,93.0
larache,commune,,,services_base,,Réseau public d'électricité,87.10550045085664,%,13311111.0,rgph2024_logement_urbain,93.0
larache,commune,,,services_base,,Réseau public d'eau,70.37871956717764,%,13311111.0,rgph2024_logement_urbain,93.0
larache,commune,,,services_base,,Réseau public d'assainissement,76.78088367899008,%,13311111.0,rgph2024_logement_urbain,93.0
larache,commune,,,deficit_logement,,Taux de déficit quantitatif en logement (%),8.1,%,13311111.0,rgph2024_logement_urbain,93.0
larache,centre_urbain,,,total_logements,,Total des logements urbains,2218.0,logements,133111113.0,rgph2024_logement_urbain,190.0
larache,centre_urbain,,,nature_occupation,,Logement occupé,76.14968440036068,%,133111113.0,rgph2024_logement_urbain,190.0
larache,centre_urbain,,,nature_occupation,Logement non occupé,Logement vacants,14.382326420198376,%,133111113.0,rgph2024_logement_urbain,190.0
larache,centre_urbain,,,nature_occupation,Logement non occupé,Logement secondaire/saisonnier,9.467989179440938,%,133111113.0,rgph2024_logement_urbain,190.0
larache,centre_urbain,,,nature_occupation,Logement non occupé,Total logement non occupé,23.85031559963932,%,133111113.0,rgph2024_logement_urbain,190.0
larache,centre_urbain,,,type_logement,Logement non précaire ou salubre,Villa ou niveau de villa,0.7,%,133111113.0,rgph2024_logement_urbain,190.0
larache,centre_urbain,,,type_logement,Logement non précaire ou salubre,Appartement,0.2,%,133111113.0,rgph2024_logement_urbain,190.0
larache,centre_urbain,,,type_logement,Logement non précaire ou salubre,Maison marocaine traditionnelle,3.7,%,133111113.0,rgph2024_logement_urbain,190.0
larache,centre_urbain,,,type_logement,Logement non précaire ou salubre,Maison marocaine moderne,91.0,%,133111113.0,rgph2024_logement_urbain,190.0
larache,centre_urbain,,,type_logement,Logement non précaire ou salubre,Total non précaire,95.6,%,133111113.0,rgph2024_logement_urbain,190.0
larache,centre_urbain,,,type_logement,Logement précaire,Maison sommaire ou bidonville,2.7,%,133111113.0,rgph2024_logement_urbain,190.0
larache,centre_urbain,,,type_logement,Logement précaire,Logement en type rural,1.3,%,133111113.0,rgph2024_logement_urbain,190.0
larache,centre_urbain,,,type_logement,Logement précaire,Autres type,0.4,%,133111113.0,rgph2024_logement_urbain,190.0
larache,centre_urbain,,,type_logement,Logement précaire,Total précaire,4.4,%,133111113.0,rgph2024_logement_urbain,190.0
larache,centre_urbain,,,age_logement,,Moins de 20 ans,61.0,%,133111113.0,rgph2024_logement_urbain,190.0
larache,centre_urbain,,,age_logement,,De 20 à moins de 50 ans,35.3,%,133111113.0,rgph2024_logement_urbain,190.0
larache,centre_urbain,,,age_logement,,50 ans et plus,3.7,%,133111113.0,rgph2024_logement_urbain,190.0
larache,centre_urbain,,,age_logement_par_type,Villa ou niveau de villa,Moins de 20 ans,50.0,%,133111113.0,rgph2024_logement_urbain,190.0
larache,centre_urbain,,,age_logement_par_type,Villa ou niveau de villa,De 20 à moins de 50 ans,43.8,%,133111113.0,rgph2024_logement_urbain,190.0
larache,centre_urbain,,,age_logement_par_type,Villa ou niveau de villa,50 ans et plus,6.3,%,133111113.0,rgph2024_logement_urbain,190.0
larache,centre_urbain,,,age_logement_par_type,Appartement,Moins de 20 ans,20.0,%,133111113.0,rgph2024_logement_urbain,190.0
larache,centre_urbain,,,age_logement_par_type,Appartement,De 20 à moins de 50 ans,80.0,%,133111113.0,rgph2024_logement_urbain,190.0
larache,centre_urbain,,,age_logement_par_type,Appartement,50 ans et plus,0.0,%,133111113.0,rgph2024_logement_urbain,190.0
larache,centre_urbain,,,age_logement_par_type,Maison marocaine traditionnelle,Moins de 20 ans,35.4,%,133111113.0,rgph2024_logement_urbain,190.0
larache,centre_urbain,,,age_logement_par_type,Maison marocaine traditionnelle,De 20 à moins de 50 ans,62.2,%,133111113.0,rgph2024_logement_urbain,190.0
larache,centre_urbain,,,age_logement_par_type,Maison marocaine traditionnelle,50 ans et plus,2.4,%,133111113.0,rgph2024_logement_urbain,190.0
larache,centre_urbain,,,age_logement_par_type,Maison marocaine moderne,Moins de 20 ans,63.2,%,133111113.0,rgph2024_logement_urbain,190.0
larache,centre_urbain,,,age_logement_par_type,Maison marocaine moderne,De 20 à moins de 50 ans,34.1,%,133111113.0,rgph2024_logement_urbain,190.0
larache,centre_urbain,,,age_logement_par_type,Maison marocaine moderne,50 ans et plus,2.7,%,133111113.0,rgph2024_logement_urbain,190.0
larache,centre_urbain,,,age_logement_par_type,Total non précaire,Moins de 20 ans,61.9,%,133111113.0,rgph2024_logement_urbain,190.0
larache,centre_urbain,,,age_logement_par_type,Total non précaire,De 20 à moins de 50 ans,35.4,%,133111113.0,rgph2024_logement_urbain,190.0
larache,centre_urbain,,,age_logement_par_type,Total non précaire,50 ans et plus,2.7,%,133111113.0,rgph2024_logement_urbain,190.0
larache,centre_urbain,,,age_logement_par_type,Maison sommaire ou bidonville,Moins de 20 ans,55.9,%,133111113.0,rgph2024_logement_urbain,190.0
larache,centre_urbain,,,age_logement_par_type,Maison sommaire ou bidonville,De 20 à moins de 50 ans,35.6,%,133111113.0,rgph2024_logement_urbain,190.0
larache,centre_urbain,,,age_logement_par_type,Maison sommaire ou bidonville,50 ans et plus,8.5,%,133111113.0,rgph2024_logement_urbain,190.0
larache,centre_urbain,,,age_logement_par_type,Logement en type rural,Moins de 20 ans,10.3,%,133111113.0,rgph2024_logement_urbain,190.0
larache,centre_urbain,,,age_logement_par_type,Logement en type rural,De 20 à moins de 50 ans,34.5,%,133111113.0,rgph2024_logement_urbain,190.0
larache,centre_urbain,,,age_logement_par_type,Logement en type rural,50 ans et plus,55.2,%,133111113.0,rgph2024_logement_urbain,190.0
larache,centre_urbain,,,age_logement_par_type,Autres type,Moins de 20 ans,44.4,%,133111113.0,rgph2024_logement_urbain,190.0
larache,centre_urbain,,,age_logement_par_type,Autres type,De 20 à moins de 50 ans,33.3,%,133111113.0,rgph2024_logement_urbain,190.0
larache,centre_urbain,,,age_logement_par_type,Autres type,50 ans et plus,22.2,%,133111113.0,rgph2024_logement_urbain,190.0
larache,centre_urbain,,,age_logement_par_type,Total précaire,Moins de 20 ans,41.2,%,133111113.0,rgph2024_logement_urbain,190.0
larache,centre_urbain,,,age_logement_par_type,Total précaire,De 20 à moins de 50 ans,35.1,%,133111113.0,rgph2024_logement_urbain,190.0
larache,centre_urbain,,,age_logement_par_type,Total précaire,50 ans et plus,23.7,%,133111113.0,rgph2024_logement_urbain,190.0
larache,centre_urbain,,,materiaux_murs,,"Béton armé, briques avec mortier",95.89720468890891,%,133111113.0,rgph2024_logement_urbain,190.0
larache,centre_urbain,,,materiaux_murs,,Pierre agglomérée avec mortier,1.93868349864743,%,133111113.0,rgph2024_logement_urbain,190.0
larache,centre_urbain,,,materiaux_murs,,Autres,2.164111812443643,%,133111113.0,rgph2024_logement_urbain,190.0
larache,centre_urbain,,,materiaux_toits,,Dalle,93.41749323715058,%,133111113.0,rgph2024_logement_urbain,190.0
larache,centre_urbain,,,materiaux_toits,,"Planches, bois ou tuiles",2.7953110910730388,%,133111113.0,rgph2024_logement_urbain,190.0
larache,centre_urbain,,,materiaux_toits,,Tôle en ciment ou en zinc,1.7132551848512172,%,133111113.0,rgph2024_logement_urbain,190.0
larache,centre_urbain,,,materiaux_toits,,Autres,2.073940486925157,%,133111113.0,rgph2024_logement_urbain,190.0
larache,centre_urbain,,,services_base,,Réseau public d'électricité,87.10550045085664,%,133111113.0,rgph2024_logement_urbain,190.0
larache,centre_urbain,,,services_base,,Réseau public d'eau,70.37871956717764,%,133111113.0,rgph2024_logement_urbain,190.0
larache,centre_urbain,,,services_base,,Réseau public d'assainissement,76.78088367899008,%,133111113.0,rgph2024_logement_urbain,190.0
larache,centre_urbain,,,deficit_logement,,Taux de déficit quantitatif en logement (%),8.1,%,133111113.0,rgph2024_logement_urbain,190.0
al hoceima,prefecture_province,,,total_logements,,Total des logements urbains,66837.0,logements,1051.0,rgph2024_logement_urbain,7.0
al hoceima,prefecture_province,,,nature_occupation,,Logement occupé,52.99908733187296,%,1051.0,rgph2024_logement_urbain,7.0
al hoceima,prefecture_province,,,nature_occupation,Logement non occupé,Logement vacants,10.739560423119968,%,1051.0,rgph2024_logement_urbain,7.0
al hoceima,prefecture_province,,,nature_occupation,Logement non occupé,Logement secondaire/saisonnier,36.26135224501749,%,1051.0,rgph2024_logement_urbain,7.0
al hoceima,prefecture_province,,,nature_occupation,Logement non occupé,Total logement non occupé,47.00091266813746,%,1051.0,rgph2024_logement_urbain,7.0
al hoceima,prefecture_province,,,type_logement,Logement non précaire ou salubre,Villa ou niveau de villa,1.0,%,1051.0,rgph2024_logement_urbain,7.0
al hoceima,prefecture_province,,,type_logement,Logement non précaire ou salubre,Appartement,21.5,%,1051.0,rgph2024_logement_urbain,7.0
al hoceima,prefecture_province,,,type_logement,Logement non précaire ou salubre,Maison marocaine traditionnelle,0.9,%,1051.0,rgph2024_logement_urbain,7.0
al hoceima,prefecture_province,,,type_logement,Logement non précaire ou salubre,Maison marocaine moderne,75.7,%,1051.0,rgph2024_logement_urbain,7.0
al hoceima,prefecture_province,,,type_logement,Logement non précaire ou salubre,Total non précaire,99.0,%,1051.0,rgph2024_logement_urbain,7.0
al hoceima,prefecture_province,,,type_logement,Logement précaire,Maison sommaire ou bidonville,0.3,%,1051.0,rgph2024_logement_urbain,7.0
al hoceima,prefecture_province,,,type_logement,Logement précaire,Logement en type rural,0.3,%,1051.0,rgph2024_logement_urbain,7.0
al hoceima,prefecture_province,,,type_logement,Logement précaire,Autres type,0.4,%,1051.0,rgph2024_logement_urbain,7.0
al hoceima,prefecture_province,,,type_logement,Logement précaire,Total précaire,1.0,%,1051.0,rgph2024_logement_urbain,7.0
al hoceima,prefecture_province,,,age_logement,,Moins de 20 ans,75.2,%,1051.0,rgph2024_logement_urbain,7.0
al hoceima,prefecture_province,,,age_logement,,De 20 à moins de 50 ans,23.5,%,1051.0,rgph2024_logement_urbain,7.0
al hoceima,prefecture_province,,,age_logement,,50 ans et plus,1.3,%,1051.0,rgph2024_logement_urbain,7.0
al hoceima,prefecture_province,,,age_logement_par_type,Villa ou niveau de villa,Moins de 20 ans,86.1,%,1051.0,rgph2024_logement_urbain,7.0
al hoceima,prefecture_province,,,age_logement_par_type,Villa ou niveau de villa,De 20 à moins de 50 ans,13.3,%,1051.0,rgph2024_logement_urbain,7.0
al hoceima,prefecture_province,,,age_logement_par_type,Villa ou niveau de villa,50 ans et plus,0.6,%,1051.0,rgph2024_logement_urbain,7.0
al hoceima,prefecture_province,,,age_logement_par_type,Appartement,Moins de 20 ans,91.2,%,1051.0,rgph2024_logement_urbain,7.0
al hoceima,prefecture_province,,,age_logement_par_type,Appartement,De 20 à moins de 50 ans,8.7,%,1051.0,rgph2024_logement_urbain,7.0
al hoceima,prefecture_province,,,age_logement_par_type,Appartement,50 ans et plus,0.1,%,1051.0,rgph2024_logement_urbain,7.0
al hoceima,prefecture_province,,,age_logement_par_type,Maison marocaine traditionnelle,Moins de 20 ans,51.6,%,1051.0,rgph2024_logement_urbain,7.0
al hoceima,prefecture_province,,,age_logement_par_type,Maison marocaine traditionnelle,De 20 à moins de 50 ans,39.0,%,1051.0,rgph2024_logement_urbain,7.0
al hoceima,prefecture_province,,,age_logement_par_type,Maison marocaine traditionnelle,50 ans et plus,9.4,%,1051.0,rgph2024_logement_urbain,7.0
al hoceima,prefecture_province,,,age_logement_par_type,Maison marocaine moderne,Moins de 20 ans,71.3,%,1051.0,rgph2024_logement_urbain,7.0
al hoceima,prefecture_province,,,age_logement_par_type,Maison marocaine moderne,De 20 à moins de 50 ans,27.4,%,1051.0,rgph2024_logement_urbain,7.0
al hoceima,prefecture_province,,,age_logement_par_type,Maison marocaine moderne,50 ans et plus,1.3,%,1051.0,rgph2024_logement_urbain,7.0
al hoceima,prefecture_province,,,age_logement_par_type,Total non précaire,Moins de 20 ans,75.6,%,1051.0,rgph2024_logement_urbain,7.0
al hoceima,prefecture_province,,,age_logement_par_type,Total non précaire,De 20 à moins de 50 ans,23.3,%,1051.0,rgph2024_logement_urbain,7.0
al hoceima,prefecture_province,,,age_logement_par_type,Total non précaire,50 ans et plus,1.1,%,1051.0,rgph2024_logement_urbain,7.0
al hoceima,prefecture_province,,,age_logement_par_type,Maison sommaire ou bidonville,Moins de 20 ans,30.4,%,1051.0,rgph2024_logement_urbain,7.0
al hoceima,prefecture_province,,,age_logement_par_type,Maison sommaire ou bidonville,De 20 à moins de 50 ans,53.6,%,1051.0,rgph2024_logement_urbain,7.0
al hoceima,prefecture_province,,,age_logement_par_type,Maison sommaire ou bidonville,50 ans et plus,16.0,%,1051.0,rgph2024_logement_urbain,7.0
al hoceima,prefecture_province,,,age_logement_par_type,Logement en type rural,Moins de 20 ans,27.3,%,1051.0,rgph2024_logement_urbain,7.0
al hoceima,prefecture_province,,,age_logement_par_type,Logement en type rural,De 20 à moins de 50 ans,43.1,%,1051.0,rgph2024_logement_urbain,7.0
al hoceima,prefecture_province,,,age_logement_par_type,Logement en type rural,50 ans et plus,29.6,%,1051.0,rgph2024_logement_urbain,7.0
al hoceima,prefecture_province,,,age_logement_par_type,Autres type,Moins de 20 ans,50.5,%,1051.0,rgph2024_logement_urbain,7.0
al hoceima,prefecture_province,,,age_logement_par_type,Autres type,De 20 à moins de 50 ans,39.1,%,1051.0,rgph2024_logement_urbain,7.0
al hoceima,prefecture_province,,,age_logement_par_type,Autres type,50 ans et plus,10.4,%,1051.0,rgph2024_logement_urbain,7.0
al hoceima,prefecture_province,,,age_logement_par_type,Total précaire,Moins de 20 ans,37.0,%,1051.0,rgph2024_logement_urbain,7.0
al hoceima,prefecture_province,,,age_logement_par_type,Total précaire,De 20 à moins de 50 ans,45.1,%,1051.0,rgph2024_logement_urbain,7.0
al hoceima,prefecture_province,,,age_logement_par_type,Total précaire,50 ans et plus,17.9,%,1051.0,rgph2024_logement_urbain,7.0
al hoceima,prefecture_province,,,materiaux_murs,,"Béton armé, briques avec mortier",99.33370797631036,%,1051.0,rgph2024_logement_urbain,7.0
al hoceima,prefecture_province,,,materiaux_murs,,Pierre agglomérée avec mortier,0.4410198363119677,%,1051.0,rgph2024_logement_urbain,7.0
al hoceima,prefecture_province,,,materiaux_murs,,Autres,0.2252721873778054,%,1051.0,rgph2024_logement_urbain,7.0
al hoceima,prefecture_province,,,materiaux_toits,,Dalle,98.56648367554794,%,1051.0,rgph2024_logement_urbain,7.0
al hoceima,prefecture_province,,,materiaux_toits,,"Planches, bois ou tuiles",1.0438643960481413,%,1051.0,rgph2024_logement_urbain,7.0
al hoceima,prefecture_province,,,materiaux_toits,,Tôle en ciment ou en zinc,0.1282522276547697,%,1051.0,rgph2024_logement_urbain,7.0
al hoceima,prefecture_province,,,materiaux_toits,,Autres,0.261399700749547,%,1051.0,rgph2024_logement_urbain,7.0
al hoceima,prefecture_province,,,services_base,,Réseau public d'électricité,97.2732248415994,%,1051.0,rgph2024_logement_urbain,7.0
al hoceima,prefecture_province,,,services_base,,Réseau public d'eau,95.34874429092886,%,1051.0,rgph2024_logement_urbain,7.0
al hoceima,prefecture_province,,,services_base,,Réseau public d'assainissement,91.55647405508934,%,1051.0,rgph2024_logement_urbain,7.0
al hoceima,prefecture_province,,,deficit_logement,,Taux de déficit quantitatif en logement (%),2.2,%,1051.0,rgph2024_logement_urbain,7.0
al hoceima,commune,,,total_logements,,Total des logements urbains,29817.0,logements,10510101.0,rgph2024_logement_urbain,99.0
al hoceima,commune,,,nature_occupation,,Logement occupé,46.668008183254415,%,10510101.0,rgph2024_logement_urbain,99.0
al hoceima,commune,,,nature_occupation,Logement non occupé,Logement vacants,11.208371063488,%,10510101.0,rgph2024_logement_urbain,99.0
al hoceima,commune,,,nature_occupation,Logement non occupé,Logement secondaire/saisonnier,42.1236207532643,%,10510101.0,rgph2024_logement_urbain,99.0
al hoceima,commune,,,nature_occupation,Logement non occupé,Total logement non occupé,53.3319918167523,%,10510101.0,rgph2024_logement_urbain,99.0
al hoceima,commune,,,type_logement,Logement non précaire ou salubre,Villa ou niveau de villa,1.0,%,10510101.0,rgph2024_logement_urbain,99.0
al hoceima,commune,,,type_logement,Logement non précaire ou salubre,Appartement,37.6,%,10510101.0,rgph2024_logement_urbain,99.0
al hoceima,commune,,,type_logement,Logement non précaire ou salubre,Maison marocaine traditionnelle,0.7,%,10510101.0,rgph2024_logement_urbain,99.0
al hoceima,commune,,,type_logement,Logement non précaire ou salubre,Maison marocaine moderne,60.1,%,10510101.0,rgph2024_logement_urbain,99.0
al hoceima,commune,,,type_logement,Logement non précaire ou salubre,Total non précaire,99.4,%,10510101.0,rgph2024_logement_urbain,99.0
al hoceima,commune,,,type_logement,Logement précaire,Maison sommaire ou bidonville,0.3,%,10510101.0,rgph2024_logement_urbain,99.0
al hoceima,commune,,,type_logement,Logement précaire,Logement en type rural,0.1,%,10510101.0,rgph2024_logement_urbain,99.0
al hoceima,commune,,,type_logement,Logement précaire,Autres type,0.2,%,10510101.0,rgph2024_logement_urbain,99.0
al hoceima,commune,,,type_logement,Logement précaire,Total précaire,0.6,%,10510101.0,rgph2024_logement_urbain,99.0
al hoceima,commune,,,age_logement,,Moins de 20 ans,72.7,%,10510101.0,rgph2024_logement_urbain,99.0
al hoceima,commune,,,age_logement,,De 20 à moins de 50 ans,25.5,%,10510101.0,rgph2024_logement_urbain,99.0
al hoceima,commune,,,age_logement,,50 ans et plus,1.8,%,10510101.0,rgph2024_logement_urbain,99.0
al hoceima,commune,,,age_logement_par_type,Villa ou niveau de villa,Moins de 20 ans,90.3,%,10510101.0,rgph2024_logement_urbain,99.0
al hoceima,commune,,,age_logement_par_type,Villa ou niveau de villa,De 20 à moins de 50 ans,9.3,%,10510101.0,rgph2024_logement_urbain,99.0
al hoceima,commune,,,age_logement_par_type,Villa ou niveau de villa,50 ans et plus,0.3,%,10510101.0,rgph2024_logement_urbain,99.0
al hoceima,commune,,,age_logement_par_type,Appartement,Moins de 20 ans,94.2,%,10510101.0,rgph2024_logement_urbain,99.0
al hoceima,commune,,,age_logement_par_type,Appartement,De 20 à moins de 50 ans,5.8,%,10510101.0,rgph2024_logement_urbain,99.0
al hoceima,commune,,,age_logement_par_type,Appartement,50 ans et plus,0.1,%,10510101.0,rgph2024_logement_urbain,99.0
al hoceima,commune,,,age_logement_par_type,Maison marocaine traditionnelle,Moins de 20 ans,51.0,%,10510101.0,rgph2024_logement_urbain,99.0
al hoceima,commune,,,age_logement_par_type,Maison marocaine traditionnelle,De 20 à moins de 50 ans,40.1,%,10510101.0,rgph2024_logement_urbain,99.0
al hoceima,commune,,,age_logement_par_type,Maison marocaine traditionnelle,50 ans et plus,8.9,%,10510101.0,rgph2024_logement_urbain,99.0
al hoceima,commune,,,age_logement_par_type,Maison marocaine moderne,Moins de 20 ans,59.7,%,10510101.0,rgph2024_logement_urbain,99.0
al hoceima,commune,,,age_logement_par_type,Maison marocaine moderne,De 20 à moins de 50 ans,37.8,%,10510101.0,rgph2024_logement_urbain,99.0
al hoceima,commune,,,age_logement_par_type,Maison marocaine moderne,50 ans et plus,2.5,%,10510101.0,rgph2024_logement_urbain,99.0
al hoceima,commune,,,age_logement_par_type,Total non précaire,Moins de 20 ans,73.0,%,10510101.0,rgph2024_logement_urbain,99.0
al hoceima,commune,,,age_logement_par_type,Total non précaire,De 20 à moins de 50 ans,25.4,%,10510101.0,rgph2024_logement_urbain,99.0
al hoceima,commune,,,age_logement_par_type,Total non précaire,50 ans et plus,1.6,%,10510101.0,rgph2024_logement_urbain,99.0
al hoceima,commune,,,age_logement_par_type,Maison sommaire ou bidonville,Moins de 20 ans,35.3,%,10510101.0,rgph2024_logement_urbain,99.0
al hoceima,commune,,,age_logement_par_type,Maison sommaire ou bidonville,De 20 à moins de 50 ans,41.2,%,10510101.0,rgph2024_logement_urbain,99.0
al hoceima,commune,,,age_logement_par_type,Maison sommaire ou bidonville,50 ans et plus,23.5,%,10510101.0,rgph2024_logement_urbain,99.0
al hoceima,commune,,,age_logement_par_type,Logement en type rural,Moins de 20 ans,14.9,%,10510101.0,rgph2024_logement_urbain,99.0
al hoceima,commune,,,age_logement_par_type,Logement en type rural,De 20 à moins de 50 ans,19.1,%,10510101.0,rgph2024_logement_urbain,99.0
al hoceima,commune,,,age_logement_par_type,Logement en type rural,50 ans et plus,66.0,%,10510101.0,rgph2024_logement_urbain,99.0
al hoceima,commune,,,age_logement_par_type,Autres type,Moins de 20 ans,42.6,%,10510101.0,rgph2024_logement_urbain,99.0
al hoceima,commune,,,age_logement_par_type,Autres type,De 20 à moins de 50 ans,47.9,%,10510101.0,rgph2024_logement_urbain,99.0
al hoceima,commune,,,age_logement_par_type,Autres type,50 ans et plus,9.4,%,10510101.0,rgph2024_logement_urbain,99.0
al hoceima,commune,,,age_logement_par_type,Total précaire,Moins de 20 ans,32.9,%,10510101.0,rgph2024_logement_urbain,99.0
al hoceima,commune,,,age_logement_par_type,Total précaire,De 20 à moins de 50 ans,38.2,%,10510101.0,rgph2024_logement_urbain,99.0
al hoceima,commune,,,age_logement_par_type,Total précaire,50 ans et plus,28.9,%,10510101.0,rgph2024_logement_urbain,99.0
al hoceima,commune,,,materiaux_murs,,"Béton armé, briques avec mortier",99.56209111153692,%,10510101.0,rgph2024_logement_urbain,99.0
al hoceima,commune,,,materiaux_murs,,Pierre agglomérée avec mortier,0.2904839192132202,%,10510101.0,rgph2024_logement_urbain,99.0
al hoceima,commune,,,materiaux_murs,,Autres,0.1474249692498703,%,10510101.0,rgph2024_logement_urbain,99.0
al hoceima,commune,,,materiaux_toits,,Dalle,98.62941062962012,%,10510101.0,rgph2024_logement_urbain,99.0
al hoceima,commune,,,materiaux_toits,,"Planches, bois ou tuiles",1.117237199448348,%,10510101.0,rgph2024_logement_urbain,99.0
al hoceima,commune,,,materiaux_toits,,Tôle en ciment ou en zinc,0.1469355223727526,%,10510101.0,rgph2024_logement_urbain,99.0
al hoceima,commune,,,materiaux_toits,,Autres,0.1064166485590142,%,10510101.0,rgph2024_logement_urbain,99.0
al hoceima,commune,,,services_base,,Réseau public d'électricité,97.80048525259636,%,10510101.0,rgph2024_logement_urbain,99.0
al hoceima,commune,,,services_base,,Réseau public d'eau,97.45723643216644,%,10510101.0,rgph2024_logement_urbain,99.0
al hoceima,commune,,,services_base,,Réseau public d'assainissement,97.91961586830747,%,10510101.0,rgph2024_logement_urbain,99.0
al hoceima,commune,,,deficit_logement,,Taux de déficit quantitatif en logement (%),1.4,%,10510101.0,rgph2024_logement_urbain,99.0
al hoceima,commune,,,total_logements,,Total des logements urbains,9172.0,logements,10510103.0,rgph2024_logement_urbain,100.0
al hoceima,commune,,,nature_occupation,,Logement occupé,50.86131705189823,%,10510103.0,rgph2024_logement_urbain,100.0
al hoceima,commune,,,nature_occupation,Logement non occupé,Logement vacants,7.163105102485795,%,10510103.0,rgph2024_logement_urbain,100.0
al hoceima,commune,,,nature_occupation,Logement non occupé,Logement secondaire/saisonnier,41.97557784561691,%,10510103.0,rgph2024_logement_urbain,100.0
al hoceima,commune,,,nature_occupation,Logement non occupé,Total logement non occupé,49.13868294810271,%,10510103.0,rgph2024_logement_urbain,100.0
al hoceima,commune,,,type_logement,Logement non précaire ou salubre,Villa ou niveau de villa,0.9,%,10510103.0,rgph2024_logement_urbain,100.0
al hoceima,commune,,,type_logement,Logement non précaire ou salubre,Appartement,4.5,%,10510103.0,rgph2024_logement_urbain,100.0
al hoceima,commune,,,type_logement,Logement non précaire ou salubre,Maison marocaine traditionnelle,1.4,%,10510103.0,rgph2024_logement_urbain,100.0
al hoceima,commune,,,type_logement,Logement non précaire ou salubre,Maison marocaine moderne,92.6,%,10510103.0,rgph2024_logement_urbain,100.0
al hoceima,commune,,,type_logement,Logement non précaire ou salubre,Total non précaire,99.4,%,10510103.0,rgph2024_logement_urbain,100.0
al hoceima,commune,,,type_logement,Logement précaire,Maison sommaire ou bidonville,0.1,%,10510103.0,rgph2024_logement_urbain,100.0
al hoceima,commune,,,type_logement,Logement précaire,Logement en type rural,0.1,%,10510103.0,rgph2024_logement_urbain,100.0
al hoceima,commune,,,type_logement,Logement précaire,Autres type,0.4,%,10510103.0,rgph2024_logement_urbain,100.0
al hoceima,commune,,,type_logement,Logement précaire,Total précaire,0.6,%,10510103.0,rgph2024_logement_urbain,100.0
al hoceima,commune,,,age_logement,,Moins de 20 ans,84.4,%,10510103.0,rgph2024_logement_urbain,100.0
al hoceima,commune,,,age_logement,,De 20 à moins de 50 ans,15.5,%,10510103.0,rgph2024_logement_urbain,100.0
al hoceima,commune,,,age_logement,,50 ans et plus,0.1,%,10510103.0,rgph2024_logement_urbain,100.0
al hoceima,commune,,,age_logement_par_type,Villa ou niveau de villa,Moins de 20 ans,77.5,%,10510103.0,rgph2024_logement_urbain,100.0
al hoceima,commune,,,age_logement_par_type,Villa ou niveau de villa,De 20 à moins de 50 ans,22.5,%,10510103.0,rgph2024_logement_urbain,100.0
al hoceima,commune,,,age_logement_par_type,Villa ou niveau de villa,50 ans et plus,0.0,%,10510103.0,rgph2024_logement_urbain,100.0
al hoceima,commune,,,age_logement_par_type,Appartement,Moins de 20 ans,99.8,%,10510103.0,rgph2024_logement_urbain,100.0
al hoceima,commune,,,age_logement_par_type,Appartement,De 20 à moins de 50 ans,0.2,%,10510103.0,rgph2024_logement_urbain,100.0
al hoceima,commune,,,age_logement_par_type,Appartement,50 ans et plus,0.0,%,10510103.0,rgph2024_logement_urbain,100.0
al hoceima,commune,,,age_logement_par_type,Maison marocaine traditionnelle,Moins de 20 ans,46.8,%,10510103.0,rgph2024_logement_urbain,100.0
al hoceima,commune,,,age_logement_par_type,Maison marocaine traditionnelle,De 20 à moins de 50 ans,53.2,%,10510103.0,rgph2024_logement_urbain,100.0
al hoceima,commune,,,age_logement_par_type,Maison marocaine traditionnelle,50 ans et plus,0.0,%,10510103.0,rgph2024_logement_urbain,100.0
al hoceima,commune,,,age_logement_par_type,Maison marocaine moderne,Moins de 20 ans,84.3,%,10510103.0,rgph2024_logement_urbain,100.0
al hoceima,commune,,,age_logement_par_type,Maison marocaine moderne,De 20 à moins de 50 ans,15.6,%,10510103.0,rgph2024_logement_urbain,100.0
al hoceima,commune,,,age_logement_par_type,Maison marocaine moderne,50 ans et plus,0.1,%,10510103.0,rgph2024_logement_urbain,100.0
al hoceima,commune,,,age_logement_par_type,Total non précaire,Moins de 20 ans,84.4,%,10510103.0,rgph2024_logement_urbain,100.0
al hoceima,commune,,,age_logement_par_type,Total non précaire,De 20 à moins de 50 ans,15.5,%,10510103.0,rgph2024_logement_urbain,100.0
al hoceima,commune,,,age_logement_par_type,Total non précaire,50 ans et plus,0.1,%,10510103.0,rgph2024_logement_urbain,100.0
al hoceima,commune,,,age_logement_par_type,Maison sommaire ou bidonville,Moins de 20 ans,75.0,%,10510103.0,rgph2024_logement_urbain,100.0
al hoceima,commune,,,age_logement_par_type,Maison sommaire ou bidonville,De 20 à moins de 50 ans,25.0,%,10510103.0,rgph2024_logement_urbain,100.0
al hoceima,commune,,,age_logement_par_type,Maison sommaire ou bidonville,50 ans et plus,0.0,%,10510103.0,rgph2024_logement_urbain,100.0
al hoceima,commune,,,age_logement_par_type,Logement en type rural,Moins de 20 ans,50.0,%,10510103.0,rgph2024_logement_urbain,100.0
al hoceima,commune,,,age_logement_par_type,Logement en type rural,De 20 à moins de 50 ans,50.0,%,10510103.0,rgph2024_logement_urbain,100.0
al hoceima,commune,,,age_logement_par_type,Logement en type rural,50 ans et plus,0.0,%,10510103.0,rgph2024_logement_urbain,100.0
al hoceima,commune,,,age_logement_par_type,Autres type,Moins de 20 ans,90.7,%,10510103.0,rgph2024_logement_urbain,100.0
al hoceima,commune,,,age_logement_par_type,Autres type,De 20 à moins de 50 ans,9.3,%,10510103.0,rgph2024_logement_urbain,100.0
al hoceima,commune,,,age_logement_par_type,Autres type,50 ans et plus,0.0,%,10510103.0,rgph2024_logement_urbain,100.0
al hoceima,commune,,,age_logement_par_type,Total précaire,Moins de 20 ans,80.9,%,10510103.0,rgph2024_logement_urbain,100.0
al hoceima,commune,,,age_logement_par_type,Total précaire,De 20 à moins de 50 ans,19.1,%,10510103.0,rgph2024_logement_urbain,100.0
al hoceima,commune,,,age_logement_par_type,Total précaire,50 ans et plus,0.0,%,10510103.0,rgph2024_logement_urbain,100.0
al hoceima,commune,,,materiaux_murs,,"Béton armé, briques avec mortier",99.37995521292513,%,10510103.0,rgph2024_logement_urbain,100.0
al hoceima,commune,,,materiaux_murs,,Pierre agglomérée avec mortier,0.3800370078172102,%,10510103.0,rgph2024_logement_urbain,100.0
al hoceima,commune,,,materiaux_murs,,Autres,0.2400077792576735,%,10510103.0,rgph2024_logement_urbain,100.0
al hoceima,commune,,,materiaux_toits,,Dalle,98.98258063862004,%,10510103.0,rgph2024_logement_urbain,100.0
al hoceima,commune,,,materiaux_toits,,"Planches, bois ou tuiles",0.8183161790124854,%,10510103.0,rgph2024_logement_urbain,100.0
al hoceima,commune,,,materiaux_toits,,Tôle en ciment ou en zinc,0.0,%,10510103.0,rgph2024_logement_urbain,100.0
al hoceima,commune,,,materiaux_toits,,Autres,0.1991031823674678,%,10510103.0,rgph2024_logement_urbain,100.0
al hoceima,commune,,,services_base,,Réseau public d'électricité,97.42777957686047,%,10510103.0,rgph2024_logement_urbain,100.0
al hoceima,commune,,,services_base,,Réseau public d'eau,92.03534994054505,%,10510103.0,rgph2024_logement_urbain,100.0
al hoceima,commune,,,services_base,,Réseau public d'assainissement,79.9851576083672,%,10510103.0,rgph2024_logement_urbain,100.0
al hoceima,commune,,,deficit_logement,,Taux de déficit quantitatif en logement (%),1.6,%,10510103.0,rgph2024_logement_urbain,100.0
al hoceima,commune,,,total_logements,,Total des logements urbains,14501.0,logements,10510105.0,rgph2024_logement_urbain,101.0
al hoceima,commune,,,nature_occupation,,Logement occupé,57.66498862147652,%,10510105.0,rgph2024_logement_urbain,101.0
al hoceima,commune,,,nature_occupation,Logement non occupé,Logement vacants,12.592235018275083,%,10510105.0,rgph2024_logement_urbain,101.0
al hoceima,commune,,,nature_occupation,Logement non occupé,Logement secondaire/saisonnier,29.742776360252154,%,10510105.0,rgph2024_logement_urbain,101.0
al hoceima,commune,,,nature_occupation,Logement non occupé,Total logement non occupé,42.33501137852724,%,10510105.0,rgph2024_logement_urbain,101.0
al hoceima,commune,,,type_logement,Logement non précaire ou salubre,Villa ou niveau de villa,0.8,%,10510105.0,rgph2024_logement_urbain,101.0
al hoceima,commune,,,type_logement,Logement non précaire ou salubre,Appartement,9.1,%,10510105.0,rgph2024_logement_urbain,101.0
al hoceima,commune,,,type_logement,Logement non précaire ou salubre,Maison marocaine traditionnelle,0.7,%,10510105.0,rgph2024_logement_urbain,101.0
al hoceima,commune,,,type_logement,Logement non précaire ou salubre,Maison marocaine moderne,89.1,%,10510105.0,rgph2024_logement_urbain,101.0
al hoceima,commune,,,type_logement,Logement non précaire ou salubre,Total non précaire,99.6,%,10510105.0,rgph2024_logement_urbain,101.0
al hoceima,commune,,,type_logement,Logement précaire,Maison sommaire ou bidonville,0.1,%,10510105.0,rgph2024_logement_urbain,101.0
al hoceima,commune,,,type_logement,Logement précaire,Logement en type rural,0.0,%,10510105.0,rgph2024_logement_urbain,101.0
al hoceima,commune,,,type_logement,Logement précaire,Autres type,0.3,%,10510105.0,rgph2024_logement_urbain,101.0
al hoceima,commune,,,type_logement,Logement précaire,Total précaire,0.4,%,10510105.0,rgph2024_logement_urbain,101.0
al hoceima,commune,,,age_logement,,Moins de 20 ans,76.2,%,10510105.0,rgph2024_logement_urbain,101.0
al hoceima,commune,,,age_logement,,De 20 à moins de 50 ans,23.3,%,10510105.0,rgph2024_logement_urbain,101.0
al hoceima,commune,,,age_logement,,50 ans et plus,0.5,%,10510105.0,rgph2024_logement_urbain,101.0
al hoceima,commune,,,age_logement_par_type,Villa ou niveau de villa,Moins de 20 ans,92.7,%,10510105.0,rgph2024_logement_urbain,101.0
al hoceima,commune,,,age_logement_par_type,Villa ou niveau de villa,De 20 à moins de 50 ans,7.3,%,10510105.0,rgph2024_logement_urbain,101.0
al hoceima,commune,,,age_logement_par_type,Villa ou niveau de villa,50 ans et plus,0.0,%,10510105.0,rgph2024_logement_urbain,101.0
al hoceima,commune,,,age_logement_par_type,Appartement,Moins de 20 ans,61.9,%,10510105.0,rgph2024_logement_urbain,101.0
al hoceima,commune,,,age_logement_par_type,Appartement,De 20 à moins de 50 ans,37.8,%,10510105.0,rgph2024_logement_urbain,101.0
al hoceima,commune,,,age_logement_par_type,Appartement,50 ans et plus,0.4,%,10510105.0,rgph2024_logement_urbain,101.0
al hoceima,commune,,,age_logement_par_type,Maison marocaine traditionnelle,Moins de 20 ans,72.6,%,10510105.0,rgph2024_logement_urbain,101.0
al hoceima,commune,,,age_logement_par_type,Maison marocaine traditionnelle,De 20 à moins de 50 ans,25.4,%,10510105.0,rgph2024_logement_urbain,101.0
al hoceima,commune,,,age_logement_par_type,Maison marocaine traditionnelle,50 ans et plus,2.0,%,10510105.0,rgph2024_logement_urbain,101.0
al hoceima,commune,,,age_logement_par_type,Maison marocaine moderne,Moins de 20 ans,77.6,%,10510105.0,rgph2024_logement_urbain,101.0
al hoceima,commune,,,age_logement_par_type,Maison marocaine moderne,De 20 à moins de 50 ans,22.0,%,10510105.0,rgph2024_logement_urbain,101.0
al hoceima,commune,,,age_logement_par_type,Maison marocaine moderne,50 ans et plus,0.4,%,10510105.0,rgph2024_logement_urbain,101.0
al hoceima,commune,,,age_logement_par_type,Total non précaire,Moins de 20 ans,76.2,%,10510105.0,rgph2024_logement_urbain,101.0
al hoceima,commune,,,age_logement_par_type,Total non précaire,De 20 à moins de 50 ans,23.3,%,10510105.0,rgph2024_logement_urbain,101.0
al hoceima,commune,,,age_logement_par_type,Total non précaire,50 ans et plus,0.4,%,10510105.0,rgph2024_logement_urbain,101.0
al hoceima,commune,,,age_logement_par_type,Maison sommaire ou bidonville,Moins de 20 ans,80.0,%,10510105.0,rgph2024_logement_urbain,101.0
al hoceima,commune,,,age_logement_par_type,Maison sommaire ou bidonville,De 20 à moins de 50 ans,20.0,%,10510105.0,rgph2024_logement_urbain,101.0
al hoceima,commune,,,age_logement_par_type,Maison sommaire ou bidonville,50 ans et plus,0.0,%,10510105.0,rgph2024_logement_urbain,101.0
al hoceima,commune,,,age_logement_par_type,Logement en type rural,Moins de 20 ans,66.7,%,10510105.0,rgph2024_logement_urbain,101.0
al hoceima,commune,,,age_logement_par_type,Logement en type rural,De 20 à moins de 50 ans,33.3,%,10510105.0,rgph2024_logement_urbain,101.0
al hoceima,commune,,,age_logement_par_type,Logement en type rural,50 ans et plus,0.0,%,10510105.0,rgph2024_logement_urbain,101.0
al hoceima,commune,,,age_logement_par_type,Autres type,Moins de 20 ans,51.2,%,10510105.0,rgph2024_logement_urbain,101.0
al hoceima,commune,,,age_logement_par_type,Autres type,De 20 à moins de 50 ans,23.2,%,10510105.0,rgph2024_logement_urbain,101.0
al hoceima,commune,,,age_logement_par_type,Autres type,50 ans et plus,25.6,%,10510105.0,rgph2024_logement_urbain,101.0
al hoceima,commune,,,age_logement_par_type,Total précaire,Moins de 20 ans,56.7,%,10510105.0,rgph2024_logement_urbain,101.0
al hoceima,commune,,,age_logement_par_type,Total précaire,De 20 à moins de 50 ans,23.5,%,10510105.0,rgph2024_logement_urbain,101.0
al hoceima,commune,,,age_logement_par_type,Total précaire,50 ans et plus,19.8,%,10510105.0,rgph2024_logement_urbain,101.0
al hoceima,commune,,,materiaux_murs,,"Béton armé, briques avec mortier",99.91352969778517,%,10510105.0,rgph2024_logement_urbain,101.0
al hoceima,commune,,,materiaux_murs,,Pierre agglomérée avec mortier,0.0644028585902572,%,10510105.0,rgph2024_logement_urbain,101.0
al hoceima,commune,,,materiaux_murs,,Autres,0.0220674436245779,%,10510105.0,rgph2024_logement_urbain,101.0
al hoceima,commune,,,materiaux_toits,,Dalle,99.11641517943272,%,10510105.0,rgph2024_logement_urbain,101.0
al hoceima,commune,,,materiaux_toits,,"Planches, bois ou tuiles",0.8373811104783484,%,10510105.0,rgph2024_logement_urbain,101.0
al hoceima,commune,,,materiaux_toits,,Tôle en ciment ou en zinc,0.0,%,10510105.0,rgph2024_logement_urbain,101.0
al hoceima,commune,,,materiaux_toits,,Autres,0.04620371008896,%,10510105.0,rgph2024_logement_urbain,101.0
al hoceima,commune,,,services_base,,Réseau public d'électricité,97.312341186262,%,10510105.0,rgph2024_logement_urbain,101.0
al hoceima,commune,,,services_base,,Réseau public d'eau,94.40988188407844,%,10510105.0,rgph2024_logement_urbain,101.0
al hoceima,commune,,,services_base,,Réseau public d'assainissement,91.4992099389443,%,10510105.0,rgph2024_logement_urbain,101.0
al hoceima,commune,,,deficit_logement,,Taux de déficit quantitatif en logement (%),1.0,%,10510105.0,rgph2024_logement_urbain,101.0
al hoceima,commune,,,total_logements,,Total des logements urbains,4889.0,logements,10510107.0,rgph2024_logement_urbain,102.0
al hoceima,commune,,,nature_occupation,,Logement occupé,73.92104724892641,%,10510107.0,rgph2024_logement_urbain,102.0
al hoceima,commune,,,nature_occupation,Logement non occupé,Logement vacants,11.658825935774278,%,10510107.0,rgph2024_logement_urbain,102.0
al hoceima,commune,,,nature_occupation,Logement non occupé,Logement secondaire/saisonnier,14.420126815299763,%,10510107.0,rgph2024_logement_urbain,102.0
al hoceima,commune,,,nature_occupation,Logement non occupé,Total logement non occupé,26.07895275107404,%,10510107.0,rgph2024_logement_urbain,102.0
al hoceima,commune,,,type_logement,Logement non précaire ou salubre,Villa ou niveau de villa,0.2,%,10510107.0,rgph2024_logement_urbain,102.0
al hoceima,commune,,,type_logement,Logement non précaire ou salubre,Appartement,14.2,%,10510107.0,rgph2024_logement_urbain,102.0
al hoceima,commune,,,type_logement,Logement non précaire ou salubre,Maison marocaine traditionnelle,0.6,%,10510107.0,rgph2024_logement_urbain,102.0
al hoceima,commune,,,type_logement,Logement non précaire ou salubre,Maison marocaine moderne,82.2,%,10510107.0,rgph2024_logement_urbain,102.0
al hoceima,commune,,,type_logement,Logement non précaire ou salubre,Total non précaire,97.2,%,10510107.0,rgph2024_logement_urbain,102.0
al hoceima,commune,,,type_logement,Logement précaire,Maison sommaire ou bidonville,0.8,%,10510107.0,rgph2024_logement_urbain,102.0
al hoceima,commune,,,type_logement,Logement précaire,Logement en type rural,1.1,%,10510107.0,rgph2024_logement_urbain,102.0
al hoceima,commune,,,type_logement,Logement précaire,Autres type,0.9,%,10510107.0,rgph2024_logement_urbain,102.0
al hoceima,commune,,,type_logement,Logement précaire,Total précaire,2.8,%,10510107.0,rgph2024_logement_urbain,102.0
al hoceima,commune,,,age_logement,,Moins de 20 ans,64.6,%,10510107.0,rgph2024_logement_urbain,102.0
al hoceima,commune,,,age_logement,,De 20 à moins de 50 ans,32.6,%,10510107.0,rgph2024_logement_urbain,102.0
al hoceima,commune,,,age_logement,,50 ans et plus,2.7,%,10510107.0,rgph2024_logement_urbain,102.0
al hoceima,commune,,,age_logement_par_type,Villa ou niveau de villa,Moins de 20 ans,62.5,%,10510107.0,rgph2024_logement_urbain,102.0
al hoceima,commune,,,age_logement_par_type,Villa ou niveau de villa,De 20 à moins de 50 ans,37.5,%,10510107.0,rgph2024_logement_urbain,102.0
al hoceima,commune,,,age_logement_par_type,Villa ou niveau de villa,50 ans et plus,0.0,%,10510107.0,rgph2024_logement_urbain,102.0
al hoceima,commune,,,age_logement_par_type,Appartement,Moins de 20 ans,88.3,%,10510107.0,rgph2024_logement_urbain,102.0
al hoceima,commune,,,age_logement_par_type,Appartement,De 20 à moins de 50 ans,10.7,%,10510107.0,rgph2024_logement_urbain,102.0
al hoceima,commune,,,age_logement_par_type,Appartement,50 ans et plus,1.0,%,10510107.0,rgph2024_logement_urbain,102.0
al hoceima,commune,,,age_logement_par_type,Maison marocaine traditionnelle,Moins de 20 ans,26.4,%,10510107.0,rgph2024_logement_urbain,102.0
al hoceima,commune,,,age_logement_par_type,Maison marocaine traditionnelle,De 20 à moins de 50 ans,40.0,%,10510107.0,rgph2024_logement_urbain,102.0
al hoceima,commune,,,age_logement_par_type,Maison marocaine traditionnelle,50 ans et plus,33.6,%,10510107.0,rgph2024_logement_urbain,102.0
al hoceima,commune,,,age_logement_par_type,Maison marocaine moderne,Moins de 20 ans,62.4,%,10510107.0,rgph2024_logement_urbain,102.0
al hoceima,commune,,,age_logement_par_type,Maison marocaine moderne,De 20 à moins de 50 ans,35.7,%,10510107.0,rgph2024_logement_urbain,102.0
al hoceima,commune,,,age_logement_par_type,Maison marocaine moderne,50 ans et plus,1.9,%,10510107.0,rgph2024_logement_urbain,102.0
al hoceima,commune,,,age_logement_par_type,Total non précaire,Moins de 20 ans,66.0,%,10510107.0,rgph2024_logement_urbain,102.0
al hoceima,commune,,,age_logement_par_type,Total non précaire,De 20 à moins de 50 ans,32.0,%,10510107.0,rgph2024_logement_urbain,102.0
al hoceima,commune,,,age_logement_par_type,Total non précaire,50 ans et plus,2.0,%,10510107.0,rgph2024_logement_urbain,102.0
al hoceima,commune,,,age_logement_par_type,Maison sommaire ou bidonville,Moins de 20 ans,21.4,%,10510107.0,rgph2024_logement_urbain,102.0
al hoceima,commune,,,age_logement_par_type,Maison sommaire ou bidonville,De 20 à moins de 50 ans,50.0,%,10510107.0,rgph2024_logement_urbain,102.0
al hoceima,commune,,,age_logement_par_type,Maison sommaire ou bidonville,50 ans et plus,28.6,%,10510107.0,rgph2024_logement_urbain,102.0
al hoceima,commune,,,age_logement_par_type,Logement en type rural,Moins de 20 ans,8.3,%,10510107.0,rgph2024_logement_urbain,102.0
al hoceima,commune,,,age_logement_par_type,Logement en type rural,De 20 à moins de 50 ans,50.0,%,10510107.0,rgph2024_logement_urbain,102.0
al hoceima,commune,,,age_logement_par_type,Logement en type rural,50 ans et plus,41.7,%,10510107.0,rgph2024_logement_urbain,102.0
al hoceima,commune,,,age_logement_par_type,Autres type,Moins de 20 ans,26.7,%,10510107.0,rgph2024_logement_urbain,102.0
al hoceima,commune,,,age_logement_par_type,Autres type,De 20 à moins de 50 ans,60.0,%,10510107.0,rgph2024_logement_urbain,102.0
al hoceima,commune,,,age_logement_par_type,Autres type,50 ans et plus,13.3,%,10510107.0,rgph2024_logement_urbain,102.0
al hoceima,commune,,,age_logement_par_type,Total précaire,Moins de 20 ans,18.0,%,10510107.0,rgph2024_logement_urbain,102.0
al hoceima,commune,,,age_logement_par_type,Total précaire,De 20 à moins de 50 ans,53.3,%,10510107.0,rgph2024_logement_urbain,102.0
al hoceima,commune,,,age_logement_par_type,Total précaire,50 ans et plus,28.7,%,10510107.0,rgph2024_logement_urbain,102.0
al hoceima,commune,,,materiaux_murs,,"Béton armé, briques avec mortier",97.57928533021524,%,10510107.0,rgph2024_logement_urbain,102.0
al hoceima,commune,,,materiaux_murs,,Pierre agglomérée avec mortier,1.410406727814157,%,10510107.0,rgph2024_logement_urbain,102.0
al hoceima,commune,,,materiaux_murs,,Autres,1.0103079419706429,%,10510107.0,rgph2024_logement_urbain,102.0
al hoceima,commune,,,materiaux_toits,,Dalle,97.32042678355998,%,10510107.0,rgph2024_logement_urbain,102.0
al hoceima,commune,,,materiaux_toits,,"Planches, bois ou tuiles",1.3719868246604707,%,10510107.0,rgph2024_logement_urbain,102.0
al hoceima,commune,,,materiaux_toits,,Tôle en ciment ou en zinc,0.4481116116123863,%,10510107.0,rgph2024_logement_urbain,102.0
al hoceima,commune,,,materiaux_toits,,Autres,0.8594747801672081,%,10510107.0,rgph2024_logement_urbain,102.0
al hoceima,commune,,,services_base,,Réseau public d'électricité,98.19996034779116,%,10510107.0,rgph2024_logement_urbain,102.0
al hoceima,commune,,,services_base,,Réseau public d'eau,97.4341739863325,%,10510107.0,rgph2024_logement_urbain,102.0
al hoceima,commune,,,services_base,,Réseau public d'assainissement,99.08712644018676,%,10510107.0,rgph2024_logement_urbain,102.0
al hoceima,commune,,,deficit_logement,,Taux de déficit quantitatif en logement (%),4.2,%,10510107.0,rgph2024_logement_urbain,102.0
al hoceima,commune,,,total_logements,,Total des logements urbains,2906.0,logements,10510109.0,rgph2024_logement_urbain,103.0
al hoceima,commune,,,nature_occupation,,Logement occupé,51.135581555402624,%,10510109.0,rgph2024_logement_urbain,103.0
al hoceima,commune,,,nature_occupation,Logement non occupé,Logement vacants,9.359944941500345,%,10510109.0,rgph2024_logement_urbain,103.0
al hoceima,commune,,,nature_occupation,Logement non occupé,Logement secondaire/saisonnier,39.504473503097046,%,10510109.0,rgph2024_logement_urbain,103.0
al hoceima,commune,,,nature_occupation,Logement non occupé,Total logement non occupé,48.86441844459739,%,10510109.0,rgph2024_logement_urbain,103.0
al hoceima,commune,,,type_logement,Logement non précaire ou salubre,Villa ou niveau de villa,4.0,%,10510109.0,rgph2024_logement_urbain,103.0
al hoceima,commune,,,type_logement,Logement non précaire ou salubre,Appartement,10.4,%,10510109.0,rgph2024_logement_urbain,103.0
al hoceima,commune,,,type_logement,Logement non précaire ou salubre,Maison marocaine traditionnelle,2.3,%,10510109.0,rgph2024_logement_urbain,103.0
al hoceima,commune,,,type_logement,Logement non précaire ou salubre,Maison marocaine moderne,82.0,%,10510109.0,rgph2024_logement_urbain,103.0
al hoceima,commune,,,type_logement,Logement non précaire ou salubre,Total non précaire,98.7,%,10510109.0,rgph2024_logement_urbain,103.0
al hoceima,commune,,,type_logement,Logement précaire,Maison sommaire ou bidonville,0.6,%,10510109.0,rgph2024_logement_urbain,103.0
al hoceima,commune,,,type_logement,Logement précaire,Logement en type rural,0.3,%,10510109.0,rgph2024_logement_urbain,103.0
al hoceima,commune,,,type_logement,Logement précaire,Autres type,0.3,%,10510109.0,rgph2024_logement_urbain,103.0
al hoceima,commune,,,type_logement,Logement précaire,Total précaire,1.3,%,10510109.0,rgph2024_logement_urbain,103.0
al hoceima,commune,,,age_logement,,Moins de 20 ans,77.7,%,10510109.0,rgph2024_logement_urbain,103.0
al hoceima,commune,,,age_logement,,De 20 à moins de 50 ans,19.2,%,10510109.0,rgph2024_logement_urbain,103.0
al hoceima,commune,,,age_logement,,50 ans et plus,3.1,%,10510109.0,rgph2024_logement_urbain,103.0
al hoceima,commune,,,age_logement_par_type,Villa ou niveau de villa,Moins de 20 ans,81.0,%,10510109.0,rgph2024_logement_urbain,103.0
al hoceima,commune,,,age_logement_par_type,Villa ou niveau de villa,De 20 à moins de 50 ans,16.4,%,10510109.0,rgph2024_logement_urbain,103.0
al hoceima,commune,,,age_logement_par_type,Villa ou niveau de villa,50 ans et plus,2.6,%,10510109.0,rgph2024_logement_urbain,103.0
al hoceima,commune,,,age_logement_par_type,Appartement,Moins de 20 ans,99.0,%,10510109.0,rgph2024_logement_urbain,103.0
al hoceima,commune,,,age_logement_par_type,Appartement,De 20 à moins de 50 ans,1.0,%,10510109.0,rgph2024_logement_urbain,103.0
al hoceima,commune,,,age_logement_par_type,Appartement,50 ans et plus,0.0,%,10510109.0,rgph2024_logement_urbain,103.0
al hoceima,commune,,,age_logement_par_type,Maison marocaine traditionnelle,Moins de 20 ans,45.6,%,10510109.0,rgph2024_logement_urbain,103.0
al hoceima,commune,,,age_logement_par_type,Maison marocaine traditionnelle,De 20 à moins de 50 ans,25.0,%,10510109.0,rgph2024_logement_urbain,103.0
al hoceima,commune,,,age_logement_par_type,Maison marocaine traditionnelle,50 ans et plus,29.4,%,10510109.0,rgph2024_logement_urbain,103.0
al hoceima,commune,,,age_logement_par_type,Maison marocaine moderne,Moins de 20 ans,76.2,%,10510109.0,rgph2024_logement_urbain,103.0
al hoceima,commune,,,age_logement_par_type,Maison marocaine moderne,De 20 à moins de 50 ans,21.3,%,10510109.0,rgph2024_logement_urbain,103.0
al hoceima,commune,,,age_logement_par_type,Maison marocaine moderne,50 ans et plus,2.5,%,10510109.0,rgph2024_logement_urbain,103.0
al hoceima,commune,,,age_logement_par_type,Total non précaire,Moins de 20 ans,78.1,%,10510109.0,rgph2024_logement_urbain,103.0
al hoceima,commune,,,age_logement_par_type,Total non précaire,De 20 à moins de 50 ans,19.0,%,10510109.0,rgph2024_logement_urbain,103.0
al hoceima,commune,,,age_logement_par_type,Total non précaire,50 ans et plus,2.9,%,10510109.0,rgph2024_logement_urbain,103.0
al hoceima,commune,,,age_logement_par_type,Maison sommaire ou bidonville,Moins de 20 ans,44.4,%,10510109.0,rgph2024_logement_urbain,103.0
al hoceima,commune,,,age_logement_par_type,Maison sommaire ou bidonville,De 20 à moins de 50 ans,38.9,%,10510109.0,rgph2024_logement_urbain,103.0
al hoceima,commune,,,age_logement_par_type,Maison sommaire ou bidonville,50 ans et plus,16.7,%,10510109.0,rgph2024_logement_urbain,103.0
al hoceima,commune,,,age_logement_par_type,Logement en type rural,Moins de 20 ans,30.0,%,10510109.0,rgph2024_logement_urbain,103.0
al hoceima,commune,,,age_logement_par_type,Logement en type rural,De 20 à moins de 50 ans,40.0,%,10510109.0,rgph2024_logement_urbain,103.0
al hoceima,commune,,,age_logement_par_type,Logement en type rural,50 ans et plus,30.0,%,10510109.0,rgph2024_logement_urbain,103.0
al hoceima,commune,,,age_logement_par_type,Autres type,Moins de 20 ans,70.0,%,10510109.0,rgph2024_logement_urbain,103.0
al hoceima,commune,,,age_logement_par_type,Autres type,De 20 à moins de 50 ans,10.0,%,10510109.0,rgph2024_logement_urbain,103.0
al hoceima,commune,,,age_logement_par_type,Autres type,50 ans et plus,20.0,%,10510109.0,rgph2024_logement_urbain,103.0
al hoceima,commune,,,age_logement_par_type,Total précaire,Moins de 20 ans,47.4,%,10510109.0,rgph2024_logement_urbain,103.0
al hoceima,commune,,,age_logement_par_type,Total précaire,De 20 à moins de 50 ans,31.6,%,10510109.0,rgph2024_logement_urbain,103.0
al hoceima,commune,,,age_logement_par_type,Total précaire,50 ans et plus,21.1,%,10510109.0,rgph2024_logement_urbain,103.0
al hoceima,commune,,,materiaux_murs,,"Béton armé, briques avec mortier",98.58912594631796,%,10510109.0,rgph2024_logement_urbain,103.0
al hoceima,commune,,,materiaux_murs,,Pierre agglomérée avec mortier,1.307639366827254,%,10510109.0,rgph2024_logement_urbain,103.0
al hoceima,commune,,,materiaux_murs,,Autres,0.1032346868547832,%,10510109.0,rgph2024_logement_urbain,103.0
al hoceima,commune,,,materiaux_toits,,Dalle,97.90089470061942,%,10510109.0,rgph2024_logement_urbain,103.0
al hoceima,commune,,,materiaux_toits,,"Planches, bois ou tuiles",1.2388162422573985,%,10510109.0,rgph2024_logement_urbain,103.0
al hoceima,commune,,,materiaux_toits,,Tôle en ciment ou en zinc,0.5849965588437714,%,10510109.0,rgph2024_logement_urbain,103.0
al hoceima,commune,,,materiaux_toits,,Autres,0.2752924982794218,%,10510109.0,rgph2024_logement_urbain,103.0
al hoceima,commune,,,services_base,,Réseau public d'électricité,96.662078458362,%,10510109.0,rgph2024_logement_urbain,103.0
al hoceima,commune,,,services_base,,Réseau public d'eau,96.42119752236752,%,10510109.0,rgph2024_logement_urbain,103.0
al hoceima,commune,,,services_base,,Réseau public d'assainissement,70.81899518238129,%,10510109.0,rgph2024_logement_urbain,103.0
al hoceima,commune,,,deficit_logement,,Taux de déficit quantitatif en logement (%),2.9,%,10510109.0,rgph2024_logement_urbain,103.0
al hoceima,cercle,,,total_logements,,Total des logements urbains,2466.0,logements,105113.0,rgph2024_logement_urbain,20.0
al hoceima,cercle,,,nature_occupation,,Logement occupé,57.745336577453365,%,105113.0,rgph2024_logement_urbain,20.0
al hoceima,cercle,,,nature_occupation,Logement non occupé,Logement vacants,3.5279805352798053,%,105113.0,rgph2024_logement_urbain,20.0
al hoceima,cercle,,,nature_occupation,Logement non occupé,Logement secondaire/saisonnier,38.726682887266826,%,105113.0,rgph2024_logement_urbain,20.0
al hoceima,cercle,,,nature_occupation,Logement non occupé,Total logement non occupé,42.25466342254663,%,105113.0,rgph2024_logement_urbain,20.0
al hoceima,cercle,,,type_logement,Logement non précaire ou salubre,Villa ou niveau de villa,0.4,%,105113.0,rgph2024_logement_urbain,20.0
al hoceima,cercle,,,type_logement,Logement non précaire ou salubre,Appartement,0.3,%,105113.0,rgph2024_logement_urbain,20.0
al hoceima,cercle,,,type_logement,Logement non précaire ou salubre,Maison marocaine traditionnelle,1.6,%,105113.0,rgph2024_logement_urbain,20.0
al hoceima,cercle,,,type_logement,Logement non précaire ou salubre,Maison marocaine moderne,96.1,%,105113.0,rgph2024_logement_urbain,20.0
al hoceima,cercle,,,type_logement,Logement non précaire ou salubre,Total non précaire,98.5,%,105113.0,rgph2024_logement_urbain,20.0
al hoceima,cercle,,,type_logement,Logement précaire,Maison sommaire ou bidonville,0.1,%,105113.0,rgph2024_logement_urbain,20.0
al hoceima,cercle,,,type_logement,Logement précaire,Logement en type rural,1.1,%,105113.0,rgph2024_logement_urbain,20.0
al hoceima,cercle,,,type_logement,Logement précaire,Autres type,0.3,%,105113.0,rgph2024_logement_urbain,20.0
al hoceima,cercle,,,type_logement,Logement précaire,Total précaire,1.5,%,105113.0,rgph2024_logement_urbain,20.0
al hoceima,cercle,,,age_logement,,Moins de 20 ans,87.5,%,105113.0,rgph2024_logement_urbain,20.0
al hoceima,cercle,,,age_logement,,De 20 à moins de 50 ans,11.9,%,105113.0,rgph2024_logement_urbain,20.0
al hoceima,cercle,,,age_logement,,50 ans et plus,0.6,%,105113.0,rgph2024_logement_urbain,20.0
al hoceima,cercle,,,age_logement_par_type,Villa ou niveau de villa,Moins de 20 ans,81.8,%,105113.0,rgph2024_logement_urbain,20.0
al hoceima,cercle,,,age_logement_par_type,Villa ou niveau de villa,De 20 à moins de 50 ans,18.2,%,105113.0,rgph2024_logement_urbain,20.0
al hoceima,cercle,,,age_logement_par_type,Villa ou niveau de villa,50 ans et plus,0.0,%,105113.0,rgph2024_logement_urbain,20.0
al hoceima,cercle,,,age_logement_par_type,Appartement,Moins de 20 ans,100.0,%,105113.0,rgph2024_logement_urbain,20.0
al hoceima,cercle,,,age_logement_par_type,Appartement,De 20 à moins de 50 ans,0.0,%,105113.0,rgph2024_logement_urbain,20.0
al hoceima,cercle,,,age_logement_par_type,Appartement,50 ans et plus,0.0,%,105113.0,rgph2024_logement_urbain,20.0
al hoceima,cercle,,,age_logement_par_type,Maison marocaine traditionnelle,Moins de 20 ans,57.5,%,105113.0,rgph2024_logement_urbain,20.0
al hoceima,cercle,,,age_logement_par_type,Maison marocaine traditionnelle,De 20 à moins de 50 ans,32.5,%,105113.0,rgph2024_logement_urbain,20.0
al hoceima,cercle,,,age_logement_par_type,Maison marocaine traditionnelle,50 ans et plus,10.0,%,105113.0,rgph2024_logement_urbain,20.0
al hoceima,cercle,,,age_logement_par_type,Maison marocaine moderne,Moins de 20 ans,88.3,%,105113.0,rgph2024_logement_urbain,20.0
al hoceima,cercle,,,age_logement_par_type,Maison marocaine moderne,De 20 à moins de 50 ans,11.4,%,105113.0,rgph2024_logement_urbain,20.0
al hoceima,cercle,,,age_logement_par_type,Maison marocaine moderne,50 ans et plus,0.3,%,105113.0,rgph2024_logement_urbain,20.0
al hoceima,cercle,,,age_logement_par_type,Total non précaire,Moins de 20 ans,87.8,%,105113.0,rgph2024_logement_urbain,20.0
al hoceima,cercle,,,age_logement_par_type,Total non précaire,De 20 à moins de 50 ans,11.7,%,105113.0,rgph2024_logement_urbain,20.0
al hoceima,cercle,,,age_logement_par_type,Total non précaire,50 ans et plus,0.5,%,105113.0,rgph2024_logement_urbain,20.0
al hoceima,cercle,,,age_logement_par_type,Maison sommaire ou bidonville,Moins de 20 ans,50.0,%,105113.0,rgph2024_logement_urbain,20.0
al hoceima,cercle,,,age_logement_par_type,Maison sommaire ou bidonville,De 20 à moins de 50 ans,50.0,%,105113.0,rgph2024_logement_urbain,20.0
al hoceima,cercle,,,age_logement_par_type,Maison sommaire ou bidonville,50 ans et plus,0.0,%,105113.0,rgph2024_logement_urbain,20.0
al hoceima,cercle,,,age_logement_par_type,Logement en type rural,Moins de 20 ans,81.5,%,105113.0,rgph2024_logement_urbain,20.0
al hoceima,cercle,,,age_logement_par_type,Logement en type rural,De 20 à moins de 50 ans,11.1,%,105113.0,rgph2024_logement_urbain,20.0
al hoceima,cercle,,,age_logement_par_type,Logement en type rural,50 ans et plus,7.4,%,105113.0,rgph2024_logement_urbain,20.0
al hoceima,cercle,,,age_logement_par_type,Autres type,Moins de 20 ans,25.0,%,105113.0,rgph2024_logement_urbain,20.0
al hoceima,cercle,,,age_logement_par_type,Autres type,De 20 à moins de 50 ans,62.5,%,105113.0,rgph2024_logement_urbain,20.0
al hoceima,cercle,,,age_logement_par_type,Autres type,50 ans et plus,12.5,%,105113.0,rgph2024_logement_urbain,20.0
al hoceima,cercle,,,age_logement_par_type,Total précaire,Moins de 20 ans,67.6,%,105113.0,rgph2024_logement_urbain,20.0
al hoceima,cercle,,,age_logement_par_type,Total précaire,De 20 à moins de 50 ans,24.3,%,105113.0,rgph2024_logement_urbain,20.0
al hoceima,cercle,,,age_logement_par_type,Total précaire,50 ans et plus,8.1,%,105113.0,rgph2024_logement_urbain,20.0
al hoceima,cercle,,,materiaux_murs,,"Béton armé, briques avec mortier",98.98621248986213,%,105113.0,rgph2024_logement_urbain,20.0
al hoceima,cercle,,,materiaux_murs,,Pierre agglomérée avec mortier,0.7299270072992701,%,105113.0,rgph2024_logement_urbain,20.0
al hoceima,cercle,,,materiaux_murs,,Autres,0.283860502838605,%,105113.0,rgph2024_logement_urbain,20.0
al hoceima,cercle,,,materiaux_toits,,Dalle,98.8645579886456,%,105113.0,rgph2024_logement_urbain,20.0
al hoceima,cercle,,,materiaux_toits,,"Planches, bois ou tuiles",0.7704785077047851,%,105113.0,rgph2024_logement_urbain,20.0
al hoceima,cercle,,,materiaux_toits,,Tôle en ciment ou en zinc,0.040551500405515,%,105113.0,rgph2024_logement_urbain,20.0
al hoceima,cercle,,,materiaux_toits,,Autres,0.32441200324412,%,105113.0,rgph2024_logement_urbain,20.0
al hoceima,cercle,,,services_base,,Réseau public d'électricité,94.52554744525548,%,105113.0,rgph2024_logement_urbain,20.0
al hoceima,cercle,,,services_base,,Réseau public d'eau,91.3219789132198,%,105113.0,rgph2024_logement_urbain,20.0
al hoceima,cercle,,,services_base,,Réseau public d'assainissement,74.77696674776966,%,105113.0,rgph2024_logement_urbain,20.0
al hoceima,cercle,,,deficit_logement,,Taux de déficit quantitatif en logement (%),7.7,%,105113.0,rgph2024_logement_urbain,20.0
al hoceima,commune,,,total_logements,,Total des logements urbains,1802.0,logements,10511303.0,rgph2024_logement_urbain,112.0
al hoceima,commune,,,nature_occupation,,Logement occupé,54.99445061043286,%,10511303.0,rgph2024_logement_urbain,112.0
al hoceima,commune,,,nature_occupation,Logement non occupé,Logement vacants,3.829078801331853,%,10511303.0,rgph2024_logement_urbain,112.0
al hoceima,commune,,,nature_occupation,Logement non occupé,Logement secondaire/saisonnier,41.17647058823529,%,10511303.0,rgph2024_logement_urbain,112.0
al hoceima,commune,,,nature_occupation,Logement non occupé,Total logement non occupé,45.00554938956714,%,10511303.0,rgph2024_logement_urbain,112.0
al hoceima,commune,,,type_logement,Logement non précaire ou salubre,Villa ou niveau de villa,0.4,%,10511303.0,rgph2024_logement_urbain,112.0
al hoceima,commune,,,type_logement,Logement non précaire ou salubre,Appartement,0.2,%,10511303.0,rgph2024_logement_urbain,112.0
al hoceima,commune,,,type_logement,Logement non précaire ou salubre,Maison marocaine traditionnelle,1.3,%,10511303.0,rgph2024_logement_urbain,112.0
al hoceima,commune,,,type_logement,Logement non précaire ou salubre,Maison marocaine moderne,96.4,%,10511303.0,rgph2024_logement_urbain,112.0
al hoceima,commune,,,type_logement,Logement non précaire ou salubre,Total non précaire,98.3,%,10511303.0,rgph2024_logement_urbain,112.0
al hoceima,commune,,,type_logement,Logement précaire,Maison sommaire ou bidonville,0.1,%,10511303.0,rgph2024_logement_urbain,112.0
al hoceima,commune,,,type_logement,Logement précaire,Logement en type rural,1.3,%,10511303.0,rgph2024_logement_urbain,112.0
al hoceima,commune,,,type_logement,Logement précaire,Autres type,0.3,%,10511303.0,rgph2024_logement_urbain,112.0
al hoceima,commune,,,type_logement,Logement précaire,Total précaire,1.7,%,10511303.0,rgph2024_logement_urbain,112.0
al hoceima,commune,,,age_logement,,Moins de 20 ans,88.6,%,10511303.0,rgph2024_logement_urbain,112.0
al hoceima,commune,,,age_logement,,De 20 à moins de 50 ans,10.8,%,10511303.0,rgph2024_logement_urbain,112.0
al hoceima,commune,,,age_logement,,50 ans et plus,0.7,%,10511303.0,rgph2024_logement_urbain,112.0
al hoceima,commune,,,age_logement_par_type,Villa ou niveau de villa,Moins de 20 ans,85.7,%,10511303.0,rgph2024_logement_urbain,112.0
al hoceima,commune,,,age_logement_par_type,Villa ou niveau de villa,De 20 à moins de 50 ans,14.3,%,10511303.0,rgph2024_logement_urbain,112.0
al hoceima,commune,,,age_logement_par_type,Villa ou niveau de villa,50 ans et plus,0.0,%,10511303.0,rgph2024_logement_urbain,112.0
al hoceima,commune,,,age_logement_par_type,Appartement,Moins de 20 ans,100.0,%,10511303.0,rgph2024_logement_urbain,112.0
al hoceima,commune,,,age_logement_par_type,Appartement,De 20 à moins de 50 ans,0.0,%,10511303.0,rgph2024_logement_urbain,112.0
al hoceima,commune,,,age_logement_par_type,Appartement,50 ans et plus,0.0,%,10511303.0,rgph2024_logement_urbain,112.0
al hoceima,commune,,,age_logement_par_type,Maison marocaine traditionnelle,Moins de 20 ans,65.2,%,10511303.0,rgph2024_logement_urbain,112.0
al hoceima,commune,,,age_logement_par_type,Maison marocaine traditionnelle,De 20 à moins de 50 ans,26.1,%,10511303.0,rgph2024_logement_urbain,112.0
al hoceima,commune,,,age_logement_par_type,Maison marocaine traditionnelle,50 ans et plus,8.7,%,10511303.0,rgph2024_logement_urbain,112.0
al hoceima,commune,,,age_logement_par_type,Maison marocaine moderne,Moins de 20 ans,89.2,%,10511303.0,rgph2024_logement_urbain,112.0
al hoceima,commune,,,age_logement_par_type,Maison marocaine moderne,De 20 à moins de 50 ans,10.4,%,10511303.0,rgph2024_logement_urbain,112.0
al hoceima,commune,,,age_logement_par_type,Maison marocaine moderne,50 ans et plus,0.5,%,10511303.0,rgph2024_logement_urbain,112.0
al hoceima,commune,,,age_logement_par_type,Total non précaire,Moins de 20 ans,88.9,%,10511303.0,rgph2024_logement_urbain,112.0
al hoceima,commune,,,age_logement_par_type,Total non précaire,De 20 à moins de 50 ans,10.6,%,10511303.0,rgph2024_logement_urbain,112.0
al hoceima,commune,,,age_logement_par_type,Total non précaire,50 ans et plus,0.6,%,10511303.0,rgph2024_logement_urbain,112.0
al hoceima,commune,,,age_logement_par_type,Maison sommaire ou bidonville,Moins de 20 ans,50.0,%,10511303.0,rgph2024_logement_urbain,112.0
al hoceima,commune,,,age_logement_par_type,Maison sommaire ou bidonville,De 20 à moins de 50 ans,50.0,%,10511303.0,rgph2024_logement_urbain,112.0
al hoceima,commune,,,age_logement_par_type,Maison sommaire ou bidonville,50 ans et plus,0.0,%,10511303.0,rgph2024_logement_urbain,112.0
al hoceima,commune,,,age_logement_par_type,Logement en type rural,Moins de 20 ans,82.6,%,10511303.0,rgph2024_logement_urbain,112.0
al hoceima,commune,,,age_logement_par_type,Logement en type rural,De 20 à moins de 50 ans,8.7,%,10511303.0,rgph2024_logement_urbain,112.0
al hoceima,commune,,,age_logement_par_type,Logement en type rural,50 ans et plus,8.7,%,10511303.0,rgph2024_logement_urbain,112.0
al hoceima,commune,,,age_logement_par_type,Autres type,Moins de 20 ans,33.3,%,10511303.0,rgph2024_logement_urbain,112.0
al hoceima,commune,,,age_logement_par_type,Autres type,De 20 à moins de 50 ans,66.7,%,10511303.0,rgph2024_logement_urbain,112.0
al hoceima,commune,,,age_logement_par_type,Autres type,50 ans et plus,0.0,%,10511303.0,rgph2024_logement_urbain,112.0
al hoceima,commune,,,age_logement_par_type,Total précaire,Moins de 20 ans,71.0,%,10511303.0,rgph2024_logement_urbain,112.0
al hoceima,commune,,,age_logement_par_type,Total précaire,De 20 à moins de 50 ans,22.6,%,10511303.0,rgph2024_logement_urbain,112.0
al hoceima,commune,,,age_logement_par_type,Total précaire,50 ans et plus,6.5,%,10511303.0,rgph2024_logement_urbain,112.0
al hoceima,commune,,,materiaux_murs,,"Béton armé, briques avec mortier",99.22308546059934,%,10511303.0,rgph2024_logement_urbain,112.0
al hoceima,commune,,,materiaux_murs,,Pierre agglomérée avec mortier,0.5549389567147613,%,10511303.0,rgph2024_logement_urbain,112.0
al hoceima,commune,,,materiaux_murs,,Autres,0.2219755826859045,%,10511303.0,rgph2024_logement_urbain,112.0
al hoceima,commune,,,materiaux_toits,,Dalle,99.00110987791344,%,10511303.0,rgph2024_logement_urbain,112.0
al hoceima,commune,,,materiaux_toits,,"Planches, bois ou tuiles",0.776914539400666,%,10511303.0,rgph2024_logement_urbain,112.0
al hoceima,commune,,,materiaux_toits,,Tôle en ciment ou en zinc,0.0554938956714761,%,10511303.0,rgph2024_logement_urbain,112.0
al hoceima,commune,,,materiaux_toits,,Autres,0.1664816870144284,%,10511303.0,rgph2024_logement_urbain,112.0
al hoceima,commune,,,services_base,,Réseau public d'électricité,93.84017758046616,%,10511303.0,rgph2024_logement_urbain,112.0
al hoceima,commune,,,services_base,,Réseau public d'eau,89.84461709211988,%,10511303.0,rgph2024_logement_urbain,112.0
al hoceima,commune,,,services_base,,Réseau public d'assainissement,81.46503884572697,%,10511303.0,rgph2024_logement_urbain,112.0
al hoceima,commune,,,deficit_logement,,Taux de déficit quantitatif en logement (%),7.1,%,10511303.0,rgph2024_logement_urbain,112.0
al hoceima,centre_urbain,,,total_logements,,Total des logements urbains,1802.0,logements,105113034.0,rgph2024_logement_urbain,191.0
al hoceima,centre_urbain,,,nature_occupation,,Logement occupé,54.99445061043286,%,105113034.0,rgph2024_logement_urbain,191.0
al hoceima,centre_urbain,,,nature_occupation,Logement non occupé,Logement vacants,3.829078801331853,%,105113034.0,rgph2024_logement_urbain,191.0
al hoceima,centre_urbain,,,nature_occupation,Logement non occupé,Logement secondaire/saisonnier,41.17647058823529,%,105113034.0,rgph2024_logement_urbain,191.0
al hoceima,centre_urbain,,,nature_occupation,Logement non occupé,Total logement non occupé,45.00554938956714,%,105113034.0,rgph2024_logement_urbain,191.0
al hoceima,centre_urbain,,,type_logement,Logement non précaire ou salubre,Villa ou niveau de villa,0.4,%,105113034.0,rgph2024_logement_urbain,191.0
al hoceima,centre_urbain,,,type_logement,Logement non précaire ou salubre,Appartement,0.2,%,105113034.0,rgph2024_logement_urbain,191.0
al hoceima,centre_urbain,,,type_logement,Logement non précaire ou salubre,Maison marocaine traditionnelle,1.3,%,105113034.0,rgph2024_logement_urbain,191.0
al hoceima,centre_urbain,,,type_logement,Logement non précaire ou salubre,Maison marocaine moderne,96.4,%,105113034.0,rgph2024_logement_urbain,191.0
al hoceima,centre_urbain,,,type_logement,Logement non précaire ou salubre,Total non précaire,98.3,%,105113034.0,rgph2024_logement_urbain,191.0
al hoceima,centre_urbain,,,type_logement,Logement précaire,Maison sommaire ou bidonville,0.1,%,105113034.0,rgph2024_logement_urbain,191.0
al hoceima,centre_urbain,,,type_logement,Logement précaire,Logement en type rural,1.3,%,105113034.0,rgph2024_logement_urbain,191.0
al hoceima,centre_urbain,,,type_logement,Logement précaire,Autres type,0.3,%,105113034.0,rgph2024_logement_urbain,191.0
al hoceima,centre_urbain,,,type_logement,Logement précaire,Total précaire,1.7,%,105113034.0,rgph2024_logement_urbain,191.0
al hoceima,centre_urbain,,,age_logement,,Moins de 20 ans,88.6,%,105113034.0,rgph2024_logement_urbain,191.0
al hoceima,centre_urbain,,,age_logement,,De 20 à moins de 50 ans,10.8,%,105113034.0,rgph2024_logement_urbain,191.0
al hoceima,centre_urbain,,,age_logement,,50 ans et plus,0.7,%,105113034.0,rgph2024_logement_urbain,191.0
al hoceima,centre_urbain,,,age_logement_par_type,Villa ou niveau de villa,Moins de 20 ans,85.7,%,105113034.0,rgph2024_logement_urbain,191.0
al hoceima,centre_urbain,,,age_logement_par_type,Villa ou niveau de villa,De 20 à moins de 50 ans,14.3,%,105113034.0,rgph2024_logement_urbain,191.0
al hoceima,centre_urbain,,,age_logement_par_type,Villa ou niveau de villa,50 ans et plus,0.0,%,105113034.0,rgph2024_logement_urbain,191.0
al hoceima,centre_urbain,,,age_logement_par_type,Appartement,Moins de 20 ans,100.0,%,105113034.0,rgph2024_logement_urbain,191.0
al hoceima,centre_urbain,,,age_logement_par_type,Appartement,De 20 à moins de 50 ans,0.0,%,105113034.0,rgph2024_logement_urbain,191.0
al hoceima,centre_urbain,,,age_logement_par_type,Appartement,50 ans et plus,0.0,%,105113034.0,rgph2024_logement_urbain,191.0
al hoceima,centre_urbain,,,age_logement_par_type,Maison marocaine traditionnelle,Moins de 20 ans,65.2,%,105113034.0,rgph2024_logement_urbain,191.0
al hoceima,centre_urbain,,,age_logement_par_type,Maison marocaine traditionnelle,De 20 à moins de 50 ans,26.1,%,105113034.0,rgph2024_logement_urbain,191.0
al hoceima,centre_urbain,,,age_logement_par_type,Maison marocaine traditionnelle,50 ans et plus,8.7,%,105113034.0,rgph2024_logement_urbain,191.0
al hoceima,centre_urbain,,,age_logement_par_type,Maison marocaine moderne,Moins de 20 ans,89.2,%,105113034.0,rgph2024_logement_urbain,191.0
al hoceima,centre_urbain,,,age_logement_par_type,Maison marocaine moderne,De 20 à moins de 50 ans,10.4,%,105113034.0,rgph2024_logement_urbain,191.0
al hoceima,centre_urbain,,,age_logement_par_type,Maison marocaine moderne,50 ans et plus,0.5,%,105113034.0,rgph2024_logement_urbain,191.0
al hoceima,centre_urbain,,,age_logement_par_type,Total non précaire,Moins de 20 ans,88.9,%,105113034.0,rgph2024_logement_urbain,191.0
al hoceima,centre_urbain,,,age_logement_par_type,Total non précaire,De 20 à moins de 50 ans,10.6,%,105113034.0,rgph2024_logement_urbain,191.0
al hoceima,centre_urbain,,,age_logement_par_type,Total non précaire,50 ans et plus,0.6,%,105113034.0,rgph2024_logement_urbain,191.0
al hoceima,centre_urbain,,,age_logement_par_type,Maison sommaire ou bidonville,Moins de 20 ans,50.0,%,105113034.0,rgph2024_logement_urbain,191.0
al hoceima,centre_urbain,,,age_logement_par_type,Maison sommaire ou bidonville,De 20 à moins de 50 ans,50.0,%,105113034.0,rgph2024_logement_urbain,191.0
al hoceima,centre_urbain,,,age_logement_par_type,Maison sommaire ou bidonville,50 ans et plus,0.0,%,105113034.0,rgph2024_logement_urbain,191.0
al hoceima,centre_urbain,,,age_logement_par_type,Logement en type rural,Moins de 20 ans,82.6,%,105113034.0,rgph2024_logement_urbain,191.0
al hoceima,centre_urbain,,,age_logement_par_type,Logement en type rural,De 20 à moins de 50 ans,8.7,%,105113034.0,rgph2024_logement_urbain,191.0
al hoceima,centre_urbain,,,age_logement_par_type,Logement en type rural,50 ans et plus,8.7,%,105113034.0,rgph2024_logement_urbain,191.0
al hoceima,centre_urbain,,,age_logement_par_type,Autres type,Moins de 20 ans,33.3,%,105113034.0,rgph2024_logement_urbain,191.0
al hoceima,centre_urbain,,,age_logement_par_type,Autres type,De 20 à moins de 50 ans,66.7,%,105113034.0,rgph2024_logement_urbain,191.0
al hoceima,centre_urbain,,,age_logement_par_type,Autres type,50 ans et plus,0.0,%,105113034.0,rgph2024_logement_urbain,191.0
al hoceima,centre_urbain,,,age_logement_par_type,Total précaire,Moins de 20 ans,71.0,%,105113034.0,rgph2024_logement_urbain,191.0
al hoceima,centre_urbain,,,age_logement_par_type,Total précaire,De 20 à moins de 50 ans,22.6,%,105113034.0,rgph2024_logement_urbain,191.0
al hoceima,centre_urbain,,,age_logement_par_type,Total précaire,50 ans et plus,6.5,%,105113034.0,rgph2024_logement_urbain,191.0
al hoceima,centre_urbain,,,materiaux_murs,,"Béton armé, briques avec mortier",99.22308546059934,%,105113034.0,rgph2024_logement_urbain,191.0
al hoceima,centre_urbain,,,materiaux_murs,,Pierre agglomérée avec mortier,0.5549389567147613,%,105113034.0,rgph2024_logement_urbain,191.0
al hoceima,centre_urbain,,,materiaux_murs,,Autres,0.2219755826859045,%,105113034.0,rgph2024_logement_urbain,191.0
al hoceima,centre_urbain,,,materiaux_toits,,Dalle,99.00110987791344,%,105113034.0,rgph2024_logement_urbain,191.0
al hoceima,centre_urbain,,,materiaux_toits,,"Planches, bois ou tuiles",0.776914539400666,%,105113034.0,rgph2024_logement_urbain,191.0
al hoceima,centre_urbain,,,materiaux_toits,,Tôle en ciment ou en zinc,0.0554938956714761,%,105113034.0,rgph2024_logement_urbain,191.0
al hoceima,centre_urbain,,,materiaux_toits,,Autres,0.1664816870144284,%,105113034.0,rgph2024_logement_urbain,191.0
al hoceima,centre_urbain,,,services_base,,Réseau public d'électricité,93.84017758046616,%,105113034.0,rgph2024_logement_urbain,191.0
al hoceima,centre_urbain,,,services_base,,Réseau public d'eau,89.84461709211988,%,105113034.0,rgph2024_logement_urbain,191.0
al hoceima,centre_urbain,,,services_base,,Réseau public d'assainissement,81.46503884572697,%,105113034.0,rgph2024_logement_urbain,191.0
al hoceima,centre_urbain,,,deficit_logement,,Taux de déficit quantitatif en logement (%),7.1,%,105113034.0,rgph2024_logement_urbain,191.0
al hoceima,commune,,,total_logements,,Total des logements urbains,664.0,logements,10511313.0,rgph2024_logement_urbain,114.0
al hoceima,commune,,,nature_occupation,,Logement occupé,65.21084337349397,%,10511313.0,rgph2024_logement_urbain,114.0
al hoceima,commune,,,nature_occupation,Logement non occupé,Logement vacants,2.710843373493976,%,10511313.0,rgph2024_logement_urbain,114.0
al hoceima,commune,,,nature_occupation,Logement non occupé,Logement secondaire/saisonnier,32.07831325301205,%,10511313.0,rgph2024_logement_urbain,114.0
al hoceima,commune,,,nature_occupation,Logement non occupé,Total logement non occupé,34.78915662650603,%,10511313.0,rgph2024_logement_urbain,114.0
al hoceima,commune,,,type_logement,Logement non précaire ou salubre,Villa ou niveau de villa,0.6,%,10511313.0,rgph2024_logement_urbain,114.0
al hoceima,commune,,,type_logement,Logement non précaire ou salubre,Appartement,0.8,%,10511313.0,rgph2024_logement_urbain,114.0
al hoceima,commune,,,type_logement,Logement non précaire ou salubre,Maison marocaine traditionnelle,2.6,%,10511313.0,rgph2024_logement_urbain,114.0
al hoceima,commune,,,type_logement,Logement non précaire ou salubre,Maison marocaine moderne,95.2,%,10511313.0,rgph2024_logement_urbain,114.0
al hoceima,commune,,,type_logement,Logement non précaire ou salubre,Total non précaire,99.1,%,10511313.0,rgph2024_logement_urbain,114.0
al hoceima,commune,,,type_logement,Logement précaire,Maison sommaire ou bidonville,0.0,%,10511313.0,rgph2024_logement_urbain,114.0
al hoceima,commune,,,type_logement,Logement précaire,Logement en type rural,0.6,%,10511313.0,rgph2024_logement_urbain,114.0
al hoceima,commune,,,type_logement,Logement précaire,Autres type,0.3,%,10511313.0,rgph2024_logement_urbain,114.0
al hoceima,commune,,,type_logement,Logement précaire,Total précaire,0.9,%,10511313.0,rgph2024_logement_urbain,114.0
al hoceima,commune,,,age_logement,,Moins de 20 ans,84.6,%,10511313.0,rgph2024_logement_urbain,114.0
al hoceima,commune,,,age_logement,,De 20 à moins de 50 ans,14.9,%,10511313.0,rgph2024_logement_urbain,114.0
al hoceima,commune,,,age_logement,,50 ans et plus,0.5,%,10511313.0,rgph2024_logement_urbain,114.0
al hoceima,commune,,,age_logement_par_type,Villa ou niveau de villa,Moins de 20 ans,75.0,%,10511313.0,rgph2024_logement_urbain,114.0
al hoceima,commune,,,age_logement_par_type,Villa ou niveau de villa,De 20 à moins de 50 ans,25.0,%,10511313.0,rgph2024_logement_urbain,114.0
al hoceima,commune,,,age_logement_par_type,Villa ou niveau de villa,50 ans et plus,0.0,%,10511313.0,rgph2024_logement_urbain,114.0
al hoceima,commune,,,age_logement_par_type,Appartement,Moins de 20 ans,100.0,%,10511313.0,rgph2024_logement_urbain,114.0
al hoceima,commune,,,age_logement_par_type,Appartement,De 20 à moins de 50 ans,0.0,%,10511313.0,rgph2024_logement_urbain,114.0
al hoceima,commune,,,age_logement_par_type,Appartement,50 ans et plus,0.0,%,10511313.0,rgph2024_logement_urbain,114.0
al hoceima,commune,,,age_logement_par_type,Maison marocaine traditionnelle,Moins de 20 ans,47.1,%,10511313.0,rgph2024_logement_urbain,114.0
al hoceima,commune,,,age_logement_par_type,Maison marocaine traditionnelle,De 20 à moins de 50 ans,41.2,%,10511313.0,rgph2024_logement_urbain,114.0
al hoceima,commune,,,age_logement_par_type,Maison marocaine traditionnelle,50 ans et plus,11.8,%,10511313.0,rgph2024_logement_urbain,114.0
al hoceima,commune,,,age_logement_par_type,Maison marocaine moderne,Moins de 20 ans,85.9,%,10511313.0,rgph2024_logement_urbain,114.0
al hoceima,commune,,,age_logement_par_type,Maison marocaine moderne,De 20 à moins de 50 ans,14.1,%,10511313.0,rgph2024_logement_urbain,114.0
al hoceima,commune,,,age_logement_par_type,Maison marocaine moderne,50 ans et plus,0.0,%,10511313.0,rgph2024_logement_urbain,114.0
al hoceima,commune,,,age_logement_par_type,Total non précaire,Moins de 20 ans,85.0,%,10511313.0,rgph2024_logement_urbain,114.0
al hoceima,commune,,,age_logement_par_type,Total non précaire,De 20 à moins de 50 ans,14.7,%,10511313.0,rgph2024_logement_urbain,114.0
al hoceima,commune,,,age_logement_par_type,Total non précaire,50 ans et plus,0.3,%,10511313.0,rgph2024_logement_urbain,114.0
al hoceima,commune,,,age_logement_par_type,Maison sommaire ou bidonville,Moins de 20 ans,0.0,%,10511313.0,rgph2024_logement_urbain,114.0
al hoceima,commune,,,age_logement_par_type,Maison sommaire ou bidonville,De 20 à moins de 50 ans,0.0,%,10511313.0,rgph2024_logement_urbain,114.0
al hoceima,commune,,,age_logement_par_type,Maison sommaire ou bidonville,50 ans et plus,0.0,%,10511313.0,rgph2024_logement_urbain,114.0
al hoceima,commune,,,age_logement_par_type,Logement en type rural,Moins de 20 ans,75.0,%,10511313.0,rgph2024_logement_urbain,114.0
al hoceima,commune,,,age_logement_par_type,Logement en type rural,De 20 à moins de 50 ans,25.0,%,10511313.0,rgph2024_logement_urbain,114.0
al hoceima,commune,,,age_logement_par_type,Logement en type rural,50 ans et plus,0.0,%,10511313.0,rgph2024_logement_urbain,114.0
al hoceima,commune,,,age_logement_par_type,Autres type,Moins de 20 ans,0.0,%,10511313.0,rgph2024_logement_urbain,114.0
al hoceima,commune,,,age_logement_par_type,Autres type,De 20 à moins de 50 ans,50.0,%,10511313.0,rgph2024_logement_urbain,114.0
al hoceima,commune,,,age_logement_par_type,Autres type,50 ans et plus,50.0,%,10511313.0,rgph2024_logement_urbain,114.0
al hoceima,commune,,,age_logement_par_type,Total précaire,Moins de 20 ans,50.0,%,10511313.0,rgph2024_logement_urbain,114.0
al hoceima,commune,,,age_logement_par_type,Total précaire,De 20 à moins de 50 ans,33.3,%,10511313.0,rgph2024_logement_urbain,114.0
al hoceima,commune,,,age_logement_par_type,Total précaire,50 ans et plus,16.7,%,10511313.0,rgph2024_logement_urbain,114.0
al hoceima,commune,,,materiaux_murs,,"Béton armé, briques avec mortier",98.3433734939759,%,10511313.0,rgph2024_logement_urbain,114.0
al hoceima,commune,,,materiaux_murs,,Pierre agglomérée avec mortier,1.2048192771084338,%,10511313.0,rgph2024_logement_urbain,114.0
al hoceima,commune,,,materiaux_murs,,Autres,0.4518072289156626,%,10511313.0,rgph2024_logement_urbain,114.0
al hoceima,commune,,,materiaux_toits,,Dalle,98.49397590361446,%,10511313.0,rgph2024_logement_urbain,114.0
al hoceima,commune,,,materiaux_toits,,"Planches, bois ou tuiles",0.7530120481927711,%,10511313.0,rgph2024_logement_urbain,114.0
al hoceima,commune,,,materiaux_toits,,Tôle en ciment ou en zinc,0.0,%,10511313.0,rgph2024_logement_urbain,114.0
al hoceima,commune,,,materiaux_toits,,Autres,0.7530120481927711,%,10511313.0,rgph2024_logement_urbain,114.0
al hoceima,commune,,,services_base,,Réseau public d'électricité,96.3855421686747,%,10511313.0,rgph2024_logement_urbain,114.0
al hoceima,commune,,,services_base,,Réseau public d'eau,95.3313253012048,%,10511313.0,rgph2024_logement_urbain,114.0
al hoceima,commune,,,services_base,,Réseau public d'assainissement,56.62650602409639,%,10511313.0,rgph2024_logement_urbain,114.0
al hoceima,commune,,,deficit_logement,,Taux de déficit quantitatif en logement (%),9.2,%,10511313.0,rgph2024_logement_urbain,114.0
al hoceima,centre_urbain,,,total_logements,,Total des logements urbains,664.0,logements,105113133.0,rgph2024_logement_urbain,192.0
al hoceima,centre_urbain,,,nature_occupation,,Logement occupé,65.21084337349397,%,105113133.0,rgph2024_logement_urbain,192.0
al hoceima,centre_urbain,,,nature_occupation,Logement non occupé,Logement vacants,2.710843373493976,%,105113133.0,rgph2024_logement_urbain,192.0
al hoceima,centre_urbain,,,nature_occupation,Logement non occupé,Logement secondaire/saisonnier,32.07831325301205,%,105113133.0,rgph2024_logement_urbain,192.0
al hoceima,centre_urbain,,,nature_occupation,Logement non occupé,Total logement non occupé,34.78915662650603,%,105113133.0,rgph2024_logement_urbain,192.0
al hoceima,centre_urbain,,,type_logement,Logement non précaire ou salubre,Villa ou niveau de villa,0.6,%,105113133.0,rgph2024_logement_urbain,192.0
al hoceima,centre_urbain,,,type_logement,Logement non précaire ou salubre,Appartement,0.8,%,105113133.0,rgph2024_logement_urbain,192.0
al hoceima,centre_urbain,,,type_logement,Logement non précaire ou salubre,Maison marocaine traditionnelle,2.6,%,105113133.0,rgph2024_logement_urbain,192.0
al hoceima,centre_urbain,,,type_logement,Logement non précaire ou salubre,Maison marocaine moderne,95.2,%,105113133.0,rgph2024_logement_urbain,192.0
al hoceima,centre_urbain,,,type_logement,Logement non précaire ou salubre,Total non précaire,99.1,%,105113133.0,rgph2024_logement_urbain,192.0
al hoceima,centre_urbain,,,type_logement,Logement précaire,Maison sommaire ou bidonville,0.0,%,105113133.0,rgph2024_logement_urbain,192.0
al hoceima,centre_urbain,,,type_logement,Logement précaire,Logement en type rural,0.6,%,105113133.0,rgph2024_logement_urbain,192.0
al hoceima,centre_urbain,,,type_logement,Logement précaire,Autres type,0.3,%,105113133.0,rgph2024_logement_urbain,192.0
al hoceima,centre_urbain,,,type_logement,Logement précaire,Total précaire,0.9,%,105113133.0,rgph2024_logement_urbain,192.0
al hoceima,centre_urbain,,,age_logement,,Moins de 20 ans,84.6,%,105113133.0,rgph2024_logement_urbain,192.0
al hoceima,centre_urbain,,,age_logement,,De 20 à moins de 50 ans,14.9,%,105113133.0,rgph2024_logement_urbain,192.0
al hoceima,centre_urbain,,,age_logement,,50 ans et plus,0.5,%,105113133.0,rgph2024_logement_urbain,192.0
al hoceima,centre_urbain,,,age_logement_par_type,Villa ou niveau de villa,Moins de 20 ans,75.0,%,105113133.0,rgph2024_logement_urbain,192.0
al hoceima,centre_urbain,,,age_logement_par_type,Villa ou niveau de villa,De 20 à moins de 50 ans,25.0,%,105113133.0,rgph2024_logement_urbain,192.0
al hoceima,centre_urbain,,,age_logement_par_type,Villa ou niveau de villa,50 ans et plus,0.0,%,105113133.0,rgph2024_logement_urbain,192.0
al hoceima,centre_urbain,,,age_logement_par_type,Appartement,Moins de 20 ans,100.0,%,105113133.0,rgph2024_logement_urbain,192.0
al hoceima,centre_urbain,,,age_logement_par_type,Appartement,De 20 à moins de 50 ans,0.0,%,105113133.0,rgph2024_logement_urbain,192.0
al hoceima,centre_urbain,,,age_logement_par_type,Appartement,50 ans et plus,0.0,%,105113133.0,rgph2024_logement_urbain,192.0
al hoceima,centre_urbain,,,age_logement_par_type,Maison marocaine traditionnelle,Moins de 20 ans,47.1,%,105113133.0,rgph2024_logement_urbain,192.0
al hoceima,centre_urbain,,,age_logement_par_type,Maison marocaine traditionnelle,De 20 à moins de 50 ans,41.2,%,105113133.0,rgph2024_logement_urbain,192.0
al hoceima,centre_urbain,,,age_logement_par_type,Maison marocaine traditionnelle,50 ans et plus,11.8,%,105113133.0,rgph2024_logement_urbain,192.0
al hoceima,centre_urbain,,,age_logement_par_type,Maison marocaine moderne,Moins de 20 ans,85.9,%,105113133.0,rgph2024_logement_urbain,192.0
al hoceima,centre_urbain,,,age_logement_par_type,Maison marocaine moderne,De 20 à moins de 50 ans,14.1,%,105113133.0,rgph2024_logement_urbain,192.0
al hoceima,centre_urbain,,,age_logement_par_type,Maison marocaine moderne,50 ans et plus,0.0,%,105113133.0,rgph2024_logement_urbain,192.0
al hoceima,centre_urbain,,,age_logement_par_type,Total non précaire,Moins de 20 ans,85.0,%,105113133.0,rgph2024_logement_urbain,192.0
al hoceima,centre_urbain,,,age_logement_par_type,Total non précaire,De 20 à moins de 50 ans,14.7,%,105113133.0,rgph2024_logement_urbain,192.0
al hoceima,centre_urbain,,,age_logement_par_type,Total non précaire,50 ans et plus,0.3,%,105113133.0,rgph2024_logement_urbain,192.0
al hoceima,centre_urbain,,,age_logement_par_type,Maison sommaire ou bidonville,Moins de 20 ans,0.0,%,105113133.0,rgph2024_logement_urbain,192.0
al hoceima,centre_urbain,,,age_logement_par_type,Maison sommaire ou bidonville,De 20 à moins de 50 ans,0.0,%,105113133.0,rgph2024_logement_urbain,192.0
al hoceima,centre_urbain,,,age_logement_par_type,Maison sommaire ou bidonville,50 ans et plus,0.0,%,105113133.0,rgph2024_logement_urbain,192.0
al hoceima,centre_urbain,,,age_logement_par_type,Logement en type rural,Moins de 20 ans,75.0,%,105113133.0,rgph2024_logement_urbain,192.0
al hoceima,centre_urbain,,,age_logement_par_type,Logement en type rural,De 20 à moins de 50 ans,25.0,%,105113133.0,rgph2024_logement_urbain,192.0
al hoceima,centre_urbain,,,age_logement_par_type,Logement en type rural,50 ans et plus,0.0,%,105113133.0,rgph2024_logement_urbain,192.0
al hoceima,centre_urbain,,,age_logement_par_type,Autres type,Moins de 20 ans,0.0,%,105113133.0,rgph2024_logement_urbain,192.0
al hoceima,centre_urbain,,,age_logement_par_type,Autres type,De 20 à moins de 50 ans,50.0,%,105113133.0,rgph2024_logement_urbain,192.0
al hoceima,centre_urbain,,,age_logement_par_type,Autres type,50 ans et plus,50.0,%,105113133.0,rgph2024_logement_urbain,192.0
al hoceima,centre_urbain,,,age_logement_par_type,Total précaire,Moins de 20 ans,50.0,%,105113133.0,rgph2024_logement_urbain,192.0
al hoceima,centre_urbain,,,age_logement_par_type,Total précaire,De 20 à moins de 50 ans,33.3,%,105113133.0,rgph2024_logement_urbain,192.0
al hoceima,centre_urbain,,,age_logement_par_type,Total précaire,50 ans et plus,16.7,%,105113133.0,rgph2024_logement_urbain,192.0
al hoceima,centre_urbain,,,materiaux_murs,,"Béton armé, briques avec mortier",98.3433734939759,%,105113133.0,rgph2024_logement_urbain,192.0
al hoceima,centre_urbain,,,materiaux_murs,,Pierre agglomérée avec mortier,1.2048192771084338,%,105113133.0,rgph2024_logement_urbain,192.0
al hoceima,centre_urbain,,,materiaux_murs,,Autres,0.4518072289156626,%,105113133.0,rgph2024_logement_urbain,192.0
al hoceima,centre_urbain,,,materiaux_toits,,Dalle,98.49397590361446,%,105113133.0,rgph2024_logement_urbain,192.0
al hoceima,centre_urbain,,,materiaux_toits,,"Planches, bois ou tuiles",0.7530120481927711,%,105113133.0,rgph2024_logement_urbain,192.0
al hoceima,centre_urbain,,,materiaux_toits,,Tôle en ciment ou en zinc,0.0,%,105113133.0,rgph2024_logement_urbain,192.0
al hoceima,centre_urbain,,,materiaux_toits,,Autres,0.7530120481927711,%,105113133.0,rgph2024_logement_urbain,192.0
al hoceima,centre_urbain,,,services_base,,Réseau public d'électricité,96.3855421686747,%,105113133.0,rgph2024_logement_urbain,192.0
al hoceima,centre_urbain,,,services_base,,Réseau public d'eau,95.3313253012048,%,105113133.0,rgph2024_logement_urbain,192.0
al hoceima,centre_urbain,,,services_base,,Réseau public d'assainissement,56.62650602409639,%,105113133.0,rgph2024_logement_urbain,192.0
al hoceima,centre_urbain,,,deficit_logement,,Taux de déficit quantitatif en logement (%),9.2,%,105113133.0,rgph2024_logement_urbain,192.0
al hoceima,cercle,,,total_logements,,Total des logements urbains,2066.0,logements,105111.0,rgph2024_logement_urbain,21.0
al hoceima,cercle,,,nature_occupation,,Logement occupé,55.95353339787028,%,105111.0,rgph2024_logement_urbain,21.0
al hoceima,cercle,,,nature_occupation,Logement non occupé,Logement vacants,13.552758954501453,%,105111.0,rgph2024_logement_urbain,21.0
al hoceima,cercle,,,nature_occupation,Logement non occupé,Logement secondaire/saisonnier,30.493707647628263,%,105111.0,rgph2024_logement_urbain,21.0
al hoceima,cercle,,,nature_occupation,Logement non occupé,Total logement non occupé,44.04646660212972,%,105111.0,rgph2024_logement_urbain,21.0
al hoceima,cercle,,,type_logement,Logement non précaire ou salubre,Villa ou niveau de villa,0.3,%,105111.0,rgph2024_logement_urbain,21.0
al hoceima,cercle,,,type_logement,Logement non précaire ou salubre,Appartement,16.5,%,105111.0,rgph2024_logement_urbain,21.0
al hoceima,cercle,,,type_logement,Logement non précaire ou salubre,Maison marocaine traditionnelle,1.3,%,105111.0,rgph2024_logement_urbain,21.0
al hoceima,cercle,,,type_logement,Logement non précaire ou salubre,Maison marocaine moderne,81.4,%,105111.0,rgph2024_logement_urbain,21.0
al hoceima,cercle,,,type_logement,Logement non précaire ou salubre,Total non précaire,99.5,%,105111.0,rgph2024_logement_urbain,21.0
al hoceima,cercle,,,type_logement,Logement précaire,Maison sommaire ou bidonville,0.0,%,105111.0,rgph2024_logement_urbain,21.0
al hoceima,cercle,,,type_logement,Logement précaire,Logement en type rural,0.3,%,105111.0,rgph2024_logement_urbain,21.0
al hoceima,cercle,,,type_logement,Logement précaire,Autres type,0.2,%,105111.0,rgph2024_logement_urbain,21.0
al hoceima,cercle,,,type_logement,Logement précaire,Total précaire,0.5,%,105111.0,rgph2024_logement_urbain,21.0
al hoceima,cercle,,,age_logement,,Moins de 20 ans,81.0,%,105111.0,rgph2024_logement_urbain,21.0
al hoceima,cercle,,,age_logement,,De 20 à moins de 50 ans,18.1,%,105111.0,rgph2024_logement_urbain,21.0
al hoceima,cercle,,,age_logement,,50 ans et plus,0.9,%,105111.0,rgph2024_logement_urbain,21.0
al hoceima,cercle,,,age_logement_par_type,Villa ou niveau de villa,Moins de 20 ans,100.0,%,105111.0,rgph2024_logement_urbain,21.0
al hoceima,cercle,,,age_logement_par_type,Villa ou niveau de villa,De 20 à moins de 50 ans,0.0,%,105111.0,rgph2024_logement_urbain,21.0
al hoceima,cercle,,,age_logement_par_type,Villa ou niveau de villa,50 ans et plus,0.0,%,105111.0,rgph2024_logement_urbain,21.0
al hoceima,cercle,,,age_logement_par_type,Appartement,Moins de 20 ans,100.0,%,105111.0,rgph2024_logement_urbain,21.0
al hoceima,cercle,,,age_logement_par_type,Appartement,De 20 à moins de 50 ans,0.0,%,105111.0,rgph2024_logement_urbain,21.0
al hoceima,cercle,,,age_logement_par_type,Appartement,50 ans et plus,0.0,%,105111.0,rgph2024_logement_urbain,21.0
al hoceima,cercle,,,age_logement_par_type,Maison marocaine traditionnelle,Moins de 20 ans,50.0,%,105111.0,rgph2024_logement_urbain,21.0
al hoceima,cercle,,,age_logement_par_type,Maison marocaine traditionnelle,De 20 à moins de 50 ans,42.3,%,105111.0,rgph2024_logement_urbain,21.0
al hoceima,cercle,,,age_logement_par_type,Maison marocaine traditionnelle,50 ans et plus,7.7,%,105111.0,rgph2024_logement_urbain,21.0
al hoceima,cercle,,,age_logement_par_type,Maison marocaine moderne,Moins de 20 ans,77.8,%,105111.0,rgph2024_logement_urbain,21.0
al hoceima,cercle,,,age_logement_par_type,Maison marocaine moderne,De 20 à moins de 50 ans,21.2,%,105111.0,rgph2024_logement_urbain,21.0
al hoceima,cercle,,,age_logement_par_type,Maison marocaine moderne,50 ans et plus,1.0,%,105111.0,rgph2024_logement_urbain,21.0
al hoceima,cercle,,,age_logement_par_type,Total non précaire,Moins de 20 ans,81.2,%,105111.0,rgph2024_logement_urbain,21.0
al hoceima,cercle,,,age_logement_par_type,Total non précaire,De 20 à moins de 50 ans,17.9,%,105111.0,rgph2024_logement_urbain,21.0
al hoceima,cercle,,,age_logement_par_type,Total non précaire,50 ans et plus,0.9,%,105111.0,rgph2024_logement_urbain,21.0
al hoceima,cercle,,,age_logement_par_type,Maison sommaire ou bidonville,Moins de 20 ans,100.0,%,105111.0,rgph2024_logement_urbain,21.0
al hoceima,cercle,,,age_logement_par_type,Maison sommaire ou bidonville,De 20 à moins de 50 ans,0.0,%,105111.0,rgph2024_logement_urbain,21.0
al hoceima,cercle,,,age_logement_par_type,Maison sommaire ou bidonville,50 ans et plus,0.0,%,105111.0,rgph2024_logement_urbain,21.0
al hoceima,cercle,,,age_logement_par_type,Logement en type rural,Moins de 20 ans,0.0,%,105111.0,rgph2024_logement_urbain,21.0
al hoceima,cercle,,,age_logement_par_type,Logement en type rural,De 20 à moins de 50 ans,100.0,%,105111.0,rgph2024_logement_urbain,21.0
al hoceima,cercle,,,age_logement_par_type,Logement en type rural,50 ans et plus,0.0,%,105111.0,rgph2024_logement_urbain,21.0
al hoceima,cercle,,,age_logement_par_type,Autres type,Moins de 20 ans,100.0,%,105111.0,rgph2024_logement_urbain,21.0
al hoceima,cercle,,,age_logement_par_type,Autres type,De 20 à moins de 50 ans,0.0,%,105111.0,rgph2024_logement_urbain,21.0
al hoceima,cercle,,,age_logement_par_type,Autres type,50 ans et plus,0.0,%,105111.0,rgph2024_logement_urbain,21.0
al hoceima,cercle,,,age_logement_par_type,Total précaire,Moins de 20 ans,45.5,%,105111.0,rgph2024_logement_urbain,21.0
al hoceima,cercle,,,age_logement_par_type,Total précaire,De 20 à moins de 50 ans,54.5,%,105111.0,rgph2024_logement_urbain,21.0
al hoceima,cercle,,,age_logement_par_type,Total précaire,50 ans et plus,0.0,%,105111.0,rgph2024_logement_urbain,21.0
al hoceima,cercle,,,materiaux_murs,,"Béton armé, briques avec mortier",98.78993223620525,%,105111.0,rgph2024_logement_urbain,21.0
al hoceima,cercle,,,materiaux_murs,,Pierre agglomérée avec mortier,0.8712487899322363,%,105111.0,rgph2024_logement_urbain,21.0
al hoceima,cercle,,,materiaux_murs,,Autres,0.3388189738625363,%,105111.0,rgph2024_logement_urbain,21.0
al hoceima,cercle,,,materiaux_toits,,Dalle,98.54791868344628,%,105111.0,rgph2024_logement_urbain,21.0
al hoceima,cercle,,,materiaux_toits,,"Planches, bois ou tuiles",1.1132623426911907,%,105111.0,rgph2024_logement_urbain,21.0
al hoceima,cercle,,,materiaux_toits,,Tôle en ciment ou en zinc,0.0,%,105111.0,rgph2024_logement_urbain,21.0
al hoceima,cercle,,,materiaux_toits,,Autres,0.3388189738625363,%,105111.0,rgph2024_logement_urbain,21.0
al hoceima,cercle,,,services_base,,Réseau public d'électricité,92.5459825750242,%,105111.0,rgph2024_logement_urbain,21.0
al hoceima,cercle,,,services_base,,Réseau public d'eau,91.38431752178124,%,105111.0,rgph2024_logement_urbain,21.0
al hoceima,cercle,,,services_base,,Réseau public d'assainissement,83.83349467570184,%,105111.0,rgph2024_logement_urbain,21.0
al hoceima,cercle,,,deficit_logement,,Taux de déficit quantitatif en logement (%),1.7,%,105111.0,rgph2024_logement_urbain,21.0
al hoceima,commune,,,total_logements,,Total des logements urbains,1108.0,logements,10511109.0,rgph2024_logement_urbain,116.0
al hoceima,commune,,,nature_occupation,,Logement occupé,49.09747292418773,%,10511109.0,rgph2024_logement_urbain,116.0
al hoceima,commune,,,nature_occupation,Logement non occupé,Logement vacants,13.898916967509026,%,10511109.0,rgph2024_logement_urbain,116.0
al hoceima,commune,,,nature_occupation,Logement non occupé,Logement secondaire/saisonnier,37.00361010830325,%,10511109.0,rgph2024_logement_urbain,116.0
al hoceima,commune,,,nature_occupation,Logement non occupé,Total logement non occupé,50.90252707581227,%,10511109.0,rgph2024_logement_urbain,116.0
al hoceima,commune,,,type_logement,Logement non précaire ou salubre,Villa ou niveau de villa,0.3,%,10511109.0,rgph2024_logement_urbain,116.0
al hoceima,commune,,,type_logement,Logement non précaire ou salubre,Appartement,0.5,%,10511109.0,rgph2024_logement_urbain,116.0
al hoceima,commune,,,type_logement,Logement non précaire ou salubre,Maison marocaine traditionnelle,1.0,%,10511109.0,rgph2024_logement_urbain,116.0
al hoceima,commune,,,type_logement,Logement non précaire ou salubre,Maison marocaine moderne,97.6,%,10511109.0,rgph2024_logement_urbain,116.0
al hoceima,commune,,,type_logement,Logement non précaire ou salubre,Total non précaire,99.4,%,10511109.0,rgph2024_logement_urbain,116.0
al hoceima,commune,,,type_logement,Logement précaire,Maison sommaire ou bidonville,0.1,%,10511109.0,rgph2024_logement_urbain,116.0
al hoceima,commune,,,type_logement,Logement précaire,Logement en type rural,0.5,%,10511109.0,rgph2024_logement_urbain,116.0
al hoceima,commune,,,type_logement,Logement précaire,Autres type,0.1,%,10511109.0,rgph2024_logement_urbain,116.0
al hoceima,commune,,,type_logement,Logement précaire,Total précaire,0.6,%,10511109.0,rgph2024_logement_urbain,116.0
al hoceima,commune,,,age_logement,,Moins de 20 ans,69.9,%,10511109.0,rgph2024_logement_urbain,116.0
al hoceima,commune,,,age_logement,,De 20 à moins de 50 ans,28.6,%,10511109.0,rgph2024_logement_urbain,116.0
al hoceima,commune,,,age_logement,,50 ans et plus,1.4,%,10511109.0,rgph2024_logement_urbain,116.0
al hoceima,commune,,,age_logement_par_type,Villa ou niveau de villa,Moins de 20 ans,100.0,%,10511109.0,rgph2024_logement_urbain,116.0
al hoceima,commune,,,age_logement_par_type,Villa ou niveau de villa,De 20 à moins de 50 ans,0.0,%,10511109.0,rgph2024_logement_urbain,116.0
al hoceima,commune,,,age_logement_par_type,Villa ou niveau de villa,50 ans et plus,0.0,%,10511109.0,rgph2024_logement_urbain,116.0
al hoceima,commune,,,age_logement_par_type,Appartement,Moins de 20 ans,100.0,%,10511109.0,rgph2024_logement_urbain,116.0
al hoceima,commune,,,age_logement_par_type,Appartement,De 20 à moins de 50 ans,0.0,%,10511109.0,rgph2024_logement_urbain,116.0
al hoceima,commune,,,age_logement_par_type,Appartement,50 ans et plus,0.0,%,10511109.0,rgph2024_logement_urbain,116.0
al hoceima,commune,,,age_logement_par_type,Maison marocaine traditionnelle,Moins de 20 ans,36.4,%,10511109.0,rgph2024_logement_urbain,116.0
al hoceima,commune,,,age_logement_par_type,Maison marocaine traditionnelle,De 20 à moins de 50 ans,63.6,%,10511109.0,rgph2024_logement_urbain,116.0
al hoceima,commune,,,age_logement_par_type,Maison marocaine traditionnelle,50 ans et plus,0.0,%,10511109.0,rgph2024_logement_urbain,116.0
al hoceima,commune,,,age_logement_par_type,Maison marocaine moderne,Moins de 20 ans,70.3,%,10511109.0,rgph2024_logement_urbain,116.0
al hoceima,commune,,,age_logement_par_type,Maison marocaine moderne,De 20 à moins de 50 ans,28.2,%,10511109.0,rgph2024_logement_urbain,116.0
al hoceima,commune,,,age_logement_par_type,Maison marocaine moderne,50 ans et plus,1.5,%,10511109.0,rgph2024_logement_urbain,116.0
al hoceima,commune,,,age_logement_par_type,Total non précaire,Moins de 20 ans,70.2,%,10511109.0,rgph2024_logement_urbain,116.0
al hoceima,commune,,,age_logement_par_type,Total non précaire,De 20 à moins de 50 ans,28.3,%,10511109.0,rgph2024_logement_urbain,116.0
al hoceima,commune,,,age_logement_par_type,Total non précaire,50 ans et plus,1.5,%,10511109.0,rgph2024_logement_urbain,116.0
al hoceima,commune,,,age_logement_par_type,Maison sommaire ou bidonville,Moins de 20 ans,100.0,%,10511109.0,rgph2024_logement_urbain,116.0
al hoceima,commune,,,age_logement_par_type,Maison sommaire ou bidonville,De 20 à moins de 50 ans,0.0,%,10511109.0,rgph2024_logement_urbain,116.0
al hoceima,commune,,,age_logement_par_type,Maison sommaire ou bidonville,50 ans et plus,0.0,%,10511109.0,rgph2024_logement_urbain,116.0
al hoceima,commune,,,age_logement_par_type,Logement en type rural,Moins de 20 ans,0.0,%,10511109.0,rgph2024_logement_urbain,116.0
al hoceima,commune,,,age_logement_par_type,Logement en type rural,De 20 à moins de 50 ans,100.0,%,10511109.0,rgph2024_logement_urbain,116.0
al hoceima,commune,,,age_logement_par_type,Logement en type rural,50 ans et plus,0.0,%,10511109.0,rgph2024_logement_urbain,116.0
al hoceima,commune,,,age_logement_par_type,Autres type,Moins de 20 ans,100.0,%,10511109.0,rgph2024_logement_urbain,116.0
al hoceima,commune,,,age_logement_par_type,Autres type,De 20 à moins de 50 ans,0.0,%,10511109.0,rgph2024_logement_urbain,116.0
al hoceima,commune,,,age_logement_par_type,Autres type,50 ans et plus,0.0,%,10511109.0,rgph2024_logement_urbain,116.0
al hoceima,commune,,,age_logement_par_type,Total précaire,Moins de 20 ans,28.6,%,10511109.0,rgph2024_logement_urbain,116.0
al hoceima,commune,,,age_logement_par_type,Total précaire,De 20 à moins de 50 ans,71.4,%,10511109.0,rgph2024_logement_urbain,116.0
al hoceima,commune,,,age_logement_par_type,Total précaire,50 ans et plus,0.0,%,10511109.0,rgph2024_logement_urbain,116.0
al hoceima,commune,,,materiaux_murs,,"Béton armé, briques avec mortier",98.91696750902528,%,10511109.0,rgph2024_logement_urbain,116.0
al hoceima,commune,,,materiaux_murs,,Pierre agglomérée avec mortier,0.5415162454873645,%,10511109.0,rgph2024_logement_urbain,116.0
al hoceima,commune,,,materiaux_murs,,Autres,0.5415162454873645,%,10511109.0,rgph2024_logement_urbain,116.0
al hoceima,commune,,,materiaux_toits,,Dalle,98.28519855595668,%,10511109.0,rgph2024_logement_urbain,116.0
al hoceima,commune,,,materiaux_toits,,"Planches, bois ou tuiles",1.1732851985559567,%,10511109.0,rgph2024_logement_urbain,116.0
al hoceima,commune,,,materiaux_toits,,Tôle en ciment ou en zinc,0.0,%,10511109.0,rgph2024_logement_urbain,116.0
al hoceima,commune,,,materiaux_toits,,Autres,0.5415162454873645,%,10511109.0,rgph2024_logement_urbain,116.0
al hoceima,commune,,,services_base,,Réseau public d'électricité,98.73646209386284,%,10511109.0,rgph2024_logement_urbain,116.0
al hoceima,commune,,,services_base,,Réseau public d'eau,97.11191335740072,%,10511109.0,rgph2024_logement_urbain,116.0
al hoceima,commune,,,services_base,,Réseau public d'assainissement,88.4476534296029,%,10511109.0,rgph2024_logement_urbain,116.0
al hoceima,commune,,,deficit_logement,,Taux de déficit quantitatif en logement (%),2.5,%,10511109.0,rgph2024_logement_urbain,116.0
al hoceima,centre_urbain,,,total_logements,,Total des logements urbains,1108.0,logements,105111093.0,rgph2024_logement_urbain,193.0
al hoceima,centre_urbain,,,nature_occupation,,Logement occupé,49.09747292418773,%,105111093.0,rgph2024_logement_urbain,193.0
al hoceima,centre_urbain,,,nature_occupation,Logement non occupé,Logement vacants,13.898916967509026,%,105111093.0,rgph2024_logement_urbain,193.0
al hoceima,centre_urbain,,,nature_occupation,Logement non occupé,Logement secondaire/saisonnier,37.00361010830325,%,105111093.0,rgph2024_logement_urbain,193.0
al hoceima,centre_urbain,,,nature_occupation,Logement non occupé,Total logement non occupé,50.90252707581227,%,105111093.0,rgph2024_logement_urbain,193.0
al hoceima,centre_urbain,,,type_logement,Logement non précaire ou salubre,Villa ou niveau de villa,0.3,%,105111093.0,rgph2024_logement_urbain,193.0
al hoceima,centre_urbain,,,type_logement,Logement non précaire ou salubre,Appartement,0.5,%,105111093.0,rgph2024_logement_urbain,193.0
al hoceima,centre_urbain,,,type_logement,Logement non précaire ou salubre,Maison marocaine traditionnelle,1.0,%,105111093.0,rgph2024_logement_urbain,193.0
al hoceima,centre_urbain,,,type_logement,Logement non précaire ou salubre,Maison marocaine moderne,97.6,%,105111093.0,rgph2024_logement_urbain,193.0
al hoceima,centre_urbain,,,type_logement,Logement non précaire ou salubre,Total non précaire,99.4,%,105111093.0,rgph2024_logement_urbain,193.0
al hoceima,centre_urbain,,,type_logement,Logement précaire,Maison sommaire ou bidonville,0.1,%,105111093.0,rgph2024_logement_urbain,193.0
al hoceima,centre_urbain,,,type_logement,Logement précaire,Logement en type rural,0.5,%,105111093.0,rgph2024_logement_urbain,193.0
al hoceima,centre_urbain,,,type_logement,Logement précaire,Autres type,0.1,%,105111093.0,rgph2024_logement_urbain,193.0
al hoceima,centre_urbain,,,type_logement,Logement précaire,Total précaire,0.6,%,105111093.0,rgph2024_logement_urbain,193.0
al hoceima,centre_urbain,,,age_logement,,Moins de 20 ans,69.9,%,105111093.0,rgph2024_logement_urbain,193.0
al hoceima,centre_urbain,,,age_logement,,De 20 à moins de 50 ans,28.6,%,105111093.0,rgph2024_logement_urbain,193.0
al hoceima,centre_urbain,,,age_logement,,50 ans et plus,1.4,%,105111093.0,rgph2024_logement_urbain,193.0
al hoceima,centre_urbain,,,age_logement_par_type,Villa ou niveau de villa,Moins de 20 ans,100.0,%,105111093.0,rgph2024_logement_urbain,193.0
al hoceima,centre_urbain,,,age_logement_par_type,Villa ou niveau de villa,De 20 à moins de 50 ans,0.0,%,105111093.0,rgph2024_logement_urbain,193.0
al hoceima,centre_urbain,,,age_logement_par_type,Villa ou niveau de villa,50 ans et plus,0.0,%,105111093.0,rgph2024_logement_urbain,193.0
al hoceima,centre_urbain,,,age_logement_par_type,Appartement,Moins de 20 ans,100.0,%,105111093.0,rgph2024_logement_urbain,193.0
al hoceima,centre_urbain,,,age_logement_par_type,Appartement,De 20 à moins de 50 ans,0.0,%,105111093.0,rgph2024_logement_urbain,193.0
al hoceima,centre_urbain,,,age_logement_par_type,Appartement,50 ans et plus,0.0,%,105111093.0,rgph2024_logement_urbain,193.0
al hoceima,centre_urbain,,,age_logement_par_type,Maison marocaine traditionnelle,Moins de 20 ans,36.4,%,105111093.0,rgph2024_logement_urbain,193.0
al hoceima,centre_urbain,,,age_logement_par_type,Maison marocaine traditionnelle,De 20 à moins de 50 ans,63.6,%,105111093.0,rgph2024_logement_urbain,193.0
al hoceima,centre_urbain,,,age_logement_par_type,Maison marocaine traditionnelle,50 ans et plus,0.0,%,105111093.0,rgph2024_logement_urbain,193.0
al hoceima,centre_urbain,,,age_logement_par_type,Maison marocaine moderne,Moins de 20 ans,70.3,%,105111093.0,rgph2024_logement_urbain,193.0
al hoceima,centre_urbain,,,age_logement_par_type,Maison marocaine moderne,De 20 à moins de 50 ans,28.2,%,105111093.0,rgph2024_logement_urbain,193.0
al hoceima,centre_urbain,,,age_logement_par_type,Maison marocaine moderne,50 ans et plus,1.5,%,105111093.0,rgph2024_logement_urbain,193.0
al hoceima,centre_urbain,,,age_logement_par_type,Total non précaire,Moins de 20 ans,70.2,%,105111093.0,rgph2024_logement_urbain,193.0
al hoceima,centre_urbain,,,age_logement_par_type,Total non précaire,De 20 à moins de 50 ans,28.3,%,105111093.0,rgph2024_logement_urbain,193.0
al hoceima,centre_urbain,,,age_logement_par_type,Total non précaire,50 ans et plus,1.5,%,105111093.0,rgph2024_logement_urbain,193.0
al hoceima,centre_urbain,,,age_logement_par_type,Maison sommaire ou bidonville,Moins de 20 ans,100.0,%,105111093.0,rgph2024_logement_urbain,193.0
al hoceima,centre_urbain,,,age_logement_par_type,Maison sommaire ou bidonville,De 20 à moins de 50 ans,0.0,%,105111093.0,rgph2024_logement_urbain,193.0
al hoceima,centre_urbain,,,age_logement_par_type,Maison sommaire ou bidonville,50 ans et plus,0.0,%,105111093.0,rgph2024_logement_urbain,193.0
al hoceima,centre_urbain,,,age_logement_par_type,Logement en type rural,Moins de 20 ans,0.0,%,105111093.0,rgph2024_logement_urbain,193.0
al hoceima,centre_urbain,,,age_logement_par_type,Logement en type rural,De 20 à moins de 50 ans,100.0,%,105111093.0,rgph2024_logement_urbain,193.0
al hoceima,centre_urbain,,,age_logement_par_type,Logement en type rural,50 ans et plus,0.0,%,105111093.0,rgph2024_logement_urbain,193.0
al hoceima,centre_urbain,,,age_logement_par_type,Autres type,Moins de 20 ans,100.0,%,105111093.0,rgph2024_logement_urbain,193.0
al hoceima,centre_urbain,,,age_logement_par_type,Autres type,De 20 à moins de 50 ans,0.0,%,105111093.0,rgph2024_logement_urbain,193.0
al hoceima,centre_urbain,,,age_logement_par_type,Autres type,50 ans et plus,0.0,%,105111093.0,rgph2024_logement_urbain,193.0
al hoceima,centre_urbain,,,age_logement_par_type,Total précaire,Moins de 20 ans,28.6,%,105111093.0,rgph2024_logement_urbain,193.0
al hoceima,centre_urbain,,,age_logement_par_type,Total précaire,De 20 à moins de 50 ans,71.4,%,105111093.0,rgph2024_logement_urbain,193.0
al hoceima,centre_urbain,,,age_logement_par_type,Total précaire,50 ans et plus,0.0,%,105111093.0,rgph2024_logement_urbain,193.0
al hoceima,centre_urbain,,,materiaux_murs,,"Béton armé, briques avec mortier",98.91696750902528,%,105111093.0,rgph2024_logement_urbain,193.0
al hoceima,centre_urbain,,,materiaux_murs,,Pierre agglomérée avec mortier,0.5415162454873645,%,105111093.0,rgph2024_logement_urbain,193.0
al hoceima,centre_urbain,,,materiaux_murs,,Autres,0.5415162454873645,%,105111093.0,rgph2024_logement_urbain,193.0
al hoceima,centre_urbain,,,materiaux_toits,,Dalle,98.28519855595668,%,105111093.0,rgph2024_logement_urbain,193.0
al hoceima,centre_urbain,,,materiaux_toits,,"Planches, bois ou tuiles",1.1732851985559567,%,105111093.0,rgph2024_logement_urbain,193.0
al hoceima,centre_urbain,,,materiaux_toits,,Tôle en ciment ou en zinc,0.0,%,105111093.0,rgph2024_logement_urbain,193.0
al hoceima,centre_urbain,,,materiaux_toits,,Autres,0.5415162454873645,%,105111093.0,rgph2024_logement_urbain,193.0
al hoceima,centre_urbain,,,services_base,,Réseau public d'électricité,98.73646209386284,%,105111093.0,rgph2024_logement_urbain,193.0
al hoceima,centre_urbain,,,services_base,,Réseau public d'eau,97.11191335740072,%,105111093.0,rgph2024_logement_urbain,193.0
al hoceima,centre_urbain,,,services_base,,Réseau public d'assainissement,88.4476534296029,%,105111093.0,rgph2024_logement_urbain,193.0
al hoceima,centre_urbain,,,deficit_logement,,Taux de déficit quantitatif en logement (%),2.5,%,105111093.0,rgph2024_logement_urbain,193.0
al hoceima,commune,,,total_logements,,Total des logements urbains,958.0,logements,10511101.0,rgph2024_logement_urbain,119.0
al hoceima,commune,,,nature_occupation,,Logement occupé,63.88308977035491,%,10511101.0,rgph2024_logement_urbain,119.0
al hoceima,commune,,,nature_occupation,Logement non occupé,Logement vacants,13.152400835073069,%,10511101.0,rgph2024_logement_urbain,119.0
al hoceima,commune,,,nature_occupation,Logement non occupé,Logement secondaire/saisonnier,22.964509394572023,%,10511101.0,rgph2024_logement_urbain,119.0
al hoceima,commune,,,nature_occupation,Logement non occupé,Total logement non occupé,36.11691022964509,%,10511101.0,rgph2024_logement_urbain,119.0
al hoceima,commune,,,type_logement,Logement non précaire ou salubre,Villa ou niveau de villa,0.4,%,10511101.0,rgph2024_logement_urbain,119.0
al hoceima,commune,,,type_logement,Logement non précaire ou salubre,Appartement,35.0,%,10511101.0,rgph2024_logement_urbain,119.0
al hoceima,commune,,,type_logement,Logement non précaire ou salubre,Maison marocaine traditionnelle,1.6,%,10511101.0,rgph2024_logement_urbain,119.0
al hoceima,commune,,,type_logement,Logement non précaire ou salubre,Maison marocaine moderne,62.6,%,10511101.0,rgph2024_logement_urbain,119.0
al hoceima,commune,,,type_logement,Logement non précaire ou salubre,Total non précaire,99.6,%,10511101.0,rgph2024_logement_urbain,119.0
al hoceima,commune,,,type_logement,Logement précaire,Maison sommaire ou bidonville,0.0,%,10511101.0,rgph2024_logement_urbain,119.0
al hoceima,commune,,,type_logement,Logement précaire,Logement en type rural,0.1,%,10511101.0,rgph2024_logement_urbain,119.0
al hoceima,commune,,,type_logement,Logement précaire,Autres type,0.3,%,10511101.0,rgph2024_logement_urbain,119.0
al hoceima,commune,,,type_logement,Logement précaire,Total précaire,0.4,%,10511101.0,rgph2024_logement_urbain,119.0
al hoceima,commune,,,age_logement,,Moins de 20 ans,93.7,%,10511101.0,rgph2024_logement_urbain,119.0
al hoceima,commune,,,age_logement,,De 20 à moins de 50 ans,5.9,%,10511101.0,rgph2024_logement_urbain,119.0
al hoceima,commune,,,age_logement,,50 ans et plus,0.3,%,10511101.0,rgph2024_logement_urbain,119.0
al hoceima,commune,,,age_logement_par_type,Villa ou niveau de villa,Moins de 20 ans,100.0,%,10511101.0,rgph2024_logement_urbain,119.0
al hoceima,commune,,,age_logement_par_type,Villa ou niveau de villa,De 20 à moins de 50 ans,0.0,%,10511101.0,rgph2024_logement_urbain,119.0
al hoceima,commune,,,age_logement_par_type,Villa ou niveau de villa,50 ans et plus,0.0,%,10511101.0,rgph2024_logement_urbain,119.0
al hoceima,commune,,,age_logement_par_type,Appartement,Moins de 20 ans,100.0,%,10511101.0,rgph2024_logement_urbain,119.0
al hoceima,commune,,,age_logement_par_type,Appartement,De 20 à moins de 50 ans,0.0,%,10511101.0,rgph2024_logement_urbain,119.0
al hoceima,commune,,,age_logement_par_type,Appartement,50 ans et plus,0.0,%,10511101.0,rgph2024_logement_urbain,119.0
al hoceima,commune,,,age_logement_par_type,Maison marocaine traditionnelle,Moins de 20 ans,60.0,%,10511101.0,rgph2024_logement_urbain,119.0
al hoceima,commune,,,age_logement_par_type,Maison marocaine traditionnelle,De 20 à moins de 50 ans,26.7,%,10511101.0,rgph2024_logement_urbain,119.0
al hoceima,commune,,,age_logement_par_type,Maison marocaine traditionnelle,50 ans et plus,13.3,%,10511101.0,rgph2024_logement_urbain,119.0
al hoceima,commune,,,age_logement_par_type,Maison marocaine moderne,Moins de 20 ans,91.2,%,10511101.0,rgph2024_logement_urbain,119.0
al hoceima,commune,,,age_logement_par_type,Maison marocaine moderne,De 20 à moins de 50 ans,8.7,%,10511101.0,rgph2024_logement_urbain,119.0
al hoceima,commune,,,age_logement_par_type,Maison marocaine moderne,50 ans et plus,0.2,%,10511101.0,rgph2024_logement_urbain,119.0
al hoceima,commune,,,age_logement_par_type,Total non précaire,Moins de 20 ans,93.8,%,10511101.0,rgph2024_logement_urbain,119.0
al hoceima,commune,,,age_logement_par_type,Total non précaire,De 20 à moins de 50 ans,5.9,%,10511101.0,rgph2024_logement_urbain,119.0
al hoceima,commune,,,age_logement_par_type,Total non précaire,50 ans et plus,0.3,%,10511101.0,rgph2024_logement_urbain,119.0
al hoceima,commune,,,age_logement_par_type,Maison sommaire ou bidonville,Moins de 20 ans,0.0,%,10511101.0,rgph2024_logement_urbain,119.0
al hoceima,commune,,,age_logement_par_type,Maison sommaire ou bidonville,De 20 à moins de 50 ans,0.0,%,10511101.0,rgph2024_logement_urbain,119.0
al hoceima,commune,,,age_logement_par_type,Maison sommaire ou bidonville,50 ans et plus,0.0,%,10511101.0,rgph2024_logement_urbain,119.0
al hoceima,commune,,,age_logement_par_type,Logement en type rural,Moins de 20 ans,0.0,%,10511101.0,rgph2024_logement_urbain,119.0
al hoceima,commune,,,age_logement_par_type,Logement en type rural,De 20 à moins de 50 ans,100.0,%,10511101.0,rgph2024_logement_urbain,119.0
al hoceima,commune,,,age_logement_par_type,Logement en type rural,50 ans et plus,0.0,%,10511101.0,rgph2024_logement_urbain,119.0
al hoceima,commune,,,age_logement_par_type,Autres type,Moins de 20 ans,100.0,%,10511101.0,rgph2024_logement_urbain,119.0
al hoceima,commune,,,age_logement_par_type,Autres type,De 20 à moins de 50 ans,0.0,%,10511101.0,rgph2024_logement_urbain,119.0
al hoceima,commune,,,age_logement_par_type,Autres type,50 ans et plus,0.0,%,10511101.0,rgph2024_logement_urbain,119.0
al hoceima,commune,,,age_logement_par_type,Total précaire,Moins de 20 ans,75.0,%,10511101.0,rgph2024_logement_urbain,119.0
al hoceima,commune,,,age_logement_par_type,Total précaire,De 20 à moins de 50 ans,25.0,%,10511101.0,rgph2024_logement_urbain,119.0
al hoceima,commune,,,age_logement_par_type,Total précaire,50 ans et plus,0.0,%,10511101.0,rgph2024_logement_urbain,119.0
al hoceima,commune,,,materiaux_murs,,"Béton armé, briques avec mortier",98.64300626304802,%,10511101.0,rgph2024_logement_urbain,119.0
al hoceima,commune,,,materiaux_murs,,Pierre agglomérée avec mortier,1.2526096033402925,%,10511101.0,rgph2024_logement_urbain,119.0
al hoceima,commune,,,materiaux_murs,,Autres,0.104384133611691,%,10511101.0,rgph2024_logement_urbain,119.0
al hoceima,commune,,,materiaux_toits,,Dalle,98.8517745302714,%,10511101.0,rgph2024_logement_urbain,119.0
al hoceima,commune,,,materiaux_toits,,"Planches, bois ou tuiles",1.0438413361169103,%,10511101.0,rgph2024_logement_urbain,119.0
al hoceima,commune,,,materiaux_toits,,Tôle en ciment ou en zinc,0.0,%,10511101.0,rgph2024_logement_urbain,119.0
al hoceima,commune,,,materiaux_toits,,Autres,0.104384133611691,%,10511101.0,rgph2024_logement_urbain,119.0
al hoceima,commune,,,services_base,,Réseau public d'électricité,85.38622129436325,%,10511101.0,rgph2024_logement_urbain,119.0
al hoceima,commune,,,services_base,,Réseau public d'eau,84.75991649269311,%,10511101.0,rgph2024_logement_urbain,119.0
al hoceima,commune,,,services_base,,Réseau public d'assainissement,78.49686847599166,%,10511101.0,rgph2024_logement_urbain,119.0
al hoceima,commune,,,deficit_logement,,Taux de déficit quantitatif en logement (%),1.0,%,10511101.0,rgph2024_logement_urbain,119.0
al hoceima,centre_urbain,,,total_logements,,Total des logements urbains,958.0,logements,105111013.0,rgph2024_logement_urbain,194.0
al hoceima,centre_urbain,,,nature_occupation,,Logement occupé,63.88308977035491,%,105111013.0,rgph2024_logement_urbain,194.0
al hoceima,centre_urbain,,,nature_occupation,Logement non occupé,Logement vacants,13.152400835073069,%,105111013.0,rgph2024_logement_urbain,194.0
al hoceima,centre_urbain,,,nature_occupation,Logement non occupé,Logement secondaire/saisonnier,22.964509394572023,%,105111013.0,rgph2024_logement_urbain,194.0
al hoceima,centre_urbain,,,nature_occupation,Logement non occupé,Total logement non occupé,36.11691022964509,%,105111013.0,rgph2024_logement_urbain,194.0
al hoceima,centre_urbain,,,type_logement,Logement non précaire ou salubre,Villa ou niveau de villa,0.4,%,105111013.0,rgph2024_logement_urbain,194.0
al hoceima,centre_urbain,,,type_logement,Logement non précaire ou salubre,Appartement,35.0,%,105111013.0,rgph2024_logement_urbain,194.0
al hoceima,centre_urbain,,,type_logement,Logement non précaire ou salubre,Maison marocaine traditionnelle,1.6,%,105111013.0,rgph2024_logement_urbain,194.0
al hoceima,centre_urbain,,,type_logement,Logement non précaire ou salubre,Maison marocaine moderne,62.6,%,105111013.0,rgph2024_logement_urbain,194.0
al hoceima,centre_urbain,,,type_logement,Logement non précaire ou salubre,Total non précaire,99.6,%,105111013.0,rgph2024_logement_urbain,194.0
al hoceima,centre_urbain,,,type_logement,Logement précaire,Maison sommaire ou bidonville,0.0,%,105111013.0,rgph2024_logement_urbain,194.0
al hoceima,centre_urbain,,,type_logement,Logement précaire,Logement en type rural,0.1,%,105111013.0,rgph2024_logement_urbain,194.0
al hoceima,centre_urbain,,,type_logement,Logement précaire,Autres type,0.3,%,105111013.0,rgph2024_logement_urbain,194.0
al hoceima,centre_urbain,,,type_logement,Logement précaire,Total précaire,0.4,%,105111013.0,rgph2024_logement_urbain,194.0
al hoceima,centre_urbain,,,age_logement,,Moins de 20 ans,93.7,%,105111013.0,rgph2024_logement_urbain,194.0
al hoceima,centre_urbain,,,age_logement,,De 20 à moins de 50 ans,5.9,%,105111013.0,rgph2024_logement_urbain,194.0
al hoceima,centre_urbain,,,age_logement,,50 ans et plus,0.3,%,105111013.0,rgph2024_logement_urbain,194.0
al hoceima,centre_urbain,,,age_logement_par_type,Villa ou niveau de villa,Moins de 20 ans,100.0,%,105111013.0,rgph2024_logement_urbain,194.0
al hoceima,centre_urbain,,,age_logement_par_type,Villa ou niveau de villa,De 20 à moins de 50 ans,0.0,%,105111013.0,rgph2024_logement_urbain,194.0
al hoceima,centre_urbain,,,age_logement_par_type,Villa ou niveau de villa,50 ans et plus,0.0,%,105111013.0,rgph2024_logement_urbain,194.0
al hoceima,centre_urbain,,,age_logement_par_type,Appartement,Moins de 20 ans,100.0,%,105111013.0,rgph2024_logement_urbain,194.0
al hoceima,centre_urbain,,,age_logement_par_type,Appartement,De 20 à moins de 50 ans,0.0,%,105111013.0,rgph2024_logement_urbain,194.0
al hoceima,centre_urbain,,,age_logement_par_type,Appartement,50 ans et plus,0.0,%,105111013.0,rgph2024_logement_urbain,194.0
al hoceima,centre_urbain,,,age_logement_par_type,Maison marocaine traditionnelle,Moins de 20 ans,60.0,%,105111013.0,rgph2024_logement_urbain,194.0
al hoceima,centre_urbain,,,age_logement_par_type,Maison marocaine traditionnelle,De 20 à moins de 50 ans,26.7,%,105111013.0,rgph2024_logement_urbain,194.0
al hoceima,centre_urbain,,,age_logement_par_type,Maison marocaine traditionnelle,50 ans et plus,13.3,%,105111013.0,rgph2024_logement_urbain,194.0
al hoceima,centre_urbain,,,age_logement_par_type,Maison marocaine moderne,Moins de 20 ans,91.2,%,105111013.0,rgph2024_logement_urbain,194.0
al hoceima,centre_urbain,,,age_logement_par_type,Maison marocaine moderne,De 20 à moins de 50 ans,8.7,%,105111013.0,rgph2024_logement_urbain,194.0
al hoceima,centre_urbain,,,age_logement_par_type,Maison marocaine moderne,50 ans et plus,0.2,%,105111013.0,rgph2024_logement_urbain,194.0
al hoceima,centre_urbain,,,age_logement_par_type,Total non précaire,Moins de 20 ans,93.8,%,105111013.0,rgph2024_logement_urbain,194.0
al hoceima,centre_urbain,,,age_logement_par_type,Total non précaire,De 20 à moins de 50 ans,5.9,%,105111013.0,rgph2024_logement_urbain,194.0
al hoceima,centre_urbain,,,age_logement_par_type,Total non précaire,50 ans et plus,0.3,%,105111013.0,rgph2024_logement_urbain,194.0
al hoceima,centre_urbain,,,age_logement_par_type,Maison sommaire ou bidonville,Moins de 20 ans,0.0,%,105111013.0,rgph2024_logement_urbain,194.0
al hoceima,centre_urbain,,,age_logement_par_type,Maison sommaire ou bidonville,De 20 à moins de 50 ans,0.0,%,105111013.0,rgph2024_logement_urbain,194.0
al hoceima,centre_urbain,,,age_logement_par_type,Maison sommaire ou bidonville,50 ans et plus,0.0,%,105111013.0,rgph2024_logement_urbain,194.0
al hoceima,centre_urbain,,,age_logement_par_type,Logement en type rural,Moins de 20 ans,0.0,%,105111013.0,rgph2024_logement_urbain,194.0
al hoceima,centre_urbain,,,age_logement_par_type,Logement en type rural,De 20 à moins de 50 ans,100.0,%,105111013.0,rgph2024_logement_urbain,194.0
al hoceima,centre_urbain,,,age_logement_par_type,Logement en type rural,50 ans et plus,0.0,%,105111013.0,rgph2024_logement_urbain,194.0
al hoceima,centre_urbain,,,age_logement_par_type,Autres type,Moins de 20 ans,100.0,%,105111013.0,rgph2024_logement_urbain,194.0
al hoceima,centre_urbain,,,age_logement_par_type,Autres type,De 20 à moins de 50 ans,0.0,%,105111013.0,rgph2024_logement_urbain,194.0
al hoceima,centre_urbain,,,age_logement_par_type,Autres type,50 ans et plus,0.0,%,105111013.0,rgph2024_logement_urbain,194.0
al hoceima,centre_urbain,,,age_logement_par_type,Total précaire,Moins de 20 ans,75.0,%,105111013.0,rgph2024_logement_urbain,194.0
al hoceima,centre_urbain,,,age_logement_par_type,Total précaire,De 20 à moins de 50 ans,25.0,%,105111013.0,rgph2024_logement_urbain,194.0
al hoceima,centre_urbain,,,age_logement_par_type,Total précaire,50 ans et plus,0.0,%,105111013.0,rgph2024_logement_urbain,194.0
al hoceima,centre_urbain,,,materiaux_murs,,"Béton armé, briques avec mortier",98.64300626304802,%,105111013.0,rgph2024_logement_urbain,194.0
al hoceima,centre_urbain,,,materiaux_murs,,Pierre agglomérée avec mortier,1.2526096033402925,%,105111013.0,rgph2024_logement_urbain,194.0
al hoceima,centre_urbain,,,materiaux_murs,,Autres,0.104384133611691,%,105111013.0,rgph2024_logement_urbain,194.0
al hoceima,centre_urbain,,,materiaux_toits,,Dalle,98.8517745302714,%,105111013.0,rgph2024_logement_urbain,194.0
al hoceima,centre_urbain,,,materiaux_toits,,"Planches, bois ou tuiles",1.0438413361169103,%,105111013.0,rgph2024_logement_urbain,194.0
al hoceima,centre_urbain,,,materiaux_toits,,Tôle en ciment ou en zinc,0.0,%,105111013.0,rgph2024_logement_urbain,194.0
al hoceima,centre_urbain,,,materiaux_toits,,Autres,0.104384133611691,%,105111013.0,rgph2024_logement_urbain,194.0
al hoceima,centre_urbain,,,services_base,,Réseau public d'électricité,85.38622129436325,%,105111013.0,rgph2024_logement_urbain,194.0
al hoceima,centre_urbain,,,services_base,,Réseau public d'eau,84.75991649269311,%,105111013.0,rgph2024_logement_urbain,194.0
al hoceima,centre_urbain,,,services_base,,Réseau public d'assainissement,78.49686847599166,%,105111013.0,rgph2024_logement_urbain,194.0
al hoceima,centre_urbain,,,deficit_logement,,Taux de déficit quantitatif en logement (%),1.0,%,105111013.0,rgph2024_logement_urbain,194.0
al hoceima,cercle,,,total_logements,,Total des logements urbains,1020.0,logements,105109.0,rgph2024_logement_urbain,23.0
al hoceima,cercle,,,nature_occupation,,Logement occupé,78.52941176470588,%,105109.0,rgph2024_logement_urbain,23.0
al hoceima,cercle,,,nature_occupation,Logement non occupé,Logement vacants,14.117647058823527,%,105109.0,rgph2024_logement_urbain,23.0
al hoceima,cercle,,,nature_occupation,Logement non occupé,Logement secondaire/saisonnier,7.352941176470589,%,105109.0,rgph2024_logement_urbain,23.0
al hoceima,cercle,,,nature_occupation,Logement non occupé,Total logement non occupé,21.47058823529412,%,105109.0,rgph2024_logement_urbain,23.0
al hoceima,cercle,,,type_logement,Logement non précaire ou salubre,Villa ou niveau de villa,2.0,%,105109.0,rgph2024_logement_urbain,23.0
al hoceima,cercle,,,type_logement,Logement non précaire ou salubre,Appartement,7.5,%,105109.0,rgph2024_logement_urbain,23.0
al hoceima,cercle,,,type_logement,Logement non précaire ou salubre,Maison marocaine traditionnelle,1.4,%,105109.0,rgph2024_logement_urbain,23.0
al hoceima,cercle,,,type_logement,Logement non précaire ou salubre,Maison marocaine moderne,76.8,%,105109.0,rgph2024_logement_urbain,23.0
al hoceima,cercle,,,type_logement,Logement non précaire ou salubre,Total non précaire,87.6,%,105109.0,rgph2024_logement_urbain,23.0
al hoceima,cercle,,,type_logement,Logement précaire,Maison sommaire ou bidonville,4.9,%,105109.0,rgph2024_logement_urbain,23.0
al hoceima,cercle,,,type_logement,Logement précaire,Logement en type rural,3.6,%,105109.0,rgph2024_logement_urbain,23.0
al hoceima,cercle,,,type_logement,Logement précaire,Autres type,3.8,%,105109.0,rgph2024_logement_urbain,23.0
al hoceima,cercle,,,type_logement,Logement précaire,Total précaire,12.4,%,105109.0,rgph2024_logement_urbain,23.0
al hoceima,cercle,,,age_logement,,Moins de 20 ans,53.5,%,105109.0,rgph2024_logement_urbain,23.0
al hoceima,cercle,,,age_logement,,De 20 à moins de 50 ans,46.1,%,105109.0,rgph2024_logement_urbain,23.0
al hoceima,cercle,,,age_logement,,50 ans et plus,0.4,%,105109.0,rgph2024_logement_urbain,23.0
al hoceima,cercle,,,age_logement_par_type,Villa ou niveau de villa,Moins de 20 ans,60.0,%,105109.0,rgph2024_logement_urbain,23.0
al hoceima,cercle,,,age_logement_par_type,Villa ou niveau de villa,De 20 à moins de 50 ans,40.0,%,105109.0,rgph2024_logement_urbain,23.0
al hoceima,cercle,,,age_logement_par_type,Villa ou niveau de villa,50 ans et plus,0.0,%,105109.0,rgph2024_logement_urbain,23.0
al hoceima,cercle,,,age_logement_par_type,Appartement,Moins de 20 ans,68.8,%,105109.0,rgph2024_logement_urbain,23.0
al hoceima,cercle,,,age_logement_par_type,Appartement,De 20 à moins de 50 ans,31.2,%,105109.0,rgph2024_logement_urbain,23.0
al hoceima,cercle,,,age_logement_par_type,Appartement,50 ans et plus,0.0,%,105109.0,rgph2024_logement_urbain,23.0
al hoceima,cercle,,,age_logement_par_type,Maison marocaine traditionnelle,Moins de 20 ans,28.6,%,105109.0,rgph2024_logement_urbain,23.0
al hoceima,cercle,,,age_logement_par_type,Maison marocaine traditionnelle,De 20 à moins de 50 ans,71.4,%,105109.0,rgph2024_logement_urbain,23.0
al hoceima,cercle,,,age_logement_par_type,Maison marocaine traditionnelle,50 ans et plus,0.0,%,105109.0,rgph2024_logement_urbain,23.0
al hoceima,cercle,,,age_logement_par_type,Maison marocaine moderne,Moins de 20 ans,57.1,%,105109.0,rgph2024_logement_urbain,23.0
al hoceima,cercle,,,age_logement_par_type,Maison marocaine moderne,De 20 à moins de 50 ans,42.4,%,105109.0,rgph2024_logement_urbain,23.0
al hoceima,cercle,,,age_logement_par_type,Maison marocaine moderne,50 ans et plus,0.5,%,105109.0,rgph2024_logement_urbain,23.0
al hoceima,cercle,,,age_logement_par_type,Total non précaire,Moins de 20 ans,57.7,%,105109.0,rgph2024_logement_urbain,23.0
al hoceima,cercle,,,age_logement_par_type,Total non précaire,De 20 à moins de 50 ans,41.8,%,105109.0,rgph2024_logement_urbain,23.0
al hoceima,cercle,,,age_logement_par_type,Total non précaire,50 ans et plus,0.4,%,105109.0,rgph2024_logement_urbain,23.0
al hoceima,cercle,,,age_logement_par_type,Maison sommaire ou bidonville,Moins de 20 ans,4.0,%,105109.0,rgph2024_logement_urbain,23.0
al hoceima,cercle,,,age_logement_par_type,Maison sommaire ou bidonville,De 20 à moins de 50 ans,96.0,%,105109.0,rgph2024_logement_urbain,23.0
al hoceima,cercle,,,age_logement_par_type,Maison sommaire ou bidonville,50 ans et plus,0.0,%,105109.0,rgph2024_logement_urbain,23.0
al hoceima,cercle,,,age_logement_par_type,Logement en type rural,Moins de 20 ans,24.3,%,105109.0,rgph2024_logement_urbain,23.0
al hoceima,cercle,,,age_logement_par_type,Logement en type rural,De 20 à moins de 50 ans,75.7,%,105109.0,rgph2024_logement_urbain,23.0
al hoceima,cercle,,,age_logement_par_type,Logement en type rural,50 ans et plus,0.0,%,105109.0,rgph2024_logement_urbain,23.0
al hoceima,cercle,,,age_logement_par_type,Autres type,Moins de 20 ans,48.7,%,105109.0,rgph2024_logement_urbain,23.0
al hoceima,cercle,,,age_logement_par_type,Autres type,De 20 à moins de 50 ans,51.3,%,105109.0,rgph2024_logement_urbain,23.0
al hoceima,cercle,,,age_logement_par_type,Autres type,50 ans et plus,0.0,%,105109.0,rgph2024_logement_urbain,23.0
al hoceima,cercle,,,age_logement_par_type,Total précaire,Moins de 20 ans,23.8,%,105109.0,rgph2024_logement_urbain,23.0
al hoceima,cercle,,,age_logement_par_type,Total précaire,De 20 à moins de 50 ans,76.2,%,105109.0,rgph2024_logement_urbain,23.0
al hoceima,cercle,,,age_logement_par_type,Total précaire,50 ans et plus,0.0,%,105109.0,rgph2024_logement_urbain,23.0
al hoceima,cercle,,,materiaux_murs,,"Béton armé, briques avec mortier",96.47058823529412,%,105109.0,rgph2024_logement_urbain,23.0
al hoceima,cercle,,,materiaux_murs,,Pierre agglomérée avec mortier,2.0588235294117645,%,105109.0,rgph2024_logement_urbain,23.0
al hoceima,cercle,,,materiaux_murs,,Autres,1.4705882352941175,%,105109.0,rgph2024_logement_urbain,23.0
al hoceima,cercle,,,materiaux_toits,,Dalle,92.3529411764706,%,105109.0,rgph2024_logement_urbain,23.0
al hoceima,cercle,,,materiaux_toits,,"Planches, bois ou tuiles",2.2549019607843137,%,105109.0,rgph2024_logement_urbain,23.0
al hoceima,cercle,,,materiaux_toits,,Tôle en ciment ou en zinc,0.196078431372549,%,105109.0,rgph2024_logement_urbain,23.0
al hoceima,cercle,,,materiaux_toits,,Autres,5.196078431372549,%,105109.0,rgph2024_logement_urbain,23.0
al hoceima,cercle,,,services_base,,Réseau public d'électricité,93.4313725490196,%,105109.0,rgph2024_logement_urbain,23.0
al hoceima,cercle,,,services_base,,Réseau public d'eau,81.56862745098039,%,105109.0,rgph2024_logement_urbain,23.0
al hoceima,cercle,,,services_base,,Réseau public d'assainissement,89.6078431372549,%,105109.0,rgph2024_logement_urbain,23.0
al hoceima,cercle,,,deficit_logement,,Taux de déficit quantitatif en logement (%),18.8,%,105109.0,rgph2024_logement_urbain,23.0
al hoceima,commune,,,total_logements,,Total des logements urbains,1020.0,logements,10510913.0,rgph2024_logement_urbain,131.0
al hoceima,commune,,,nature_occupation,,Logement occupé,78.52941176470588,%,10510913.0,rgph2024_logement_urbain,131.0
al hoceima,commune,,,nature_occupation,Logement non occupé,Logement vacants,14.117647058823527,%,10510913.0,rgph2024_logement_urbain,131.0
al hoceima,commune,,,nature_occupation,Logement non occupé,Logement secondaire/saisonnier,7.352941176470589,%,10510913.0,rgph2024_logement_urbain,131.0
al hoceima,commune,,,nature_occupation,Logement non occupé,Total logement non occupé,21.47058823529412,%,10510913.0,rgph2024_logement_urbain,131.0
al hoceima,commune,,,type_logement,Logement non précaire ou salubre,Villa ou niveau de villa,2.0,%,10510913.0,rgph2024_logement_urbain,131.0
al hoceima,commune,,,type_logement,Logement non précaire ou salubre,Appartement,7.5,%,10510913.0,rgph2024_logement_urbain,131.0
al hoceima,commune,,,type_logement,Logement non précaire ou salubre,Maison marocaine traditionnelle,1.4,%,10510913.0,rgph2024_logement_urbain,131.0
al hoceima,commune,,,type_logement,Logement non précaire ou salubre,Maison marocaine moderne,76.8,%,10510913.0,rgph2024_logement_urbain,131.0
al hoceima,commune,,,type_logement,Logement non précaire ou salubre,Total non précaire,87.6,%,10510913.0,rgph2024_logement_urbain,131.0
al hoceima,commune,,,type_logement,Logement précaire,Maison sommaire ou bidonville,4.9,%,10510913.0,rgph2024_logement_urbain,131.0
al hoceima,commune,,,type_logement,Logement précaire,Logement en type rural,3.6,%,10510913.0,rgph2024_logement_urbain,131.0
al hoceima,commune,,,type_logement,Logement précaire,Autres type,3.8,%,10510913.0,rgph2024_logement_urbain,131.0
al hoceima,commune,,,type_logement,Logement précaire,Total précaire,12.4,%,10510913.0,rgph2024_logement_urbain,131.0
al hoceima,commune,,,age_logement,,Moins de 20 ans,53.5,%,10510913.0,rgph2024_logement_urbain,131.0
al hoceima,commune,,,age_logement,,De 20 à moins de 50 ans,46.1,%,10510913.0,rgph2024_logement_urbain,131.0
al hoceima,commune,,,age_logement,,50 ans et plus,0.4,%,10510913.0,rgph2024_logement_urbain,131.0
al hoceima,commune,,,age_logement_par_type,Villa ou niveau de villa,Moins de 20 ans,60.0,%,10510913.0,rgph2024_logement_urbain,131.0
al hoceima,commune,,,age_logement_par_type,Villa ou niveau de villa,De 20 à moins de 50 ans,40.0,%,10510913.0,rgph2024_logement_urbain,131.0
al hoceima,commune,,,age_logement_par_type,Villa ou niveau de villa,50 ans et plus,0.0,%,10510913.0,rgph2024_logement_urbain,131.0
al hoceima,commune,,,age_logement_par_type,Appartement,Moins de 20 ans,68.8,%,10510913.0,rgph2024_logement_urbain,131.0
al hoceima,commune,,,age_logement_par_type,Appartement,De 20 à moins de 50 ans,31.2,%,10510913.0,rgph2024_logement_urbain,131.0
al hoceima,commune,,,age_logement_par_type,Appartement,50 ans et plus,0.0,%,10510913.0,rgph2024_logement_urbain,131.0
al hoceima,commune,,,age_logement_par_type,Maison marocaine traditionnelle,Moins de 20 ans,28.6,%,10510913.0,rgph2024_logement_urbain,131.0
al hoceima,commune,,,age_logement_par_type,Maison marocaine traditionnelle,De 20 à moins de 50 ans,71.4,%,10510913.0,rgph2024_logement_urbain,131.0
al hoceima,commune,,,age_logement_par_type,Maison marocaine traditionnelle,50 ans et plus,0.0,%,10510913.0,rgph2024_logement_urbain,131.0
al hoceima,commune,,,age_logement_par_type,Maison marocaine moderne,Moins de 20 ans,57.1,%,10510913.0,rgph2024_logement_urbain,131.0
al hoceima,commune,,,age_logement_par_type,Maison marocaine moderne,De 20 à moins de 50 ans,42.4,%,10510913.0,rgph2024_logement_urbain,131.0
al hoceima,commune,,,age_logement_par_type,Maison marocaine moderne,50 ans et plus,0.5,%,10510913.0,rgph2024_logement_urbain,131.0
al hoceima,commune,,,age_logement_par_type,Total non précaire,Moins de 20 ans,57.7,%,10510913.0,rgph2024_logement_urbain,131.0
al hoceima,commune,,,age_logement_par_type,Total non précaire,De 20 à moins de 50 ans,41.8,%,10510913.0,rgph2024_logement_urbain,131.0
al hoceima,commune,,,age_logement_par_type,Total non précaire,50 ans et plus,0.4,%,10510913.0,rgph2024_logement_urbain,131.0
al hoceima,commune,,,age_logement_par_type,Maison sommaire ou bidonville,Moins de 20 ans,4.0,%,10510913.0,rgph2024_logement_urbain,131.0
al hoceima,commune,,,age_logement_par_type,Maison sommaire ou bidonville,De 20 à moins de 50 ans,96.0,%,10510913.0,rgph2024_logement_urbain,131.0
al hoceima,commune,,,age_logement_par_type,Maison sommaire ou bidonville,50 ans et plus,0.0,%,10510913.0,rgph2024_logement_urbain,131.0
al hoceima,commune,,,age_logement_par_type,Logement en type rural,Moins de 20 ans,24.3,%,10510913.0,rgph2024_logement_urbain,131.0
al hoceima,commune,,,age_logement_par_type,Logement en type rural,De 20 à moins de 50 ans,75.7,%,10510913.0,rgph2024_logement_urbain,131.0
al hoceima,commune,,,age_logement_par_type,Logement en type rural,50 ans et plus,0.0,%,10510913.0,rgph2024_logement_urbain,131.0
al hoceima,commune,,,age_logement_par_type,Autres type,Moins de 20 ans,48.7,%,10510913.0,rgph2024_logement_urbain,131.0
al hoceima,commune,,,age_logement_par_type,Autres type,De 20 à moins de 50 ans,51.3,%,10510913.0,rgph2024_logement_urbain,131.0
al hoceima,commune,,,age_logement_par_type,Autres type,50 ans et plus,0.0,%,10510913.0,rgph2024_logement_urbain,131.0
al hoceima,commune,,,age_logement_par_type,Total précaire,Moins de 20 ans,23.8,%,10510913.0,rgph2024_logement_urbain,131.0
al hoceima,commune,,,age_logement_par_type,Total précaire,De 20 à moins de 50 ans,76.2,%,10510913.0,rgph2024_logement_urbain,131.0
al hoceima,commune,,,age_logement_par_type,Total précaire,50 ans et plus,0.0,%,10510913.0,rgph2024_logement_urbain,131.0
al hoceima,commune,,,materiaux_murs,,"Béton armé, briques avec mortier",96.47058823529412,%,10510913.0,rgph2024_logement_urbain,131.0
al hoceima,commune,,,materiaux_murs,,Pierre agglomérée avec mortier,2.0588235294117645,%,10510913.0,rgph2024_logement_urbain,131.0
al hoceima,commune,,,materiaux_murs,,Autres,1.4705882352941175,%,10510913.0,rgph2024_logement_urbain,131.0
al hoceima,commune,,,materiaux_toits,,Dalle,92.3529411764706,%,10510913.0,rgph2024_logement_urbain,131.0
al hoceima,commune,,,materiaux_toits,,"Planches, bois ou tuiles",2.2549019607843137,%,10510913.0,rgph2024_logement_urbain,131.0
al hoceima,commune,,,materiaux_toits,,Tôle en ciment ou en zinc,0.196078431372549,%,10510913.0,rgph2024_logement_urbain,131.0
al hoceima,commune,,,materiaux_toits,,Autres,5.196078431372549,%,10510913.0,rgph2024_logement_urbain,131.0
al hoceima,commune,,,services_base,,Réseau public d'électricité,93.4313725490196,%,10510913.0,rgph2024_logement_urbain,131.0
al hoceima,commune,,,services_base,,Réseau public d'eau,81.56862745098039,%,10510913.0,rgph2024_logement_urbain,131.0
al hoceima,commune,,,services_base,,Réseau public d'assainissement,89.6078431372549,%,10510913.0,rgph2024_logement_urbain,131.0
al hoceima,commune,,,deficit_logement,,Taux de déficit quantitatif en logement (%),18.8,%,10510913.0,rgph2024_logement_urbain,131.0
al hoceima,centre_urbain,,,total_logements,,Total des logements urbains,1020.0,logements,105109133.0,rgph2024_logement_urbain,195.0
al hoceima,centre_urbain,,,nature_occupation,,Logement occupé,78.52941176470588,%,105109133.0,rgph2024_logement_urbain,195.0
al hoceima,centre_urbain,,,nature_occupation,Logement non occupé,Logement vacants,14.117647058823527,%,105109133.0,rgph2024_logement_urbain,195.0
al hoceima,centre_urbain,,,nature_occupation,Logement non occupé,Logement secondaire/saisonnier,7.352941176470589,%,105109133.0,rgph2024_logement_urbain,195.0
al hoceima,centre_urbain,,,nature_occupation,Logement non occupé,Total logement non occupé,21.47058823529412,%,105109133.0,rgph2024_logement_urbain,195.0
al hoceima,centre_urbain,,,type_logement,Logement non précaire ou salubre,Villa ou niveau de villa,2.0,%,105109133.0,rgph2024_logement_urbain,195.0
al hoceima,centre_urbain,,,type_logement,Logement non précaire ou salubre,Appartement,7.5,%,105109133.0,rgph2024_logement_urbain,195.0
al hoceima,centre_urbain,,,type_logement,Logement non précaire ou salubre,Maison marocaine traditionnelle,1.4,%,105109133.0,rgph2024_logement_urbain,195.0
al hoceima,centre_urbain,,,type_logement,Logement non précaire ou salubre,Maison marocaine moderne,76.8,%,105109133.0,rgph2024_logement_urbain,195.0
al hoceima,centre_urbain,,,type_logement,Logement non précaire ou salubre,Total non précaire,87.6,%,105109133.0,rgph2024_logement_urbain,195.0
al hoceima,centre_urbain,,,type_logement,Logement précaire,Maison sommaire ou bidonville,4.9,%,105109133.0,rgph2024_logement_urbain,195.0
al hoceima,centre_urbain,,,type_logement,Logement précaire,Logement en type rural,3.6,%,105109133.0,rgph2024_logement_urbain,195.0
al hoceima,centre_urbain,,,type_logement,Logement précaire,Autres type,3.8,%,105109133.0,rgph2024_logement_urbain,195.0
al hoceima,centre_urbain,,,type_logement,Logement précaire,Total précaire,12.4,%,105109133.0,rgph2024_logement_urbain,195.0
al hoceima,centre_urbain,,,age_logement,,Moins de 20 ans,53.5,%,105109133.0,rgph2024_logement_urbain,195.0
al hoceima,centre_urbain,,,age_logement,,De 20 à moins de 50 ans,46.1,%,105109133.0,rgph2024_logement_urbain,195.0
al hoceima,centre_urbain,,,age_logement,,50 ans et plus,0.4,%,105109133.0,rgph2024_logement_urbain,195.0
al hoceima,centre_urbain,,,age_logement_par_type,Villa ou niveau de villa,Moins de 20 ans,60.0,%,105109133.0,rgph2024_logement_urbain,195.0
al hoceima,centre_urbain,,,age_logement_par_type,Villa ou niveau de villa,De 20 à moins de 50 ans,40.0,%,105109133.0,rgph2024_logement_urbain,195.0
al hoceima,centre_urbain,,,age_logement_par_type,Villa ou niveau de villa,50 ans et plus,0.0,%,105109133.0,rgph2024_logement_urbain,195.0
al hoceima,centre_urbain,,,age_logement_par_type,Appartement,Moins de 20 ans,68.8,%,105109133.0,rgph2024_logement_urbain,195.0
al hoceima,centre_urbain,,,age_logement_par_type,Appartement,De 20 à moins de 50 ans,31.2,%,105109133.0,rgph2024_logement_urbain,195.0
al hoceima,centre_urbain,,,age_logement_par_type,Appartement,50 ans et plus,0.0,%,105109133.0,rgph2024_logement_urbain,195.0
al hoceima,centre_urbain,,,age_logement_par_type,Maison marocaine traditionnelle,Moins de 20 ans,28.6,%,105109133.0,rgph2024_logement_urbain,195.0
al hoceima,centre_urbain,,,age_logement_par_type,Maison marocaine traditionnelle,De 20 à moins de 50 ans,71.4,%,105109133.0,rgph2024_logement_urbain,195.0
al hoceima,centre_urbain,,,age_logement_par_type,Maison marocaine traditionnelle,50 ans et plus,0.0,%,105109133.0,rgph2024_logement_urbain,195.0
al hoceima,centre_urbain,,,age_logement_par_type,Maison marocaine moderne,Moins de 20 ans,57.1,%,105109133.0,rgph2024_logement_urbain,195.0
al hoceima,centre_urbain,,,age_logement_par_type,Maison marocaine moderne,De 20 à moins de 50 ans,42.4,%,105109133.0,rgph2024_logement_urbain,195.0
al hoceima,centre_urbain,,,age_logement_par_type,Maison marocaine moderne,50 ans et plus,0.5,%,105109133.0,rgph2024_logement_urbain,195.0
al hoceima,centre_urbain,,,age_logement_par_type,Total non précaire,Moins de 20 ans,57.7,%,105109133.0,rgph2024_logement_urbain,195.0
al hoceima,centre_urbain,,,age_logement_par_type,Total non précaire,De 20 à moins de 50 ans,41.8,%,105109133.0,rgph2024_logement_urbain,195.0
al hoceima,centre_urbain,,,age_logement_par_type,Total non précaire,50 ans et plus,0.4,%,105109133.0,rgph2024_logement_urbain,195.0
al hoceima,centre_urbain,,,age_logement_par_type,Maison sommaire ou bidonville,Moins de 20 ans,4.0,%,105109133.0,rgph2024_logement_urbain,195.0
al hoceima,centre_urbain,,,age_logement_par_type,Maison sommaire ou bidonville,De 20 à moins de 50 ans,96.0,%,105109133.0,rgph2024_logement_urbain,195.0
al hoceima,centre_urbain,,,age_logement_par_type,Maison sommaire ou bidonville,50 ans et plus,0.0,%,105109133.0,rgph2024_logement_urbain,195.0
al hoceima,centre_urbain,,,age_logement_par_type,Logement en type rural,Moins de 20 ans,24.3,%,105109133.0,rgph2024_logement_urbain,195.0
al hoceima,centre_urbain,,,age_logement_par_type,Logement en type rural,De 20 à moins de 50 ans,75.7,%,105109133.0,rgph2024_logement_urbain,195.0
al hoceima,centre_urbain,,,age_logement_par_type,Logement en type rural,50 ans et plus,0.0,%,105109133.0,rgph2024_logement_urbain,195.0
al hoceima,centre_urbain,,,age_logement_par_type,Autres type,Moins de 20 ans,48.7,%,105109133.0,rgph2024_logement_urbain,195.0
al hoceima,centre_urbain,,,age_logement_par_type,Autres type,De 20 à moins de 50 ans,51.3,%,105109133.0,rgph2024_logement_urbain,195.0
al hoceima,centre_urbain,,,age_logement_par_type,Autres type,50 ans et plus,0.0,%,105109133.0,rgph2024_logement_urbain,195.0
al hoceima,centre_urbain,,,age_logement_par_type,Total précaire,Moins de 20 ans,23.8,%,105109133.0,rgph2024_logement_urbain,195.0
al hoceima,centre_urbain,,,age_logement_par_type,Total précaire,De 20 à moins de 50 ans,76.2,%,105109133.0,rgph2024_logement_urbain,195.0
al hoceima,centre_urbain,,,age_logement_par_type,Total précaire,50 ans et plus,0.0,%,105109133.0,rgph2024_logement_urbain,195.0
al hoceima,centre_urbain,,,materiaux_murs,,"Béton armé, briques avec mortier",96.47058823529412,%,105109133.0,rgph2024_logement_urbain,195.0
al hoceima,centre_urbain,,,materiaux_murs,,Pierre agglomérée avec mortier,2.0588235294117645,%,105109133.0,rgph2024_logement_urbain,195.0
al hoceima,centre_urbain,,,materiaux_murs,,Autres,1.4705882352941175,%,105109133.0,rgph2024_logement_urbain,195.0
al hoceima,centre_urbain,,,materiaux_toits,,Dalle,92.3529411764706,%,105109133.0,rgph2024_logement_urbain,195.0
al hoceima,centre_urbain,,,materiaux_toits,,"Planches, bois ou tuiles",2.2549019607843137,%,105109133.0,rgph2024_logement_urbain,195.0
al hoceima,centre_urbain,,,materiaux_toits,,Tôle en ciment ou en zinc,0.196078431372549,%,105109133.0,rgph2024_logement_urbain,195.0
al hoceima,centre_urbain,,,materiaux_toits,,Autres,5.196078431372549,%,105109133.0,rgph2024_logement_urbain,195.0
al hoceima,centre_urbain,,,services_base,,Réseau public d'électricité,93.4313725490196,%,105109133.0,rgph2024_logement_urbain,195.0
al hoceima,centre_urbain,,,services_base,,Réseau public d'eau,81.56862745098039,%,105109133.0,rgph2024_logement_urbain,195.0
al hoceima,centre_urbain,,,services_base,,Réseau public d'assainissement,89.6078431372549,%,105109133.0,rgph2024_logement_urbain,195.0
al hoceima,centre_urbain,,,deficit_logement,,Taux de déficit quantitatif en logement (%),18.8,%,105109133.0,rgph2024_logement_urbain,195.0
chefchaouen,prefecture_province,,,total_logements,,Total des logements urbains,25762.0,logements,1151.0,rgph2024_logement_urbain,8.0
chefchaouen,prefecture_province,,,nature_occupation,,Logement occupé,63.37629066066288,%,1151.0,rgph2024_logement_urbain,8.0
chefchaouen,prefecture_province,,,nature_occupation,Logement non occupé,Logement vacants,20.81360142846042,%,1151.0,rgph2024_logement_urbain,8.0
chefchaouen,prefecture_province,,,nature_occupation,Logement non occupé,Logement secondaire/saisonnier,15.810107910876404,%,1151.0,rgph2024_logement_urbain,8.0
chefchaouen,prefecture_province,,,nature_occupation,Logement non occupé,Total logement non occupé,36.62370933933683,%,1151.0,rgph2024_logement_urbain,8.0
chefchaouen,prefecture_province,,,type_logement,Logement non précaire ou salubre,Villa ou niveau de villa,0.8,%,1151.0,rgph2024_logement_urbain,8.0
chefchaouen,prefecture_province,,,type_logement,Logement non précaire ou salubre,Appartement,14.8,%,1151.0,rgph2024_logement_urbain,8.0
chefchaouen,prefecture_province,,,type_logement,Logement non précaire ou salubre,Maison marocaine traditionnelle,9.5,%,1151.0,rgph2024_logement_urbain,8.0
chefchaouen,prefecture_province,,,type_logement,Logement non précaire ou salubre,Maison marocaine moderne,73.4,%,1151.0,rgph2024_logement_urbain,8.0
chefchaouen,prefecture_province,,,type_logement,Logement non précaire ou salubre,Total non précaire,98.5,%,1151.0,rgph2024_logement_urbain,8.0
chefchaouen,prefecture_province,,,type_logement,Logement précaire,Maison sommaire ou bidonville,0.3,%,1151.0,rgph2024_logement_urbain,8.0
chefchaouen,prefecture_province,,,type_logement,Logement précaire,Logement en type rural,0.6,%,1151.0,rgph2024_logement_urbain,8.0
chefchaouen,prefecture_province,,,type_logement,Logement précaire,Autres type,0.6,%,1151.0,rgph2024_logement_urbain,8.0
chefchaouen,prefecture_province,,,type_logement,Logement précaire,Total précaire,1.5,%,1151.0,rgph2024_logement_urbain,8.0
chefchaouen,prefecture_province,,,age_logement,,Moins de 20 ans,55.4,%,1151.0,rgph2024_logement_urbain,8.0
chefchaouen,prefecture_province,,,age_logement,,De 20 à moins de 50 ans,33.8,%,1151.0,rgph2024_logement_urbain,8.0
chefchaouen,prefecture_province,,,age_logement,,50 ans et plus,10.7,%,1151.0,rgph2024_logement_urbain,8.0
chefchaouen,prefecture_province,,,age_logement_par_type,Villa ou niveau de villa,Moins de 20 ans,64.5,%,1151.0,rgph2024_logement_urbain,8.0
chefchaouen,prefecture_province,,,age_logement_par_type,Villa ou niveau de villa,De 20 à moins de 50 ans,35.0,%,1151.0,rgph2024_logement_urbain,8.0
chefchaouen,prefecture_province,,,age_logement_par_type,Villa ou niveau de villa,50 ans et plus,0.5,%,1151.0,rgph2024_logement_urbain,8.0
chefchaouen,prefecture_province,,,age_logement_par_type,Appartement,Moins de 20 ans,74.5,%,1151.0,rgph2024_logement_urbain,8.0
chefchaouen,prefecture_province,,,age_logement_par_type,Appartement,De 20 à moins de 50 ans,24.7,%,1151.0,rgph2024_logement_urbain,8.0
chefchaouen,prefecture_province,,,age_logement_par_type,Appartement,50 ans et plus,0.9,%,1151.0,rgph2024_logement_urbain,8.0
chefchaouen,prefecture_province,,,age_logement_par_type,Maison marocaine traditionnelle,Moins de 20 ans,4.4,%,1151.0,rgph2024_logement_urbain,8.0
chefchaouen,prefecture_province,,,age_logement_par_type,Maison marocaine traditionnelle,De 20 à moins de 50 ans,36.0,%,1151.0,rgph2024_logement_urbain,8.0
chefchaouen,prefecture_province,,,age_logement_par_type,Maison marocaine traditionnelle,50 ans et plus,59.6,%,1151.0,rgph2024_logement_urbain,8.0
chefchaouen,prefecture_province,,,age_logement_par_type,Maison marocaine moderne,Moins de 20 ans,58.8,%,1151.0,rgph2024_logement_urbain,8.0
chefchaouen,prefecture_province,,,age_logement_par_type,Maison marocaine moderne,De 20 à moins de 50 ans,34.9,%,1151.0,rgph2024_logement_urbain,8.0
chefchaouen,prefecture_province,,,age_logement_par_type,Maison marocaine moderne,50 ans et plus,6.3,%,1151.0,rgph2024_logement_urbain,8.0
chefchaouen,prefecture_province,,,age_logement_par_type,Total non précaire,Moins de 20 ans,55.9,%,1151.0,rgph2024_logement_urbain,8.0
chefchaouen,prefecture_province,,,age_logement_par_type,Total non précaire,De 20 à moins de 50 ans,33.5,%,1151.0,rgph2024_logement_urbain,8.0
chefchaouen,prefecture_province,,,age_logement_par_type,Total non précaire,50 ans et plus,10.6,%,1151.0,rgph2024_logement_urbain,8.0
chefchaouen,prefecture_province,,,age_logement_par_type,Maison sommaire ou bidonville,Moins de 20 ans,43.3,%,1151.0,rgph2024_logement_urbain,8.0
chefchaouen,prefecture_province,,,age_logement_par_type,Maison sommaire ou bidonville,De 20 à moins de 50 ans,52.3,%,1151.0,rgph2024_logement_urbain,8.0
chefchaouen,prefecture_province,,,age_logement_par_type,Maison sommaire ou bidonville,50 ans et plus,4.4,%,1151.0,rgph2024_logement_urbain,8.0
chefchaouen,prefecture_province,,,age_logement_par_type,Logement en type rural,Moins de 20 ans,9.6,%,1151.0,rgph2024_logement_urbain,8.0
chefchaouen,prefecture_province,,,age_logement_par_type,Logement en type rural,De 20 à moins de 50 ans,69.9,%,1151.0,rgph2024_logement_urbain,8.0
chefchaouen,prefecture_province,,,age_logement_par_type,Logement en type rural,50 ans et plus,20.5,%,1151.0,rgph2024_logement_urbain,8.0
chefchaouen,prefecture_province,,,age_logement_par_type,Autres type,Moins de 20 ans,31.0,%,1151.0,rgph2024_logement_urbain,8.0
chefchaouen,prefecture_province,,,age_logement_par_type,Autres type,De 20 à moins de 50 ans,45.5,%,1151.0,rgph2024_logement_urbain,8.0
chefchaouen,prefecture_province,,,age_logement_par_type,Autres type,50 ans et plus,23.5,%,1151.0,rgph2024_logement_urbain,8.0
chefchaouen,prefecture_province,,,age_logement_par_type,Total précaire,Moins de 20 ans,23.8,%,1151.0,rgph2024_logement_urbain,8.0
chefchaouen,prefecture_province,,,age_logement_par_type,Total précaire,De 20 à moins de 50 ans,57.4,%,1151.0,rgph2024_logement_urbain,8.0
chefchaouen,prefecture_province,,,age_logement_par_type,Total précaire,50 ans et plus,18.7,%,1151.0,rgph2024_logement_urbain,8.0
chefchaouen,prefecture_province,,,materiaux_murs,,"Béton armé, briques avec mortier",96.63523303150848,%,1151.0,rgph2024_logement_urbain,8.0
chefchaouen,prefecture_province,,,materiaux_murs,,Pierre agglomérée avec mortier,2.8067451698830967,%,1151.0,rgph2024_logement_urbain,8.0
chefchaouen,prefecture_province,,,materiaux_murs,,Autres,0.5580217986087007,%,1151.0,rgph2024_logement_urbain,8.0
chefchaouen,prefecture_province,,,materiaux_toits,,Dalle,97.9005180856736,%,1151.0,rgph2024_logement_urbain,8.0
chefchaouen,prefecture_province,,,materiaux_toits,,"Planches, bois ou tuiles",1.5378136832226226,%,1151.0,rgph2024_logement_urbain,8.0
chefchaouen,prefecture_province,,,materiaux_toits,,Tôle en ciment ou en zinc,0.069870351680768,%,1151.0,rgph2024_logement_urbain,8.0
chefchaouen,prefecture_province,,,materiaux_toits,,Autres,0.4917978794230535,%,1151.0,rgph2024_logement_urbain,8.0
chefchaouen,prefecture_province,,,services_base,,Réseau public d'électricité,90.7665658042174,%,1151.0,rgph2024_logement_urbain,8.0
chefchaouen,prefecture_province,,,services_base,,Réseau public d'eau,89.385657168055,%,1151.0,rgph2024_logement_urbain,8.0
chefchaouen,prefecture_province,,,services_base,,Réseau public d'assainissement,86.1188360638576,%,1151.0,rgph2024_logement_urbain,8.0
chefchaouen,prefecture_province,,,deficit_logement,,Taux de déficit quantitatif en logement (%),2.1,%,1151.0,rgph2024_logement_urbain,8.0
chefchaouen,commune,,,total_logements,,Total des logements urbains,19616.0,logements,11510101.0,rgph2024_logement_urbain,135.0
chefchaouen,commune,,,nature_occupation,,Logement occupé,62.64274061990199,%,11510101.0,rgph2024_logement_urbain,135.0
chefchaouen,commune,,,nature_occupation,Logement non occupé,Logement vacants,21.85460848287098,%,11510101.0,rgph2024_logement_urbain,135.0
chefchaouen,commune,,,nature_occupation,Logement non occupé,Logement secondaire/saisonnier,15.50265089722665,%,11510101.0,rgph2024_logement_urbain,135.0
chefchaouen,commune,,,nature_occupation,Logement non occupé,Total logement non occupé,37.35725938009763,%,11510101.0,rgph2024_logement_urbain,135.0
chefchaouen,commune,,,type_logement,Logement non précaire ou salubre,Villa ou niveau de villa,1.0,%,11510101.0,rgph2024_logement_urbain,135.0
chefchaouen,commune,,,type_logement,Logement non précaire ou salubre,Appartement,17.2,%,11510101.0,rgph2024_logement_urbain,135.0
chefchaouen,commune,,,type_logement,Logement non précaire ou salubre,Maison marocaine traditionnelle,11.9,%,11510101.0,rgph2024_logement_urbain,135.0
chefchaouen,commune,,,type_logement,Logement non précaire ou salubre,Maison marocaine moderne,68.8,%,11510101.0,rgph2024_logement_urbain,135.0
chefchaouen,commune,,,type_logement,Logement non précaire ou salubre,Total non précaire,99.0,%,11510101.0,rgph2024_logement_urbain,135.0
chefchaouen,commune,,,type_logement,Logement précaire,Maison sommaire ou bidonville,0.2,%,11510101.0,rgph2024_logement_urbain,135.0
chefchaouen,commune,,,type_logement,Logement précaire,Logement en type rural,0.4,%,11510101.0,rgph2024_logement_urbain,135.0
chefchaouen,commune,,,type_logement,Logement précaire,Autres type,0.3,%,11510101.0,rgph2024_logement_urbain,135.0
chefchaouen,commune,,,type_logement,Logement précaire,Total précaire,1.0,%,11510101.0,rgph2024_logement_urbain,135.0
chefchaouen,commune,,,age_logement,,Moins de 20 ans,55.2,%,11510101.0,rgph2024_logement_urbain,135.0
chefchaouen,commune,,,age_logement,,De 20 à moins de 50 ans,31.6,%,11510101.0,rgph2024_logement_urbain,135.0
chefchaouen,commune,,,age_logement,,50 ans et plus,13.2,%,11510101.0,rgph2024_logement_urbain,135.0
chefchaouen,commune,,,age_logement_par_type,Villa ou niveau de villa,Moins de 20 ans,63.9,%,11510101.0,rgph2024_logement_urbain,135.0
chefchaouen,commune,,,age_logement_par_type,Villa ou niveau de villa,De 20 à moins de 50 ans,35.6,%,11510101.0,rgph2024_logement_urbain,135.0
chefchaouen,commune,,,age_logement_par_type,Villa ou niveau de villa,50 ans et plus,0.5,%,11510101.0,rgph2024_logement_urbain,135.0
chefchaouen,commune,,,age_logement_par_type,Appartement,Moins de 20 ans,77.2,%,11510101.0,rgph2024_logement_urbain,135.0
chefchaouen,commune,,,age_logement_par_type,Appartement,De 20 à moins de 50 ans,21.9,%,11510101.0,rgph2024_logement_urbain,135.0
chefchaouen,commune,,,age_logement_par_type,Appartement,50 ans et plus,0.9,%,11510101.0,rgph2024_logement_urbain,135.0
chefchaouen,commune,,,age_logement_par_type,Maison marocaine traditionnelle,Moins de 20 ans,1.9,%,11510101.0,rgph2024_logement_urbain,135.0
chefchaouen,commune,,,age_logement_par_type,Maison marocaine traditionnelle,De 20 à moins de 50 ans,36.1,%,11510101.0,rgph2024_logement_urbain,135.0
chefchaouen,commune,,,age_logement_par_type,Maison marocaine traditionnelle,50 ans et plus,62.0,%,11510101.0,rgph2024_logement_urbain,135.0
chefchaouen,commune,,,age_logement_par_type,Maison marocaine moderne,Moins de 20 ans,59.3,%,11510101.0,rgph2024_logement_urbain,135.0
chefchaouen,commune,,,age_logement_par_type,Maison marocaine moderne,De 20 à moins de 50 ans,32.7,%,11510101.0,rgph2024_logement_urbain,135.0
chefchaouen,commune,,,age_logement_par_type,Maison marocaine moderne,50 ans et plus,7.9,%,11510101.0,rgph2024_logement_urbain,135.0
chefchaouen,commune,,,age_logement_par_type,Total non précaire,Moins de 20 ans,55.6,%,11510101.0,rgph2024_logement_urbain,135.0
chefchaouen,commune,,,age_logement_par_type,Total non précaire,De 20 à moins de 50 ans,31.3,%,11510101.0,rgph2024_logement_urbain,135.0
chefchaouen,commune,,,age_logement_par_type,Total non précaire,50 ans et plus,13.1,%,11510101.0,rgph2024_logement_urbain,135.0
chefchaouen,commune,,,age_logement_par_type,Maison sommaire ou bidonville,Moins de 20 ans,36.4,%,11510101.0,rgph2024_logement_urbain,135.0
chefchaouen,commune,,,age_logement_par_type,Maison sommaire ou bidonville,De 20 à moins de 50 ans,63.6,%,11510101.0,rgph2024_logement_urbain,135.0
chefchaouen,commune,,,age_logement_par_type,Maison sommaire ou bidonville,50 ans et plus,0.0,%,11510101.0,rgph2024_logement_urbain,135.0
chefchaouen,commune,,,age_logement_par_type,Logement en type rural,Moins de 20 ans,5.8,%,11510101.0,rgph2024_logement_urbain,135.0
chefchaouen,commune,,,age_logement_par_type,Logement en type rural,De 20 à moins de 50 ans,70.9,%,11510101.0,rgph2024_logement_urbain,135.0
chefchaouen,commune,,,age_logement_par_type,Logement en type rural,50 ans et plus,23.3,%,11510101.0,rgph2024_logement_urbain,135.0
chefchaouen,commune,,,age_logement_par_type,Autres type,Moins de 20 ans,14.5,%,11510101.0,rgph2024_logement_urbain,135.0
chefchaouen,commune,,,age_logement_par_type,Autres type,De 20 à moins de 50 ans,56.9,%,11510101.0,rgph2024_logement_urbain,135.0
chefchaouen,commune,,,age_logement_par_type,Autres type,50 ans et plus,28.5,%,11510101.0,rgph2024_logement_urbain,135.0
chefchaouen,commune,,,age_logement_par_type,Total précaire,Moins de 20 ans,16.0,%,11510101.0,rgph2024_logement_urbain,135.0
chefchaouen,commune,,,age_logement_par_type,Total précaire,De 20 à moins de 50 ans,64.6,%,11510101.0,rgph2024_logement_urbain,135.0
chefchaouen,commune,,,age_logement_par_type,Total précaire,50 ans et plus,19.4,%,11510101.0,rgph2024_logement_urbain,135.0
chefchaouen,commune,,,materiaux_murs,,"Béton armé, briques avec mortier",96.65155349498993,%,11510101.0,rgph2024_logement_urbain,135.0
chefchaouen,commune,,,materiaux_murs,,Pierre agglomérée avec mortier,3.074396873293654,%,11510101.0,rgph2024_logement_urbain,135.0
chefchaouen,commune,,,materiaux_murs,,Autres,0.2740496317168324,%,11510101.0,rgph2024_logement_urbain,135.0
chefchaouen,commune,,,materiaux_toits,,Dalle,98.25719549975138,%,11510101.0,rgph2024_logement_urbain,135.0
chefchaouen,commune,,,materiaux_toits,,"Planches, bois ou tuiles",1.3263232110104624,%,11510101.0,rgph2024_logement_urbain,135.0
chefchaouen,commune,,,materiaux_toits,,Tôle en ciment ou en zinc,0.0764681892332761,%,11510101.0,rgph2024_logement_urbain,135.0
chefchaouen,commune,,,materiaux_toits,,Autres,0.3400131000049309,%,11510101.0,rgph2024_logement_urbain,135.0
chefchaouen,commune,,,services_base,,Réseau public d'électricité,90.40213439275333,%,11510101.0,rgph2024_logement_urbain,135.0
chefchaouen,commune,,,services_base,,Réseau public d'eau,89.68460950058285,%,11510101.0,rgph2024_logement_urbain,135.0
chefchaouen,commune,,,services_base,,Réseau public d'assainissement,87.79024544642634,%,11510101.0,rgph2024_logement_urbain,135.0
chefchaouen,commune,,,deficit_logement,,Taux de déficit quantitatif en logement (%),1.3,%,11510101.0,rgph2024_logement_urbain,135.0
chefchaouen,cercle,,,total_logements,,Total des logements urbains,2408.0,logements,115103.0,rgph2024_logement_urbain,24.0
chefchaouen,cercle,,,nature_occupation,,Logement occupé,60.25747508305648,%,115103.0,rgph2024_logement_urbain,24.0
chefchaouen,cercle,,,nature_occupation,Logement non occupé,Logement vacants,21.677740863787378,%,115103.0,rgph2024_logement_urbain,24.0
chefchaouen,cercle,,,nature_occupation,Logement non occupé,Logement secondaire/saisonnier,18.064784053156146,%,115103.0,rgph2024_logement_urbain,24.0
chefchaouen,cercle,,,nature_occupation,Logement non occupé,Total logement non occupé,39.74252491694352,%,115103.0,rgph2024_logement_urbain,24.0
chefchaouen,cercle,,,type_logement,Logement non précaire ou salubre,Villa ou niveau de villa,0.1,%,115103.0,rgph2024_logement_urbain,24.0
chefchaouen,cercle,,,type_logement,Logement non précaire ou salubre,Appartement,12.8,%,115103.0,rgph2024_logement_urbain,24.0
chefchaouen,cercle,,,type_logement,Logement non précaire ou salubre,Maison marocaine traditionnelle,2.8,%,115103.0,rgph2024_logement_urbain,24.0
chefchaouen,cercle,,,type_logement,Logement non précaire ou salubre,Maison marocaine moderne,79.2,%,115103.0,rgph2024_logement_urbain,24.0
chefchaouen,cercle,,,type_logement,Logement non précaire ou salubre,Total non précaire,95.0,%,115103.0,rgph2024_logement_urbain,24.0
chefchaouen,cercle,,,type_logement,Logement précaire,Maison sommaire ou bidonville,0.4,%,115103.0,rgph2024_logement_urbain,24.0
chefchaouen,cercle,,,type_logement,Logement précaire,Logement en type rural,2.9,%,115103.0,rgph2024_logement_urbain,24.0
chefchaouen,cercle,,,type_logement,Logement précaire,Autres type,1.8,%,115103.0,rgph2024_logement_urbain,24.0
chefchaouen,cercle,,,type_logement,Logement précaire,Total précaire,5.0,%,115103.0,rgph2024_logement_urbain,24.0
chefchaouen,cercle,,,age_logement,,Moins de 20 ans,52.2,%,115103.0,rgph2024_logement_urbain,24.0
chefchaouen,cercle,,,age_logement,,De 20 à moins de 50 ans,46.3,%,115103.0,rgph2024_logement_urbain,24.0
chefchaouen,cercle,,,age_logement,,50 ans et plus,1.6,%,115103.0,rgph2024_logement_urbain,24.0
chefchaouen,cercle,,,age_logement_par_type,Villa ou niveau de villa,Moins de 20 ans,100.0,%,115103.0,rgph2024_logement_urbain,24.0
chefchaouen,cercle,,,age_logement_par_type,Villa ou niveau de villa,De 20 à moins de 50 ans,0.0,%,115103.0,rgph2024_logement_urbain,24.0
chefchaouen,cercle,,,age_logement_par_type,Villa ou niveau de villa,50 ans et plus,0.0,%,115103.0,rgph2024_logement_urbain,24.0
chefchaouen,cercle,,,age_logement_par_type,Appartement,Moins de 20 ans,47.9,%,115103.0,rgph2024_logement_urbain,24.0
chefchaouen,cercle,,,age_logement_par_type,Appartement,De 20 à moins de 50 ans,51.8,%,115103.0,rgph2024_logement_urbain,24.0
chefchaouen,cercle,,,age_logement_par_type,Appartement,50 ans et plus,0.3,%,115103.0,rgph2024_logement_urbain,24.0
chefchaouen,cercle,,,age_logement_par_type,Maison marocaine traditionnelle,Moins de 20 ans,58.8,%,115103.0,rgph2024_logement_urbain,24.0
chefchaouen,cercle,,,age_logement_par_type,Maison marocaine traditionnelle,De 20 à moins de 50 ans,35.3,%,115103.0,rgph2024_logement_urbain,24.0
chefchaouen,cercle,,,age_logement_par_type,Maison marocaine traditionnelle,50 ans et plus,5.9,%,115103.0,rgph2024_logement_urbain,24.0
chefchaouen,cercle,,,age_logement_par_type,Maison marocaine moderne,Moins de 20 ans,54.0,%,115103.0,rgph2024_logement_urbain,24.0
chefchaouen,cercle,,,age_logement_par_type,Maison marocaine moderne,De 20 à moins de 50 ans,45.3,%,115103.0,rgph2024_logement_urbain,24.0
chefchaouen,cercle,,,age_logement_par_type,Maison marocaine moderne,50 ans et plus,0.7,%,115103.0,rgph2024_logement_urbain,24.0
chefchaouen,cercle,,,age_logement_par_type,Total non précaire,Moins de 20 ans,53.4,%,115103.0,rgph2024_logement_urbain,24.0
chefchaouen,cercle,,,age_logement_par_type,Total non précaire,De 20 à moins de 50 ans,45.8,%,115103.0,rgph2024_logement_urbain,24.0
chefchaouen,cercle,,,age_logement_par_type,Total non précaire,50 ans et plus,0.8,%,115103.0,rgph2024_logement_urbain,24.0
chefchaouen,cercle,,,age_logement_par_type,Maison sommaire ou bidonville,Moins de 20 ans,77.8,%,115103.0,rgph2024_logement_urbain,24.0
chefchaouen,cercle,,,age_logement_par_type,Maison sommaire ou bidonville,De 20 à moins de 50 ans,22.2,%,115103.0,rgph2024_logement_urbain,24.0
chefchaouen,cercle,,,age_logement_par_type,Maison sommaire ou bidonville,50 ans et plus,0.0,%,115103.0,rgph2024_logement_urbain,24.0
chefchaouen,cercle,,,age_logement_par_type,Logement en type rural,Moins de 20 ans,7.2,%,115103.0,rgph2024_logement_urbain,24.0
chefchaouen,cercle,,,age_logement_par_type,Logement en type rural,De 20 à moins de 50 ans,73.9,%,115103.0,rgph2024_logement_urbain,24.0
chefchaouen,cercle,,,age_logement_par_type,Logement en type rural,50 ans et plus,18.8,%,115103.0,rgph2024_logement_urbain,24.0
chefchaouen,cercle,,,age_logement_par_type,Autres type,Moins de 20 ans,53.5,%,115103.0,rgph2024_logement_urbain,24.0
chefchaouen,cercle,,,age_logement_par_type,Autres type,De 20 à moins de 50 ans,30.2,%,115103.0,rgph2024_logement_urbain,24.0
chefchaouen,cercle,,,age_logement_par_type,Autres type,50 ans et plus,16.3,%,115103.0,rgph2024_logement_urbain,24.0
chefchaouen,cercle,,,age_logement_par_type,Total précaire,Moins de 20 ans,28.9,%,115103.0,rgph2024_logement_urbain,24.0
chefchaouen,cercle,,,age_logement_par_type,Total précaire,De 20 à moins de 50 ans,54.5,%,115103.0,rgph2024_logement_urbain,24.0
chefchaouen,cercle,,,age_logement_par_type,Total précaire,50 ans et plus,16.5,%,115103.0,rgph2024_logement_urbain,24.0
chefchaouen,cercle,,,materiaux_murs,,"Béton armé, briques avec mortier",95.88870431893687,%,115103.0,rgph2024_logement_urbain,24.0
chefchaouen,cercle,,,materiaux_murs,,Pierre agglomérée avec mortier,0.9966777408637874,%,115103.0,rgph2024_logement_urbain,24.0
chefchaouen,cercle,,,materiaux_murs,,Autres,3.114617940199336,%,115103.0,rgph2024_logement_urbain,24.0
chefchaouen,cercle,,,materiaux_toits,,Dalle,94.47674418604652,%,115103.0,rgph2024_logement_urbain,24.0
chefchaouen,cercle,,,materiaux_toits,,"Planches, bois ou tuiles",3.862126245847176,%,115103.0,rgph2024_logement_urbain,24.0
chefchaouen,cercle,,,materiaux_toits,,Tôle en ciment ou en zinc,0.0830564784053156,%,115103.0,rgph2024_logement_urbain,24.0
chefchaouen,cercle,,,materiaux_toits,,Autres,1.5780730897009967,%,115103.0,rgph2024_logement_urbain,24.0
chefchaouen,cercle,,,services_base,,Réseau public d'électricité,89.03654485049833,%,115103.0,rgph2024_logement_urbain,24.0
chefchaouen,cercle,,,services_base,,Réseau public d'eau,82.84883720930233,%,115103.0,rgph2024_logement_urbain,24.0
chefchaouen,cercle,,,services_base,,Réseau public d'assainissement,87.20930232558139,%,115103.0,rgph2024_logement_urbain,24.0
chefchaouen,cercle,,,deficit_logement,,Taux de déficit quantitatif en logement (%),7.4,%,115103.0,rgph2024_logement_urbain,24.0
chefchaouen,commune,,,total_logements,,Total des logements urbains,2408.0,logements,11510303.0,rgph2024_logement_urbain,136.0
chefchaouen,commune,,,nature_occupation,,Logement occupé,60.25747508305648,%,11510303.0,rgph2024_logement_urbain,136.0
chefchaouen,commune,,,nature_occupation,Logement non occupé,Logement vacants,21.677740863787378,%,11510303.0,rgph2024_logement_urbain,136.0
chefchaouen,commune,,,nature_occupation,Logement non occupé,Logement secondaire/saisonnier,18.064784053156146,%,11510303.0,rgph2024_logement_urbain,136.0
chefchaouen,commune,,,nature_occupation,Logement non occupé,Total logement non occupé,39.74252491694352,%,11510303.0,rgph2024_logement_urbain,136.0
chefchaouen,commune,,,type_logement,Logement non précaire ou salubre,Villa ou niveau de villa,0.1,%,11510303.0,rgph2024_logement_urbain,136.0
chefchaouen,commune,,,type_logement,Logement non précaire ou salubre,Appartement,12.8,%,11510303.0,rgph2024_logement_urbain,136.0
chefchaouen,commune,,,type_logement,Logement non précaire ou salubre,Maison marocaine traditionnelle,2.8,%,11510303.0,rgph2024_logement_urbain,136.0
chefchaouen,commune,,,type_logement,Logement non précaire ou salubre,Maison marocaine moderne,79.2,%,11510303.0,rgph2024_logement_urbain,136.0
chefchaouen,commune,,,type_logement,Logement non précaire ou salubre,Total non précaire,95.0,%,11510303.0,rgph2024_logement_urbain,136.0
chefchaouen,commune,,,type_logement,Logement précaire,Maison sommaire ou bidonville,0.4,%,11510303.0,rgph2024_logement_urbain,136.0
chefchaouen,commune,,,type_logement,Logement précaire,Logement en type rural,2.9,%,11510303.0,rgph2024_logement_urbain,136.0
chefchaouen,commune,,,type_logement,Logement précaire,Autres type,1.8,%,11510303.0,rgph2024_logement_urbain,136.0
chefchaouen,commune,,,type_logement,Logement précaire,Total précaire,5.0,%,11510303.0,rgph2024_logement_urbain,136.0
chefchaouen,commune,,,age_logement,,Moins de 20 ans,52.2,%,11510303.0,rgph2024_logement_urbain,136.0
chefchaouen,commune,,,age_logement,,De 20 à moins de 50 ans,46.3,%,11510303.0,rgph2024_logement_urbain,136.0
chefchaouen,commune,,,age_logement,,50 ans et plus,1.6,%,11510303.0,rgph2024_logement_urbain,136.0
chefchaouen,commune,,,age_logement_par_type,Villa ou niveau de villa,Moins de 20 ans,100.0,%,11510303.0,rgph2024_logement_urbain,136.0
chefchaouen,commune,,,age_logement_par_type,Villa ou niveau de villa,De 20 à moins de 50 ans,0.0,%,11510303.0,rgph2024_logement_urbain,136.0
chefchaouen,commune,,,age_logement_par_type,Villa ou niveau de villa,50 ans et plus,0.0,%,11510303.0,rgph2024_logement_urbain,136.0
chefchaouen,commune,,,age_logement_par_type,Appartement,Moins de 20 ans,47.9,%,11510303.0,rgph2024_logement_urbain,136.0
chefchaouen,commune,,,age_logement_par_type,Appartement,De 20 à moins de 50 ans,51.8,%,11510303.0,rgph2024_logement_urbain,136.0
chefchaouen,commune,,,age_logement_par_type,Appartement,50 ans et plus,0.3,%,11510303.0,rgph2024_logement_urbain,136.0
chefchaouen,commune,,,age_logement_par_type,Maison marocaine traditionnelle,Moins de 20 ans,58.8,%,11510303.0,rgph2024_logement_urbain,136.0
chefchaouen,commune,,,age_logement_par_type,Maison marocaine traditionnelle,De 20 à moins de 50 ans,35.3,%,11510303.0,rgph2024_logement_urbain,136.0
chefchaouen,commune,,,age_logement_par_type,Maison marocaine traditionnelle,50 ans et plus,5.9,%,11510303.0,rgph2024_logement_urbain,136.0
chefchaouen,commune,,,age_logement_par_type,Maison marocaine moderne,Moins de 20 ans,54.0,%,11510303.0,rgph2024_logement_urbain,136.0
chefchaouen,commune,,,age_logement_par_type,Maison marocaine moderne,De 20 à moins de 50 ans,45.3,%,11510303.0,rgph2024_logement_urbain,136.0
chefchaouen,commune,,,age_logement_par_type,Maison marocaine moderne,50 ans et plus,0.7,%,11510303.0,rgph2024_logement_urbain,136.0
chefchaouen,commune,,,age_logement_par_type,Total non précaire,Moins de 20 ans,53.4,%,11510303.0,rgph2024_logement_urbain,136.0
chefchaouen,commune,,,age_logement_par_type,Total non précaire,De 20 à moins de 50 ans,45.8,%,11510303.0,rgph2024_logement_urbain,136.0
chefchaouen,commune,,,age_logement_par_type,Total non précaire,50 ans et plus,0.8,%,11510303.0,rgph2024_logement_urbain,136.0
chefchaouen,commune,,,age_logement_par_type,Maison sommaire ou bidonville,Moins de 20 ans,77.8,%,11510303.0,rgph2024_logement_urbain,136.0
chefchaouen,commune,,,age_logement_par_type,Maison sommaire ou bidonville,De 20 à moins de 50 ans,22.2,%,11510303.0,rgph2024_logement_urbain,136.0
chefchaouen,commune,,,age_logement_par_type,Maison sommaire ou bidonville,50 ans et plus,0.0,%,11510303.0,rgph2024_logement_urbain,136.0
chefchaouen,commune,,,age_logement_par_type,Logement en type rural,Moins de 20 ans,7.2,%,11510303.0,rgph2024_logement_urbain,136.0
chefchaouen,commune,,,age_logement_par_type,Logement en type rural,De 20 à moins de 50 ans,73.9,%,11510303.0,rgph2024_logement_urbain,136.0
chefchaouen,commune,,,age_logement_par_type,Logement en type rural,50 ans et plus,18.8,%,11510303.0,rgph2024_logement_urbain,136.0
chefchaouen,commune,,,age_logement_par_type,Autres type,Moins de 20 ans,53.5,%,11510303.0,rgph2024_logement_urbain,136.0
chefchaouen,commune,,,age_logement_par_type,Autres type,De 20 à moins de 50 ans,30.2,%,11510303.0,rgph2024_logement_urbain,136.0
chefchaouen,commune,,,age_logement_par_type,Autres type,50 ans et plus,16.3,%,11510303.0,rgph2024_logement_urbain,136.0
chefchaouen,commune,,,age_logement_par_type,Total précaire,Moins de 20 ans,28.9,%,11510303.0,rgph2024_logement_urbain,136.0
chefchaouen,commune,,,age_logement_par_type,Total précaire,De 20 à moins de 50 ans,54.5,%,11510303.0,rgph2024_logement_urbain,136.0
chefchaouen,commune,,,age_logement_par_type,Total précaire,50 ans et plus,16.5,%,11510303.0,rgph2024_logement_urbain,136.0
chefchaouen,commune,,,materiaux_murs,,"Béton armé, briques avec mortier",95.88870431893687,%,11510303.0,rgph2024_logement_urbain,136.0
chefchaouen,commune,,,materiaux_murs,,Pierre agglomérée avec mortier,0.9966777408637874,%,11510303.0,rgph2024_logement_urbain,136.0
chefchaouen,commune,,,materiaux_murs,,Autres,3.114617940199336,%,11510303.0,rgph2024_logement_urbain,136.0
chefchaouen,commune,,,materiaux_toits,,Dalle,94.47674418604652,%,11510303.0,rgph2024_logement_urbain,136.0
chefchaouen,commune,,,materiaux_toits,,"Planches, bois ou tuiles",3.862126245847176,%,11510303.0,rgph2024_logement_urbain,136.0
chefchaouen,commune,,,materiaux_toits,,Tôle en ciment ou en zinc,0.0830564784053156,%,11510303.0,rgph2024_logement_urbain,136.0
chefchaouen,commune,,,materiaux_toits,,Autres,1.5780730897009967,%,11510303.0,rgph2024_logement_urbain,136.0
chefchaouen,commune,,,services_base,,Réseau public d'électricité,89.03654485049833,%,11510303.0,rgph2024_logement_urbain,136.0
chefchaouen,commune,,,services_base,,Réseau public d'eau,82.84883720930233,%,11510303.0,rgph2024_logement_urbain,136.0
chefchaouen,commune,,,services_base,,Réseau public d'assainissement,87.20930232558139,%,11510303.0,rgph2024_logement_urbain,136.0
chefchaouen,commune,,,deficit_logement,,Taux de déficit quantitatif en logement (%),7.4,%,11510303.0,rgph2024_logement_urbain,136.0
chefchaouen,centre_urbain,,,total_logements,,Total des logements urbains,2408.0,logements,115103033.0,rgph2024_logement_urbain,196.0
chefchaouen,centre_urbain,,,nature_occupation,,Logement occupé,60.25747508305648,%,115103033.0,rgph2024_logement_urbain,196.0
chefchaouen,centre_urbain,,,nature_occupation,Logement non occupé,Logement vacants,21.677740863787378,%,115103033.0,rgph2024_logement_urbain,196.0
chefchaouen,centre_urbain,,,nature_occupation,Logement non occupé,Logement secondaire/saisonnier,18.064784053156146,%,115103033.0,rgph2024_logement_urbain,196.0
chefchaouen,centre_urbain,,,nature_occupation,Logement non occupé,Total logement non occupé,39.74252491694352,%,115103033.0,rgph2024_logement_urbain,196.0
chefchaouen,centre_urbain,,,type_logement,Logement non précaire ou salubre,Villa ou niveau de villa,0.1,%,115103033.0,rgph2024_logement_urbain,196.0
chefchaouen,centre_urbain,,,type_logement,Logement non précaire ou salubre,Appartement,12.8,%,115103033.0,rgph2024_logement_urbain,196.0
chefchaouen,centre_urbain,,,type_logement,Logement non précaire ou salubre,Maison marocaine traditionnelle,2.8,%,115103033.0,rgph2024_logement_urbain,196.0
chefchaouen,centre_urbain,,,type_logement,Logement non précaire ou salubre,Maison marocaine moderne,79.2,%,115103033.0,rgph2024_logement_urbain,196.0
chefchaouen,centre_urbain,,,type_logement,Logement non précaire ou salubre,Total non précaire,95.0,%,115103033.0,rgph2024_logement_urbain,196.0
chefchaouen,centre_urbain,,,type_logement,Logement précaire,Maison sommaire ou bidonville,0.4,%,115103033.0,rgph2024_logement_urbain,196.0
chefchaouen,centre_urbain,,,type_logement,Logement précaire,Logement en type rural,2.9,%,115103033.0,rgph2024_logement_urbain,196.0
chefchaouen,centre_urbain,,,type_logement,Logement précaire,Autres type,1.8,%,115103033.0,rgph2024_logement_urbain,196.0
chefchaouen,centre_urbain,,,type_logement,Logement précaire,Total précaire,5.0,%,115103033.0,rgph2024_logement_urbain,196.0
chefchaouen,centre_urbain,,,age_logement,,Moins de 20 ans,52.2,%,115103033.0,rgph2024_logement_urbain,196.0
chefchaouen,centre_urbain,,,age_logement,,De 20 à moins de 50 ans,46.3,%,115103033.0,rgph2024_logement_urbain,196.0
chefchaouen,centre_urbain,,,age_logement,,50 ans et plus,1.6,%,115103033.0,rgph2024_logement_urbain,196.0
chefchaouen,centre_urbain,,,age_logement_par_type,Villa ou niveau de villa,Moins de 20 ans,100.0,%,115103033.0,rgph2024_logement_urbain,196.0
chefchaouen,centre_urbain,,,age_logement_par_type,Villa ou niveau de villa,De 20 à moins de 50 ans,0.0,%,115103033.0,rgph2024_logement_urbain,196.0
chefchaouen,centre_urbain,,,age_logement_par_type,Villa ou niveau de villa,50 ans et plus,0.0,%,115103033.0,rgph2024_logement_urbain,196.0
chefchaouen,centre_urbain,,,age_logement_par_type,Appartement,Moins de 20 ans,47.9,%,115103033.0,rgph2024_logement_urbain,196.0
chefchaouen,centre_urbain,,,age_logement_par_type,Appartement,De 20 à moins de 50 ans,51.8,%,115103033.0,rgph2024_logement_urbain,196.0
chefchaouen,centre_urbain,,,age_logement_par_type,Appartement,50 ans et plus,0.3,%,115103033.0,rgph2024_logement_urbain,196.0
chefchaouen,centre_urbain,,,age_logement_par_type,Maison marocaine traditionnelle,Moins de 20 ans,58.8,%,115103033.0,rgph2024_logement_urbain,196.0
chefchaouen,centre_urbain,,,age_logement_par_type,Maison marocaine traditionnelle,De 20 à moins de 50 ans,35.3,%,115103033.0,rgph2024_logement_urbain,196.0
chefchaouen,centre_urbain,,,age_logement_par_type,Maison marocaine traditionnelle,50 ans et plus,5.9,%,115103033.0,rgph2024_logement_urbain,196.0
chefchaouen,centre_urbain,,,age_logement_par_type,Maison marocaine moderne,Moins de 20 ans,54.0,%,115103033.0,rgph2024_logement_urbain,196.0
chefchaouen,centre_urbain,,,age_logement_par_type,Maison marocaine moderne,De 20 à moins de 50 ans,45.3,%,115103033.0,rgph2024_logement_urbain,196.0
chefchaouen,centre_urbain,,,age_logement_par_type,Maison marocaine moderne,50 ans et plus,0.7,%,115103033.0,rgph2024_logement_urbain,196.0
chefchaouen,centre_urbain,,,age_logement_par_type,Total non précaire,Moins de 20 ans,53.4,%,115103033.0,rgph2024_logement_urbain,196.0
chefchaouen,centre_urbain,,,age_logement_par_type,Total non précaire,De 20 à moins de 50 ans,45.8,%,115103033.0,rgph2024_logement_urbain,196.0
chefchaouen,centre_urbain,,,age_logement_par_type,Total non précaire,50 ans et plus,0.8,%,115103033.0,rgph2024_logement_urbain,196.0
chefchaouen,centre_urbain,,,age_logement_par_type,Maison sommaire ou bidonville,Moins de 20 ans,77.8,%,115103033.0,rgph2024_logement_urbain,196.0
chefchaouen,centre_urbain,,,age_logement_par_type,Maison sommaire ou bidonville,De 20 à moins de 50 ans,22.2,%,115103033.0,rgph2024_logement_urbain,196.0
chefchaouen,centre_urbain,,,age_logement_par_type,Maison sommaire ou bidonville,50 ans et plus,0.0,%,115103033.0,rgph2024_logement_urbain,196.0
chefchaouen,centre_urbain,,,age_logement_par_type,Logement en type rural,Moins de 20 ans,7.2,%,115103033.0,rgph2024_logement_urbain,196.0
chefchaouen,centre_urbain,,,age_logement_par_type,Logement en type rural,De 20 à moins de 50 ans,73.9,%,115103033.0,rgph2024_logement_urbain,196.0
chefchaouen,centre_urbain,,,age_logement_par_type,Logement en type rural,50 ans et plus,18.8,%,115103033.0,rgph2024_logement_urbain,196.0
chefchaouen,centre_urbain,,,age_logement_par_type,Autres type,Moins de 20 ans,53.5,%,115103033.0,rgph2024_logement_urbain,196.0
chefchaouen,centre_urbain,,,age_logement_par_type,Autres type,De 20 à moins de 50 ans,30.2,%,115103033.0,rgph2024_logement_urbain,196.0
chefchaouen,centre_urbain,,,age_logement_par_type,Autres type,50 ans et plus,16.3,%,115103033.0,rgph2024_logement_urbain,196.0
chefchaouen,centre_urbain,,,age_logement_par_type,Total précaire,Moins de 20 ans,28.9,%,115103033.0,rgph2024_logement_urbain,196.0
chefchaouen,centre_urbain,,,age_logement_par_type,Total précaire,De 20 à moins de 50 ans,54.5,%,115103033.0,rgph2024_logement_urbain,196.0
chefchaouen,centre_urbain,,,age_logement_par_type,Total précaire,50 ans et plus,16.5,%,115103033.0,rgph2024_logement_urbain,196.0
chefchaouen,centre_urbain,,,materiaux_murs,,"Béton armé, briques avec mortier",95.88870431893687,%,115103033.0,rgph2024_logement_urbain,196.0
chefchaouen,centre_urbain,,,materiaux_murs,,Pierre agglomérée avec mortier,0.9966777408637874,%,115103033.0,rgph2024_logement_urbain,196.0
chefchaouen,centre_urbain,,,materiaux_murs,,Autres,3.114617940199336,%,115103033.0,rgph2024_logement_urbain,196.0
chefchaouen,centre_urbain,,,materiaux_toits,,Dalle,94.47674418604652,%,115103033.0,rgph2024_logement_urbain,196.0
chefchaouen,centre_urbain,,,materiaux_toits,,"Planches, bois ou tuiles",3.862126245847176,%,115103033.0,rgph2024_logement_urbain,196.0
chefchaouen,centre_urbain,,,materiaux_toits,,Tôle en ciment ou en zinc,0.0830564784053156,%,115103033.0,rgph2024_logement_urbain,196.0
chefchaouen,centre_urbain,,,materiaux_toits,,Autres,1.5780730897009967,%,115103033.0,rgph2024_logement_urbain,196.0
chefchaouen,centre_urbain,,,services_base,,Réseau public d'électricité,89.03654485049833,%,115103033.0,rgph2024_logement_urbain,196.0
chefchaouen,centre_urbain,,,services_base,,Réseau public d'eau,82.84883720930233,%,115103033.0,rgph2024_logement_urbain,196.0
chefchaouen,centre_urbain,,,services_base,,Réseau public d'assainissement,87.20930232558139,%,115103033.0,rgph2024_logement_urbain,196.0
chefchaouen,centre_urbain,,,deficit_logement,,Taux de déficit quantitatif en logement (%),7.4,%,115103033.0,rgph2024_logement_urbain,196.0
chefchaouen,cercle,,,total_logements,,Total des logements urbains,1696.0,logements,115109.0,rgph2024_logement_urbain,25.0
chefchaouen,cercle,,,nature_occupation,,Logement occupé,67.45283018867924,%,115109.0,rgph2024_logement_urbain,25.0
chefchaouen,cercle,,,nature_occupation,Logement non occupé,Logement vacants,13.797169811320757,%,115109.0,rgph2024_logement_urbain,25.0
chefchaouen,cercle,,,nature_occupation,Logement non occupé,Logement secondaire/saisonnier,18.75,%,115109.0,rgph2024_logement_urbain,25.0
chefchaouen,cercle,,,nature_occupation,Logement non occupé,Total logement non occupé,32.54716981132076,%,115109.0,rgph2024_logement_urbain,25.0
chefchaouen,cercle,,,type_logement,Logement non précaire ou salubre,Villa ou niveau de villa,0.2,%,115109.0,rgph2024_logement_urbain,25.0
chefchaouen,cercle,,,type_logement,Logement non précaire ou salubre,Appartement,0.9,%,115109.0,rgph2024_logement_urbain,25.0
chefchaouen,cercle,,,type_logement,Logement non précaire ou salubre,Maison marocaine traditionnelle,1.2,%,115109.0,rgph2024_logement_urbain,25.0
chefchaouen,cercle,,,type_logement,Logement non précaire ou salubre,Maison marocaine moderne,95.9,%,115109.0,rgph2024_logement_urbain,25.0
chefchaouen,cercle,,,type_logement,Logement non précaire ou salubre,Total non précaire,98.2,%,115109.0,rgph2024_logement_urbain,25.0
chefchaouen,cercle,,,type_logement,Logement précaire,Maison sommaire ou bidonville,0.3,%,115109.0,rgph2024_logement_urbain,25.0
chefchaouen,cercle,,,type_logement,Logement précaire,Logement en type rural,0.1,%,115109.0,rgph2024_logement_urbain,25.0
chefchaouen,cercle,,,type_logement,Logement précaire,Autres type,1.4,%,115109.0,rgph2024_logement_urbain,25.0
chefchaouen,cercle,,,type_logement,Logement précaire,Total précaire,1.8,%,115109.0,rgph2024_logement_urbain,25.0
chefchaouen,cercle,,,age_logement,,Moins de 20 ans,46.6,%,115109.0,rgph2024_logement_urbain,25.0
chefchaouen,cercle,,,age_logement,,De 20 à moins de 50 ans,47.9,%,115109.0,rgph2024_logement_urbain,25.0
chefchaouen,cercle,,,age_logement,,50 ans et plus,5.5,%,115109.0,rgph2024_logement_urbain,25.0
chefchaouen,cercle,,,age_logement_par_type,Villa ou niveau de villa,Moins de 20 ans,50.0,%,115109.0,rgph2024_logement_urbain,25.0
chefchaouen,cercle,,,age_logement_par_type,Villa ou niveau de villa,De 20 à moins de 50 ans,50.0,%,115109.0,rgph2024_logement_urbain,25.0
chefchaouen,cercle,,,age_logement_par_type,Villa ou niveau de villa,50 ans et plus,0.0,%,115109.0,rgph2024_logement_urbain,25.0
chefchaouen,cercle,,,age_logement_par_type,Appartement,Moins de 20 ans,6.3,%,115109.0,rgph2024_logement_urbain,25.0
chefchaouen,cercle,,,age_logement_par_type,Appartement,De 20 à moins de 50 ans,93.8,%,115109.0,rgph2024_logement_urbain,25.0
chefchaouen,cercle,,,age_logement_par_type,Appartement,50 ans et plus,0.0,%,115109.0,rgph2024_logement_urbain,25.0
chefchaouen,cercle,,,age_logement_par_type,Maison marocaine traditionnelle,Moins de 20 ans,45.0,%,115109.0,rgph2024_logement_urbain,25.0
chefchaouen,cercle,,,age_logement_par_type,Maison marocaine traditionnelle,De 20 à moins de 50 ans,45.0,%,115109.0,rgph2024_logement_urbain,25.0
chefchaouen,cercle,,,age_logement_par_type,Maison marocaine traditionnelle,50 ans et plus,10.0,%,115109.0,rgph2024_logement_urbain,25.0
chefchaouen,cercle,,,age_logement_par_type,Maison marocaine moderne,Moins de 20 ans,47.4,%,115109.0,rgph2024_logement_urbain,25.0
chefchaouen,cercle,,,age_logement_par_type,Maison marocaine moderne,De 20 à moins de 50 ans,47.5,%,115109.0,rgph2024_logement_urbain,25.0
chefchaouen,cercle,,,age_logement_par_type,Maison marocaine moderne,50 ans et plus,5.0,%,115109.0,rgph2024_logement_urbain,25.0
chefchaouen,cercle,,,age_logement_par_type,Total non précaire,Moins de 20 ans,47.0,%,115109.0,rgph2024_logement_urbain,25.0
chefchaouen,cercle,,,age_logement_par_type,Total non précaire,De 20 à moins de 50 ans,48.0,%,115109.0,rgph2024_logement_urbain,25.0
chefchaouen,cercle,,,age_logement_par_type,Total non précaire,50 ans et plus,5.0,%,115109.0,rgph2024_logement_urbain,25.0
chefchaouen,cercle,,,age_logement_par_type,Maison sommaire ou bidonville,Moins de 20 ans,40.0,%,115109.0,rgph2024_logement_urbain,25.0
chefchaouen,cercle,,,age_logement_par_type,Maison sommaire ou bidonville,De 20 à moins de 50 ans,40.0,%,115109.0,rgph2024_logement_urbain,25.0
chefchaouen,cercle,,,age_logement_par_type,Maison sommaire ou bidonville,50 ans et plus,20.0,%,115109.0,rgph2024_logement_urbain,25.0
chefchaouen,cercle,,,age_logement_par_type,Logement en type rural,Moins de 20 ans,50.0,%,115109.0,rgph2024_logement_urbain,25.0
chefchaouen,cercle,,,age_logement_par_type,Logement en type rural,De 20 à moins de 50 ans,0.0,%,115109.0,rgph2024_logement_urbain,25.0
chefchaouen,cercle,,,age_logement_par_type,Logement en type rural,50 ans et plus,50.0,%,115109.0,rgph2024_logement_urbain,25.0
chefchaouen,cercle,,,age_logement_par_type,Autres type,Moins de 20 ans,17.4,%,115109.0,rgph2024_logement_urbain,25.0
chefchaouen,cercle,,,age_logement_par_type,Autres type,De 20 à moins de 50 ans,47.8,%,115109.0,rgph2024_logement_urbain,25.0
chefchaouen,cercle,,,age_logement_par_type,Autres type,50 ans et plus,34.8,%,115109.0,rgph2024_logement_urbain,25.0
chefchaouen,cercle,,,age_logement_par_type,Total précaire,Moins de 20 ans,23.3,%,115109.0,rgph2024_logement_urbain,25.0
chefchaouen,cercle,,,age_logement_par_type,Total précaire,De 20 à moins de 50 ans,43.3,%,115109.0,rgph2024_logement_urbain,25.0
chefchaouen,cercle,,,age_logement_par_type,Total précaire,50 ans et plus,33.3,%,115109.0,rgph2024_logement_urbain,25.0
chefchaouen,cercle,,,materiaux_murs,,"Béton armé, briques avec mortier",94.5754716981132,%,115109.0,rgph2024_logement_urbain,25.0
chefchaouen,cercle,,,materiaux_murs,,Pierre agglomérée avec mortier,5.011792452830189,%,115109.0,rgph2024_logement_urbain,25.0
chefchaouen,cercle,,,materiaux_murs,,Autres,0.4127358490566037,%,115109.0,rgph2024_logement_urbain,25.0
chefchaouen,cercle,,,materiaux_toits,,Dalle,97.81839622641508,%,115109.0,rgph2024_logement_urbain,25.0
chefchaouen,cercle,,,materiaux_toits,,"Planches, bois ou tuiles",1.2382075471698113,%,115109.0,rgph2024_logement_urbain,25.0
chefchaouen,cercle,,,materiaux_toits,,Tôle en ciment ou en zinc,0.0589622641509434,%,115109.0,rgph2024_logement_urbain,25.0
chefchaouen,cercle,,,materiaux_toits,,Autres,0.8844339622641509,%,115109.0,rgph2024_logement_urbain,25.0
chefchaouen,cercle,,,services_base,,Réseau public d'électricité,96.22641509433964,%,115109.0,rgph2024_logement_urbain,25.0
chefchaouen,cercle,,,services_base,,Réseau public d'eau,92.74764150943396,%,115109.0,rgph2024_logement_urbain,25.0
chefchaouen,cercle,,,services_base,,Réseau public d'assainissement,91.80424528301889,%,115109.0,rgph2024_logement_urbain,25.0
chefchaouen,cercle,,,deficit_logement,,Taux de déficit quantitatif en logement (%),4.5,%,115109.0,rgph2024_logement_urbain,25.0
chefchaouen,commune,,,total_logements,,Total des logements urbains,1696.0,logements,11510917.0,rgph2024_logement_urbain,140.0
chefchaouen,commune,,,nature_occupation,,Logement occupé,67.45283018867924,%,11510917.0,rgph2024_logement_urbain,140.0
chefchaouen,commune,,,nature_occupation,Logement non occupé,Logement vacants,13.797169811320757,%,11510917.0,rgph2024_logement_urbain,140.0
chefchaouen,commune,,,nature_occupation,Logement non occupé,Logement secondaire/saisonnier,18.75,%,11510917.0,rgph2024_logement_urbain,140.0
chefchaouen,commune,,,nature_occupation,Logement non occupé,Total logement non occupé,32.54716981132076,%,11510917.0,rgph2024_logement_urbain,140.0
chefchaouen,commune,,,type_logement,Logement non précaire ou salubre,Villa ou niveau de villa,0.2,%,11510917.0,rgph2024_logement_urbain,140.0
chefchaouen,commune,,,type_logement,Logement non précaire ou salubre,Appartement,0.9,%,11510917.0,rgph2024_logement_urbain,140.0
chefchaouen,commune,,,type_logement,Logement non précaire ou salubre,Maison marocaine traditionnelle,1.2,%,11510917.0,rgph2024_logement_urbain,140.0
chefchaouen,commune,,,type_logement,Logement non précaire ou salubre,Maison marocaine moderne,95.9,%,11510917.0,rgph2024_logement_urbain,140.0
chefchaouen,commune,,,type_logement,Logement non précaire ou salubre,Total non précaire,98.2,%,11510917.0,rgph2024_logement_urbain,140.0
chefchaouen,commune,,,type_logement,Logement précaire,Maison sommaire ou bidonville,0.3,%,11510917.0,rgph2024_logement_urbain,140.0
chefchaouen,commune,,,type_logement,Logement précaire,Logement en type rural,0.1,%,11510917.0,rgph2024_logement_urbain,140.0
chefchaouen,commune,,,type_logement,Logement précaire,Autres type,1.4,%,11510917.0,rgph2024_logement_urbain,140.0
chefchaouen,commune,,,type_logement,Logement précaire,Total précaire,1.8,%,11510917.0,rgph2024_logement_urbain,140.0
chefchaouen,commune,,,age_logement,,Moins de 20 ans,46.6,%,11510917.0,rgph2024_logement_urbain,140.0
chefchaouen,commune,,,age_logement,,De 20 à moins de 50 ans,47.9,%,11510917.0,rgph2024_logement_urbain,140.0
chefchaouen,commune,,,age_logement,,50 ans et plus,5.5,%,11510917.0,rgph2024_logement_urbain,140.0
chefchaouen,commune,,,age_logement_par_type,Villa ou niveau de villa,Moins de 20 ans,50.0,%,11510917.0,rgph2024_logement_urbain,140.0
chefchaouen,commune,,,age_logement_par_type,Villa ou niveau de villa,De 20 à moins de 50 ans,50.0,%,11510917.0,rgph2024_logement_urbain,140.0
chefchaouen,commune,,,age_logement_par_type,Villa ou niveau de villa,50 ans et plus,0.0,%,11510917.0,rgph2024_logement_urbain,140.0
chefchaouen,commune,,,age_logement_par_type,Appartement,Moins de 20 ans,6.3,%,11510917.0,rgph2024_logement_urbain,140.0
chefchaouen,commune,,,age_logement_par_type,Appartement,De 20 à moins de 50 ans,93.8,%,11510917.0,rgph2024_logement_urbain,140.0
chefchaouen,commune,,,age_logement_par_type,Appartement,50 ans et plus,0.0,%,11510917.0,rgph2024_logement_urbain,140.0
chefchaouen,commune,,,age_logement_par_type,Maison marocaine traditionnelle,Moins de 20 ans,45.0,%,11510917.0,rgph2024_logement_urbain,140.0
chefchaouen,commune,,,age_logement_par_type,Maison marocaine traditionnelle,De 20 à moins de 50 ans,45.0,%,11510917.0,rgph2024_logement_urbain,140.0
chefchaouen,commune,,,age_logement_par_type,Maison marocaine traditionnelle,50 ans et plus,10.0,%,11510917.0,rgph2024_logement_urbain,140.0
chefchaouen,commune,,,age_logement_par_type,Maison marocaine moderne,Moins de 20 ans,47.4,%,11510917.0,rgph2024_logement_urbain,140.0
chefchaouen,commune,,,age_logement_par_type,Maison marocaine moderne,De 20 à moins de 50 ans,47.5,%,11510917.0,rgph2024_logement_urbain,140.0
chefchaouen,commune,,,age_logement_par_type,Maison marocaine moderne,50 ans et plus,5.0,%,11510917.0,rgph2024_logement_urbain,140.0
chefchaouen,commune,,,age_logement_par_type,Total non précaire,Moins de 20 ans,47.0,%,11510917.0,rgph2024_logement_urbain,140.0
chefchaouen,commune,,,age_logement_par_type,Total non précaire,De 20 à moins de 50 ans,48.0,%,11510917.0,rgph2024_logement_urbain,140.0
chefchaouen,commune,,,age_logement_par_type,Total non précaire,50 ans et plus,5.0,%,11510917.0,rgph2024_logement_urbain,140.0
chefchaouen,commune,,,age_logement_par_type,Maison sommaire ou bidonville,Moins de 20 ans,40.0,%,11510917.0,rgph2024_logement_urbain,140.0
chefchaouen,commune,,,age_logement_par_type,Maison sommaire ou bidonville,De 20 à moins de 50 ans,40.0,%,11510917.0,rgph2024_logement_urbain,140.0
chefchaouen,commune,,,age_logement_par_type,Maison sommaire ou bidonville,50 ans et plus,20.0,%,11510917.0,rgph2024_logement_urbain,140.0
chefchaouen,commune,,,age_logement_par_type,Logement en type rural,Moins de 20 ans,50.0,%,11510917.0,rgph2024_logement_urbain,140.0
chefchaouen,commune,,,age_logement_par_type,Logement en type rural,De 20 à moins de 50 ans,0.0,%,11510917.0,rgph2024_logement_urbain,140.0
chefchaouen,commune,,,age_logement_par_type,Logement en type rural,50 ans et plus,50.0,%,11510917.0,rgph2024_logement_urbain,140.0
chefchaouen,commune,,,age_logement_par_type,Autres type,Moins de 20 ans,17.4,%,11510917.0,rgph2024_logement_urbain,140.0
chefchaouen,commune,,,age_logement_par_type,Autres type,De 20 à moins de 50 ans,47.8,%,11510917.0,rgph2024_logement_urbain,140.0
chefchaouen,commune,,,age_logement_par_type,Autres type,50 ans et plus,34.8,%,11510917.0,rgph2024_logement_urbain,140.0
chefchaouen,commune,,,age_logement_par_type,Total précaire,Moins de 20 ans,23.3,%,11510917.0,rgph2024_logement_urbain,140.0
chefchaouen,commune,,,age_logement_par_type,Total précaire,De 20 à moins de 50 ans,43.3,%,11510917.0,rgph2024_logement_urbain,140.0
chefchaouen,commune,,,age_logement_par_type,Total précaire,50 ans et plus,33.3,%,11510917.0,rgph2024_logement_urbain,140.0
chefchaouen,commune,,,materiaux_murs,,"Béton armé, briques avec mortier",94.5754716981132,%,11510917.0,rgph2024_logement_urbain,140.0
chefchaouen,commune,,,materiaux_murs,,Pierre agglomérée avec mortier,5.011792452830189,%,11510917.0,rgph2024_logement_urbain,140.0
chefchaouen,commune,,,materiaux_murs,,Autres,0.4127358490566037,%,11510917.0,rgph2024_logement_urbain,140.0
chefchaouen,commune,,,materiaux_toits,,Dalle,97.81839622641508,%,11510917.0,rgph2024_logement_urbain,140.0
chefchaouen,commune,,,materiaux_toits,,"Planches, bois ou tuiles",1.2382075471698113,%,11510917.0,rgph2024_logement_urbain,140.0
chefchaouen,commune,,,materiaux_toits,,Tôle en ciment ou en zinc,0.0589622641509434,%,11510917.0,rgph2024_logement_urbain,140.0
chefchaouen,commune,,,materiaux_toits,,Autres,0.8844339622641509,%,11510917.0,rgph2024_logement_urbain,140.0
chefchaouen,commune,,,services_base,,Réseau public d'électricité,96.22641509433964,%,11510917.0,rgph2024_logement_urbain,140.0
chefchaouen,commune,,,services_base,,Réseau public d'eau,92.74764150943396,%,11510917.0,rgph2024_logement_urbain,140.0
chefchaouen,commune,,,services_base,,Réseau public d'assainissement,91.80424528301889,%,11510917.0,rgph2024_logement_urbain,140.0
chefchaouen,commune,,,deficit_logement,,Taux de déficit quantitatif en logement (%),4.5,%,11510917.0,rgph2024_logement_urbain,140.0
chefchaouen,centre_urbain,,,total_logements,,Total des logements urbains,1696.0,logements,115109173.0,rgph2024_logement_urbain,197.0
chefchaouen,centre_urbain,,,nature_occupation,,Logement occupé,67.45283018867924,%,115109173.0,rgph2024_logement_urbain,197.0
chefchaouen,centre_urbain,,,nature_occupation,Logement non occupé,Logement vacants,13.797169811320757,%,115109173.0,rgph2024_logement_urbain,197.0
chefchaouen,centre_urbain,,,nature_occupation,Logement non occupé,Logement secondaire/saisonnier,18.75,%,115109173.0,rgph2024_logement_urbain,197.0
chefchaouen,centre_urbain,,,nature_occupation,Logement non occupé,Total logement non occupé,32.54716981132076,%,115109173.0,rgph2024_logement_urbain,197.0
chefchaouen,centre_urbain,,,type_logement,Logement non précaire ou salubre,Villa ou niveau de villa,0.2,%,115109173.0,rgph2024_logement_urbain,197.0
chefchaouen,centre_urbain,,,type_logement,Logement non précaire ou salubre,Appartement,0.9,%,115109173.0,rgph2024_logement_urbain,197.0
chefchaouen,centre_urbain,,,type_logement,Logement non précaire ou salubre,Maison marocaine traditionnelle,1.2,%,115109173.0,rgph2024_logement_urbain,197.0
chefchaouen,centre_urbain,,,type_logement,Logement non précaire ou salubre,Maison marocaine moderne,95.9,%,115109173.0,rgph2024_logement_urbain,197.0
chefchaouen,centre_urbain,,,type_logement,Logement non précaire ou salubre,Total non précaire,98.2,%,115109173.0,rgph2024_logement_urbain,197.0
chefchaouen,centre_urbain,,,type_logement,Logement précaire,Maison sommaire ou bidonville,0.3,%,115109173.0,rgph2024_logement_urbain,197.0
chefchaouen,centre_urbain,,,type_logement,Logement précaire,Logement en type rural,0.1,%,115109173.0,rgph2024_logement_urbain,197.0
chefchaouen,centre_urbain,,,type_logement,Logement précaire,Autres type,1.4,%,115109173.0,rgph2024_logement_urbain,197.0
chefchaouen,centre_urbain,,,type_logement,Logement précaire,Total précaire,1.8,%,115109173.0,rgph2024_logement_urbain,197.0
chefchaouen,centre_urbain,,,age_logement,,Moins de 20 ans,46.6,%,115109173.0,rgph2024_logement_urbain,197.0
chefchaouen,centre_urbain,,,age_logement,,De 20 à moins de 50 ans,47.9,%,115109173.0,rgph2024_logement_urbain,197.0
chefchaouen,centre_urbain,,,age_logement,,50 ans et plus,5.5,%,115109173.0,rgph2024_logement_urbain,197.0
chefchaouen,centre_urbain,,,age_logement_par_type,Villa ou niveau de villa,Moins de 20 ans,50.0,%,115109173.0,rgph2024_logement_urbain,197.0
chefchaouen,centre_urbain,,,age_logement_par_type,Villa ou niveau de villa,De 20 à moins de 50 ans,50.0,%,115109173.0,rgph2024_logement_urbain,197.0
chefchaouen,centre_urbain,,,age_logement_par_type,Villa ou niveau de villa,50 ans et plus,0.0,%,115109173.0,rgph2024_logement_urbain,197.0
chefchaouen,centre_urbain,,,age_logement_par_type,Appartement,Moins de 20 ans,6.3,%,115109173.0,rgph2024_logement_urbain,197.0
chefchaouen,centre_urbain,,,age_logement_par_type,Appartement,De 20 à moins de 50 ans,93.8,%,115109173.0,rgph2024_logement_urbain,197.0
chefchaouen,centre_urbain,,,age_logement_par_type,Appartement,50 ans et plus,0.0,%,115109173.0,rgph2024_logement_urbain,197.0
chefchaouen,centre_urbain,,,age_logement_par_type,Maison marocaine traditionnelle,Moins de 20 ans,45.0,%,115109173.0,rgph2024_logement_urbain,197.0
chefchaouen,centre_urbain,,,age_logement_par_type,Maison marocaine traditionnelle,De 20 à moins de 50 ans,45.0,%,115109173.0,rgph2024_logement_urbain,197.0
chefchaouen,centre_urbain,,,age_logement_par_type,Maison marocaine traditionnelle,50 ans et plus,10.0,%,115109173.0,rgph2024_logement_urbain,197.0
chefchaouen,centre_urbain,,,age_logement_par_type,Maison marocaine moderne,Moins de 20 ans,47.4,%,115109173.0,rgph2024_logement_urbain,197.0
chefchaouen,centre_urbain,,,age_logement_par_type,Maison marocaine moderne,De 20 à moins de 50 ans,47.5,%,115109173.0,rgph2024_logement_urbain,197.0
chefchaouen,centre_urbain,,,age_logement_par_type,Maison marocaine moderne,50 ans et plus,5.0,%,115109173.0,rgph2024_logement_urbain,197.0
chefchaouen,centre_urbain,,,age_logement_par_type,Total non précaire,Moins de 20 ans,47.0,%,115109173.0,rgph2024_logement_urbain,197.0
chefchaouen,centre_urbain,,,age_logement_par_type,Total non précaire,De 20 à moins de 50 ans,48.0,%,115109173.0,rgph2024_logement_urbain,197.0
chefchaouen,centre_urbain,,,age_logement_par_type,Total non précaire,50 ans et plus,5.0,%,115109173.0,rgph2024_logement_urbain,197.0
chefchaouen,centre_urbain,,,age_logement_par_type,Maison sommaire ou bidonville,Moins de 20 ans,40.0,%,115109173.0,rgph2024_logement_urbain,197.0
chefchaouen,centre_urbain,,,age_logement_par_type,Maison sommaire ou bidonville,De 20 à moins de 50 ans,40.0,%,115109173.0,rgph2024_logement_urbain,197.0
chefchaouen,centre_urbain,,,age_logement_par_type,Maison sommaire ou bidonville,50 ans et plus,20.0,%,115109173.0,rgph2024_logement_urbain,197.0
chefchaouen,centre_urbain,,,age_logement_par_type,Logement en type rural,Moins de 20 ans,50.0,%,115109173.0,rgph2024_logement_urbain,197.0
chefchaouen,centre_urbain,,,age_logement_par_type,Logement en type rural,De 20 à moins de 50 ans,0.0,%,115109173.0,rgph2024_logement_urbain,197.0
chefchaouen,centre_urbain,,,age_logement_par_type,Logement en type rural,50 ans et plus,50.0,%,115109173.0,rgph2024_logement_urbain,197.0
chefchaouen,centre_urbain,,,age_logement_par_type,Autres type,Moins de 20 ans,17.4,%,115109173.0,rgph2024_logement_urbain,197.0
chefchaouen,centre_urbain,,,age_logement_par_type,Autres type,De 20 à moins de 50 ans,47.8,%,115109173.0,rgph2024_logement_urbain,197.0
chefchaouen,centre_urbain,,,age_logement_par_type,Autres type,50 ans et plus,34.8,%,115109173.0,rgph2024_logement_urbain,197.0
chefchaouen,centre_urbain,,,age_logement_par_type,Total précaire,Moins de 20 ans,23.3,%,115109173.0,rgph2024_logement_urbain,197.0
chefchaouen,centre_urbain,,,age_logement_par_type,Total précaire,De 20 à moins de 50 ans,43.3,%,115109173.0,rgph2024_logement_urbain,197.0
chefchaouen,centre_urbain,,,age_logement_par_type,Total précaire,50 ans et plus,33.3,%,115109173.0,rgph2024_logement_urbain,197.0
chefchaouen,centre_urbain,,,materiaux_murs,,"Béton armé, briques avec mortier",94.5754716981132,%,115109173.0,rgph2024_logement_urbain,197.0
chefchaouen,centre_urbain,,,materiaux_murs,,Pierre agglomérée avec mortier,5.011792452830189,%,115109173.0,rgph2024_logement_urbain,197.0
chefchaouen,centre_urbain,,,materiaux_murs,,Autres,0.4127358490566037,%,115109173.0,rgph2024_logement_urbain,197.0
chefchaouen,centre_urbain,,,materiaux_toits,,Dalle,97.81839622641508,%,115109173.0,rgph2024_logement_urbain,197.0
chefchaouen,centre_urbain,,,materiaux_toits,,"Planches, bois ou tuiles",1.2382075471698113,%,115109173.0,rgph2024_logement_urbain,197.0
chefchaouen,centre_urbain,,,materiaux_toits,,Tôle en ciment ou en zinc,0.0589622641509434,%,115109173.0,rgph2024_logement_urbain,197.0
chefchaouen,centre_urbain,,,materiaux_toits,,Autres,0.8844339622641509,%,115109173.0,rgph2024_logement_urbain,197.0
chefchaouen,centre_urbain,,,services_base,,Réseau public d'électricité,96.22641509433964,%,115109173.0,rgph2024_logement_urbain,197.0
chefchaouen,centre_urbain,,,services_base,,Réseau public d'eau,92.74764150943396,%,115109173.0,rgph2024_logement_urbain,197.0
chefchaouen,centre_urbain,,,services_base,,Réseau public d'assainissement,91.80424528301889,%,115109173.0,rgph2024_logement_urbain,197.0
chefchaouen,centre_urbain,,,deficit_logement,,Taux de déficit quantitatif en logement (%),4.5,%,115109173.0,rgph2024_logement_urbain,197.0
chefchaouen,cercle,,,total_logements,,Total des logements urbains,2042.0,logements,115105.0,rgph2024_logement_urbain,27.0
chefchaouen,cercle,,,nature_occupation,,Logement occupé,70.71498530852107,%,115105.0,rgph2024_logement_urbain,27.0
chefchaouen,cercle,,,nature_occupation,Logement non occupé,Logement vacants,15.621939275220372,%,115105.0,rgph2024_logement_urbain,27.0
chefchaouen,cercle,,,nature_occupation,Logement non occupé,Logement secondaire/saisonnier,13.663075416258568,%,115105.0,rgph2024_logement_urbain,27.0
chefchaouen,cercle,,,nature_occupation,Logement non occupé,Total logement non occupé,29.285014691478946,%,115105.0,rgph2024_logement_urbain,27.0
chefchaouen,cercle,,,type_logement,Logement non précaire ou salubre,Villa ou niveau de villa,0.1,%,115105.0,rgph2024_logement_urbain,27.0
chefchaouen,cercle,,,type_logement,Logement non précaire ou salubre,Appartement,5.4,%,115105.0,rgph2024_logement_urbain,27.0
chefchaouen,cercle,,,type_logement,Logement non précaire ou salubre,Maison marocaine traditionnelle,1.3,%,115105.0,rgph2024_logement_urbain,27.0
chefchaouen,cercle,,,type_logement,Logement non précaire ou salubre,Maison marocaine moderne,91.8,%,115105.0,rgph2024_logement_urbain,27.0
chefchaouen,cercle,,,type_logement,Logement non précaire ou salubre,Total non précaire,98.7,%,115105.0,rgph2024_logement_urbain,27.0
chefchaouen,cercle,,,type_logement,Logement précaire,Maison sommaire ou bidonville,0.3,%,115105.0,rgph2024_logement_urbain,27.0
chefchaouen,cercle,,,type_logement,Logement précaire,Logement en type rural,0.4,%,115105.0,rgph2024_logement_urbain,27.0
chefchaouen,cercle,,,type_logement,Logement précaire,Autres type,0.6,%,115105.0,rgph2024_logement_urbain,27.0
chefchaouen,cercle,,,type_logement,Logement précaire,Total précaire,1.3,%,115105.0,rgph2024_logement_urbain,27.0
chefchaouen,cercle,,,age_logement,,Moins de 20 ans,69.3,%,115105.0,rgph2024_logement_urbain,27.0
chefchaouen,cercle,,,age_logement,,De 20 à moins de 50 ans,28.8,%,115105.0,rgph2024_logement_urbain,27.0
chefchaouen,cercle,,,age_logement,,50 ans et plus,1.8,%,115105.0,rgph2024_logement_urbain,27.0
chefchaouen,cercle,,,age_logement_par_type,Villa ou niveau de villa,Moins de 20 ans,100.0,%,115105.0,rgph2024_logement_urbain,27.0
chefchaouen,cercle,,,age_logement_par_type,Villa ou niveau de villa,De 20 à moins de 50 ans,0.0,%,115105.0,rgph2024_logement_urbain,27.0
chefchaouen,cercle,,,age_logement_par_type,Villa ou niveau de villa,50 ans et plus,0.0,%,115105.0,rgph2024_logement_urbain,27.0
chefchaouen,cercle,,,age_logement_par_type,Appartement,Moins de 20 ans,75.5,%,115105.0,rgph2024_logement_urbain,27.0
chefchaouen,cercle,,,age_logement_par_type,Appartement,De 20 à moins de 50 ans,24.5,%,115105.0,rgph2024_logement_urbain,27.0
chefchaouen,cercle,,,age_logement_par_type,Appartement,50 ans et plus,0.0,%,115105.0,rgph2024_logement_urbain,27.0
chefchaouen,cercle,,,age_logement_par_type,Maison marocaine traditionnelle,Moins de 20 ans,51.9,%,115105.0,rgph2024_logement_urbain,27.0
chefchaouen,cercle,,,age_logement_par_type,Maison marocaine traditionnelle,De 20 à moins de 50 ans,22.2,%,115105.0,rgph2024_logement_urbain,27.0
chefchaouen,cercle,,,age_logement_par_type,Maison marocaine traditionnelle,50 ans et plus,25.9,%,115105.0,rgph2024_logement_urbain,27.0
chefchaouen,cercle,,,age_logement_par_type,Maison marocaine moderne,Moins de 20 ans,69.3,%,115105.0,rgph2024_logement_urbain,27.0
chefchaouen,cercle,,,age_logement_par_type,Maison marocaine moderne,De 20 à moins de 50 ans,29.2,%,115105.0,rgph2024_logement_urbain,27.0
chefchaouen,cercle,,,age_logement_par_type,Maison marocaine moderne,50 ans et plus,1.5,%,115105.0,rgph2024_logement_urbain,27.0
chefchaouen,cercle,,,age_logement_par_type,Total non précaire,Moins de 20 ans,69.5,%,115105.0,rgph2024_logement_urbain,27.0
chefchaouen,cercle,,,age_logement_par_type,Total non précaire,De 20 à moins de 50 ans,28.8,%,115105.0,rgph2024_logement_urbain,27.0
chefchaouen,cercle,,,age_logement_par_type,Total non précaire,50 ans et plus,1.7,%,115105.0,rgph2024_logement_urbain,27.0
chefchaouen,cercle,,,age_logement_par_type,Maison sommaire ou bidonville,Moins de 20 ans,50.0,%,115105.0,rgph2024_logement_urbain,27.0
chefchaouen,cercle,,,age_logement_par_type,Maison sommaire ou bidonville,De 20 à moins de 50 ans,16.7,%,115105.0,rgph2024_logement_urbain,27.0
chefchaouen,cercle,,,age_logement_par_type,Maison sommaire ou bidonville,50 ans et plus,33.3,%,115105.0,rgph2024_logement_urbain,27.0
chefchaouen,cercle,,,age_logement_par_type,Logement en type rural,Moins de 20 ans,55.6,%,115105.0,rgph2024_logement_urbain,27.0
chefchaouen,cercle,,,age_logement_par_type,Logement en type rural,De 20 à moins de 50 ans,44.4,%,115105.0,rgph2024_logement_urbain,27.0
chefchaouen,cercle,,,age_logement_par_type,Logement en type rural,50 ans et plus,0.0,%,115105.0,rgph2024_logement_urbain,27.0
chefchaouen,cercle,,,age_logement_par_type,Autres type,Moins de 20 ans,66.7,%,115105.0,rgph2024_logement_urbain,27.0
chefchaouen,cercle,,,age_logement_par_type,Autres type,De 20 à moins de 50 ans,33.3,%,115105.0,rgph2024_logement_urbain,27.0
chefchaouen,cercle,,,age_logement_par_type,Autres type,50 ans et plus,0.0,%,115105.0,rgph2024_logement_urbain,27.0
chefchaouen,cercle,,,age_logement_par_type,Total précaire,Moins de 20 ans,59.3,%,115105.0,rgph2024_logement_urbain,27.0
chefchaouen,cercle,,,age_logement_par_type,Total précaire,De 20 à moins de 50 ans,33.3,%,115105.0,rgph2024_logement_urbain,27.0
chefchaouen,cercle,,,age_logement_par_type,Total précaire,50 ans et plus,7.4,%,115105.0,rgph2024_logement_urbain,27.0
chefchaouen,cercle,,,materiaux_murs,,"Béton armé, briques avec mortier",99.06953966699317,%,115105.0,rgph2024_logement_urbain,27.0
chefchaouen,cercle,,,materiaux_murs,,Pierre agglomérée avec mortier,0.5386875612144956,%,115105.0,rgph2024_logement_urbain,27.0
chefchaouen,cercle,,,materiaux_murs,,Autres,0.3917727717923604,%,115105.0,rgph2024_logement_urbain,27.0
chefchaouen,cercle,,,materiaux_toits,,Dalle,98.5798237022527,%,115105.0,rgph2024_logement_urbain,27.0
chefchaouen,cercle,,,materiaux_toits,,"Planches, bois ou tuiles",1.0773751224289911,%,115105.0,rgph2024_logement_urbain,27.0
chefchaouen,cercle,,,materiaux_toits,,Tôle en ciment ou en zinc,0.0,%,115105.0,rgph2024_logement_urbain,27.0
chefchaouen,cercle,,,materiaux_toits,,Autres,0.3428011753183154,%,115105.0,rgph2024_logement_urbain,27.0
chefchaouen,cercle,,,services_base,,Réseau public d'électricité,91.77277179236044,%,115105.0,rgph2024_logement_urbain,27.0
chefchaouen,cercle,,,services_base,,Réseau public d'eau,91.42997061704212,%,115105.0,rgph2024_logement_urbain,27.0
chefchaouen,cercle,,,services_base,,Réseau public d'assainissement,64.05484818805093,%,115105.0,rgph2024_logement_urbain,27.0
chefchaouen,cercle,,,deficit_logement,,Taux de déficit quantitatif en logement (%),2.4,%,115105.0,rgph2024_logement_urbain,27.0
chefchaouen,commune,,,total_logements,,Total des logements urbains,2042.0,logements,11510501.0,rgph2024_logement_urbain,148.0
chefchaouen,commune,,,nature_occupation,,Logement occupé,70.71498530852107,%,11510501.0,rgph2024_logement_urbain,148.0
chefchaouen,commune,,,nature_occupation,Logement non occupé,Logement vacants,15.621939275220372,%,11510501.0,rgph2024_logement_urbain,148.0
chefchaouen,commune,,,nature_occupation,Logement non occupé,Logement secondaire/saisonnier,13.663075416258568,%,11510501.0,rgph2024_logement_urbain,148.0
chefchaouen,commune,,,nature_occupation,Logement non occupé,Total logement non occupé,29.285014691478946,%,11510501.0,rgph2024_logement_urbain,148.0
chefchaouen,commune,,,type_logement,Logement non précaire ou salubre,Villa ou niveau de villa,0.1,%,11510501.0,rgph2024_logement_urbain,148.0
chefchaouen,commune,,,type_logement,Logement non précaire ou salubre,Appartement,5.4,%,11510501.0,rgph2024_logement_urbain,148.0
chefchaouen,commune,,,type_logement,Logement non précaire ou salubre,Maison marocaine traditionnelle,1.3,%,11510501.0,rgph2024_logement_urbain,148.0
chefchaouen,commune,,,type_logement,Logement non précaire ou salubre,Maison marocaine moderne,91.8,%,11510501.0,rgph2024_logement_urbain,148.0
chefchaouen,commune,,,type_logement,Logement non précaire ou salubre,Total non précaire,98.7,%,11510501.0,rgph2024_logement_urbain,148.0
chefchaouen,commune,,,type_logement,Logement précaire,Maison sommaire ou bidonville,0.3,%,11510501.0,rgph2024_logement_urbain,148.0
chefchaouen,commune,,,type_logement,Logement précaire,Logement en type rural,0.4,%,11510501.0,rgph2024_logement_urbain,148.0
chefchaouen,commune,,,type_logement,Logement précaire,Autres type,0.6,%,11510501.0,rgph2024_logement_urbain,148.0
chefchaouen,commune,,,type_logement,Logement précaire,Total précaire,1.3,%,11510501.0,rgph2024_logement_urbain,148.0
chefchaouen,commune,,,age_logement,,Moins de 20 ans,69.3,%,11510501.0,rgph2024_logement_urbain,148.0
chefchaouen,commune,,,age_logement,,De 20 à moins de 50 ans,28.8,%,11510501.0,rgph2024_logement_urbain,148.0
chefchaouen,commune,,,age_logement,,50 ans et plus,1.8,%,11510501.0,rgph2024_logement_urbain,148.0
chefchaouen,commune,,,age_logement_par_type,Villa ou niveau de villa,Moins de 20 ans,100.0,%,11510501.0,rgph2024_logement_urbain,148.0
chefchaouen,commune,,,age_logement_par_type,Villa ou niveau de villa,De 20 à moins de 50 ans,0.0,%,11510501.0,rgph2024_logement_urbain,148.0
chefchaouen,commune,,,age_logement_par_type,Villa ou niveau de villa,50 ans et plus,0.0,%,11510501.0,rgph2024_logement_urbain,148.0
chefchaouen,commune,,,age_logement_par_type,Appartement,Moins de 20 ans,75.5,%,11510501.0,rgph2024_logement_urbain,148.0
chefchaouen,commune,,,age_logement_par_type,Appartement,De 20 à moins de 50 ans,24.5,%,11510501.0,rgph2024_logement_urbain,148.0
chefchaouen,commune,,,age_logement_par_type,Appartement,50 ans et plus,0.0,%,11510501.0,rgph2024_logement_urbain,148.0
chefchaouen,commune,,,age_logement_par_type,Maison marocaine traditionnelle,Moins de 20 ans,51.9,%,11510501.0,rgph2024_logement_urbain,148.0
chefchaouen,commune,,,age_logement_par_type,Maison marocaine traditionnelle,De 20 à moins de 50 ans,22.2,%,11510501.0,rgph2024_logement_urbain,148.0
chefchaouen,commune,,,age_logement_par_type,Maison marocaine traditionnelle,50 ans et plus,25.9,%,11510501.0,rgph2024_logement_urbain,148.0
chefchaouen,commune,,,age_logement_par_type,Maison marocaine moderne,Moins de 20 ans,69.3,%,11510501.0,rgph2024_logement_urbain,148.0
chefchaouen,commune,,,age_logement_par_type,Maison marocaine moderne,De 20 à moins de 50 ans,29.2,%,11510501.0,rgph2024_logement_urbain,148.0
chefchaouen,commune,,,age_logement_par_type,Maison marocaine moderne,50 ans et plus,1.5,%,11510501.0,rgph2024_logement_urbain,148.0
chefchaouen,commune,,,age_logement_par_type,Total non précaire,Moins de 20 ans,69.5,%,11510501.0,rgph2024_logement_urbain,148.0
chefchaouen,commune,,,age_logement_par_type,Total non précaire,De 20 à moins de 50 ans,28.8,%,11510501.0,rgph2024_logement_urbain,148.0
chefchaouen,commune,,,age_logement_par_type,Total non précaire,50 ans et plus,1.7,%,11510501.0,rgph2024_logement_urbain,148.0
chefchaouen,commune,,,age_logement_par_type,Maison sommaire ou bidonville,Moins de 20 ans,50.0,%,11510501.0,rgph2024_logement_urbain,148.0
chefchaouen,commune,,,age_logement_par_type,Maison sommaire ou bidonville,De 20 à moins de 50 ans,16.7,%,11510501.0,rgph2024_logement_urbain,148.0
chefchaouen,commune,,,age_logement_par_type,Maison sommaire ou bidonville,50 ans et plus,33.3,%,11510501.0,rgph2024_logement_urbain,148.0
chefchaouen,commune,,,age_logement_par_type,Logement en type rural,Moins de 20 ans,55.6,%,11510501.0,rgph2024_logement_urbain,148.0
chefchaouen,commune,,,age_logement_par_type,Logement en type rural,De 20 à moins de 50 ans,44.4,%,11510501.0,rgph2024_logement_urbain,148.0
chefchaouen,commune,,,age_logement_par_type,Logement en type rural,50 ans et plus,0.0,%,11510501.0,rgph2024_logement_urbain,148.0
chefchaouen,commune,,,age_logement_par_type,Autres type,Moins de 20 ans,66.7,%,11510501.0,rgph2024_logement_urbain,148.0
chefchaouen,commune,,,age_logement_par_type,Autres type,De 20 à moins de 50 ans,33.3,%,11510501.0,rgph2024_logement_urbain,148.0
chefchaouen,commune,,,age_logement_par_type,Autres type,50 ans et plus,0.0,%,11510501.0,rgph2024_logement_urbain,148.0
chefchaouen,commune,,,age_logement_par_type,Total précaire,Moins de 20 ans,59.3,%,11510501.0,rgph2024_logement_urbain,148.0
chefchaouen,commune,,,age_logement_par_type,Total précaire,De 20 à moins de 50 ans,33.3,%,11510501.0,rgph2024_logement_urbain,148.0
chefchaouen,commune,,,age_logement_par_type,Total précaire,50 ans et plus,7.4,%,11510501.0,rgph2024_logement_urbain,148.0
chefchaouen,commune,,,materiaux_murs,,"Béton armé, briques avec mortier",99.06953966699317,%,11510501.0,rgph2024_logement_urbain,148.0
chefchaouen,commune,,,materiaux_murs,,Pierre agglomérée avec mortier,0.5386875612144956,%,11510501.0,rgph2024_logement_urbain,148.0
chefchaouen,commune,,,materiaux_murs,,Autres,0.3917727717923604,%,11510501.0,rgph2024_logement_urbain,148.0
chefchaouen,commune,,,materiaux_toits,,Dalle,98.5798237022527,%,11510501.0,rgph2024_logement_urbain,148.0
chefchaouen,commune,,,materiaux_toits,,"Planches, bois ou tuiles",1.0773751224289911,%,11510501.0,rgph2024_logement_urbain,148.0
chefchaouen,commune,,,materiaux_toits,,Tôle en ciment ou en zinc,0.0,%,11510501.0,rgph2024_logement_urbain,148.0
chefchaouen,commune,,,materiaux_toits,,Autres,0.3428011753183154,%,11510501.0,rgph2024_logement_urbain,148.0
chefchaouen,commune,,,services_base,,Réseau public d'électricité,91.77277179236044,%,11510501.0,rgph2024_logement_urbain,148.0
chefchaouen,commune,,,services_base,,Réseau public d'eau,91.42997061704212,%,11510501.0,rgph2024_logement_urbain,148.0
chefchaouen,commune,,,services_base,,Réseau public d'assainissement,64.05484818805093,%,11510501.0,rgph2024_logement_urbain,148.0
chefchaouen,commune,,,deficit_logement,,Taux de déficit quantitatif en logement (%),2.4,%,11510501.0,rgph2024_logement_urbain,148.0
chefchaouen,centre_urbain,,,total_logements,,Total des logements urbains,2042.0,logements,115105013.0,rgph2024_logement_urbain,198.0
chefchaouen,centre_urbain,,,nature_occupation,,Logement occupé,70.71498530852107,%,115105013.0,rgph2024_logement_urbain,198.0
chefchaouen,centre_urbain,,,nature_occupation,Logement non occupé,Logement vacants,15.621939275220372,%,115105013.0,rgph2024_logement_urbain,198.0
chefchaouen,centre_urbain,,,nature_occupation,Logement non occupé,Logement secondaire/saisonnier,13.663075416258568,%,115105013.0,rgph2024_logement_urbain,198.0
chefchaouen,centre_urbain,,,nature_occupation,Logement non occupé,Total logement non occupé,29.285014691478946,%,115105013.0,rgph2024_logement_urbain,198.0
chefchaouen,centre_urbain,,,type_logement,Logement non précaire ou salubre,Villa ou niveau de villa,0.1,%,115105013.0,rgph2024_logement_urbain,198.0
chefchaouen,centre_urbain,,,type_logement,Logement non précaire ou salubre,Appartement,5.4,%,115105013.0,rgph2024_logement_urbain,198.0
chefchaouen,centre_urbain,,,type_logement,Logement non précaire ou salubre,Maison marocaine traditionnelle,1.3,%,115105013.0,rgph2024_logement_urbain,198.0
chefchaouen,centre_urbain,,,type_logement,Logement non précaire ou salubre,Maison marocaine moderne,91.8,%,115105013.0,rgph2024_logement_urbain,198.0
chefchaouen,centre_urbain,,,type_logement,Logement non précaire ou salubre,Total non précaire,98.7,%,115105013.0,rgph2024_logement_urbain,198.0
chefchaouen,centre_urbain,,,type_logement,Logement précaire,Maison sommaire ou bidonville,0.3,%,115105013.0,rgph2024_logement_urbain,198.0
chefchaouen,centre_urbain,,,type_logement,Logement précaire,Logement en type rural,0.4,%,115105013.0,rgph2024_logement_urbain,198.0
chefchaouen,centre_urbain,,,type_logement,Logement précaire,Autres type,0.6,%,115105013.0,rgph2024_logement_urbain,198.0
chefchaouen,centre_urbain,,,type_logement,Logement précaire,Total précaire,1.3,%,115105013.0,rgph2024_logement_urbain,198.0
chefchaouen,centre_urbain,,,age_logement,,Moins de 20 ans,69.3,%,115105013.0,rgph2024_logement_urbain,198.0
chefchaouen,centre_urbain,,,age_logement,,De 20 à moins de 50 ans,28.8,%,115105013.0,rgph2024_logement_urbain,198.0
chefchaouen,centre_urbain,,,age_logement,,50 ans et plus,1.8,%,115105013.0,rgph2024_logement_urbain,198.0
chefchaouen,centre_urbain,,,age_logement_par_type,Villa ou niveau de villa,Moins de 20 ans,100.0,%,115105013.0,rgph2024_logement_urbain,198.0
chefchaouen,centre_urbain,,,age_logement_par_type,Villa ou niveau de villa,De 20 à moins de 50 ans,0.0,%,115105013.0,rgph2024_logement_urbain,198.0
chefchaouen,centre_urbain,,,age_logement_par_type,Villa ou niveau de villa,50 ans et plus,0.0,%,115105013.0,rgph2024_logement_urbain,198.0
chefchaouen,centre_urbain,,,age_logement_par_type,Appartement,Moins de 20 ans,75.5,%,115105013.0,rgph2024_logement_urbain,198.0
chefchaouen,centre_urbain,,,age_logement_par_type,Appartement,De 20 à moins de 50 ans,24.5,%,115105013.0,rgph2024_logement_urbain,198.0
chefchaouen,centre_urbain,,,age_logement_par_type,Appartement,50 ans et plus,0.0,%,115105013.0,rgph2024_logement_urbain,198.0
chefchaouen,centre_urbain,,,age_logement_par_type,Maison marocaine traditionnelle,Moins de 20 ans,51.9,%,115105013.0,rgph2024_logement_urbain,198.0
chefchaouen,centre_urbain,,,age_logement_par_type,Maison marocaine traditionnelle,De 20 à moins de 50 ans,22.2,%,115105013.0,rgph2024_logement_urbain,198.0
chefchaouen,centre_urbain,,,age_logement_par_type,Maison marocaine traditionnelle,50 ans et plus,25.9,%,115105013.0,rgph2024_logement_urbain,198.0
chefchaouen,centre_urbain,,,age_logement_par_type,Maison marocaine moderne,Moins de 20 ans,69.3,%,115105013.0,rgph2024_logement_urbain,198.0
chefchaouen,centre_urbain,,,age_logement_par_type,Maison marocaine moderne,De 20 à moins de 50 ans,29.2,%,115105013.0,rgph2024_logement_urbain,198.0
chefchaouen,centre_urbain,,,age_logement_par_type,Maison marocaine moderne,50 ans et plus,1.5,%,115105013.0,rgph2024_logement_urbain,198.0
chefchaouen,centre_urbain,,,age_logement_par_type,Total non précaire,Moins de 20 ans,69.5,%,115105013.0,rgph2024_logement_urbain,198.0
chefchaouen,centre_urbain,,,age_logement_par_type,Total non précaire,De 20 à moins de 50 ans,28.8,%,115105013.0,rgph2024_logement_urbain,198.0
chefchaouen,centre_urbain,,,age_logement_par_type,Total non précaire,50 ans et plus,1.7,%,115105013.0,rgph2024_logement_urbain,198.0
chefchaouen,centre_urbain,,,age_logement_par_type,Maison sommaire ou bidonville,Moins de 20 ans,50.0,%,115105013.0,rgph2024_logement_urbain,198.0
chefchaouen,centre_urbain,,,age_logement_par_type,Maison sommaire ou bidonville,De 20 à moins de 50 ans,16.7,%,115105013.0,rgph2024_logement_urbain,198.0
chefchaouen,centre_urbain,,,age_logement_par_type,Maison sommaire ou bidonville,50 ans et plus,33.3,%,115105013.0,rgph2024_logement_urbain,198.0
chefchaouen,centre_urbain,,,age_logement_par_type,Logement en type rural,Moins de 20 ans,55.6,%,115105013.0,rgph2024_logement_urbain,198.0
chefchaouen,centre_urbain,,,age_logement_par_type,Logement en type rural,De 20 à moins de 50 ans,44.4,%,115105013.0,rgph2024_logement_urbain,198.0
chefchaouen,centre_urbain,,,age_logement_par_type,Logement en type rural,50 ans et plus,0.0,%,115105013.0,rgph2024_logement_urbain,198.0
chefchaouen,centre_urbain,,,age_logement_par_type,Autres type,Moins de 20 ans,66.7,%,115105013.0,rgph2024_logement_urbain,198.0
chefchaouen,centre_urbain,,,age_logement_par_type,Autres type,De 20 à moins de 50 ans,33.3,%,115105013.0,rgph2024_logement_urbain,198.0
chefchaouen,centre_urbain,,,age_logement_par_type,Autres type,50 ans et plus,0.0,%,115105013.0,rgph2024_logement_urbain,198.0
chefchaouen,centre_urbain,,,age_logement_par_type,Total précaire,Moins de 20 ans,59.3,%,115105013.0,rgph2024_logement_urbain,198.0
chefchaouen,centre_urbain,,,age_logement_par_type,Total précaire,De 20 à moins de 50 ans,33.3,%,115105013.0,rgph2024_logement_urbain,198.0
chefchaouen,centre_urbain,,,age_logement_par_type,Total précaire,50 ans et plus,7.4,%,115105013.0,rgph2024_logement_urbain,198.0
chefchaouen,centre_urbain,,,materiaux_murs,,"Béton armé, briques avec mortier",99.06953966699317,%,115105013.0,rgph2024_logement_urbain,198.0
chefchaouen,centre_urbain,,,materiaux_murs,,Pierre agglomérée avec mortier,0.5386875612144956,%,115105013.0,rgph2024_logement_urbain,198.0
chefchaouen,centre_urbain,,,materiaux_murs,,Autres,0.3917727717923604,%,115105013.0,rgph2024_logement_urbain,198.0
chefchaouen,centre_urbain,,,materiaux_toits,,Dalle,98.5798237022527,%,115105013.0,rgph2024_logement_urbain,198.0
chefchaouen,centre_urbain,,,materiaux_toits,,"Planches, bois ou tuiles",1.0773751224289911,%,115105013.0,rgph2024_logement_urbain,198.0
chefchaouen,centre_urbain,,,materiaux_toits,,Tôle en ciment ou en zinc,0.0,%,115105013.0,rgph2024_logement_urbain,198.0
chefchaouen,centre_urbain,,,materiaux_toits,,Autres,0.3428011753183154,%,115105013.0,rgph2024_logement_urbain,198.0
chefchaouen,centre_urbain,,,services_base,,Réseau public d'électricité,91.77277179236044,%,115105013.0,rgph2024_logement_urbain,198.0
chefchaouen,centre_urbain,,,services_base,,Réseau public d'eau,91.42997061704212,%,115105013.0,rgph2024_logement_urbain,198.0
chefchaouen,centre_urbain,,,services_base,,Réseau public d'assainissement,64.05484818805093,%,115105013.0,rgph2024_logement_urbain,198.0
chefchaouen,centre_urbain,,,deficit_logement,,Taux de déficit quantitatif en logement (%),2.4,%,115105013.0,rgph2024_logement_urbain,198.0
ouezzane,prefecture_province,,,total_logements,,Total des logements urbains,25255.0,logements,1405.0,rgph2024_logement_urbain,9.0
ouezzane,prefecture_province,,,nature_occupation,,Logement occupé,80.62561868936744,%,1405.0,rgph2024_logement_urbain,9.0
ouezzane,prefecture_province,,,nature_occupation,Logement non occupé,Logement vacants,10.991882795485989,%,1405.0,rgph2024_logement_urbain,9.0
ouezzane,prefecture_province,,,nature_occupation,Logement non occupé,Logement secondaire/saisonnier,8.382498515145475,%,1405.0,rgph2024_logement_urbain,9.0
ouezzane,prefecture_province,,,nature_occupation,Logement non occupé,Total logement non occupé,19.374381310631463,%,1405.0,rgph2024_logement_urbain,9.0
ouezzane,prefecture_province,,,type_logement,Logement non précaire ou salubre,Villa ou niveau de villa,1.0,%,1405.0,rgph2024_logement_urbain,9.0
ouezzane,prefecture_province,,,type_logement,Logement non précaire ou salubre,Appartement,8.9,%,1405.0,rgph2024_logement_urbain,9.0
ouezzane,prefecture_province,,,type_logement,Logement non précaire ou salubre,Maison marocaine traditionnelle,9.7,%,1405.0,rgph2024_logement_urbain,9.0
ouezzane,prefecture_province,,,type_logement,Logement non précaire ou salubre,Maison marocaine moderne,73.8,%,1405.0,rgph2024_logement_urbain,9.0
ouezzane,prefecture_province,,,type_logement,Logement non précaire ou salubre,Total non précaire,93.3,%,1405.0,rgph2024_logement_urbain,9.0
ouezzane,prefecture_province,,,type_logement,Logement précaire,Maison sommaire ou bidonville,0.9,%,1405.0,rgph2024_logement_urbain,9.0
ouezzane,prefecture_province,,,type_logement,Logement précaire,Logement en type rural,5.1,%,1405.0,rgph2024_logement_urbain,9.0
ouezzane,prefecture_province,,,type_logement,Logement précaire,Autres type,0.6,%,1405.0,rgph2024_logement_urbain,9.0
ouezzane,prefecture_province,,,type_logement,Logement précaire,Total précaire,6.7,%,1405.0,rgph2024_logement_urbain,9.0
ouezzane,prefecture_province,,,age_logement,,Moins de 20 ans,52.9,%,1405.0,rgph2024_logement_urbain,9.0
ouezzane,prefecture_province,,,age_logement,,De 20 à moins de 50 ans,37.1,%,1405.0,rgph2024_logement_urbain,9.0
ouezzane,prefecture_province,,,age_logement,,50 ans et plus,10.0,%,1405.0,rgph2024_logement_urbain,9.0
ouezzane,prefecture_province,,,age_logement_par_type,Villa ou niveau de villa,Moins de 20 ans,63.4,%,1405.0,rgph2024_logement_urbain,9.0
ouezzane,prefecture_province,,,age_logement_par_type,Villa ou niveau de villa,De 20 à moins de 50 ans,27.6,%,1405.0,rgph2024_logement_urbain,9.0
ouezzane,prefecture_province,,,age_logement_par_type,Villa ou niveau de villa,50 ans et plus,9.0,%,1405.0,rgph2024_logement_urbain,9.0
ouezzane,prefecture_province,,,age_logement_par_type,Appartement,Moins de 20 ans,89.9,%,1405.0,rgph2024_logement_urbain,9.0
ouezzane,prefecture_province,,,age_logement_par_type,Appartement,De 20 à moins de 50 ans,9.9,%,1405.0,rgph2024_logement_urbain,9.0
ouezzane,prefecture_province,,,age_logement_par_type,Appartement,50 ans et plus,0.3,%,1405.0,rgph2024_logement_urbain,9.0
ouezzane,prefecture_province,,,age_logement_par_type,Maison marocaine traditionnelle,Moins de 20 ans,37.1,%,1405.0,rgph2024_logement_urbain,9.0
ouezzane,prefecture_province,,,age_logement_par_type,Maison marocaine traditionnelle,De 20 à moins de 50 ans,31.0,%,1405.0,rgph2024_logement_urbain,9.0
ouezzane,prefecture_province,,,age_logement_par_type,Maison marocaine traditionnelle,50 ans et plus,31.9,%,1405.0,rgph2024_logement_urbain,9.0
ouezzane,prefecture_province,,,age_logement_par_type,Maison marocaine moderne,Moins de 20 ans,52.4,%,1405.0,rgph2024_logement_urbain,9.0
ouezzane,prefecture_province,,,age_logement_par_type,Maison marocaine moderne,De 20 à moins de 50 ans,40.1,%,1405.0,rgph2024_logement_urbain,9.0
ouezzane,prefecture_province,,,age_logement_par_type,Maison marocaine moderne,50 ans et plus,7.5,%,1405.0,rgph2024_logement_urbain,9.0
ouezzane,prefecture_province,,,age_logement_par_type,Total non précaire,Moins de 20 ans,54.5,%,1405.0,rgph2024_logement_urbain,9.0
ouezzane,prefecture_province,,,age_logement_par_type,Total non précaire,De 20 à moins de 50 ans,36.1,%,1405.0,rgph2024_logement_urbain,9.0
ouezzane,prefecture_province,,,age_logement_par_type,Total non précaire,50 ans et plus,9.3,%,1405.0,rgph2024_logement_urbain,9.0
ouezzane,prefecture_province,,,age_logement_par_type,Maison sommaire ou bidonville,Moins de 20 ans,20.2,%,1405.0,rgph2024_logement_urbain,9.0
ouezzane,prefecture_province,,,age_logement_par_type,Maison sommaire ou bidonville,De 20 à moins de 50 ans,47.8,%,1405.0,rgph2024_logement_urbain,9.0
ouezzane,prefecture_province,,,age_logement_par_type,Maison sommaire ou bidonville,50 ans et plus,32.0,%,1405.0,rgph2024_logement_urbain,9.0
ouezzane,prefecture_province,,,age_logement_par_type,Logement en type rural,Moins de 20 ans,29.7,%,1405.0,rgph2024_logement_urbain,9.0
ouezzane,prefecture_province,,,age_logement_par_type,Logement en type rural,De 20 à moins de 50 ans,52.5,%,1405.0,rgph2024_logement_urbain,9.0
ouezzane,prefecture_province,,,age_logement_par_type,Logement en type rural,50 ans et plus,17.8,%,1405.0,rgph2024_logement_urbain,9.0
ouezzane,prefecture_province,,,age_logement_par_type,Autres type,Moins de 20 ans,43.3,%,1405.0,rgph2024_logement_urbain,9.0
ouezzane,prefecture_province,,,age_logement_par_type,Autres type,De 20 à moins de 50 ans,40.1,%,1405.0,rgph2024_logement_urbain,9.0
ouezzane,prefecture_province,,,age_logement_par_type,Autres type,50 ans et plus,16.6,%,1405.0,rgph2024_logement_urbain,9.0
ouezzane,prefecture_province,,,age_logement_par_type,Total précaire,Moins de 20 ans,29.7,%,1405.0,rgph2024_logement_urbain,9.0
ouezzane,prefecture_province,,,age_logement_par_type,Total précaire,De 20 à moins de 50 ans,50.7,%,1405.0,rgph2024_logement_urbain,9.0
ouezzane,prefecture_province,,,age_logement_par_type,Total précaire,50 ans et plus,19.6,%,1405.0,rgph2024_logement_urbain,9.0
ouezzane,prefecture_province,,,materiaux_murs,,"Béton armé, briques avec mortier",91.44125815495588,%,1405.0,rgph2024_logement_urbain,9.0
ouezzane,prefecture_province,,,materiaux_murs,,Pierre agglomérée avec mortier,3.975899595163608,%,1405.0,rgph2024_logement_urbain,9.0
ouezzane,prefecture_province,,,materiaux_murs,,Autres,4.582842249880543,%,1405.0,rgph2024_logement_urbain,9.0
ouezzane,prefecture_province,,,materiaux_toits,,Dalle,92.19477447719588,%,1405.0,rgph2024_logement_urbain,9.0
ouezzane,prefecture_province,,,materiaux_toits,,"Planches, bois ou tuiles",2.1970629122137613,%,1405.0,rgph2024_logement_urbain,9.0
ouezzane,prefecture_province,,,materiaux_toits,,Tôle en ciment ou en zinc,0.6121155916193872,%,1405.0,rgph2024_logement_urbain,9.0
ouezzane,prefecture_province,,,materiaux_toits,,Autres,4.996047018971065,%,1405.0,rgph2024_logement_urbain,9.0
ouezzane,prefecture_province,,,services_base,,Réseau public d'électricité,96.76184707611012,%,1405.0,rgph2024_logement_urbain,9.0
ouezzane,prefecture_province,,,services_base,,Réseau public d'eau,95.46666730150456,%,1405.0,rgph2024_logement_urbain,9.0
ouezzane,prefecture_province,,,services_base,,Réseau public d'assainissement,91.27206479162533,%,1405.0,rgph2024_logement_urbain,9.0
ouezzane,prefecture_province,,,deficit_logement,,Taux de déficit quantitatif en logement (%),8.4,%,1405.0,rgph2024_logement_urbain,9.0
ouezzane,commune,,,total_logements,,Total des logements urbains,19479.0,logements,14050109.0,rgph2024_logement_urbain,163.0
ouezzane,commune,,,nature_occupation,,Logement occupé,80.47127675958595,%,14050109.0,rgph2024_logement_urbain,163.0
ouezzane,commune,,,nature_occupation,Logement non occupé,Logement vacants,11.073463730170884,%,14050109.0,rgph2024_logement_urbain,163.0
ouezzane,commune,,,nature_occupation,Logement non occupé,Logement secondaire/saisonnier,8.455259510241746,%,14050109.0,rgph2024_logement_urbain,163.0
ouezzane,commune,,,nature_occupation,Logement non occupé,Total logement non occupé,19.52872324041263,%,14050109.0,rgph2024_logement_urbain,163.0
ouezzane,commune,,,type_logement,Logement non précaire ou salubre,Villa ou niveau de villa,1.3,%,14050109.0,rgph2024_logement_urbain,163.0
ouezzane,commune,,,type_logement,Logement non précaire ou salubre,Appartement,11.1,%,14050109.0,rgph2024_logement_urbain,163.0
ouezzane,commune,,,type_logement,Logement non précaire ou salubre,Maison marocaine traditionnelle,12.3,%,14050109.0,rgph2024_logement_urbain,163.0
ouezzane,commune,,,type_logement,Logement non précaire ou salubre,Maison marocaine moderne,73.5,%,14050109.0,rgph2024_logement_urbain,163.0
ouezzane,commune,,,type_logement,Logement non précaire ou salubre,Total non précaire,98.1,%,14050109.0,rgph2024_logement_urbain,163.0
ouezzane,commune,,,type_logement,Logement précaire,Maison sommaire ou bidonville,0.9,%,14050109.0,rgph2024_logement_urbain,163.0
ouezzane,commune,,,type_logement,Logement précaire,Logement en type rural,0.5,%,14050109.0,rgph2024_logement_urbain,163.0
ouezzane,commune,,,type_logement,Logement précaire,Autres type,0.6,%,14050109.0,rgph2024_logement_urbain,163.0
ouezzane,commune,,,type_logement,Logement précaire,Total précaire,1.9,%,14050109.0,rgph2024_logement_urbain,163.0
ouezzane,commune,,,age_logement,,Moins de 20 ans,49.0,%,14050109.0,rgph2024_logement_urbain,163.0
ouezzane,commune,,,age_logement,,De 20 à moins de 50 ans,39.4,%,14050109.0,rgph2024_logement_urbain,163.0
ouezzane,commune,,,age_logement,,50 ans et plus,11.6,%,14050109.0,rgph2024_logement_urbain,163.0
ouezzane,commune,,,age_logement_par_type,Villa ou niveau de villa,Moins de 20 ans,62.6,%,14050109.0,rgph2024_logement_urbain,163.0
ouezzane,commune,,,age_logement_par_type,Villa ou niveau de villa,De 20 à moins de 50 ans,28.1,%,14050109.0,rgph2024_logement_urbain,163.0
ouezzane,commune,,,age_logement_par_type,Villa ou niveau de villa,50 ans et plus,9.3,%,14050109.0,rgph2024_logement_urbain,163.0
ouezzane,commune,,,age_logement_par_type,Appartement,Moins de 20 ans,90.1,%,14050109.0,rgph2024_logement_urbain,163.0
ouezzane,commune,,,age_logement_par_type,Appartement,De 20 à moins de 50 ans,9.8,%,14050109.0,rgph2024_logement_urbain,163.0
ouezzane,commune,,,age_logement_par_type,Appartement,50 ans et plus,0.1,%,14050109.0,rgph2024_logement_urbain,163.0
ouezzane,commune,,,age_logement_par_type,Maison marocaine traditionnelle,Moins de 20 ans,36.1,%,14050109.0,rgph2024_logement_urbain,163.0
ouezzane,commune,,,age_logement_par_type,Maison marocaine traditionnelle,De 20 à moins de 50 ans,31.2,%,14050109.0,rgph2024_logement_urbain,163.0
ouezzane,commune,,,age_logement_par_type,Maison marocaine traditionnelle,50 ans et plus,32.6,%,14050109.0,rgph2024_logement_urbain,163.0
ouezzane,commune,,,age_logement_par_type,Maison marocaine moderne,Moins de 20 ans,45.4,%,14050109.0,rgph2024_logement_urbain,163.0
ouezzane,commune,,,age_logement_par_type,Maison marocaine moderne,De 20 à moins de 50 ans,45.3,%,14050109.0,rgph2024_logement_urbain,163.0
ouezzane,commune,,,age_logement_par_type,Maison marocaine moderne,50 ans et plus,9.3,%,14050109.0,rgph2024_logement_urbain,163.0
ouezzane,commune,,,age_logement_par_type,Total non précaire,Moins de 20 ans,49.5,%,14050109.0,rgph2024_logement_urbain,163.0
ouezzane,commune,,,age_logement_par_type,Total non précaire,De 20 à moins de 50 ans,39.3,%,14050109.0,rgph2024_logement_urbain,163.0
ouezzane,commune,,,age_logement_par_type,Total non précaire,50 ans et plus,11.2,%,14050109.0,rgph2024_logement_urbain,163.0
ouezzane,commune,,,age_logement_par_type,Maison sommaire ou bidonville,Moins de 20 ans,18.2,%,14050109.0,rgph2024_logement_urbain,163.0
ouezzane,commune,,,age_logement_par_type,Maison sommaire ou bidonville,De 20 à moins de 50 ans,40.9,%,14050109.0,rgph2024_logement_urbain,163.0
ouezzane,commune,,,age_logement_par_type,Maison sommaire ou bidonville,50 ans et plus,40.9,%,14050109.0,rgph2024_logement_urbain,163.0
ouezzane,commune,,,age_logement_par_type,Logement en type rural,Moins de 20 ans,8.5,%,14050109.0,rgph2024_logement_urbain,163.0
ouezzane,commune,,,age_logement_par_type,Logement en type rural,De 20 à moins de 50 ans,59.5,%,14050109.0,rgph2024_logement_urbain,163.0
ouezzane,commune,,,age_logement_par_type,Logement en type rural,50 ans et plus,32.1,%,14050109.0,rgph2024_logement_urbain,163.0
ouezzane,commune,,,age_logement_par_type,Autres type,Moins de 20 ans,37.1,%,14050109.0,rgph2024_logement_urbain,163.0
ouezzane,commune,,,age_logement_par_type,Autres type,De 20 à moins de 50 ans,39.6,%,14050109.0,rgph2024_logement_urbain,163.0
ouezzane,commune,,,age_logement_par_type,Autres type,50 ans et plus,23.4,%,14050109.0,rgph2024_logement_urbain,163.0
ouezzane,commune,,,age_logement_par_type,Total précaire,Moins de 20 ans,21.5,%,14050109.0,rgph2024_logement_urbain,163.0
ouezzane,commune,,,age_logement_par_type,Total précaire,De 20 à moins de 50 ans,45.0,%,14050109.0,rgph2024_logement_urbain,163.0
ouezzane,commune,,,age_logement_par_type,Total précaire,50 ans et plus,33.5,%,14050109.0,rgph2024_logement_urbain,163.0
ouezzane,commune,,,materiaux_murs,,"Béton armé, briques avec mortier",95.28461290124804,%,14050109.0,rgph2024_logement_urbain,163.0
ouezzane,commune,,,materiaux_murs,,Pierre agglomérée avec mortier,4.076766993986184,%,14050109.0,rgph2024_logement_urbain,163.0
ouezzane,commune,,,materiaux_murs,,Autres,0.63862010476583,%,14050109.0,rgph2024_logement_urbain,163.0
ouezzane,commune,,,materiaux_toits,,Dalle,96.75953742089332,%,14050109.0,rgph2024_logement_urbain,163.0
ouezzane,commune,,,materiaux_toits,,"Planches, bois ou tuiles",2.140090551258204,%,14050109.0,rgph2024_logement_urbain,163.0
ouezzane,commune,,,materiaux_toits,,Tôle en ciment ou en zinc,0.3572554682657043,%,14050109.0,rgph2024_logement_urbain,163.0
ouezzane,commune,,,materiaux_toits,,Autres,0.7431165595828726,%,14050109.0,rgph2024_logement_urbain,163.0
ouezzane,commune,,,services_base,,Réseau public d'électricité,97.32637444977468,%,14050109.0,rgph2024_logement_urbain,163.0
ouezzane,commune,,,services_base,,Réseau public d'eau,97.47475140918412,%,14050109.0,rgph2024_logement_urbain,163.0
ouezzane,commune,,,services_base,,Réseau public d'assainissement,97.5756453777143,%,14050109.0,rgph2024_logement_urbain,163.0
ouezzane,commune,,,deficit_logement,,Taux de déficit quantitatif en logement (%),2.3,%,14050109.0,rgph2024_logement_urbain,163.0
ouezzane,cercle,,,total_logements,,Total des logements urbains,1387.0,logements,140507.0,rgph2024_logement_urbain,30.0
ouezzane,cercle,,,nature_occupation,,Logement occupé,80.38932948810383,%,140507.0,rgph2024_logement_urbain,30.0
ouezzane,cercle,,,nature_occupation,Logement non occupé,Logement vacants,12.47296322999279,%,140507.0,rgph2024_logement_urbain,30.0
ouezzane,cercle,,,nature_occupation,Logement non occupé,Logement secondaire/saisonnier,7.137707281903388,%,140507.0,rgph2024_logement_urbain,30.0
ouezzane,cercle,,,nature_occupation,Logement non occupé,Total logement non occupé,19.610670511896178,%,140507.0,rgph2024_logement_urbain,30.0
ouezzane,cercle,,,type_logement,Logement non précaire ou salubre,Villa ou niveau de villa,0.0,%,140507.0,rgph2024_logement_urbain,30.0
ouezzane,cercle,,,type_logement,Logement non précaire ou salubre,Appartement,1.2,%,140507.0,rgph2024_logement_urbain,30.0
ouezzane,cercle,,,type_logement,Logement non précaire ou salubre,Maison marocaine traditionnelle,0.6,%,140507.0,rgph2024_logement_urbain,30.0
ouezzane,cercle,,,type_logement,Logement non précaire ou salubre,Maison marocaine moderne,82.4,%,140507.0,rgph2024_logement_urbain,30.0
ouezzane,cercle,,,type_logement,Logement non précaire ou salubre,Total non précaire,84.1,%,140507.0,rgph2024_logement_urbain,30.0
ouezzane,cercle,,,type_logement,Logement précaire,Maison sommaire ou bidonville,0.1,%,140507.0,rgph2024_logement_urbain,30.0
ouezzane,cercle,,,type_logement,Logement précaire,Logement en type rural,15.4,%,140507.0,rgph2024_logement_urbain,30.0
ouezzane,cercle,,,type_logement,Logement précaire,Autres type,0.4,%,140507.0,rgph2024_logement_urbain,30.0
ouezzane,cercle,,,type_logement,Logement précaire,Total précaire,15.9,%,140507.0,rgph2024_logement_urbain,30.0
ouezzane,cercle,,,age_logement,,Moins de 20 ans,66.5,%,140507.0,rgph2024_logement_urbain,30.0
ouezzane,cercle,,,age_logement,,De 20 à moins de 50 ans,27.0,%,140507.0,rgph2024_logement_urbain,30.0
ouezzane,cercle,,,age_logement,,50 ans et plus,6.6,%,140507.0,rgph2024_logement_urbain,30.0
ouezzane,cercle,,,age_logement_par_type,Villa ou niveau de villa,Moins de 20 ans,0.0,%,140507.0,rgph2024_logement_urbain,30.0
ouezzane,cercle,,,age_logement_par_type,Villa ou niveau de villa,De 20 à moins de 50 ans,0.0,%,140507.0,rgph2024_logement_urbain,30.0
ouezzane,cercle,,,age_logement_par_type,Villa ou niveau de villa,50 ans et plus,0.0,%,140507.0,rgph2024_logement_urbain,30.0
ouezzane,cercle,,,age_logement_par_type,Appartement,Moins de 20 ans,81.3,%,140507.0,rgph2024_logement_urbain,30.0
ouezzane,cercle,,,age_logement_par_type,Appartement,De 20 à moins de 50 ans,18.8,%,140507.0,rgph2024_logement_urbain,30.0
ouezzane,cercle,,,age_logement_par_type,Appartement,50 ans et plus,0.0,%,140507.0,rgph2024_logement_urbain,30.0
ouezzane,cercle,,,age_logement_par_type,Maison marocaine traditionnelle,Moins de 20 ans,87.5,%,140507.0,rgph2024_logement_urbain,30.0
ouezzane,cercle,,,age_logement_par_type,Maison marocaine traditionnelle,De 20 à moins de 50 ans,12.5,%,140507.0,rgph2024_logement_urbain,30.0
ouezzane,cercle,,,age_logement_par_type,Maison marocaine traditionnelle,50 ans et plus,0.0,%,140507.0,rgph2024_logement_urbain,30.0
ouezzane,cercle,,,age_logement_par_type,Maison marocaine moderne,Moins de 20 ans,75.8,%,140507.0,rgph2024_logement_urbain,30.0
ouezzane,cercle,,,age_logement_par_type,Maison marocaine moderne,De 20 à moins de 50 ans,23.7,%,140507.0,rgph2024_logement_urbain,30.0
ouezzane,cercle,,,age_logement_par_type,Maison marocaine moderne,50 ans et plus,0.5,%,140507.0,rgph2024_logement_urbain,30.0
ouezzane,cercle,,,age_logement_par_type,Total non précaire,Moins de 20 ans,75.9,%,140507.0,rgph2024_logement_urbain,30.0
ouezzane,cercle,,,age_logement_par_type,Total non précaire,De 20 à moins de 50 ans,23.6,%,140507.0,rgph2024_logement_urbain,30.0
ouezzane,cercle,,,age_logement_par_type,Total non précaire,50 ans et plus,0.5,%,140507.0,rgph2024_logement_urbain,30.0
ouezzane,cercle,,,age_logement_par_type,Maison sommaire ou bidonville,Moins de 20 ans,50.0,%,140507.0,rgph2024_logement_urbain,30.0
ouezzane,cercle,,,age_logement_par_type,Maison sommaire ou bidonville,De 20 à moins de 50 ans,50.0,%,140507.0,rgph2024_logement_urbain,30.0
ouezzane,cercle,,,age_logement_par_type,Maison sommaire ou bidonville,50 ans et plus,0.0,%,140507.0,rgph2024_logement_urbain,30.0
ouezzane,cercle,,,age_logement_par_type,Logement en type rural,Moins de 20 ans,15.5,%,140507.0,rgph2024_logement_urbain,30.0
ouezzane,cercle,,,age_logement_par_type,Logement en type rural,De 20 à moins de 50 ans,44.6,%,140507.0,rgph2024_logement_urbain,30.0
ouezzane,cercle,,,age_logement_par_type,Logement en type rural,50 ans et plus,39.9,%,140507.0,rgph2024_logement_urbain,30.0
ouezzane,cercle,,,age_logement_par_type,Autres type,Moins de 20 ans,40.0,%,140507.0,rgph2024_logement_urbain,30.0
ouezzane,cercle,,,age_logement_par_type,Autres type,De 20 à moins de 50 ans,60.0,%,140507.0,rgph2024_logement_urbain,30.0
ouezzane,cercle,,,age_logement_par_type,Autres type,50 ans et plus,0.0,%,140507.0,rgph2024_logement_urbain,30.0
ouezzane,cercle,,,age_logement_par_type,Total précaire,Moins de 20 ans,16.4,%,140507.0,rgph2024_logement_urbain,30.0
ouezzane,cercle,,,age_logement_par_type,Total précaire,De 20 à moins de 50 ans,45.0,%,140507.0,rgph2024_logement_urbain,30.0
ouezzane,cercle,,,age_logement_par_type,Total précaire,50 ans et plus,38.6,%,140507.0,rgph2024_logement_urbain,30.0
ouezzane,cercle,,,materiaux_murs,,"Béton armé, briques avec mortier",83.9942321557318,%,140507.0,rgph2024_logement_urbain,30.0
ouezzane,cercle,,,materiaux_murs,,Pierre agglomérée avec mortier,1.7303532804614274,%,140507.0,rgph2024_logement_urbain,30.0
ouezzane,cercle,,,materiaux_murs,,Autres,14.275414563806777,%,140507.0,rgph2024_logement_urbain,30.0
ouezzane,cercle,,,materiaux_toits,,Dalle,83.41744772891133,%,140507.0,rgph2024_logement_urbain,30.0
ouezzane,cercle,,,materiaux_toits,,"Planches, bois ou tuiles",2.307137707281904,%,140507.0,rgph2024_logement_urbain,30.0
ouezzane,cercle,,,materiaux_toits,,Tôle en ciment ou en zinc,0.5046863734679163,%,140507.0,rgph2024_logement_urbain,30.0
ouezzane,cercle,,,materiaux_toits,,Autres,13.77072819033886,%,140507.0,rgph2024_logement_urbain,30.0
ouezzane,cercle,,,services_base,,Réseau public d'électricité,95.02523431867338,%,140507.0,rgph2024_logement_urbain,30.0
ouezzane,cercle,,,services_base,,Réseau public d'eau,86.66186012977649,%,140507.0,rgph2024_logement_urbain,30.0
ouezzane,cercle,,,services_base,,Réseau public d'assainissement,60.41816870944484,%,140507.0,rgph2024_logement_urbain,30.0
ouezzane,cercle,,,deficit_logement,,Taux de déficit quantitatif en logement (%),21.3,%,140507.0,rgph2024_logement_urbain,30.0
ouezzane,commune,,,total_logements,,Total des logements urbains,1387.0,logements,14050715.0,rgph2024_logement_urbain,166.0
ouezzane,commune,,,nature_occupation,,Logement occupé,80.38932948810383,%,14050715.0,rgph2024_logement_urbain,166.0
ouezzane,commune,,,nature_occupation,Logement non occupé,Logement vacants,12.47296322999279,%,14050715.0,rgph2024_logement_urbain,166.0
ouezzane,commune,,,nature_occupation,Logement non occupé,Logement secondaire/saisonnier,7.137707281903388,%,14050715.0,rgph2024_logement_urbain,166.0
ouezzane,commune,,,nature_occupation,Logement non occupé,Total logement non occupé,19.610670511896178,%,14050715.0,rgph2024_logement_urbain,166.0
ouezzane,commune,,,type_logement,Logement non précaire ou salubre,Villa ou niveau de villa,0.0,%,14050715.0,rgph2024_logement_urbain,166.0
ouezzane,commune,,,type_logement,Logement non précaire ou salubre,Appartement,1.2,%,14050715.0,rgph2024_logement_urbain,166.0
ouezzane,commune,,,type_logement,Logement non précaire ou salubre,Maison marocaine traditionnelle,0.6,%,14050715.0,rgph2024_logement_urbain,166.0
ouezzane,commune,,,type_logement,Logement non précaire ou salubre,Maison marocaine moderne,82.4,%,14050715.0,rgph2024_logement_urbain,166.0
ouezzane,commune,,,type_logement,Logement non précaire ou salubre,Total non précaire,84.1,%,14050715.0,rgph2024_logement_urbain,166.0
ouezzane,commune,,,type_logement,Logement précaire,Maison sommaire ou bidonville,0.1,%,14050715.0,rgph2024_logement_urbain,166.0
ouezzane,commune,,,type_logement,Logement précaire,Logement en type rural,15.4,%,14050715.0,rgph2024_logement_urbain,166.0
ouezzane,commune,,,type_logement,Logement précaire,Autres type,0.4,%,14050715.0,rgph2024_logement_urbain,166.0
ouezzane,commune,,,type_logement,Logement précaire,Total précaire,15.9,%,14050715.0,rgph2024_logement_urbain,166.0
ouezzane,commune,,,age_logement,,Moins de 20 ans,66.5,%,14050715.0,rgph2024_logement_urbain,166.0
ouezzane,commune,,,age_logement,,De 20 à moins de 50 ans,27.0,%,14050715.0,rgph2024_logement_urbain,166.0
ouezzane,commune,,,age_logement,,50 ans et plus,6.6,%,14050715.0,rgph2024_logement_urbain,166.0
ouezzane,commune,,,age_logement_par_type,Villa ou niveau de villa,Moins de 20 ans,0.0,%,14050715.0,rgph2024_logement_urbain,166.0
ouezzane,commune,,,age_logement_par_type,Villa ou niveau de villa,De 20 à moins de 50 ans,0.0,%,14050715.0,rgph2024_logement_urbain,166.0
ouezzane,commune,,,age_logement_par_type,Villa ou niveau de villa,50 ans et plus,0.0,%,14050715.0,rgph2024_logement_urbain,166.0
ouezzane,commune,,,age_logement_par_type,Appartement,Moins de 20 ans,81.3,%,14050715.0,rgph2024_logement_urbain,166.0
ouezzane,commune,,,age_logement_par_type,Appartement,De 20 à moins de 50 ans,18.8,%,14050715.0,rgph2024_logement_urbain,166.0
ouezzane,commune,,,age_logement_par_type,Appartement,50 ans et plus,0.0,%,14050715.0,rgph2024_logement_urbain,166.0
ouezzane,commune,,,age_logement_par_type,Maison marocaine traditionnelle,Moins de 20 ans,87.5,%,14050715.0,rgph2024_logement_urbain,166.0
ouezzane,commune,,,age_logement_par_type,Maison marocaine traditionnelle,De 20 à moins de 50 ans,12.5,%,14050715.0,rgph2024_logement_urbain,166.0
ouezzane,commune,,,age_logement_par_type,Maison marocaine traditionnelle,50 ans et plus,0.0,%,14050715.0,rgph2024_logement_urbain,166.0
ouezzane,commune,,,age_logement_par_type,Maison marocaine moderne,Moins de 20 ans,75.8,%,14050715.0,rgph2024_logement_urbain,166.0
ouezzane,commune,,,age_logement_par_type,Maison marocaine moderne,De 20 à moins de 50 ans,23.7,%,14050715.0,rgph2024_logement_urbain,166.0
ouezzane,commune,,,age_logement_par_type,Maison marocaine moderne,50 ans et plus,0.5,%,14050715.0,rgph2024_logement_urbain,166.0
ouezzane,commune,,,age_logement_par_type,Total non précaire,Moins de 20 ans,75.9,%,14050715.0,rgph2024_logement_urbain,166.0
ouezzane,commune,,,age_logement_par_type,Total non précaire,De 20 à moins de 50 ans,23.6,%,14050715.0,rgph2024_logement_urbain,166.0
ouezzane,commune,,,age_logement_par_type,Total non précaire,50 ans et plus,0.5,%,14050715.0,rgph2024_logement_urbain,166.0
ouezzane,commune,,,age_logement_par_type,Maison sommaire ou bidonville,Moins de 20 ans,50.0,%,14050715.0,rgph2024_logement_urbain,166.0
ouezzane,commune,,,age_logement_par_type,Maison sommaire ou bidonville,De 20 à moins de 50 ans,50.0,%,14050715.0,rgph2024_logement_urbain,166.0
ouezzane,commune,,,age_logement_par_type,Maison sommaire ou bidonville,50 ans et plus,0.0,%,14050715.0,rgph2024_logement_urbain,166.0
ouezzane,commune,,,age_logement_par_type,Logement en type rural,Moins de 20 ans,15.5,%,14050715.0,rgph2024_logement_urbain,166.0
ouezzane,commune,,,age_logement_par_type,Logement en type rural,De 20 à moins de 50 ans,44.6,%,14050715.0,rgph2024_logement_urbain,166.0
ouezzane,commune,,,age_logement_par_type,Logement en type rural,50 ans et plus,39.9,%,14050715.0,rgph2024_logement_urbain,166.0
ouezzane,commune,,,age_logement_par_type,Autres type,Moins de 20 ans,40.0,%,14050715.0,rgph2024_logement_urbain,166.0
ouezzane,commune,,,age_logement_par_type,Autres type,De 20 à moins de 50 ans,60.0,%,14050715.0,rgph2024_logement_urbain,166.0
ouezzane,commune,,,age_logement_par_type,Autres type,50 ans et plus,0.0,%,14050715.0,rgph2024_logement_urbain,166.0
ouezzane,commune,,,age_logement_par_type,Total précaire,Moins de 20 ans,16.4,%,14050715.0,rgph2024_logement_urbain,166.0
ouezzane,commune,,,age_logement_par_type,Total précaire,De 20 à moins de 50 ans,45.0,%,14050715.0,rgph2024_logement_urbain,166.0
ouezzane,commune,,,age_logement_par_type,Total précaire,50 ans et plus,38.6,%,14050715.0,rgph2024_logement_urbain,166.0
ouezzane,commune,,,materiaux_murs,,"Béton armé, briques avec mortier",83.9942321557318,%,14050715.0,rgph2024_logement_urbain,166.0
ouezzane,commune,,,materiaux_murs,,Pierre agglomérée avec mortier,1.7303532804614274,%,14050715.0,rgph2024_logement_urbain,166.0
ouezzane,commune,,,materiaux_murs,,Autres,14.275414563806777,%,14050715.0,rgph2024_logement_urbain,166.0
ouezzane,commune,,,materiaux_toits,,Dalle,83.41744772891133,%,14050715.0,rgph2024_logement_urbain,166.0
ouezzane,commune,,,materiaux_toits,,"Planches, bois ou tuiles",2.307137707281904,%,14050715.0,rgph2024_logement_urbain,166.0
ouezzane,commune,,,materiaux_toits,,Tôle en ciment ou en zinc,0.5046863734679163,%,14050715.0,rgph2024_logement_urbain,166.0
ouezzane,commune,,,materiaux_toits,,Autres,13.77072819033886,%,14050715.0,rgph2024_logement_urbain,166.0
ouezzane,commune,,,services_base,,Réseau public d'électricité,95.02523431867338,%,14050715.0,rgph2024_logement_urbain,166.0
ouezzane,commune,,,services_base,,Réseau public d'eau,86.66186012977649,%,14050715.0,rgph2024_logement_urbain,166.0
ouezzane,commune,,,services_base,,Réseau public d'assainissement,60.41816870944484,%,14050715.0,rgph2024_logement_urbain,166.0
ouezzane,commune,,,deficit_logement,,Taux de déficit quantitatif en logement (%),21.3,%,14050715.0,rgph2024_logement_urbain,166.0
ouezzane,centre_urbain,,,total_logements,,Total des logements urbains,1387.0,logements,140507153.0,rgph2024_logement_urbain,199.0
ouezzane,centre_urbain,,,nature_occupation,,Logement occupé,80.38932948810383,%,140507153.0,rgph2024_logement_urbain,199.0
ouezzane,centre_urbain,,,nature_occupation,Logement non occupé,Logement vacants,12.47296322999279,%,140507153.0,rgph2024_logement_urbain,199.0
ouezzane,centre_urbain,,,nature_occupation,Logement non occupé,Logement secondaire/saisonnier,7.137707281903388,%,140507153.0,rgph2024_logement_urbain,199.0
ouezzane,centre_urbain,,,nature_occupation,Logement non occupé,Total logement non occupé,19.610670511896178,%,140507153.0,rgph2024_logement_urbain,199.0
ouezzane,centre_urbain,,,type_logement,Logement non précaire ou salubre,Villa ou niveau de villa,0.0,%,140507153.0,rgph2024_logement_urbain,199.0
ouezzane,centre_urbain,,,type_logement,Logement non précaire ou salubre,Appartement,1.2,%,140507153.0,rgph2024_logement_urbain,199.0
ouezzane,centre_urbain,,,type_logement,Logement non précaire ou salubre,Maison marocaine traditionnelle,0.6,%,140507153.0,rgph2024_logement_urbain,199.0
ouezzane,centre_urbain,,,type_logement,Logement non précaire ou salubre,Maison marocaine moderne,82.4,%,140507153.0,rgph2024_logement_urbain,199.0
ouezzane,centre_urbain,,,type_logement,Logement non précaire ou salubre,Total non précaire,84.1,%,140507153.0,rgph2024_logement_urbain,199.0
ouezzane,centre_urbain,,,type_logement,Logement précaire,Maison sommaire ou bidonville,0.1,%,140507153.0,rgph2024_logement_urbain,199.0
ouezzane,centre_urbain,,,type_logement,Logement précaire,Logement en type rural,15.4,%,140507153.0,rgph2024_logement_urbain,199.0
ouezzane,centre_urbain,,,type_logement,Logement précaire,Autres type,0.4,%,140507153.0,rgph2024_logement_urbain,199.0
ouezzane,centre_urbain,,,type_logement,Logement précaire,Total précaire,15.9,%,140507153.0,rgph2024_logement_urbain,199.0
ouezzane,centre_urbain,,,age_logement,,Moins de 20 ans,66.5,%,140507153.0,rgph2024_logement_urbain,199.0
ouezzane,centre_urbain,,,age_logement,,De 20 à moins de 50 ans,27.0,%,140507153.0,rgph2024_logement_urbain,199.0
ouezzane,centre_urbain,,,age_logement,,50 ans et plus,6.6,%,140507153.0,rgph2024_logement_urbain,199.0
ouezzane,centre_urbain,,,age_logement_par_type,Villa ou niveau de villa,Moins de 20 ans,0.0,%,140507153.0,rgph2024_logement_urbain,199.0
ouezzane,centre_urbain,,,age_logement_par_type,Villa ou niveau de villa,De 20 à moins de 50 ans,0.0,%,140507153.0,rgph2024_logement_urbain,199.0
ouezzane,centre_urbain,,,age_logement_par_type,Villa ou niveau de villa,50 ans et plus,0.0,%,140507153.0,rgph2024_logement_urbain,199.0
ouezzane,centre_urbain,,,age_logement_par_type,Appartement,Moins de 20 ans,81.3,%,140507153.0,rgph2024_logement_urbain,199.0
ouezzane,centre_urbain,,,age_logement_par_type,Appartement,De 20 à moins de 50 ans,18.8,%,140507153.0,rgph2024_logement_urbain,199.0
ouezzane,centre_urbain,,,age_logement_par_type,Appartement,50 ans et plus,0.0,%,140507153.0,rgph2024_logement_urbain,199.0
ouezzane,centre_urbain,,,age_logement_par_type,Maison marocaine traditionnelle,Moins de 20 ans,87.5,%,140507153.0,rgph2024_logement_urbain,199.0
ouezzane,centre_urbain,,,age_logement_par_type,Maison marocaine traditionnelle,De 20 à moins de 50 ans,12.5,%,140507153.0,rgph2024_logement_urbain,199.0
ouezzane,centre_urbain,,,age_logement_par_type,Maison marocaine traditionnelle,50 ans et plus,0.0,%,140507153.0,rgph2024_logement_urbain,199.0
ouezzane,centre_urbain,,,age_logement_par_type,Maison marocaine moderne,Moins de 20 ans,75.8,%,140507153.0,rgph2024_logement_urbain,199.0
ouezzane,centre_urbain,,,age_logement_par_type,Maison marocaine moderne,De 20 à moins de 50 ans,23.7,%,140507153.0,rgph2024_logement_urbain,199.0
ouezzane,centre_urbain,,,age_logement_par_type,Maison marocaine moderne,50 ans et plus,0.5,%,140507153.0,rgph2024_logement_urbain,199.0
ouezzane,centre_urbain,,,age_logement_par_type,Total non précaire,Moins de 20 ans,75.9,%,140507153.0,rgph2024_logement_urbain,199.0
ouezzane,centre_urbain,,,age_logement_par_type,Total non précaire,De 20 à moins de 50 ans,23.6,%,140507153.0,rgph2024_logement_urbain,199.0
ouezzane,centre_urbain,,,age_logement_par_type,Total non précaire,50 ans et plus,0.5,%,140507153.0,rgph2024_logement_urbain,199.0
ouezzane,centre_urbain,,,age_logement_par_type,Maison sommaire ou bidonville,Moins de 20 ans,50.0,%,140507153.0,rgph2024_logement_urbain,199.0
ouezzane,centre_urbain,,,age_logement_par_type,Maison sommaire ou bidonville,De 20 à moins de 50 ans,50.0,%,140507153.0,rgph2024_logement_urbain,199.0
ouezzane,centre_urbain,,,age_logement_par_type,Maison sommaire ou bidonville,50 ans et plus,0.0,%,140507153.0,rgph2024_logement_urbain,199.0
ouezzane,centre_urbain,,,age_logement_par_type,Logement en type rural,Moins de 20 ans,15.5,%,140507153.0,rgph2024_logement_urbain,199.0
ouezzane,centre_urbain,,,age_logement_par_type,Logement en type rural,De 20 à moins de 50 ans,44.6,%,140507153.0,rgph2024_logement_urbain,199.0
ouezzane,centre_urbain,,,age_logement_par_type,Logement en type rural,50 ans et plus,39.9,%,140507153.0,rgph2024_logement_urbain,199.0
ouezzane,centre_urbain,,,age_logement_par_type,Autres type,Moins de 20 ans,40.0,%,140507153.0,rgph2024_logement_urbain,199.0
ouezzane,centre_urbain,,,age_logement_par_type,Autres type,De 20 à moins de 50 ans,60.0,%,140507153.0,rgph2024_logement_urbain,199.0
ouezzane,centre_urbain,,,age_logement_par_type,Autres type,50 ans et plus,0.0,%,140507153.0,rgph2024_logement_urbain,199.0
ouezzane,centre_urbain,,,age_logement_par_type,Total précaire,Moins de 20 ans,16.4,%,140507153.0,rgph2024_logement_urbain,199.0
ouezzane,centre_urbain,,,age_logement_par_type,Total précaire,De 20 à moins de 50 ans,45.0,%,140507153.0,rgph2024_logement_urbain,199.0
ouezzane,centre_urbain,,,age_logement_par_type,Total précaire,50 ans et plus,38.6,%,140507153.0,rgph2024_logement_urbain,199.0
ouezzane,centre_urbain,,,materiaux_murs,,"Béton armé, briques avec mortier",83.9942321557318,%,140507153.0,rgph2024_logement_urbain,199.0
ouezzane,centre_urbain,,,materiaux_murs,,Pierre agglomérée avec mortier,1.7303532804614274,%,140507153.0,rgph2024_logement_urbain,199.0
ouezzane,centre_urbain,,,materiaux_murs,,Autres,14.275414563806777,%,140507153.0,rgph2024_logement_urbain,199.0
ouezzane,centre_urbain,,,materiaux_toits,,Dalle,83.41744772891133,%,140507153.0,rgph2024_logement_urbain,199.0
ouezzane,centre_urbain,,,materiaux_toits,,"Planches, bois ou tuiles",2.307137707281904,%,140507153.0,rgph2024_logement_urbain,199.0
ouezzane,centre_urbain,,,materiaux_toits,,Tôle en ciment ou en zinc,0.5046863734679163,%,140507153.0,rgph2024_logement_urbain,199.0
ouezzane,centre_urbain,,,materiaux_toits,,Autres,13.77072819033886,%,140507153.0,rgph2024_logement_urbain,199.0
ouezzane,centre_urbain,,,services_base,,Réseau public d'électricité,95.02523431867338,%,140507153.0,rgph2024_logement_urbain,199.0
ouezzane,centre_urbain,,,services_base,,Réseau public d'eau,86.66186012977649,%,140507153.0,rgph2024_logement_urbain,199.0
ouezzane,centre_urbain,,,services_base,,Réseau public d'assainissement,60.41816870944484,%,140507153.0,rgph2024_logement_urbain,199.0
ouezzane,centre_urbain,,,deficit_logement,,Taux de déficit quantitatif en logement (%),21.3,%,140507153.0,rgph2024_logement_urbain,199.0
ouezzane,cercle,,,total_logements,,Total des logements urbains,1575.0,logements,140513.0,rgph2024_logement_urbain,31.0
ouezzane,cercle,,,nature_occupation,,Logement occupé,81.14285714285714,%,140513.0,rgph2024_logement_urbain,31.0
ouezzane,cercle,,,nature_occupation,Logement non occupé,Logement vacants,12.634920634920634,%,140513.0,rgph2024_logement_urbain,31.0
ouezzane,cercle,,,nature_occupation,Logement non occupé,Logement secondaire/saisonnier,6.222222222222222,%,140513.0,rgph2024_logement_urbain,31.0
ouezzane,cercle,,,nature_occupation,Logement non occupé,Total logement non occupé,18.857142857142858,%,140513.0,rgph2024_logement_urbain,31.0
ouezzane,cercle,,,type_logement,Logement non précaire ou salubre,Villa ou niveau de villa,0.1,%,140513.0,rgph2024_logement_urbain,31.0
ouezzane,cercle,,,type_logement,Logement non précaire ou salubre,Appartement,2.3,%,140513.0,rgph2024_logement_urbain,31.0
ouezzane,cercle,,,type_logement,Logement non précaire ou salubre,Maison marocaine traditionnelle,1.5,%,140513.0,rgph2024_logement_urbain,31.0
ouezzane,cercle,,,type_logement,Logement non précaire ou salubre,Maison marocaine moderne,84.6,%,140513.0,rgph2024_logement_urbain,31.0
ouezzane,cercle,,,type_logement,Logement non précaire ou salubre,Total non précaire,88.5,%,140513.0,rgph2024_logement_urbain,31.0
ouezzane,cercle,,,type_logement,Logement précaire,Maison sommaire ou bidonville,0.9,%,140513.0,rgph2024_logement_urbain,31.0
ouezzane,cercle,,,type_logement,Logement précaire,Logement en type rural,9.3,%,140513.0,rgph2024_logement_urbain,31.0
ouezzane,cercle,,,type_logement,Logement précaire,Autres type,1.3,%,140513.0,rgph2024_logement_urbain,31.0
ouezzane,cercle,,,type_logement,Logement précaire,Total précaire,11.5,%,140513.0,rgph2024_logement_urbain,31.0
ouezzane,cercle,,,age_logement,,Moins de 20 ans,82.0,%,140513.0,rgph2024_logement_urbain,31.0
ouezzane,cercle,,,age_logement,,De 20 à moins de 50 ans,15.9,%,140513.0,rgph2024_logement_urbain,31.0
ouezzane,cercle,,,age_logement,,50 ans et plus,2.1,%,140513.0,rgph2024_logement_urbain,31.0
ouezzane,cercle,,,age_logement_par_type,Villa ou niveau de villa,Moins de 20 ans,100.0,%,140513.0,rgph2024_logement_urbain,31.0
ouezzane,cercle,,,age_logement_par_type,Villa ou niveau de villa,De 20 à moins de 50 ans,0.0,%,140513.0,rgph2024_logement_urbain,31.0
ouezzane,cercle,,,age_logement_par_type,Villa ou niveau de villa,50 ans et plus,0.0,%,140513.0,rgph2024_logement_urbain,31.0
ouezzane,cercle,,,age_logement_par_type,Appartement,Moins de 20 ans,83.8,%,140513.0,rgph2024_logement_urbain,31.0
ouezzane,cercle,,,age_logement_par_type,Appartement,De 20 à moins de 50 ans,16.2,%,140513.0,rgph2024_logement_urbain,31.0
ouezzane,cercle,,,age_logement_par_type,Appartement,50 ans et plus,0.0,%,140513.0,rgph2024_logement_urbain,31.0
ouezzane,cercle,,,age_logement_par_type,Maison marocaine traditionnelle,Moins de 20 ans,79.2,%,140513.0,rgph2024_logement_urbain,31.0
ouezzane,cercle,,,age_logement_par_type,Maison marocaine traditionnelle,De 20 à moins de 50 ans,20.8,%,140513.0,rgph2024_logement_urbain,31.0
ouezzane,cercle,,,age_logement_par_type,Maison marocaine traditionnelle,50 ans et plus,0.0,%,140513.0,rgph2024_logement_urbain,31.0
ouezzane,cercle,,,age_logement_par_type,Maison marocaine moderne,Moins de 20 ans,86.0,%,140513.0,rgph2024_logement_urbain,31.0
ouezzane,cercle,,,age_logement_par_type,Maison marocaine moderne,De 20 à moins de 50 ans,14.0,%,140513.0,rgph2024_logement_urbain,31.0
ouezzane,cercle,,,age_logement_par_type,Maison marocaine moderne,50 ans et plus,0.0,%,140513.0,rgph2024_logement_urbain,31.0
ouezzane,cercle,,,age_logement_par_type,Total non précaire,Moins de 20 ans,85.9,%,140513.0,rgph2024_logement_urbain,31.0
ouezzane,cercle,,,age_logement_par_type,Total non précaire,De 20 à moins de 50 ans,14.1,%,140513.0,rgph2024_logement_urbain,31.0
ouezzane,cercle,,,age_logement_par_type,Total non précaire,50 ans et plus,0.0,%,140513.0,rgph2024_logement_urbain,31.0
ouezzane,cercle,,,age_logement_par_type,Maison sommaire ou bidonville,Moins de 20 ans,28.6,%,140513.0,rgph2024_logement_urbain,31.0
ouezzane,cercle,,,age_logement_par_type,Maison sommaire ou bidonville,De 20 à moins de 50 ans,71.4,%,140513.0,rgph2024_logement_urbain,31.0
ouezzane,cercle,,,age_logement_par_type,Maison sommaire ou bidonville,50 ans et plus,0.0,%,140513.0,rgph2024_logement_urbain,31.0
ouezzane,cercle,,,age_logement_par_type,Logement en type rural,Moins de 20 ans,51.4,%,140513.0,rgph2024_logement_urbain,31.0
ouezzane,cercle,,,age_logement_par_type,Logement en type rural,De 20 à moins de 50 ans,26.0,%,140513.0,rgph2024_logement_urbain,31.0
ouezzane,cercle,,,age_logement_par_type,Logement en type rural,50 ans et plus,22.6,%,140513.0,rgph2024_logement_urbain,31.0
ouezzane,cercle,,,age_logement_par_type,Autres type,Moins de 20 ans,76.2,%,140513.0,rgph2024_logement_urbain,31.0
ouezzane,cercle,,,age_logement_par_type,Autres type,De 20 à moins de 50 ans,23.8,%,140513.0,rgph2024_logement_urbain,31.0
ouezzane,cercle,,,age_logement_par_type,Autres type,50 ans et plus,0.0,%,140513.0,rgph2024_logement_urbain,31.0
ouezzane,cercle,,,age_logement_par_type,Total précaire,Moins de 20 ans,52.5,%,140513.0,rgph2024_logement_urbain,31.0
ouezzane,cercle,,,age_logement_par_type,Total précaire,De 20 à moins de 50 ans,29.3,%,140513.0,rgph2024_logement_urbain,31.0
ouezzane,cercle,,,age_logement_par_type,Total précaire,50 ans et plus,18.2,%,140513.0,rgph2024_logement_urbain,31.0
ouezzane,cercle,,,materiaux_murs,,"Béton armé, briques avec mortier",90.22222222222224,%,140513.0,rgph2024_logement_urbain,31.0
ouezzane,cercle,,,materiaux_murs,,Pierre agglomérée avec mortier,0.4444444444444444,%,140513.0,rgph2024_logement_urbain,31.0
ouezzane,cercle,,,materiaux_murs,,Autres,9.333333333333334,%,140513.0,rgph2024_logement_urbain,31.0
ouezzane,cercle,,,materiaux_toits,,Dalle,88.06349206349206,%,140513.0,rgph2024_logement_urbain,31.0
ouezzane,cercle,,,materiaux_toits,,"Planches, bois ou tuiles",1.9682539682539684,%,140513.0,rgph2024_logement_urbain,31.0
ouezzane,cercle,,,materiaux_toits,,Tôle en ciment ou en zinc,0.3174603174603174,%,140513.0,rgph2024_logement_urbain,31.0
ouezzane,cercle,,,materiaux_toits,,Autres,9.650793650793652,%,140513.0,rgph2024_logement_urbain,31.0
ouezzane,cercle,,,services_base,,Réseau public d'électricité,95.68253968253968,%,140513.0,rgph2024_logement_urbain,31.0
ouezzane,cercle,,,services_base,,Réseau public d'eau,92.95238095238096,%,140513.0,rgph2024_logement_urbain,31.0
ouezzane,cercle,,,services_base,,Réseau public d'assainissement,87.17460317460318,%,140513.0,rgph2024_logement_urbain,31.0
ouezzane,cercle,,,deficit_logement,,Taux de déficit quantitatif en logement (%),16.8,%,140513.0,rgph2024_logement_urbain,31.0
ouezzane,commune,,,total_logements,,Total des logements urbains,1575.0,logements,14051303.0,rgph2024_logement_urbain,171.0
ouezzane,commune,,,nature_occupation,,Logement occupé,81.14285714285714,%,14051303.0,rgph2024_logement_urbain,171.0
ouezzane,commune,,,nature_occupation,Logement non occupé,Logement vacants,12.634920634920634,%,14051303.0,rgph2024_logement_urbain,171.0
ouezzane,commune,,,nature_occupation,Logement non occupé,Logement secondaire/saisonnier,6.222222222222222,%,14051303.0,rgph2024_logement_urbain,171.0
ouezzane,commune,,,nature_occupation,Logement non occupé,Total logement non occupé,18.857142857142858,%,14051303.0,rgph2024_logement_urbain,171.0
ouezzane,commune,,,type_logement,Logement non précaire ou salubre,Villa ou niveau de villa,0.1,%,14051303.0,rgph2024_logement_urbain,171.0
ouezzane,commune,,,type_logement,Logement non précaire ou salubre,Appartement,2.3,%,14051303.0,rgph2024_logement_urbain,171.0
ouezzane,commune,,,type_logement,Logement non précaire ou salubre,Maison marocaine traditionnelle,1.5,%,14051303.0,rgph2024_logement_urbain,171.0
ouezzane,commune,,,type_logement,Logement non précaire ou salubre,Maison marocaine moderne,84.6,%,14051303.0,rgph2024_logement_urbain,171.0
ouezzane,commune,,,type_logement,Logement non précaire ou salubre,Total non précaire,88.5,%,14051303.0,rgph2024_logement_urbain,171.0
ouezzane,commune,,,type_logement,Logement précaire,Maison sommaire ou bidonville,0.9,%,14051303.0,rgph2024_logement_urbain,171.0
ouezzane,commune,,,type_logement,Logement précaire,Logement en type rural,9.3,%,14051303.0,rgph2024_logement_urbain,171.0
ouezzane,commune,,,type_logement,Logement précaire,Autres type,1.3,%,14051303.0,rgph2024_logement_urbain,171.0
ouezzane,commune,,,type_logement,Logement précaire,Total précaire,11.5,%,14051303.0,rgph2024_logement_urbain,171.0
ouezzane,commune,,,age_logement,,Moins de 20 ans,82.0,%,14051303.0,rgph2024_logement_urbain,171.0
ouezzane,commune,,,age_logement,,De 20 à moins de 50 ans,15.9,%,14051303.0,rgph2024_logement_urbain,171.0
ouezzane,commune,,,age_logement,,50 ans et plus,2.1,%,14051303.0,rgph2024_logement_urbain,171.0
ouezzane,commune,,,age_logement_par_type,Villa ou niveau de villa,Moins de 20 ans,100.0,%,14051303.0,rgph2024_logement_urbain,171.0
ouezzane,commune,,,age_logement_par_type,Villa ou niveau de villa,De 20 à moins de 50 ans,0.0,%,14051303.0,rgph2024_logement_urbain,171.0
ouezzane,commune,,,age_logement_par_type,Villa ou niveau de villa,50 ans et plus,0.0,%,14051303.0,rgph2024_logement_urbain,171.0
ouezzane,commune,,,age_logement_par_type,Appartement,Moins de 20 ans,83.8,%,14051303.0,rgph2024_logement_urbain,171.0
ouezzane,commune,,,age_logement_par_type,Appartement,De 20 à moins de 50 ans,16.2,%,14051303.0,rgph2024_logement_urbain,171.0
ouezzane,commune,,,age_logement_par_type,Appartement,50 ans et plus,0.0,%,14051303.0,rgph2024_logement_urbain,171.0
ouezzane,commune,,,age_logement_par_type,Maison marocaine traditionnelle,Moins de 20 ans,79.2,%,14051303.0,rgph2024_logement_urbain,171.0
ouezzane,commune,,,age_logement_par_type,Maison marocaine traditionnelle,De 20 à moins de 50 ans,20.8,%,14051303.0,rgph2024_logement_urbain,171.0
ouezzane,commune,,,age_logement_par_type,Maison marocaine traditionnelle,50 ans et plus,0.0,%,14051303.0,rgph2024_logement_urbain,171.0
ouezzane,commune,,,age_logement_par_type,Maison marocaine moderne,Moins de 20 ans,86.0,%,14051303.0,rgph2024_logement_urbain,171.0
ouezzane,commune,,,age_logement_par_type,Maison marocaine moderne,De 20 à moins de 50 ans,14.0,%,14051303.0,rgph2024_logement_urbain,171.0
ouezzane,commune,,,age_logement_par_type,Maison marocaine moderne,50 ans et plus,0.0,%,14051303.0,rgph2024_logement_urbain,171.0
ouezzane,commune,,,age_logement_par_type,Total non précaire,Moins de 20 ans,85.9,%,14051303.0,rgph2024_logement_urbain,171.0
ouezzane,commune,,,age_logement_par_type,Total non précaire,De 20 à moins de 50 ans,14.1,%,14051303.0,rgph2024_logement_urbain,171.0
ouezzane,commune,,,age_logement_par_type,Total non précaire,50 ans et plus,0.0,%,14051303.0,rgph2024_logement_urbain,171.0
ouezzane,commune,,,age_logement_par_type,Maison sommaire ou bidonville,Moins de 20 ans,28.6,%,14051303.0,rgph2024_logement_urbain,171.0
ouezzane,commune,,,age_logement_par_type,Maison sommaire ou bidonville,De 20 à moins de 50 ans,71.4,%,14051303.0,rgph2024_logement_urbain,171.0
ouezzane,commune,,,age_logement_par_type,Maison sommaire ou bidonville,50 ans et plus,0.0,%,14051303.0,rgph2024_logement_urbain,171.0
ouezzane,commune,,,age_logement_par_type,Logement en type rural,Moins de 20 ans,51.4,%,14051303.0,rgph2024_logement_urbain,171.0
ouezzane,commune,,,age_logement_par_type,Logement en type rural,De 20 à moins de 50 ans,26.0,%,14051303.0,rgph2024_logement_urbain,171.0
ouezzane,commune,,,age_logement_par_type,Logement en type rural,50 ans et plus,22.6,%,14051303.0,rgph2024_logement_urbain,171.0
ouezzane,commune,,,age_logement_par_type,Autres type,Moins de 20 ans,76.2,%,14051303.0,rgph2024_logement_urbain,171.0
ouezzane,commune,,,age_logement_par_type,Autres type,De 20 à moins de 50 ans,23.8,%,14051303.0,rgph2024_logement_urbain,171.0
ouezzane,commune,,,age_logement_par_type,Autres type,50 ans et plus,0.0,%,14051303.0,rgph2024_logement_urbain,171.0
ouezzane,commune,,,age_logement_par_type,Total précaire,Moins de 20 ans,52.5,%,14051303.0,rgph2024_logement_urbain,171.0
ouezzane,commune,,,age_logement_par_type,Total précaire,De 20 à moins de 50 ans,29.3,%,14051303.0,rgph2024_logement_urbain,171.0
ouezzane,commune,,,age_logement_par_type,Total précaire,50 ans et plus,18.2,%,14051303.0,rgph2024_logement_urbain,171.0
ouezzane,commune,,,materiaux_murs,,"Béton armé, briques avec mortier",90.22222222222224,%,14051303.0,rgph2024_logement_urbain,171.0
ouezzane,commune,,,materiaux_murs,,Pierre agglomérée avec mortier,0.4444444444444444,%,14051303.0,rgph2024_logement_urbain,171.0
ouezzane,commune,,,materiaux_murs,,Autres,9.333333333333334,%,14051303.0,rgph2024_logement_urbain,171.0
ouezzane,commune,,,materiaux_toits,,Dalle,88.06349206349206,%,14051303.0,rgph2024_logement_urbain,171.0
ouezzane,commune,,,materiaux_toits,,"Planches, bois ou tuiles",1.9682539682539684,%,14051303.0,rgph2024_logement_urbain,171.0
ouezzane,commune,,,materiaux_toits,,Tôle en ciment ou en zinc,0.3174603174603174,%,14051303.0,rgph2024_logement_urbain,171.0
ouezzane,commune,,,materiaux_toits,,Autres,9.650793650793652,%,14051303.0,rgph2024_logement_urbain,171.0
ouezzane,commune,,,services_base,,Réseau public d'électricité,95.68253968253968,%,14051303.0,rgph2024_logement_urbain,171.0
ouezzane,commune,,,services_base,,Réseau public d'eau,92.95238095238096,%,14051303.0,rgph2024_logement_urbain,171.0
ouezzane,commune,,,services_base,,Réseau public d'assainissement,87.17460317460318,%,14051303.0,rgph2024_logement_urbain,171.0
ouezzane,commune,,,deficit_logement,,Taux de déficit quantitatif en logement (%),16.8,%,14051303.0,rgph2024_logement_urbain,171.0
ouezzane,centre_urbain,,,total_logements,,Total des logements urbains,1575.0,logements,140513033.0,rgph2024_logement_urbain,200.0
ouezzane,centre_urbain,,,nature_occupation,,Logement occupé,81.14285714285714,%,140513033.0,rgph2024_logement_urbain,200.0
ouezzane,centre_urbain,,,nature_occupation,Logement non occupé,Logement vacants,12.634920634920634,%,140513033.0,rgph2024_logement_urbain,200.0
ouezzane,centre_urbain,,,nature_occupation,Logement non occupé,Logement secondaire/saisonnier,6.222222222222222,%,140513033.0,rgph2024_logement_urbain,200.0
ouezzane,centre_urbain,,,nature_occupation,Logement non occupé,Total logement non occupé,18.857142857142858,%,140513033.0,rgph2024_logement_urbain,200.0
ouezzane,centre_urbain,,,type_logement,Logement non précaire ou salubre,Villa ou niveau de villa,0.1,%,140513033.0,rgph2024_logement_urbain,200.0
ouezzane,centre_urbain,,,type_logement,Logement non précaire ou salubre,Appartement,2.3,%,140513033.0,rgph2024_logement_urbain,200.0
ouezzane,centre_urbain,,,type_logement,Logement non précaire ou salubre,Maison marocaine traditionnelle,1.5,%,140513033.0,rgph2024_logement_urbain,200.0
ouezzane,centre_urbain,,,type_logement,Logement non précaire ou salubre,Maison marocaine moderne,84.6,%,140513033.0,rgph2024_logement_urbain,200.0
ouezzane,centre_urbain,,,type_logement,Logement non précaire ou salubre,Total non précaire,88.5,%,140513033.0,rgph2024_logement_urbain,200.0
ouezzane,centre_urbain,,,type_logement,Logement précaire,Maison sommaire ou bidonville,0.9,%,140513033.0,rgph2024_logement_urbain,200.0
ouezzane,centre_urbain,,,type_logement,Logement précaire,Logement en type rural,9.3,%,140513033.0,rgph2024_logement_urbain,200.0
ouezzane,centre_urbain,,,type_logement,Logement précaire,Autres type,1.3,%,140513033.0,rgph2024_logement_urbain,200.0
ouezzane,centre_urbain,,,type_logement,Logement précaire,Total précaire,11.5,%,140513033.0,rgph2024_logement_urbain,200.0
ouezzane,centre_urbain,,,age_logement,,Moins de 20 ans,82.0,%,140513033.0,rgph2024_logement_urbain,200.0
ouezzane,centre_urbain,,,age_logement,,De 20 à moins de 50 ans,15.9,%,140513033.0,rgph2024_logement_urbain,200.0
ouezzane,centre_urbain,,,age_logement,,50 ans et plus,2.1,%,140513033.0,rgph2024_logement_urbain,200.0
ouezzane,centre_urbain,,,age_logement_par_type,Villa ou niveau de villa,Moins de 20 ans,100.0,%,140513033.0,rgph2024_logement_urbain,200.0
ouezzane,centre_urbain,,,age_logement_par_type,Villa ou niveau de villa,De 20 à moins de 50 ans,0.0,%,140513033.0,rgph2024_logement_urbain,200.0
ouezzane,centre_urbain,,,age_logement_par_type,Villa ou niveau de villa,50 ans et plus,0.0,%,140513033.0,rgph2024_logement_urbain,200.0
ouezzane,centre_urbain,,,age_logement_par_type,Appartement,Moins de 20 ans,83.8,%,140513033.0,rgph2024_logement_urbain,200.0
ouezzane,centre_urbain,,,age_logement_par_type,Appartement,De 20 à moins de 50 ans,16.2,%,140513033.0,rgph2024_logement_urbain,200.0
ouezzane,centre_urbain,,,age_logement_par_type,Appartement,50 ans et plus,0.0,%,140513033.0,rgph2024_logement_urbain,200.0
ouezzane,centre_urbain,,,age_logement_par_type,Maison marocaine traditionnelle,Moins de 20 ans,79.2,%,140513033.0,rgph2024_logement_urbain,200.0
ouezzane,centre_urbain,,,age_logement_par_type,Maison marocaine traditionnelle,De 20 à moins de 50 ans,20.8,%,140513033.0,rgph2024_logement_urbain,200.0
ouezzane,centre_urbain,,,age_logement_par_type,Maison marocaine traditionnelle,50 ans et plus,0.0,%,140513033.0,rgph2024_logement_urbain,200.0
ouezzane,centre_urbain,,,age_logement_par_type,Maison marocaine moderne,Moins de 20 ans,86.0,%,140513033.0,rgph2024_logement_urbain,200.0
ouezzane,centre_urbain,,,age_logement_par_type,Maison marocaine moderne,De 20 à moins de 50 ans,14.0,%,140513033.0,rgph2024_logement_urbain,200.0
ouezzane,centre_urbain,,,age_logement_par_type,Maison marocaine moderne,50 ans et plus,0.0,%,140513033.0,rgph2024_logement_urbain,200.0
ouezzane,centre_urbain,,,age_logement_par_type,Total non précaire,Moins de 20 ans,85.9,%,140513033.0,rgph2024_logement_urbain,200.0
ouezzane,centre_urbain,,,age_logement_par_type,Total non précaire,De 20 à moins de 50 ans,14.1,%,140513033.0,rgph2024_logement_urbain,200.0
ouezzane,centre_urbain,,,age_logement_par_type,Total non précaire,50 ans et plus,0.0,%,140513033.0,rgph2024_logement_urbain,200.0
ouezzane,centre_urbain,,,age_logement_par_type,Maison sommaire ou bidonville,Moins de 20 ans,28.6,%,140513033.0,rgph2024_logement_urbain,200.0
ouezzane,centre_urbain,,,age_logement_par_type,Maison sommaire ou bidonville,De 20 à moins de 50 ans,71.4,%,140513033.0,rgph2024_logement_urbain,200.0
ouezzane,centre_urbain,,,age_logement_par_type,Maison sommaire ou bidonville,50 ans et plus,0.0,%,140513033.0,rgph2024_logement_urbain,200.0
ouezzane,centre_urbain,,,age_logement_par_type,Logement en type rural,Moins de 20 ans,51.4,%,140513033.0,rgph2024_logement_urbain,200.0
ouezzane,centre_urbain,,,age_logement_par_type,Logement en type rural,De 20 à moins de 50 ans,26.0,%,140513033.0,rgph2024_logement_urbain,200.0
ouezzane,centre_urbain,,,age_logement_par_type,Logement en type rural,50 ans et plus,22.6,%,140513033.0,rgph2024_logement_urbain,200.0
ouezzane,centre_urbain,,,age_logement_par_type,Autres type,Moins de 20 ans,76.2,%,140513033.0,rgph2024_logement_urbain,200.0
ouezzane,centre_urbain,,,age_logement_par_type,Autres type,De 20 à moins de 50 ans,23.8,%,140513033.0,rgph2024_logement_urbain,200.0
ouezzane,centre_urbain,,,age_logement_par_type,Autres type,50 ans et plus,0.0,%,140513033.0,rgph2024_logement_urbain,200.0
ouezzane,centre_urbain,,,age_logement_par_type,Total précaire,Moins de 20 ans,52.5,%,140513033.0,rgph2024_logement_urbain,200.0
ouezzane,centre_urbain,,,age_logement_par_type,Total précaire,De 20 à moins de 50 ans,29.3,%,140513033.0,rgph2024_logement_urbain,200.0
ouezzane,centre_urbain,,,age_logement_par_type,Total précaire,50 ans et plus,18.2,%,140513033.0,rgph2024_logement_urbain,200.0
ouezzane,centre_urbain,,,materiaux_murs,,"Béton armé, briques avec mortier",90.22222222222224,%,140513033.0,rgph2024_logement_urbain,200.0
ouezzane,centre_urbain,,,materiaux_murs,,Pierre agglomérée avec mortier,0.4444444444444444,%,140513033.0,rgph2024_logement_urbain,200.0
ouezzane,centre_urbain,,,materiaux_murs,,Autres,9.333333333333334,%,140513033.0,rgph2024_logement_urbain,200.0
ouezzane,centre_urbain,,,materiaux_toits,,Dalle,88.06349206349206,%,140513033.0,rgph2024_logement_urbain,200.0
ouezzane,centre_urbain,,,materiaux_toits,,"Planches, bois ou tuiles",1.9682539682539684,%,140513033.0,rgph2024_logement_urbain,200.0
ouezzane,centre_urbain,,,materiaux_toits,,Tôle en ciment ou en zinc,0.3174603174603174,%,140513033.0,rgph2024_logement_urbain,200.0
ouezzane,centre_urbain,,,materiaux_toits,,Autres,9.650793650793652,%,140513033.0,rgph2024_logement_urbain,200.0
ouezzane,centre_urbain,,,services_base,,Réseau public d'électricité,95.68253968253968,%,140513033.0,rgph2024_logement_urbain,200.0
ouezzane,centre_urbain,,,services_base,,Réseau public d'eau,92.95238095238096,%,140513033.0,rgph2024_logement_urbain,200.0
ouezzane,centre_urbain,,,services_base,,Réseau public d'assainissement,87.17460317460318,%,140513033.0,rgph2024_logement_urbain,200.0
ouezzane,centre_urbain,,,deficit_logement,,Taux de déficit quantitatif en logement (%),16.8,%,140513033.0,rgph2024_logement_urbain,200.0
ouezzane,cercle,,,total_logements,,Total des logements urbains,1209.0,logements,140509.0,rgph2024_logement_urbain,32.0
ouezzane,cercle,,,nature_occupation,,Logement occupé,76.42679900744417,%,140509.0,rgph2024_logement_urbain,32.0
ouezzane,cercle,,,nature_occupation,Logement non occupé,Logement vacants,8.188585607940446,%,140509.0,rgph2024_logement_urbain,32.0
ouezzane,cercle,,,nature_occupation,Logement non occupé,Logement secondaire/saisonnier,15.384615384615383,%,140509.0,rgph2024_logement_urbain,32.0
ouezzane,cercle,,,nature_occupation,Logement non occupé,Total logement non occupé,23.57320099255584,%,140509.0,rgph2024_logement_urbain,32.0
ouezzane,cercle,,,type_logement,Logement non précaire ou salubre,Villa ou niveau de villa,0.3,%,140509.0,rgph2024_logement_urbain,32.0
ouezzane,cercle,,,type_logement,Logement non précaire ou salubre,Appartement,2.8,%,140509.0,rgph2024_logement_urbain,32.0
ouezzane,cercle,,,type_logement,Logement non précaire ou salubre,Maison marocaine traditionnelle,0.4,%,140509.0,rgph2024_logement_urbain,32.0
ouezzane,cercle,,,type_logement,Logement non précaire ou salubre,Maison marocaine moderne,63.4,%,140509.0,rgph2024_logement_urbain,32.0
ouezzane,cercle,,,type_logement,Logement non précaire ou salubre,Total non précaire,66.9,%,140509.0,rgph2024_logement_urbain,32.0
ouezzane,cercle,,,type_logement,Logement précaire,Maison sommaire ou bidonville,0.5,%,140509.0,rgph2024_logement_urbain,32.0
ouezzane,cercle,,,type_logement,Logement précaire,Logement en type rural,31.5,%,140509.0,rgph2024_logement_urbain,32.0
ouezzane,cercle,,,type_logement,Logement précaire,Autres type,1.1,%,140509.0,rgph2024_logement_urbain,32.0
ouezzane,cercle,,,type_logement,Logement précaire,Total précaire,33.1,%,140509.0,rgph2024_logement_urbain,32.0
ouezzane,cercle,,,age_logement,,Moins de 20 ans,58.1,%,140509.0,rgph2024_logement_urbain,32.0
ouezzane,cercle,,,age_logement,,De 20 à moins de 50 ans,31.0,%,140509.0,rgph2024_logement_urbain,32.0
ouezzane,cercle,,,age_logement,,50 ans et plus,10.9,%,140509.0,rgph2024_logement_urbain,32.0
ouezzane,cercle,,,age_logement_par_type,Villa ou niveau de villa,Moins de 20 ans,100.0,%,140509.0,rgph2024_logement_urbain,32.0
ouezzane,cercle,,,age_logement_par_type,Villa ou niveau de villa,De 20 à moins de 50 ans,0.0,%,140509.0,rgph2024_logement_urbain,32.0
ouezzane,cercle,,,age_logement_par_type,Villa ou niveau de villa,50 ans et plus,0.0,%,140509.0,rgph2024_logement_urbain,32.0
ouezzane,cercle,,,age_logement_par_type,Appartement,Moins de 20 ans,82.4,%,140509.0,rgph2024_logement_urbain,32.0
ouezzane,cercle,,,age_logement_par_type,Appartement,De 20 à moins de 50 ans,5.9,%,140509.0,rgph2024_logement_urbain,32.0
ouezzane,cercle,,,age_logement_par_type,Appartement,50 ans et plus,11.8,%,140509.0,rgph2024_logement_urbain,32.0
ouezzane,cercle,,,age_logement_par_type,Maison marocaine traditionnelle,Moins de 20 ans,80.0,%,140509.0,rgph2024_logement_urbain,32.0
ouezzane,cercle,,,age_logement_par_type,Maison marocaine traditionnelle,De 20 à moins de 50 ans,20.0,%,140509.0,rgph2024_logement_urbain,32.0
ouezzane,cercle,,,age_logement_par_type,Maison marocaine traditionnelle,50 ans et plus,0.0,%,140509.0,rgph2024_logement_urbain,32.0
ouezzane,cercle,,,age_logement_par_type,Maison marocaine moderne,Moins de 20 ans,71.5,%,140509.0,rgph2024_logement_urbain,32.0
ouezzane,cercle,,,age_logement_par_type,Maison marocaine moderne,De 20 à moins de 50 ans,21.4,%,140509.0,rgph2024_logement_urbain,32.0
ouezzane,cercle,,,age_logement_par_type,Maison marocaine moderne,50 ans et plus,7.0,%,140509.0,rgph2024_logement_urbain,32.0
ouezzane,cercle,,,age_logement_par_type,Total non précaire,Moins de 20 ans,72.2,%,140509.0,rgph2024_logement_urbain,32.0
ouezzane,cercle,,,age_logement_par_type,Total non précaire,De 20 à moins de 50 ans,20.6,%,140509.0,rgph2024_logement_urbain,32.0
ouezzane,cercle,,,age_logement_par_type,Total non précaire,50 ans et plus,7.2,%,140509.0,rgph2024_logement_urbain,32.0
ouezzane,cercle,,,age_logement_par_type,Maison sommaire ou bidonville,Moins de 20 ans,66.7,%,140509.0,rgph2024_logement_urbain,32.0
ouezzane,cercle,,,age_logement_par_type,Maison sommaire ou bidonville,De 20 à moins de 50 ans,33.3,%,140509.0,rgph2024_logement_urbain,32.0
ouezzane,cercle,,,age_logement_par_type,Maison sommaire ou bidonville,50 ans et plus,0.0,%,140509.0,rgph2024_logement_urbain,32.0
ouezzane,cercle,,,age_logement_par_type,Logement en type rural,Moins de 20 ans,28.1,%,140509.0,rgph2024_logement_urbain,32.0
ouezzane,cercle,,,age_logement_par_type,Logement en type rural,De 20 à moins de 50 ans,52.8,%,140509.0,rgph2024_logement_urbain,32.0
ouezzane,cercle,,,age_logement_par_type,Logement en type rural,50 ans et plus,19.2,%,140509.0,rgph2024_logement_urbain,32.0
ouezzane,cercle,,,age_logement_par_type,Autres type,Moins de 20 ans,53.8,%,140509.0,rgph2024_logement_urbain,32.0
ouezzane,cercle,,,age_logement_par_type,Autres type,De 20 à moins de 50 ans,38.5,%,140509.0,rgph2024_logement_urbain,32.0
ouezzane,cercle,,,age_logement_par_type,Autres type,50 ans et plus,7.7,%,140509.0,rgph2024_logement_urbain,32.0
ouezzane,cercle,,,age_logement_par_type,Total précaire,Moins de 20 ans,29.5,%,140509.0,rgph2024_logement_urbain,32.0
ouezzane,cercle,,,age_logement_par_type,Total précaire,De 20 à moins de 50 ans,52.0,%,140509.0,rgph2024_logement_urbain,32.0
ouezzane,cercle,,,age_logement_par_type,Total précaire,50 ans et plus,18.5,%,140509.0,rgph2024_logement_urbain,32.0
ouezzane,cercle,,,materiaux_murs,,"Béton armé, briques avec mortier",70.22332506203473,%,140509.0,rgph2024_logement_urbain,32.0
ouezzane,cercle,,,materiaux_murs,,Pierre agglomérée avec mortier,10.835401157981805,%,140509.0,rgph2024_logement_urbain,32.0
ouezzane,cercle,,,materiaux_murs,,Autres,18.94127377998345,%,140509.0,rgph2024_logement_urbain,32.0
ouezzane,cercle,,,materiaux_toits,,Dalle,68.07278742762614,%,140509.0,rgph2024_logement_urbain,32.0
ouezzane,cercle,,,materiaux_toits,,"Planches, bois ou tuiles",2.564102564102564,%,140509.0,rgph2024_logement_urbain,32.0
ouezzane,cercle,,,materiaux_toits,,Tôle en ciment ou en zinc,4.466501240694789,%,140509.0,rgph2024_logement_urbain,32.0
ouezzane,cercle,,,materiaux_toits,,Autres,24.89660876757651,%,140509.0,rgph2024_logement_urbain,32.0
ouezzane,cercle,,,services_base,,Réseau public d'électricité,94.78908188585608,%,140509.0,rgph2024_logement_urbain,32.0
ouezzane,cercle,,,services_base,,Réseau public d'eau,85.60794044665012,%,140509.0,rgph2024_logement_urbain,32.0
ouezzane,cercle,,,services_base,,Réseau public d'assainissement,63.68899917287014,%,140509.0,rgph2024_logement_urbain,32.0
ouezzane,cercle,,,deficit_logement,,Taux de déficit quantitatif en logement (%),66.0,%,140509.0,rgph2024_logement_urbain,32.0
ouezzane,commune,,,total_logements,,Total des logements urbains,471.0,logements,14050905.0,rgph2024_logement_urbain,174.0
ouezzane,commune,,,nature_occupation,,Logement occupé,81.104033970276,%,14050905.0,rgph2024_logement_urbain,174.0
ouezzane,commune,,,nature_occupation,Logement non occupé,Logement vacants,6.794055201698514,%,14050905.0,rgph2024_logement_urbain,174.0
ouezzane,commune,,,nature_occupation,Logement non occupé,Logement secondaire/saisonnier,12.101910828025478,%,14050905.0,rgph2024_logement_urbain,174.0
ouezzane,commune,,,nature_occupation,Logement non occupé,Total logement non occupé,18.895966029724,%,14050905.0,rgph2024_logement_urbain,174.0
ouezzane,commune,,,type_logement,Logement non précaire ou salubre,Villa ou niveau de villa,0.2,%,14050905.0,rgph2024_logement_urbain,174.0
ouezzane,commune,,,type_logement,Logement non précaire ou salubre,Appartement,4.9,%,14050905.0,rgph2024_logement_urbain,174.0
ouezzane,commune,,,type_logement,Logement non précaire ou salubre,Maison marocaine traditionnelle,0.4,%,14050905.0,rgph2024_logement_urbain,174.0
ouezzane,commune,,,type_logement,Logement non précaire ou salubre,Maison marocaine moderne,45.9,%,14050905.0,rgph2024_logement_urbain,174.0
ouezzane,commune,,,type_logement,Logement non précaire ou salubre,Total non précaire,51.4,%,14050905.0,rgph2024_logement_urbain,174.0
ouezzane,commune,,,type_logement,Logement précaire,Maison sommaire ou bidonville,0.8,%,14050905.0,rgph2024_logement_urbain,174.0
ouezzane,commune,,,type_logement,Logement précaire,Logement en type rural,47.1,%,14050905.0,rgph2024_logement_urbain,174.0
ouezzane,commune,,,type_logement,Logement précaire,Autres type,0.6,%,14050905.0,rgph2024_logement_urbain,174.0
ouezzane,commune,,,type_logement,Logement précaire,Total précaire,48.6,%,14050905.0,rgph2024_logement_urbain,174.0
ouezzane,commune,,,age_logement,,Moins de 20 ans,55.0,%,14050905.0,rgph2024_logement_urbain,174.0
ouezzane,commune,,,age_logement,,De 20 à moins de 50 ans,20.8,%,14050905.0,rgph2024_logement_urbain,174.0
ouezzane,commune,,,age_logement,,50 ans et plus,24.2,%,14050905.0,rgph2024_logement_urbain,174.0
ouezzane,commune,,,age_logement_par_type,Villa ou niveau de villa,Moins de 20 ans,100.0,%,14050905.0,rgph2024_logement_urbain,174.0
ouezzane,commune,,,age_logement_par_type,Villa ou niveau de villa,De 20 à moins de 50 ans,0.0,%,14050905.0,rgph2024_logement_urbain,174.0
ouezzane,commune,,,age_logement_par_type,Villa ou niveau de villa,50 ans et plus,0.0,%,14050905.0,rgph2024_logement_urbain,174.0
ouezzane,commune,,,age_logement_par_type,Appartement,Moins de 20 ans,73.9,%,14050905.0,rgph2024_logement_urbain,174.0
ouezzane,commune,,,age_logement_par_type,Appartement,De 20 à moins de 50 ans,8.7,%,14050905.0,rgph2024_logement_urbain,174.0
ouezzane,commune,,,age_logement_par_type,Appartement,50 ans et plus,17.4,%,14050905.0,rgph2024_logement_urbain,174.0
ouezzane,commune,,,age_logement_par_type,Maison marocaine traditionnelle,Moins de 20 ans,100.0,%,14050905.0,rgph2024_logement_urbain,174.0
ouezzane,commune,,,age_logement_par_type,Maison marocaine traditionnelle,De 20 à moins de 50 ans,0.0,%,14050905.0,rgph2024_logement_urbain,174.0
ouezzane,commune,,,age_logement_par_type,Maison marocaine traditionnelle,50 ans et plus,0.0,%,14050905.0,rgph2024_logement_urbain,174.0
ouezzane,commune,,,age_logement_par_type,Maison marocaine moderne,Moins de 20 ans,67.6,%,14050905.0,rgph2024_logement_urbain,174.0
ouezzane,commune,,,age_logement_par_type,Maison marocaine moderne,De 20 à moins de 50 ans,9.3,%,14050905.0,rgph2024_logement_urbain,174.0
ouezzane,commune,,,age_logement_par_type,Maison marocaine moderne,50 ans et plus,23.1,%,14050905.0,rgph2024_logement_urbain,174.0
ouezzane,commune,,,age_logement_par_type,Total non précaire,Moins de 20 ans,68.6,%,14050905.0,rgph2024_logement_urbain,174.0
ouezzane,commune,,,age_logement_par_type,Total non précaire,De 20 à moins de 50 ans,9.1,%,14050905.0,rgph2024_logement_urbain,174.0
ouezzane,commune,,,age_logement_par_type,Total non précaire,50 ans et plus,22.3,%,14050905.0,rgph2024_logement_urbain,174.0
ouezzane,commune,,,age_logement_par_type,Maison sommaire ou bidonville,Moins de 20 ans,100.0,%,14050905.0,rgph2024_logement_urbain,174.0
ouezzane,commune,,,age_logement_par_type,Maison sommaire ou bidonville,De 20 à moins de 50 ans,0.0,%,14050905.0,rgph2024_logement_urbain,174.0
ouezzane,commune,,,age_logement_par_type,Maison sommaire ou bidonville,50 ans et plus,0.0,%,14050905.0,rgph2024_logement_urbain,174.0
ouezzane,commune,,,age_logement_par_type,Logement en type rural,Moins de 20 ans,39.2,%,14050905.0,rgph2024_logement_urbain,174.0
ouezzane,commune,,,age_logement_par_type,Logement en type rural,De 20 à moins de 50 ans,33.8,%,14050905.0,rgph2024_logement_urbain,174.0
ouezzane,commune,,,age_logement_par_type,Logement en type rural,50 ans et plus,27.0,%,14050905.0,rgph2024_logement_urbain,174.0
ouezzane,commune,,,age_logement_par_type,Autres type,Moins de 20 ans,66.7,%,14050905.0,rgph2024_logement_urbain,174.0
ouezzane,commune,,,age_logement_par_type,Autres type,De 20 à moins de 50 ans,33.3,%,14050905.0,rgph2024_logement_urbain,174.0
ouezzane,commune,,,age_logement_par_type,Autres type,50 ans et plus,0.0,%,14050905.0,rgph2024_logement_urbain,174.0
ouezzane,commune,,,age_logement_par_type,Total précaire,Moins de 20 ans,40.6,%,14050905.0,rgph2024_logement_urbain,174.0
ouezzane,commune,,,age_logement_par_type,Total précaire,De 20 à moins de 50 ans,33.2,%,14050905.0,rgph2024_logement_urbain,174.0
ouezzane,commune,,,age_logement_par_type,Total précaire,50 ans et plus,26.2,%,14050905.0,rgph2024_logement_urbain,174.0
ouezzane,commune,,,materiaux_murs,,"Béton armé, briques avec mortier",53.07855626326964,%,14050905.0,rgph2024_logement_urbain,174.0
ouezzane,commune,,,materiaux_murs,,Pierre agglomérée avec mortier,4.45859872611465,%,14050905.0,rgph2024_logement_urbain,174.0
ouezzane,commune,,,materiaux_murs,,Autres,42.46284501061572,%,14050905.0,rgph2024_logement_urbain,174.0
ouezzane,commune,,,materiaux_toits,,Dalle,52.653927813163484,%,14050905.0,rgph2024_logement_urbain,174.0
ouezzane,commune,,,materiaux_toits,,"Planches, bois ou tuiles",0.4246284501061571,%,14050905.0,rgph2024_logement_urbain,174.0
ouezzane,commune,,,materiaux_toits,,Tôle en ciment ou en zinc,3.821656050955414,%,14050905.0,rgph2024_logement_urbain,174.0
ouezzane,commune,,,materiaux_toits,,Autres,43.09978768577495,%,14050905.0,rgph2024_logement_urbain,174.0
ouezzane,commune,,,services_base,,Réseau public d'électricité,95.54140127388536,%,14050905.0,rgph2024_logement_urbain,174.0
ouezzane,commune,,,services_base,,Réseau public d'eau,83.43949044585987,%,14050905.0,rgph2024_logement_urbain,174.0
ouezzane,commune,,,services_base,,Réseau public d'assainissement,57.961783439490446,%,14050905.0,rgph2024_logement_urbain,174.0
ouezzane,commune,,,deficit_logement,,Taux de déficit quantitatif en logement (%),126.5,%,14050905.0,rgph2024_logement_urbain,174.0
ouezzane,centre_urbain,,,total_logements,,Total des logements urbains,471.0,logements,140509053.0,rgph2024_logement_urbain,201.0
ouezzane,centre_urbain,,,nature_occupation,,Logement occupé,81.104033970276,%,140509053.0,rgph2024_logement_urbain,201.0
ouezzane,centre_urbain,,,nature_occupation,Logement non occupé,Logement vacants,6.794055201698514,%,140509053.0,rgph2024_logement_urbain,201.0
ouezzane,centre_urbain,,,nature_occupation,Logement non occupé,Logement secondaire/saisonnier,12.101910828025478,%,140509053.0,rgph2024_logement_urbain,201.0
ouezzane,centre_urbain,,,nature_occupation,Logement non occupé,Total logement non occupé,18.895966029724,%,140509053.0,rgph2024_logement_urbain,201.0
ouezzane,centre_urbain,,,type_logement,Logement non précaire ou salubre,Villa ou niveau de villa,0.2,%,140509053.0,rgph2024_logement_urbain,201.0
ouezzane,centre_urbain,,,type_logement,Logement non précaire ou salubre,Appartement,4.9,%,140509053.0,rgph2024_logement_urbain,201.0
ouezzane,centre_urbain,,,type_logement,Logement non précaire ou salubre,Maison marocaine traditionnelle,0.4,%,140509053.0,rgph2024_logement_urbain,201.0
ouezzane,centre_urbain,,,type_logement,Logement non précaire ou salubre,Maison marocaine moderne,45.9,%,140509053.0,rgph2024_logement_urbain,201.0
ouezzane,centre_urbain,,,type_logement,Logement non précaire ou salubre,Total non précaire,51.4,%,140509053.0,rgph2024_logement_urbain,201.0
ouezzane,centre_urbain,,,type_logement,Logement précaire,Maison sommaire ou bidonville,0.8,%,140509053.0,rgph2024_logement_urbain,201.0
ouezzane,centre_urbain,,,type_logement,Logement précaire,Logement en type rural,47.1,%,140509053.0,rgph2024_logement_urbain,201.0
ouezzane,centre_urbain,,,type_logement,Logement précaire,Autres type,0.6,%,140509053.0,rgph2024_logement_urbain,201.0
ouezzane,centre_urbain,,,type_logement,Logement précaire,Total précaire,48.6,%,140509053.0,rgph2024_logement_urbain,201.0
ouezzane,centre_urbain,,,age_logement,,Moins de 20 ans,55.0,%,140509053.0,rgph2024_logement_urbain,201.0
ouezzane,centre_urbain,,,age_logement,,De 20 à moins de 50 ans,20.8,%,140509053.0,rgph2024_logement_urbain,201.0
ouezzane,centre_urbain,,,age_logement,,50 ans et plus,24.2,%,140509053.0,rgph2024_logement_urbain,201.0
ouezzane,centre_urbain,,,age_logement_par_type,Villa ou niveau de villa,Moins de 20 ans,100.0,%,140509053.0,rgph2024_logement_urbain,201.0
ouezzane,centre_urbain,,,age_logement_par_type,Villa ou niveau de villa,De 20 à moins de 50 ans,0.0,%,140509053.0,rgph2024_logement_urbain,201.0
ouezzane,centre_urbain,,,age_logement_par_type,Villa ou niveau de villa,50 ans et plus,0.0,%,140509053.0,rgph2024_logement_urbain,201.0
ouezzane,centre_urbain,,,age_logement_par_type,Appartement,Moins de 20 ans,73.9,%,140509053.0,rgph2024_logement_urbain,201.0
ouezzane,centre_urbain,,,age_logement_par_type,Appartement,De 20 à moins de 50 ans,8.7,%,140509053.0,rgph2024_logement_urbain,201.0
ouezzane,centre_urbain,,,age_logement_par_type,Appartement,50 ans et plus,17.4,%,140509053.0,rgph2024_logement_urbain,201.0
ouezzane,centre_urbain,,,age_logement_par_type,Maison marocaine traditionnelle,Moins de 20 ans,100.0,%,140509053.0,rgph2024_logement_urbain,201.0
ouezzane,centre_urbain,,,age_logement_par_type,Maison marocaine traditionnelle,De 20 à moins de 50 ans,0.0,%,140509053.0,rgph2024_logement_urbain,201.0
ouezzane,centre_urbain,,,age_logement_par_type,Maison marocaine traditionnelle,50 ans et plus,0.0,%,140509053.0,rgph2024_logement_urbain,201.0
ouezzane,centre_urbain,,,age_logement_par_type,Maison marocaine moderne,Moins de 20 ans,67.6,%,140509053.0,rgph2024_logement_urbain,201.0
ouezzane,centre_urbain,,,age_logement_par_type,Maison marocaine moderne,De 20 à moins de 50 ans,9.3,%,140509053.0,rgph2024_logement_urbain,201.0
ouezzane,centre_urbain,,,age_logement_par_type,Maison marocaine moderne,50 ans et plus,23.1,%,140509053.0,rgph2024_logement_urbain,201.0
ouezzane,centre_urbain,,,age_logement_par_type,Total non précaire,Moins de 20 ans,68.6,%,140509053.0,rgph2024_logement_urbain,201.0
ouezzane,centre_urbain,,,age_logement_par_type,Total non précaire,De 20 à moins de 50 ans,9.1,%,140509053.0,rgph2024_logement_urbain,201.0
ouezzane,centre_urbain,,,age_logement_par_type,Total non précaire,50 ans et plus,22.3,%,140509053.0,rgph2024_logement_urbain,201.0
ouezzane,centre_urbain,,,age_logement_par_type,Maison sommaire ou bidonville,Moins de 20 ans,100.0,%,140509053.0,rgph2024_logement_urbain,201.0
ouezzane,centre_urbain,,,age_logement_par_type,Maison sommaire ou bidonville,De 20 à moins de 50 ans,0.0,%,140509053.0,rgph2024_logement_urbain,201.0
ouezzane,centre_urbain,,,age_logement_par_type,Maison sommaire ou bidonville,50 ans et plus,0.0,%,140509053.0,rgph2024_logement_urbain,201.0
ouezzane,centre_urbain,,,age_logement_par_type,Logement en type rural,Moins de 20 ans,39.2,%,140509053.0,rgph2024_logement_urbain,201.0
ouezzane,centre_urbain,,,age_logement_par_type,Logement en type rural,De 20 à moins de 50 ans,33.8,%,140509053.0,rgph2024_logement_urbain,201.0
ouezzane,centre_urbain,,,age_logement_par_type,Logement en type rural,50 ans et plus,27.0,%,140509053.0,rgph2024_logement_urbain,201.0
ouezzane,centre_urbain,,,age_logement_par_type,Autres type,Moins de 20 ans,66.7,%,140509053.0,rgph2024_logement_urbain,201.0
ouezzane,centre_urbain,,,age_logement_par_type,Autres type,De 20 à moins de 50 ans,33.3,%,140509053.0,rgph2024_logement_urbain,201.0
ouezzane,centre_urbain,,,age_logement_par_type,Autres type,50 ans et plus,0.0,%,140509053.0,rgph2024_logement_urbain,201.0
ouezzane,centre_urbain,,,age_logement_par_type,Total précaire,Moins de 20 ans,40.6,%,140509053.0,rgph2024_logement_urbain,201.0
ouezzane,centre_urbain,,,age_logement_par_type,Total précaire,De 20 à moins de 50 ans,33.2,%,140509053.0,rgph2024_logement_urbain,201.0
ouezzane,centre_urbain,,,age_logement_par_type,Total précaire,50 ans et plus,26.2,%,140509053.0,rgph2024_logement_urbain,201.0
ouezzane,centre_urbain,,,materiaux_murs,,"Béton armé, briques avec mortier",53.07855626326964,%,140509053.0,rgph2024_logement_urbain,201.0
ouezzane,centre_urbain,,,materiaux_murs,,Pierre agglomérée avec mortier,4.45859872611465,%,140509053.0,rgph2024_logement_urbain,201.0
ouezzane,centre_urbain,,,materiaux_murs,,Autres,42.46284501061572,%,140509053.0,rgph2024_logement_urbain,201.0
ouezzane,centre_urbain,,,materiaux_toits,,Dalle,52.653927813163484,%,140509053.0,rgph2024_logement_urbain,201.0
ouezzane,centre_urbain,,,materiaux_toits,,"Planches, bois ou tuiles",0.4246284501061571,%,140509053.0,rgph2024_logement_urbain,201.0
ouezzane,centre_urbain,,,materiaux_toits,,Tôle en ciment ou en zinc,3.821656050955414,%,140509053.0,rgph2024_logement_urbain,201.0
ouezzane,centre_urbain,,,materiaux_toits,,Autres,43.09978768577495,%,140509053.0,rgph2024_logement_urbain,201.0
ouezzane,centre_urbain,,,services_base,,Réseau public d'électricité,95.54140127388536,%,140509053.0,rgph2024_logement_urbain,201.0
ouezzane,centre_urbain,,,services_base,,Réseau public d'eau,83.43949044585987,%,140509053.0,rgph2024_logement_urbain,201.0
ouezzane,centre_urbain,,,services_base,,Réseau public d'assainissement,57.961783439490446,%,140509053.0,rgph2024_logement_urbain,201.0
ouezzane,centre_urbain,,,deficit_logement,,Taux de déficit quantitatif en logement (%),126.5,%,140509053.0,rgph2024_logement_urbain,201.0
ouezzane,commune,,,total_logements,,Total des logements urbains,738.0,logements,14050909.0,rgph2024_logement_urbain,176.0
ouezzane,commune,,,nature_occupation,,Logement occupé,73.44173441734418,%,14050909.0,rgph2024_logement_urbain,176.0
ouezzane,commune,,,nature_occupation,Logement non occupé,Logement vacants,9.078590785907858,%,14050909.0,rgph2024_logement_urbain,176.0
ouezzane,commune,,,nature_occupation,Logement non occupé,Logement secondaire/saisonnier,17.479674796747968,%,14050909.0,rgph2024_logement_urbain,176.0
ouezzane,commune,,,nature_occupation,Logement non occupé,Total logement non occupé,26.558265582655828,%,14050909.0,rgph2024_logement_urbain,176.0
ouezzane,commune,,,type_logement,Logement non précaire ou salubre,Villa ou niveau de villa,0.4,%,14050909.0,rgph2024_logement_urbain,176.0
ouezzane,commune,,,type_logement,Logement non précaire ou salubre,Appartement,1.5,%,14050909.0,rgph2024_logement_urbain,176.0
ouezzane,commune,,,type_logement,Logement non précaire ou salubre,Maison marocaine traditionnelle,0.4,%,14050909.0,rgph2024_logement_urbain,176.0
ouezzane,commune,,,type_logement,Logement non précaire ou salubre,Maison marocaine moderne,74.5,%,14050909.0,rgph2024_logement_urbain,176.0
ouezzane,commune,,,type_logement,Logement non précaire ou salubre,Total non précaire,76.8,%,14050909.0,rgph2024_logement_urbain,176.0
ouezzane,commune,,,type_logement,Logement précaire,Maison sommaire ou bidonville,0.3,%,14050909.0,rgph2024_logement_urbain,176.0
ouezzane,commune,,,type_logement,Logement précaire,Logement en type rural,21.5,%,14050909.0,rgph2024_logement_urbain,176.0
ouezzane,commune,,,type_logement,Logement précaire,Autres type,1.4,%,14050909.0,rgph2024_logement_urbain,176.0
ouezzane,commune,,,type_logement,Logement précaire,Total précaire,23.2,%,14050909.0,rgph2024_logement_urbain,176.0
ouezzane,commune,,,age_logement,,Moins de 20 ans,60.0,%,14050909.0,rgph2024_logement_urbain,176.0
ouezzane,commune,,,age_logement,,De 20 à moins de 50 ans,37.5,%,14050909.0,rgph2024_logement_urbain,176.0
ouezzane,commune,,,age_logement,,50 ans et plus,2.4,%,14050909.0,rgph2024_logement_urbain,176.0
ouezzane,commune,,,age_logement_par_type,Villa ou niveau de villa,Moins de 20 ans,100.0,%,14050909.0,rgph2024_logement_urbain,176.0
ouezzane,commune,,,age_logement_par_type,Villa ou niveau de villa,De 20 à moins de 50 ans,0.0,%,14050909.0,rgph2024_logement_urbain,176.0
ouezzane,commune,,,age_logement_par_type,Villa ou niveau de villa,50 ans et plus,0.0,%,14050909.0,rgph2024_logement_urbain,176.0
ouezzane,commune,,,age_logement_par_type,Appartement,Moins de 20 ans,100.0,%,14050909.0,rgph2024_logement_urbain,176.0
ouezzane,commune,,,age_logement_par_type,Appartement,De 20 à moins de 50 ans,0.0,%,14050909.0,rgph2024_logement_urbain,176.0
ouezzane,commune,,,age_logement_par_type,Appartement,50 ans et plus,0.0,%,14050909.0,rgph2024_logement_urbain,176.0
ouezzane,commune,,,age_logement_par_type,Maison marocaine traditionnelle,Moins de 20 ans,66.7,%,14050909.0,rgph2024_logement_urbain,176.0
ouezzane,commune,,,age_logement_par_type,Maison marocaine traditionnelle,De 20 à moins de 50 ans,33.3,%,14050909.0,rgph2024_logement_urbain,176.0
ouezzane,commune,,,age_logement_par_type,Maison marocaine traditionnelle,50 ans et plus,0.0,%,14050909.0,rgph2024_logement_urbain,176.0
ouezzane,commune,,,age_logement_par_type,Maison marocaine moderne,Moins de 20 ans,73.1,%,14050909.0,rgph2024_logement_urbain,176.0
ouezzane,commune,,,age_logement_par_type,Maison marocaine moderne,De 20 à moins de 50 ans,26.2,%,14050909.0,rgph2024_logement_urbain,176.0
ouezzane,commune,,,age_logement_par_type,Maison marocaine moderne,50 ans et plus,0.7,%,14050909.0,rgph2024_logement_urbain,176.0
ouezzane,commune,,,age_logement_par_type,Total non précaire,Moins de 20 ans,73.7,%,14050909.0,rgph2024_logement_urbain,176.0
ouezzane,commune,,,age_logement_par_type,Total non précaire,De 20 à moins de 50 ans,25.6,%,14050909.0,rgph2024_logement_urbain,176.0
ouezzane,commune,,,age_logement_par_type,Total non précaire,50 ans et plus,0.7,%,14050909.0,rgph2024_logement_urbain,176.0
ouezzane,commune,,,age_logement_par_type,Maison sommaire ou bidonville,Moins de 20 ans,0.0,%,14050909.0,rgph2024_logement_urbain,176.0
ouezzane,commune,,,age_logement_par_type,Maison sommaire ou bidonville,De 20 à moins de 50 ans,100.0,%,14050909.0,rgph2024_logement_urbain,176.0
ouezzane,commune,,,age_logement_par_type,Maison sommaire ou bidonville,50 ans et plus,0.0,%,14050909.0,rgph2024_logement_urbain,176.0
ouezzane,commune,,,age_logement_par_type,Logement en type rural,Moins de 20 ans,12.6,%,14050909.0,rgph2024_logement_urbain,176.0
ouezzane,commune,,,age_logement_par_type,Logement en type rural,De 20 à moins de 50 ans,79.2,%,14050909.0,rgph2024_logement_urbain,176.0
ouezzane,commune,,,age_logement_par_type,Logement en type rural,50 ans et plus,8.2,%,14050909.0,rgph2024_logement_urbain,176.0
ouezzane,commune,,,age_logement_par_type,Autres type,Moins de 20 ans,50.0,%,14050909.0,rgph2024_logement_urbain,176.0
ouezzane,commune,,,age_logement_par_type,Autres type,De 20 à moins de 50 ans,40.0,%,14050909.0,rgph2024_logement_urbain,176.0
ouezzane,commune,,,age_logement_par_type,Autres type,50 ans et plus,10.0,%,14050909.0,rgph2024_logement_urbain,176.0
ouezzane,commune,,,age_logement_par_type,Total précaire,Moins de 20 ans,14.6,%,14050909.0,rgph2024_logement_urbain,176.0
ouezzane,commune,,,age_logement_par_type,Total précaire,De 20 à moins de 50 ans,77.2,%,14050909.0,rgph2024_logement_urbain,176.0
ouezzane,commune,,,age_logement_par_type,Total précaire,50 ans et plus,8.2,%,14050909.0,rgph2024_logement_urbain,176.0
ouezzane,commune,,,materiaux_murs,,"Béton armé, briques avec mortier",81.16531165311653,%,14050909.0,rgph2024_logement_urbain,176.0
ouezzane,commune,,,materiaux_murs,,Pierre agglomérée avec mortier,14.905149051490516,%,14050909.0,rgph2024_logement_urbain,176.0
ouezzane,commune,,,materiaux_murs,,Autres,3.9295392953929538,%,14050909.0,rgph2024_logement_urbain,176.0
ouezzane,commune,,,materiaux_toits,,Dalle,77.91327913279133,%,14050909.0,rgph2024_logement_urbain,176.0
ouezzane,commune,,,materiaux_toits,,"Planches, bois ou tuiles",3.9295392953929538,%,14050909.0,rgph2024_logement_urbain,176.0
ouezzane,commune,,,materiaux_toits,,Tôle en ciment ou en zinc,4.878048780487805,%,14050909.0,rgph2024_logement_urbain,176.0
ouezzane,commune,,,materiaux_toits,,Autres,13.279132791327914,%,14050909.0,rgph2024_logement_urbain,176.0
ouezzane,commune,,,services_base,,Réseau public d'électricité,94.3089430894309,%,14050909.0,rgph2024_logement_urbain,176.0
ouezzane,commune,,,services_base,,Réseau public d'eau,86.99186991869918,%,14050909.0,rgph2024_logement_urbain,176.0
ouezzane,commune,,,services_base,,Réseau public d'assainissement,67.34417344173443,%,14050909.0,rgph2024_logement_urbain,176.0
ouezzane,commune,,,deficit_logement,,Taux de déficit quantitatif en logement (%),40.4,%,14050909.0,rgph2024_logement_urbain,176.0
ouezzane,centre_urbain,,,total_logements,,Total des logements urbains,738.0,logements,140509093.0,rgph2024_logement_urbain,202.0
ouezzane,centre_urbain,,,nature_occupation,,Logement occupé,73.44173441734418,%,140509093.0,rgph2024_logement_urbain,202.0
ouezzane,centre_urbain,,,nature_occupation,Logement non occupé,Logement vacants,9.078590785907858,%,140509093.0,rgph2024_logement_urbain,202.0
ouezzane,centre_urbain,,,nature_occupation,Logement non occupé,Logement secondaire/saisonnier,17.479674796747968,%,140509093.0,rgph2024_logement_urbain,202.0
ouezzane,centre_urbain,,,nature_occupation,Logement non occupé,Total logement non occupé,26.558265582655828,%,140509093.0,rgph2024_logement_urbain,202.0
ouezzane,centre_urbain,,,type_logement,Logement non précaire ou salubre,Villa ou niveau de villa,0.4,%,140509093.0,rgph2024_logement_urbain,202.0
ouezzane,centre_urbain,,,type_logement,Logement non précaire ou salubre,Appartement,1.5,%,140509093.0,rgph2024_logement_urbain,202.0
ouezzane,centre_urbain,,,type_logement,Logement non précaire ou salubre,Maison marocaine traditionnelle,0.4,%,140509093.0,rgph2024_logement_urbain,202.0
ouezzane,centre_urbain,,,type_logement,Logement non précaire ou salubre,Maison marocaine moderne,74.5,%,140509093.0,rgph2024_logement_urbain,202.0
ouezzane,centre_urbain,,,type_logement,Logement non précaire ou salubre,Total non précaire,76.8,%,140509093.0,rgph2024_logement_urbain,202.0
ouezzane,centre_urbain,,,type_logement,Logement précaire,Maison sommaire ou bidonville,0.3,%,140509093.0,rgph2024_logement_urbain,202.0
ouezzane,centre_urbain,,,type_logement,Logement précaire,Logement en type rural,21.5,%,140509093.0,rgph2024_logement_urbain,202.0
ouezzane,centre_urbain,,,type_logement,Logement précaire,Autres type,1.4,%,140509093.0,rgph2024_logement_urbain,202.0
ouezzane,centre_urbain,,,type_logement,Logement précaire,Total précaire,23.2,%,140509093.0,rgph2024_logement_urbain,202.0
ouezzane,centre_urbain,,,age_logement,,Moins de 20 ans,60.0,%,140509093.0,rgph2024_logement_urbain,202.0
ouezzane,centre_urbain,,,age_logement,,De 20 à moins de 50 ans,37.5,%,140509093.0,rgph2024_logement_urbain,202.0
ouezzane,centre_urbain,,,age_logement,,50 ans et plus,2.4,%,140509093.0,rgph2024_logement_urbain,202.0
ouezzane,centre_urbain,,,age_logement_par_type,Villa ou niveau de villa,Moins de 20 ans,100.0,%,140509093.0,rgph2024_logement_urbain,202.0
ouezzane,centre_urbain,,,age_logement_par_type,Villa ou niveau de villa,De 20 à moins de 50 ans,0.0,%,140509093.0,rgph2024_logement_urbain,202.0
ouezzane,centre_urbain,,,age_logement_par_type,Villa ou niveau de villa,50 ans et plus,0.0,%,140509093.0,rgph2024_logement_urbain,202.0
ouezzane,centre_urbain,,,age_logement_par_type,Appartement,Moins de 20 ans,100.0,%,140509093.0,rgph2024_logement_urbain,202.0
ouezzane,centre_urbain,,,age_logement_par_type,Appartement,De 20 à moins de 50 ans,0.0,%,140509093.0,rgph2024_logement_urbain,202.0
ouezzane,centre_urbain,,,age_logement_par_type,Appartement,50 ans et plus,0.0,%,140509093.0,rgph2024_logement_urbain,202.0
ouezzane,centre_urbain,,,age_logement_par_type,Maison marocaine traditionnelle,Moins de 20 ans,66.7,%,140509093.0,rgph2024_logement_urbain,202.0
ouezzane,centre_urbain,,,age_logement_par_type,Maison marocaine traditionnelle,De 20 à moins de 50 ans,33.3,%,140509093.0,rgph2024_logement_urbain,202.0
ouezzane,centre_urbain,,,age_logement_par_type,Maison marocaine traditionnelle,50 ans et plus,0.0,%,140509093.0,rgph2024_logement_urbain,202.0
ouezzane,centre_urbain,,,age_logement_par_type,Maison marocaine moderne,Moins de 20 ans,73.1,%,140509093.0,rgph2024_logement_urbain,202.0
ouezzane,centre_urbain,,,age_logement_par_type,Maison marocaine moderne,De 20 à moins de 50 ans,26.2,%,140509093.0,rgph2024_logement_urbain,202.0
ouezzane,centre_urbain,,,age_logement_par_type,Maison marocaine moderne,50 ans et plus,0.7,%,140509093.0,rgph2024_logement_urbain,202.0
ouezzane,centre_urbain,,,age_logement_par_type,Total non précaire,Moins de 20 ans,73.7,%,140509093.0,rgph2024_logement_urbain,202.0
ouezzane,centre_urbain,,,age_logement_par_type,Total non précaire,De 20 à moins de 50 ans,25.6,%,140509093.0,rgph2024_logement_urbain,202.0
ouezzane,centre_urbain,,,age_logement_par_type,Total non précaire,50 ans et plus,0.7,%,140509093.0,rgph2024_logement_urbain,202.0
ouezzane,centre_urbain,,,age_logement_par_type,Maison sommaire ou bidonville,Moins de 20 ans,0.0,%,140509093.0,rgph2024_logement_urbain,202.0
ouezzane,centre_urbain,,,age_logement_par_type,Maison sommaire ou bidonville,De 20 à moins de 50 ans,100.0,%,140509093.0,rgph2024_logement_urbain,202.0
ouezzane,centre_urbain,,,age_logement_par_type,Maison sommaire ou bidonville,50 ans et plus,0.0,%,140509093.0,rgph2024_logement_urbain,202.0
ouezzane,centre_urbain,,,age_logement_par_type,Logement en type rural,Moins de 20 ans,12.6,%,140509093.0,rgph2024_logement_urbain,202.0
ouezzane,centre_urbain,,,age_logement_par_type,Logement en type rural,De 20 à moins de 50 ans,79.2,%,140509093.0,rgph2024_logement_urbain,202.0
ouezzane,centre_urbain,,,age_logement_par_type,Logement en type rural,50 ans et plus,8.2,%,140509093.0,rgph2024_logement_urbain,202.0
ouezzane,centre_urbain,,,age_logement_par_type,Autres type,Moins de 20 ans,50.0,%,140509093.0,rgph2024_logement_urbain,202.0
ouezzane,centre_urbain,,,age_logement_par_type,Autres type,De 20 à moins de 50 ans,40.0,%,140509093.0,rgph2024_logement_urbain,202.0
ouezzane,centre_urbain,,,age_logement_par_type,Autres type,50 ans et plus,10.0,%,140509093.0,rgph2024_logement_urbain,202.0
ouezzane,centre_urbain,,,age_logement_par_type,Total précaire,Moins de 20 ans,14.6,%,140509093.0,rgph2024_logement_urbain,202.0
ouezzane,centre_urbain,,,age_logement_par_type,Total précaire,De 20 à moins de 50 ans,77.2,%,140509093.0,rgph2024_logement_urbain,202.0
ouezzane,centre_urbain,,,age_logement_par_type,Total précaire,50 ans et plus,8.2,%,140509093.0,rgph2024_logement_urbain,202.0
ouezzane,centre_urbain,,,materiaux_murs,,"Béton armé, briques avec mortier",81.16531165311653,%,140509093.0,rgph2024_logement_urbain,202.0
ouezzane,centre_urbain,,,materiaux_murs,,Pierre agglomérée avec mortier,14.905149051490516,%,140509093.0,rgph2024_logement_urbain,202.0
ouezzane,centre_urbain,,,materiaux_murs,,Autres,3.9295392953929538,%,140509093.0,rgph2024_logement_urbain,202.0
ouezzane,centre_urbain,,,materiaux_toits,,Dalle,77.91327913279133,%,140509093.0,rgph2024_logement_urbain,202.0
ouezzane,centre_urbain,,,materiaux_toits,,"Planches, bois ou tuiles",3.9295392953929538,%,140509093.0,rgph2024_logement_urbain,202.0
ouezzane,centre_urbain,,,materiaux_toits,,Tôle en ciment ou en zinc,4.878048780487805,%,140509093.0,rgph2024_logement_urbain,202.0
ouezzane,centre_urbain,,,materiaux_toits,,Autres,13.279132791327914,%,140509093.0,rgph2024_logement_urbain,202.0
ouezzane,centre_urbain,,,services_base,,Réseau public d'électricité,94.3089430894309,%,140509093.0,rgph2024_logement_urbain,202.0
ouezzane,centre_urbain,,,services_base,,Réseau public d'eau,86.99186991869918,%,140509093.0,rgph2024_logement_urbain,202.0
ouezzane,centre_urbain,,,services_base,,Réseau public d'assainissement,67.34417344173443,%,140509093.0,rgph2024_logement_urbain,202.0
ouezzane,centre_urbain,,,deficit_logement,,Taux de déficit quantitatif en logement (%),40.4,%,140509093.0,rgph2024_logement_urbain,202.0
ouezzane,cercle,,,total_logements,,Total des logements urbains,1605.0,logements,140511.0,rgph2024_logement_urbain,33.0
ouezzane,cercle,,,nature_occupation,,Logement occupé,85.35825545171339,%,140511.0,rgph2024_logement_urbain,33.0
ouezzane,cercle,,,nature_occupation,Logement non occupé,Logement vacants,9.221183800623054,%,140511.0,rgph2024_logement_urbain,33.0
ouezzane,cercle,,,nature_occupation,Logement non occupé,Logement secondaire/saisonnier,5.420560747663552,%,140511.0,rgph2024_logement_urbain,33.0
ouezzane,cercle,,,nature_occupation,Logement non occupé,Total logement non occupé,14.641744548286606,%,140511.0,rgph2024_logement_urbain,33.0
ouezzane,cercle,,,type_logement,Logement non précaire ou salubre,Villa ou niveau de villa,0.2,%,140511.0,rgph2024_logement_urbain,33.0
ouezzane,cercle,,,type_logement,Logement non précaire ou salubre,Appartement,0.0,%,140511.0,rgph2024_logement_urbain,33.0
ouezzane,cercle,,,type_logement,Logement non précaire ou salubre,Maison marocaine traditionnelle,1.3,%,140511.0,rgph2024_logement_urbain,33.0
ouezzane,cercle,,,type_logement,Logement non précaire ou salubre,Maison marocaine moderne,66.7,%,140511.0,rgph2024_logement_urbain,33.0
ouezzane,cercle,,,type_logement,Logement non précaire ou salubre,Total non précaire,68.2,%,140511.0,rgph2024_logement_urbain,33.0
ouezzane,cercle,,,type_logement,Logement précaire,Maison sommaire ou bidonville,2.2,%,140511.0,rgph2024_logement_urbain,33.0
ouezzane,cercle,,,type_logement,Logement précaire,Logement en type rural,28.8,%,140511.0,rgph2024_logement_urbain,33.0
ouezzane,cercle,,,type_logement,Logement précaire,Autres type,0.7,%,140511.0,rgph2024_logement_urbain,33.0
ouezzane,cercle,,,type_logement,Logement précaire,Total précaire,31.8,%,140511.0,rgph2024_logement_urbain,33.0
ouezzane,cercle,,,age_logement,,Moins de 20 ans,55.6,%,140511.0,rgph2024_logement_urbain,33.0
ouezzane,cercle,,,age_logement,,De 20 à moins de 50 ans,43.4,%,140511.0,rgph2024_logement_urbain,33.0
ouezzane,cercle,,,age_logement,,50 ans et plus,0.9,%,140511.0,rgph2024_logement_urbain,33.0
ouezzane,cercle,,,age_logement_par_type,Villa ou niveau de villa,Moins de 20 ans,66.7,%,140511.0,rgph2024_logement_urbain,33.0
ouezzane,cercle,,,age_logement_par_type,Villa ou niveau de villa,De 20 à moins de 50 ans,33.3,%,140511.0,rgph2024_logement_urbain,33.0
ouezzane,cercle,,,age_logement_par_type,Villa ou niveau de villa,50 ans et plus,0.0,%,140511.0,rgph2024_logement_urbain,33.0
ouezzane,cercle,,,age_logement_par_type,Appartement,Moins de 20 ans,0.0,%,140511.0,rgph2024_logement_urbain,33.0
ouezzane,cercle,,,age_logement_par_type,Appartement,De 20 à moins de 50 ans,0.0,%,140511.0,rgph2024_logement_urbain,33.0
ouezzane,cercle,,,age_logement_par_type,Appartement,50 ans et plus,0.0,%,140511.0,rgph2024_logement_urbain,33.0
ouezzane,cercle,,,age_logement_par_type,Maison marocaine traditionnelle,Moins de 20 ans,71.4,%,140511.0,rgph2024_logement_urbain,33.0
ouezzane,cercle,,,age_logement_par_type,Maison marocaine traditionnelle,De 20 à moins de 50 ans,28.6,%,140511.0,rgph2024_logement_urbain,33.0
ouezzane,cercle,,,age_logement_par_type,Maison marocaine traditionnelle,50 ans et plus,0.0,%,140511.0,rgph2024_logement_urbain,33.0
ouezzane,cercle,,,age_logement_par_type,Maison marocaine moderne,Moins de 20 ans,65.8,%,140511.0,rgph2024_logement_urbain,33.0
ouezzane,cercle,,,age_logement_par_type,Maison marocaine moderne,De 20 à moins de 50 ans,34.1,%,140511.0,rgph2024_logement_urbain,33.0
ouezzane,cercle,,,age_logement_par_type,Maison marocaine moderne,50 ans et plus,0.1,%,140511.0,rgph2024_logement_urbain,33.0
ouezzane,cercle,,,age_logement_par_type,Total non précaire,Moins de 20 ans,65.9,%,140511.0,rgph2024_logement_urbain,33.0
ouezzane,cercle,,,age_logement_par_type,Total non précaire,De 20 à moins de 50 ans,34.0,%,140511.0,rgph2024_logement_urbain,33.0
ouezzane,cercle,,,age_logement_par_type,Total non précaire,50 ans et plus,0.1,%,140511.0,rgph2024_logement_urbain,33.0
ouezzane,cercle,,,age_logement_par_type,Maison sommaire ou bidonville,Moins de 20 ans,17.1,%,140511.0,rgph2024_logement_urbain,33.0
ouezzane,cercle,,,age_logement_par_type,Maison sommaire ou bidonville,De 20 à moins de 50 ans,74.3,%,140511.0,rgph2024_logement_urbain,33.0
ouezzane,cercle,,,age_logement_par_type,Maison sommaire ou bidonville,50 ans et plus,8.6,%,140511.0,rgph2024_logement_urbain,33.0
ouezzane,cercle,,,age_logement_par_type,Logement en type rural,Moins de 20 ans,34.8,%,140511.0,rgph2024_logement_urbain,33.0
ouezzane,cercle,,,age_logement_par_type,Logement en type rural,De 20 à moins de 50 ans,62.9,%,140511.0,rgph2024_logement_urbain,33.0
ouezzane,cercle,,,age_logement_par_type,Logement en type rural,50 ans et plus,2.4,%,140511.0,rgph2024_logement_urbain,33.0
ouezzane,cercle,,,age_logement_par_type,Autres type,Moins de 20 ans,33.3,%,140511.0,rgph2024_logement_urbain,33.0
ouezzane,cercle,,,age_logement_par_type,Autres type,De 20 à moins de 50 ans,66.7,%,140511.0,rgph2024_logement_urbain,33.0
ouezzane,cercle,,,age_logement_par_type,Autres type,50 ans et plus,0.0,%,140511.0,rgph2024_logement_urbain,33.0
ouezzane,cercle,,,age_logement_par_type,Total précaire,Moins de 20 ans,33.5,%,140511.0,rgph2024_logement_urbain,33.0
ouezzane,cercle,,,age_logement_par_type,Total précaire,De 20 à moins de 50 ans,63.7,%,140511.0,rgph2024_logement_urbain,33.0
ouezzane,cercle,,,age_logement_par_type,Total précaire,50 ans et plus,2.7,%,140511.0,rgph2024_logement_urbain,33.0
ouezzane,cercle,,,materiaux_murs,,"Béton armé, briques avec mortier",68.41121495327103,%,140511.0,rgph2024_logement_urbain,33.0
ouezzane,cercle,,,materiaux_murs,,Pierre agglomérée avec mortier,2.990654205607477,%,140511.0,rgph2024_logement_urbain,33.0
ouezzane,cercle,,,materiaux_murs,,Autres,28.59813084112149,%,140511.0,rgph2024_logement_urbain,33.0
ouezzane,cercle,,,materiaux_toits,,Dalle,66.60436137071652,%,140511.0,rgph2024_logement_urbain,33.0
ouezzane,cercle,,,materiaux_toits,,"Planches, bois ou tuiles",2.741433021806853,%,140511.0,rgph2024_logement_urbain,33.0
ouezzane,cercle,,,materiaux_toits,,Tôle en ciment ou en zinc,1.1838006230529596,%,140511.0,rgph2024_logement_urbain,33.0
ouezzane,cercle,,,materiaux_toits,,Autres,29.47040498442368,%,140511.0,rgph2024_logement_urbain,33.0
ouezzane,cercle,,,services_base,,Réseau public d'électricité,93.95638629283488,%,140511.0,rgph2024_logement_urbain,33.0
ouezzane,cercle,,,services_base,,Réseau public d'eau,88.59813084112149,%,140511.0,rgph2024_logement_urbain,33.0
ouezzane,cercle,,,services_base,,Réseau public d'assainissement,66.23052959501557,%,140511.0,rgph2024_logement_urbain,33.0
ouezzane,cercle,,,deficit_logement,,Taux de déficit quantitatif en logement (%),53.6,%,140511.0,rgph2024_logement_urbain,33.0
ouezzane,commune,,,total_logements,,Total des logements urbains,1605.0,logements,14051111.0,rgph2024_logement_urbain,179.0
ouezzane,commune,,,nature_occupation,,Logement occupé,85.35825545171339,%,14051111.0,rgph2024_logement_urbain,179.0
ouezzane,commune,,,nature_occupation,Logement non occupé,Logement vacants,9.221183800623054,%,14051111.0,rgph2024_logement_urbain,179.0
ouezzane,commune,,,nature_occupation,Logement non occupé,Logement secondaire/saisonnier,5.420560747663552,%,14051111.0,rgph2024_logement_urbain,179.0
ouezzane,commune,,,nature_occupation,Logement non occupé,Total logement non occupé,14.641744548286606,%,14051111.0,rgph2024_logement_urbain,179.0
ouezzane,commune,,,type_logement,Logement non précaire ou salubre,Villa ou niveau de villa,0.2,%,14051111.0,rgph2024_logement_urbain,179.0
ouezzane,commune,,,type_logement,Logement non précaire ou salubre,Appartement,0.0,%,14051111.0,rgph2024_logement_urbain,179.0
ouezzane,commune,,,type_logement,Logement non précaire ou salubre,Maison marocaine traditionnelle,1.3,%,14051111.0,rgph2024_logement_urbain,179.0
ouezzane,commune,,,type_logement,Logement non précaire ou salubre,Maison marocaine moderne,66.7,%,14051111.0,rgph2024_logement_urbain,179.0
ouezzane,commune,,,type_logement,Logement non précaire ou salubre,Total non précaire,68.2,%,14051111.0,rgph2024_logement_urbain,179.0
ouezzane,commune,,,type_logement,Logement précaire,Maison sommaire ou bidonville,2.2,%,14051111.0,rgph2024_logement_urbain,179.0
ouezzane,commune,,,type_logement,Logement précaire,Logement en type rural,28.8,%,14051111.0,rgph2024_logement_urbain,179.0
ouezzane,commune,,,type_logement,Logement précaire,Autres type,0.7,%,14051111.0,rgph2024_logement_urbain,179.0
ouezzane,commune,,,type_logement,Logement précaire,Total précaire,31.8,%,14051111.0,rgph2024_logement_urbain,179.0
ouezzane,commune,,,age_logement,,Moins de 20 ans,55.6,%,14051111.0,rgph2024_logement_urbain,179.0
ouezzane,commune,,,age_logement,,De 20 à moins de 50 ans,43.4,%,14051111.0,rgph2024_logement_urbain,179.0
ouezzane,commune,,,age_logement,,50 ans et plus,0.9,%,14051111.0,rgph2024_logement_urbain,179.0
ouezzane,commune,,,age_logement_par_type,Villa ou niveau de villa,Moins de 20 ans,66.7,%,14051111.0,rgph2024_logement_urbain,179.0
ouezzane,commune,,,age_logement_par_type,Villa ou niveau de villa,De 20 à moins de 50 ans,33.3,%,14051111.0,rgph2024_logement_urbain,179.0
ouezzane,commune,,,age_logement_par_type,Villa ou niveau de villa,50 ans et plus,0.0,%,14051111.0,rgph2024_logement_urbain,179.0
ouezzane,commune,,,age_logement_par_type,Appartement,Moins de 20 ans,0.0,%,14051111.0,rgph2024_logement_urbain,179.0
ouezzane,commune,,,age_logement_par_type,Appartement,De 20 à moins de 50 ans,0.0,%,14051111.0,rgph2024_logement_urbain,179.0
ouezzane,commune,,,age_logement_par_type,Appartement,50 ans et plus,0.0,%,14051111.0,rgph2024_logement_urbain,179.0
ouezzane,commune,,,age_logement_par_type,Maison marocaine traditionnelle,Moins de 20 ans,71.4,%,14051111.0,rgph2024_logement_urbain,179.0
ouezzane,commune,,,age_logement_par_type,Maison marocaine traditionnelle,De 20 à moins de 50 ans,28.6,%,14051111.0,rgph2024_logement_urbain,179.0
ouezzane,commune,,,age_logement_par_type,Maison marocaine traditionnelle,50 ans et plus,0.0,%,14051111.0,rgph2024_logement_urbain,179.0
ouezzane,commune,,,age_logement_par_type,Maison marocaine moderne,Moins de 20 ans,65.8,%,14051111.0,rgph2024_logement_urbain,179.0
ouezzane,commune,,,age_logement_par_type,Maison marocaine moderne,De 20 à moins de 50 ans,34.1,%,14051111.0,rgph2024_logement_urbain,179.0
ouezzane,commune,,,age_logement_par_type,Maison marocaine moderne,50 ans et plus,0.1,%,14051111.0,rgph2024_logement_urbain,179.0
ouezzane,commune,,,age_logement_par_type,Total non précaire,Moins de 20 ans,65.9,%,14051111.0,rgph2024_logement_urbain,179.0
ouezzane,commune,,,age_logement_par_type,Total non précaire,De 20 à moins de 50 ans,34.0,%,14051111.0,rgph2024_logement_urbain,179.0
ouezzane,commune,,,age_logement_par_type,Total non précaire,50 ans et plus,0.1,%,14051111.0,rgph2024_logement_urbain,179.0
ouezzane,commune,,,age_logement_par_type,Maison sommaire ou bidonville,Moins de 20 ans,17.1,%,14051111.0,rgph2024_logement_urbain,179.0
ouezzane,commune,,,age_logement_par_type,Maison sommaire ou bidonville,De 20 à moins de 50 ans,74.3,%,14051111.0,rgph2024_logement_urbain,179.0
ouezzane,commune,,,age_logement_par_type,Maison sommaire ou bidonville,50 ans et plus,8.6,%,14051111.0,rgph2024_logement_urbain,179.0
ouezzane,commune,,,age_logement_par_type,Logement en type rural,Moins de 20 ans,34.8,%,14051111.0,rgph2024_logement_urbain,179.0
ouezzane,commune,,,age_logement_par_type,Logement en type rural,De 20 à moins de 50 ans,62.9,%,14051111.0,rgph2024_logement_urbain,179.0
ouezzane,commune,,,age_logement_par_type,Logement en type rural,50 ans et plus,2.4,%,14051111.0,rgph2024_logement_urbain,179.0
ouezzane,commune,,,age_logement_par_type,Autres type,Moins de 20 ans,33.3,%,14051111.0,rgph2024_logement_urbain,179.0
ouezzane,commune,,,age_logement_par_type,Autres type,De 20 à moins de 50 ans,66.7,%,14051111.0,rgph2024_logement_urbain,179.0
ouezzane,commune,,,age_logement_par_type,Autres type,50 ans et plus,0.0,%,14051111.0,rgph2024_logement_urbain,179.0
ouezzane,commune,,,age_logement_par_type,Total précaire,Moins de 20 ans,33.5,%,14051111.0,rgph2024_logement_urbain,179.0
ouezzane,commune,,,age_logement_par_type,Total précaire,De 20 à moins de 50 ans,63.7,%,14051111.0,rgph2024_logement_urbain,179.0
ouezzane,commune,,,age_logement_par_type,Total précaire,50 ans et plus,2.7,%,14051111.0,rgph2024_logement_urbain,179.0
ouezzane,commune,,,materiaux_murs,,"Béton armé, briques avec mortier",68.41121495327103,%,14051111.0,rgph2024_logement_urbain,179.0
ouezzane,commune,,,materiaux_murs,,Pierre agglomérée avec mortier,2.990654205607477,%,14051111.0,rgph2024_logement_urbain,179.0
ouezzane,commune,,,materiaux_murs,,Autres,28.59813084112149,%,14051111.0,rgph2024_logement_urbain,179.0
ouezzane,commune,,,materiaux_toits,,Dalle,66.60436137071652,%,14051111.0,rgph2024_logement_urbain,179.0
ouezzane,commune,,,materiaux_toits,,"Planches, bois ou tuiles",2.741433021806853,%,14051111.0,rgph2024_logement_urbain,179.0
ouezzane,commune,,,materiaux_toits,,Tôle en ciment ou en zinc,1.1838006230529596,%,14051111.0,rgph2024_logement_urbain,179.0
ouezzane,commune,,,materiaux_toits,,Autres,29.47040498442368,%,14051111.0,rgph2024_logement_urbain,179.0
ouezzane,commune,,,services_base,,Réseau public d'électricité,93.95638629283488,%,14051111.0,rgph2024_logement_urbain,179.0
ouezzane,commune,,,services_base,,Réseau public d'eau,88.59813084112149,%,14051111.0,rgph2024_logement_urbain,179.0
ouezzane,commune,,,services_base,,Réseau public d'assainissement,66.23052959501557,%,14051111.0,rgph2024_logement_urbain,179.0
ouezzane,commune,,,deficit_logement,,Taux de déficit quantitatif en logement (%),53.6,%,14051111.0,rgph2024_logement_urbain,179.0
ouezzane,centre_urbain,,,total_logements,,Total des logements urbains,1605.0,logements,140511113.0,rgph2024_logement_urbain,203.0
ouezzane,centre_urbain,,,nature_occupation,,Logement occupé,85.35825545171339,%,140511113.0,rgph2024_logement_urbain,203.0
ouezzane,centre_urbain,,,nature_occupation,Logement non occupé,Logement vacants,9.221183800623054,%,140511113.0,rgph2024_logement_urbain,203.0
ouezzane,centre_urbain,,,nature_occupation,Logement non occupé,Logement secondaire/saisonnier,5.420560747663552,%,140511113.0,rgph2024_logement_urbain,203.0
ouezzane,centre_urbain,,,nature_occupation,Logement non occupé,Total logement non occupé,14.641744548286606,%,140511113.0,rgph2024_logement_urbain,203.0
ouezzane,centre_urbain,,,type_logement,Logement non précaire ou salubre,Villa ou niveau de villa,0.2,%,140511113.0,rgph2024_logement_urbain,203.0
ouezzane,centre_urbain,,,type_logement,Logement non précaire ou salubre,Appartement,0.0,%,140511113.0,rgph2024_logement_urbain,203.0
ouezzane,centre_urbain,,,type_logement,Logement non précaire ou salubre,Maison marocaine traditionnelle,1.3,%,140511113.0,rgph2024_logement_urbain,203.0
ouezzane,centre_urbain,,,type_logement,Logement non précaire ou salubre,Maison marocaine moderne,66.7,%,140511113.0,rgph2024_logement_urbain,203.0
ouezzane,centre_urbain,,,type_logement,Logement non précaire ou salubre,Total non précaire,68.2,%,140511113.0,rgph2024_logement_urbain,203.0
ouezzane,centre_urbain,,,type_logement,Logement précaire,Maison sommaire ou bidonville,2.2,%,140511113.0,rgph2024_logement_urbain,203.0
ouezzane,centre_urbain,,,type_logement,Logement précaire,Logement en type rural,28.8,%,140511113.0,rgph2024_logement_urbain,203.0
ouezzane,centre_urbain,,,type_logement,Logement précaire,Autres type,0.7,%,140511113.0,rgph2024_logement_urbain,203.0
ouezzane,centre_urbain,,,type_logement,Logement précaire,Total précaire,31.8,%,140511113.0,rgph2024_logement_urbain,203.0
ouezzane,centre_urbain,,,age_logement,,Moins de 20 ans,55.6,%,140511113.0,rgph2024_logement_urbain,203.0
ouezzane,centre_urbain,,,age_logement,,De 20 à moins de 50 ans,43.4,%,140511113.0,rgph2024_logement_urbain,203.0
ouezzane,centre_urbain,,,age_logement,,50 ans et plus,0.9,%,140511113.0,rgph2024_logement_urbain,203.0
ouezzane,centre_urbain,,,age_logement_par_type,Villa ou niveau de villa,Moins de 20 ans,66.7,%,140511113.0,rgph2024_logement_urbain,203.0
ouezzane,centre_urbain,,,age_logement_par_type,Villa ou niveau de villa,De 20 à moins de 50 ans,33.3,%,140511113.0,rgph2024_logement_urbain,203.0
ouezzane,centre_urbain,,,age_logement_par_type,Villa ou niveau de villa,50 ans et plus,0.0,%,140511113.0,rgph2024_logement_urbain,203.0
ouezzane,centre_urbain,,,age_logement_par_type,Appartement,Moins de 20 ans,0.0,%,140511113.0,rgph2024_logement_urbain,203.0
ouezzane,centre_urbain,,,age_logement_par_type,Appartement,De 20 à moins de 50 ans,0.0,%,140511113.0,rgph2024_logement_urbain,203.0
ouezzane,centre_urbain,,,age_logement_par_type,Appartement,50 ans et plus,0.0,%,140511113.0,rgph2024_logement_urbain,203.0
ouezzane,centre_urbain,,,age_logement_par_type,Maison marocaine traditionnelle,Moins de 20 ans,71.4,%,140511113.0,rgph2024_logement_urbain,203.0
ouezzane,centre_urbain,,,age_logement_par_type,Maison marocaine traditionnelle,De 20 à moins de 50 ans,28.6,%,140511113.0,rgph2024_logement_urbain,203.0
ouezzane,centre_urbain,,,age_logement_par_type,Maison marocaine traditionnelle,50 ans et plus,0.0,%,140511113.0,rgph2024_logement_urbain,203.0
ouezzane,centre_urbain,,,age_logement_par_type,Maison marocaine moderne,Moins de 20 ans,65.8,%,140511113.0,rgph2024_logement_urbain,203.0
ouezzane,centre_urbain,,,age_logement_par_type,Maison marocaine moderne,De 20 à moins de 50 ans,34.1,%,140511113.0,rgph2024_logement_urbain,203.0
ouezzane,centre_urbain,,,age_logement_par_type,Maison marocaine moderne,50 ans et plus,0.1,%,140511113.0,rgph2024_logement_urbain,203.0
ouezzane,centre_urbain,,,age_logement_par_type,Total non précaire,Moins de 20 ans,65.9,%,140511113.0,rgph2024_logement_urbain,203.0
ouezzane,centre_urbain,,,age_logement_par_type,Total non précaire,De 20 à moins de 50 ans,34.0,%,140511113.0,rgph2024_logement_urbain,203.0
ouezzane,centre_urbain,,,age_logement_par_type,Total non précaire,50 ans et plus,0.1,%,140511113.0,rgph2024_logement_urbain,203.0
ouezzane,centre_urbain,,,age_logement_par_type,Maison sommaire ou bidonville,Moins de 20 ans,17.1,%,140511113.0,rgph2024_logement_urbain,203.0
ouezzane,centre_urbain,,,age_logement_par_type,Maison sommaire ou bidonville,De 20 à moins de 50 ans,74.3,%,140511113.0,rgph2024_logement_urbain,203.0
ouezzane,centre_urbain,,,age_logement_par_type,Maison sommaire ou bidonville,50 ans et plus,8.6,%,140511113.0,rgph2024_logement_urbain,203.0
ouezzane,centre_urbain,,,age_logement_par_type,Logement en type rural,Moins de 20 ans,34.8,%,140511113.0,rgph2024_logement_urbain,203.0
ouezzane,centre_urbain,,,age_logement_par_type,Logement en type rural,De 20 à moins de 50 ans,62.9,%,140511113.0,rgph2024_logement_urbain,203.0
ouezzane,centre_urbain,,,age_logement_par_type,Logement en type rural,50 ans et plus,2.4,%,140511113.0,rgph2024_logement_urbain,203.0
ouezzane,centre_urbain,,,age_logement_par_type,Autres type,Moins de 20 ans,33.3,%,140511113.0,rgph2024_logement_urbain,203.0
ouezzane,centre_urbain,,,age_logement_par_type,Autres type,De 20 à moins de 50 ans,66.7,%,140511113.0,rgph2024_logement_urbain,203.0
ouezzane,centre_urbain,,,age_logement_par_type,Autres type,50 ans et plus,0.0,%,140511113.0,rgph2024_logement_urbain,203.0
ouezzane,centre_urbain,,,age_logement_par_type,Total précaire,Moins de 20 ans,33.5,%,140511113.0,rgph2024_logement_urbain,203.0
ouezzane,centre_urbain,,,age_logement_par_type,Total précaire,De 20 à moins de 50 ans,63.7,%,140511113.0,rgph2024_logement_urbain,203.0
ouezzane,centre_urbain,,,age_logement_par_type,Total précaire,50 ans et plus,2.7,%,140511113.0,rgph2024_logement_urbain,203.0
ouezzane,centre_urbain,,,materiaux_murs,,"Béton armé, briques avec mortier",68.41121495327103,%,140511113.0,rgph2024_logement_urbain,203.0
ouezzane,centre_urbain,,,materiaux_murs,,Pierre agglomérée avec mortier,2.990654205607477,%,140511113.0,rgph2024_logement_urbain,203.0
ouezzane,centre_urbain,,,materiaux_murs,,Autres,28.59813084112149,%,140511113.0,rgph2024_logement_urbain,203.0
ouezzane,centre_urbain,,,materiaux_toits,,Dalle,66.60436137071652,%,140511113.0,rgph2024_logement_urbain,203.0
ouezzane,centre_urbain,,,materiaux_toits,,"Planches, bois ou tuiles",2.741433021806853,%,140511113.0,rgph2024_logement_urbain,203.0
ouezzane,centre_urbain,,,materiaux_toits,,Tôle en ciment ou en zinc,1.1838006230529596,%,140511113.0,rgph2024_logement_urbain,203.0
ouezzane,centre_urbain,,,materiaux_toits,,Autres,29.47040498442368,%,140511113.0,rgph2024_logement_urbain,203.0
ouezzane,centre_urbain,,,services_base,,Réseau public d'électricité,93.95638629283488,%,140511113.0,rgph2024_logement_urbain,203.0
ouezzane,centre_urbain,,,services_base,,Réseau public d'eau,88.59813084112149,%,140511113.0,rgph2024_logement_urbain,203.0
ouezzane,centre_urbain,,,services_base,,Réseau public d'assainissement,66.23052959501557,%,140511113.0,rgph2024_logement_urbain,203.0
ouezzane,centre_urbain,,,deficit_logement,,Taux de déficit quantitatif en logement (%),53.6,%,140511113.0,rgph2024_logement_urbain,203.0
