{"type":"FeatureCollection","features":[{"type":"Feature","geometry":{"type":"MultiPolygon","coordinates":[[[[-6.00892,35.52999],[-6.00669,35.539],[-6.0072,35.54082],[-6.00489,35.54808],[-6.00231,35.56107],[-6.00094,35.56616],[-5.99828,35.56791],[-5.99665,35.5698],[-5.99673,35.57049],[-5.99639,35.57629],[-5.99605,35.57887],[-5.99356,35.5862],[-5.99253,35.59004],[-5.99038,35.59618],[-5.98995,35.59869],[-5.98283,35.62249],[-5.98128,35.62667],[-5.97845,35.637],[-5.97811,35.64056],[-5.97656,35.646],[-5.97407,35.65716],[-5.97244,35.66622],[-5.97218,35.66629],[-5.96626,35.68191],[-5.95553,35.70875],[-5.94901,35.72868],[-5.94815,35.73042],[-5.94592,35.73446],[-5.94335,35.74226],[-5.94317,35.74289],[-5.94335,35.74331],[-5.94283,35.74519],[-5.94249,35.74547],[-5.94223,35.74651],[-5.94206,35.74937],[-5.94026,35.75522],[-5.93923,35.75745],[-5.93923,35.75828],[-5.93966,35.75961],[-5.93966,35.76037],[-5.9394,35.76093],[-5.93845,35.76149],[-5.93699,35.76553],[-5.93614,35.7695],[-5.93553,35.77075],[-5.93571,35.77193],[-5.93459,35.77333],[-5.93373,35.77402],[-5.93382,35.77444],[-5.93476,35.77528],[-5.93288,35.77542],[-5.93202,35.7775],[-5.93142,35.77932],[-5.93142,35.78043],[-5.93236,35.78168],[-5.93236,35.78217],[-5.93219,35.78252],[-5.93159,35.7828],[-5.93081,35.78342],[-5.93073,35.78475],[-5.9303,35.78579],[-5.93021,35.78677],[-5.9303,35.78732],[-5.92953,35.78788],[-5.9297,35.78816],[-5.92961,35.78865],[-5.92927,35.78865],[-5.92867,35.78941],[-5.92687,35.79073],[-5.92592,35.79185],[-5.92455,35.79213],[-5.92172,35.79248],[-5.9206,35.7931],[-5.91957,35.79408],[-5.91811,35.79498],[-5.91631,35.79568],[-5.91614,35.79596],[-5.91571,35.79651],[-5.91519,35.79679],[-5.91288,35.79742],[-5.91219,35.79749],[-5.91142,35.79784],[-5.90987,35.79965],[-5.90987,35.8002],[-5.90936,35.80062],[-5.90859,35.80062],[-5.90798,35.80083],[-5.90764,35.80132],[-5.90275,35.8002],[-5.90146,35.80013],[-5.90086,35.80041],[-5.89571,35.80048],[-5.89159,35.80041],[-5.89022,35.80118],[-5.88953,35.80132],[-5.88901,35.80055],[-5.88824,35.79971],[-5.88721,35.79958],[-5.88678,35.7993],[-5.88558,35.79951],[-5.88447,35.79909],[-5.88387,35.79951],[-5.88335,35.7993],[-5.88266,35.79825],[-5.88146,35.79798],[-5.88026,35.79811],[-5.87854,35.79777],[-5.87365,35.79728],[-5.87219,35.7977],[-5.87073,35.79832],[-5.86988,35.79832],[-5.86721,35.79756],[-5.86309,35.79589],[-5.86258,35.79596],[-5.86224,35.79617],[-5.86172,35.79679],[-5.86129,35.797],[-5.86103,35.79728],[-5.86018,35.79742],[-5.86009,35.7977],[-5.85975,35.79784],[-5.85812,35.79742],[-5.85571,35.79777],[-5.85477,35.79763],[-5.8528,35.79791],[-5.85185,35.7977],[-5.85142,35.79798],[-5.85108,35.79791],[-5.85074,35.79791],[-5.84996,35.79888],[-5.84893,35.7993],[-5.84902,35.79978],[-5.84868,35.79999],[-5.84859,35.80041],[-5.84816,35.80062],[-5.84807,35.8009],[-5.84816,35.80125],[-5.84799,35.80152],[-5.84722,35.8009],[-5.84687,35.80111],[-5.84644,35.80034],[-5.84567,35.80006],[-5.84507,35.79874],[-5.84481,35.79839],[-5.84258,35.79777],[-5.84104,35.79832],[-5.84121,35.79749],[-5.84026,35.79721],[-5.83983,35.79742],[-5.83941,35.79735],[-5.83906,35.79749],[-5.83846,35.79686],[-5.83812,35.79665],[-5.8376,35.79658],[-5.83726,35.7963],[-5.83606,35.7947],[-5.83546,35.79442],[-5.83271,35.79429],[-5.83288,35.79449],[-5.83185,35.79512],[-5.83056,35.79526],[-5.82936,35.79582],[-5.82705,35.7954],[-5.8267,35.79547],[-5.82541,35.79533],[-5.82481,35.79505],[-5.82456,35.79442],[-5.82421,35.79422],[-5.8237,35.79408],[-5.82318,35.79387],[-5.82258,35.79324],[-5.81889,35.79213],[-5.8176,35.79199],[-5.81503,35.79122],[-5.81443,35.79115],[-5.81306,35.7908],[-5.81271,35.79234],[-5.81211,35.79303],[-5.80945,35.79352],[-5.80799,35.79345],[-5.80353,35.79359],[-5.80344,35.79324],[-5.80379,35.7931],[-5.80404,35.79324],[-5.80576,35.79324],[-5.80576,35.79303],[-5.81082,35.79289],[-5.81125,35.79275],[-5.8116,35.79122],[-5.81142,35.79122],[-5.81125,35.79213],[-5.81134,35.79122],[-5.81117,35.79115],[-5.811,35.79115],[-5.81082,35.79206],[-5.81091,35.79115],[-5.81039,35.79101],[-5.81014,35.7922],[-5.81005,35.79227],[-5.81031,35.79108],[-5.80971,35.79094],[-5.80945,35.79234],[-5.80936,35.79234],[-5.80962,35.79094],[-5.80902,35.79087],[-5.80876,35.79234],[-5.80868,35.79227],[-5.80893,35.7908],[-5.80808,35.79073],[-5.8079,35.79199],[-5.80773,35.79199],[-5.80748,35.79122],[-5.80559,35.7915],[-5.8055,35.79206],[-5.80507,35.7922],[-5.80507,35.79171],[-5.80481,35.79136],[-5.80421,35.79122],[-5.80301,35.79164],[-5.8013,35.79199],[-5.79546,35.79164],[-5.79314,35.79136],[-5.79323,35.79101],[-5.79452,35.79115],[-5.7946,35.79101],[-5.80121,35.79136],[-5.80267,35.79108],[-5.80396,35.79053],[-5.80387,35.79032],[-5.80413,35.79025],[-5.80379,35.78934],[-5.80198,35.78976],[-5.80198,35.78969],[-5.8037,35.7892],[-5.80344,35.78872],[-5.80361,35.78844],[-5.80233,35.78725],[-5.80241,35.78718],[-5.80353,35.78823],[-5.80387,35.7883],[-5.8049,35.78746],[-5.80516,35.78767],[-5.80653,35.78767],[-5.80653,35.78746],[-5.80687,35.78746],[-5.80687,35.78767],[-5.80782,35.78767],[-5.80799,35.78739],[-5.80799,35.78697],[-5.80782,35.78684],[-5.80653,35.78677],[-5.80645,35.7853],[-5.80756,35.7853],[-5.80748,35.78447],[-5.80645,35.78412],[-5.80499,35.78663],[-5.80233,35.78572],[-5.79786,35.78837],[-5.79666,35.78704],[-5.79683,35.78697],[-5.79537,35.78537],[-5.79477,35.78349],[-5.79495,35.78356],[-5.79546,35.78502],[-5.79563,35.7853],[-5.7958,35.78523],[-5.79709,35.78663],[-5.79726,35.78656],[-5.79709,35.78635],[-5.79735,35.78621],[-5.79743,35.78621],[-5.79761,35.78607],[-5.79786,35.78621],[-5.79769,35.786],[-5.79786,35.78586],[-5.79803,35.786],[-5.79915,35.78537],[-5.79855,35.78468],[-5.79863,35.78461],[-5.79924,35.7853],[-5.8049,35.78196],[-5.80473,35.78175],[-5.80481,35.78168],[-5.8043,35.78127],[-5.80421,35.78133],[-5.80379,35.78099],[-5.80344,35.78085],[-5.80344,35.78064],[-5.80319,35.7805],[-5.80267,35.78078],[-5.8025,35.78092],[-5.80301,35.78161],[-5.80241,35.78092],[-5.80224,35.78106],[-5.80284,35.78168],[-5.80215,35.78106],[-5.80198,35.78127],[-5.80181,35.7814],[-5.80224,35.78203],[-5.80173,35.7814],[-5.80147,35.78154],[-5.80147,35.78161],[-5.80112,35.78175],[-5.80173,35.78238],[-5.80104,35.78175],[-5.80087,35.78189],[-5.8013,35.78259],[-5.8007,35.78196],[-5.80035,35.7821],[-5.80035,35.78217],[-5.79992,35.78238],[-5.80052,35.78308],[-5.79984,35.78245],[-5.79941,35.78273],[-5.80001,35.78349],[-5.79984,35.78356],[-5.79924,35.7828],[-5.79855,35.78321],[-5.79906,35.78391],[-5.79898,35.78398],[-5.79838,35.78328],[-5.79795,35.78356],[-5.79803,35.78384],[-5.79761,35.78405],[-5.79743,35.78384],[-5.79735,35.78391],[-5.79752,35.78412],[-5.79735,35.78419],[-5.79718,35.78398],[-5.79709,35.78405],[-5.79726,35.78426],[-5.79692,35.78447],[-5.79683,35.78433],[-5.79666,35.7844],[-5.79623,35.78356],[-5.79872,35.7821],[-5.79795,35.7805],[-5.79623,35.7789],[-5.79486,35.7782],[-5.79271,35.77757],[-5.78731,35.77653],[-5.78542,35.77646],[-5.78362,35.77653],[-5.7837,35.77667],[-5.78241,35.77688],[-5.78241,35.77695],[-5.78164,35.77716],[-5.77984,35.77757],[-5.7746,35.77973],[-5.76997,35.78182],[-5.76902,35.78238],[-5.76971,35.78335],[-5.76817,35.78412],[-5.76576,35.78593],[-5.76551,35.78558],[-5.76396,35.78663],[-5.76293,35.78774],[-5.76362,35.78837],[-5.76353,35.78858],[-5.76224,35.78753],[-5.76207,35.7876],[-5.76087,35.7883],[-5.75915,35.78983],[-5.75898,35.79032],[-5.75907,35.79053],[-5.7589,35.7908],[-5.75821,35.79101],[-5.75761,35.79171],[-5.75735,35.7922],[-5.75735,35.79289],[-5.75538,35.79554],[-5.75521,35.79603],[-5.75486,35.7963],[-5.7534,35.797],[-5.7528,35.7977],[-5.75194,35.79923],[-5.75031,35.80152],[-5.75023,35.80215],[-5.74988,35.80222],[-5.74988,35.80243],[-5.75014,35.80257],[-5.75014,35.80271],[-5.74988,35.80327],[-5.74945,35.80347],[-5.74894,35.80417],[-5.74851,35.80487],[-5.74834,35.80528],[-5.74851,35.8057],[-5.74885,35.80591],[-5.74851,35.80709],[-5.74843,35.80863],[-5.74851,35.80911],[-5.74877,35.80939],[-5.74868,35.81002],[-5.74808,35.81037],[-5.74817,35.8112],[-5.74851,35.81176],[-5.74877,35.8119],[-5.74911,35.81183],[-5.74945,35.81204],[-5.75005,35.81273],[-5.75057,35.81315],[-5.75083,35.81378],[-5.75057,35.81475],[-5.75014,35.81517],[-5.75014,35.81559],[-5.75031,35.81573],[-5.75048,35.8167],[-5.75048,35.8174],[-5.74988,35.81795],[-5.74937,35.81816],[-5.74911,35.81809],[-5.74679,35.81851],[-5.74499,35.81927],[-5.74405,35.81941],[-5.74396,35.8192],[-5.74147,35.81872],[-5.74079,35.8183],[-5.73958,35.81809],[-5.73873,35.81879],[-5.73847,35.81969],[-5.73632,35.82018],[-5.73529,35.81976],[-5.734,35.8199],[-5.73237,35.82143],[-5.72937,35.82289],[-5.72602,35.82345],[-5.72482,35.82435],[-5.72422,35.82408],[-5.72225,35.82575],[-5.7217,35.82689],[-5.72087,35.82596],[-5.7207,35.82526],[-5.71821,35.82032],[-5.7177,35.81893],[-5.71778,35.81767],[-5.7183,35.81663],[-5.71813,35.816],[-5.71847,35.81566],[-5.71856,35.8151],[-5.71847,35.81496],[-5.71856,35.81489],[-5.71838,35.81461],[-5.71864,35.81406],[-5.71924,35.81426],[-5.72242,35.816],[-5.72396,35.81635],[-5.72499,35.81642],[-5.72645,35.81621],[-5.72731,35.81621],[-5.72791,35.816],[-5.72825,35.81566],[-5.72877,35.81447],[-5.72954,35.81392],[-5.73049,35.81378],[-5.73186,35.81392],[-5.73237,35.81364],[-5.73375,35.81266],[-5.73641,35.81266],[-5.73701,35.81252],[-5.73795,35.81211],[-5.73855,35.81148],[-5.7401,35.80849],[-5.74173,35.80758],[-5.74216,35.80716],[-5.74242,35.80668],[-5.74276,35.80459],[-5.74396,35.80285],[-5.74405,35.80222],[-5.74362,35.80264],[-5.74259,35.80264],[-5.7413,35.8018],[-5.74036,35.80159],[-5.7401,35.80111],[-5.73924,35.80034],[-5.73916,35.80006],[-5.7395,35.79937],[-5.73941,35.79902],[-5.73916,35.79881],[-5.73958,35.79665],[-5.74036,35.79575],[-5.74182,35.79449],[-5.74001,35.79241],[-5.73958,35.79213],[-5.73958,35.79192],[-5.7401,35.79094],[-5.74405,35.78858],[-5.74465,35.78795],[-5.74362,35.78753],[-5.74242,35.78732],[-5.74182,35.78642],[-5.74079,35.78649],[-5.73967,35.78621],[-5.73958,35.78558],[-5.73855,35.78544],[-5.73752,35.78551],[-5.73624,35.78516],[-5.73521,35.78447],[-5.73426,35.78349],[-5.73452,35.78301],[-5.73443,35.78231],[-5.734,35.78168],[-5.73358,35.77834],[-5.73349,35.77305],[-5.73246,35.7727],[-5.73186,35.77263],[-5.73023,35.77326],[-5.72997,35.77305],[-5.72954,35.77193],[-5.7292,35.77145],[-5.72654,35.77012],[-5.72594,35.77033],[-5.72482,35.7704],[-5.72328,35.77026],[-5.72353,35.77012],[-5.72276,35.76852],[-5.72096,35.7603],[-5.72087,35.75947],[-5.72173,35.75759],[-5.72199,35.75668],[-5.72208,35.75564],[-5.72233,35.75494],[-5.72259,35.7539],[-5.72199,35.7532],[-5.72096,35.75243],[-5.72076,35.7521],[-5.72074,35.75209],[-5.72027,35.75132],[-5.71916,35.75034],[-5.71907,35.74937],[-5.71916,35.74902],[-5.72036,35.74832],[-5.72182,35.74853],[-5.72302,35.74909],[-5.72396,35.74902],[-5.72422,35.74874],[-5.72439,35.74832],[-5.72499,35.74818],[-5.72611,35.74895],[-5.72671,35.74888],[-5.72688,35.74853],[-5.72817,35.74853],[-5.7274,35.74784],[-5.72637,35.74742],[-5.72628,35.74651],[-5.72594,35.74596],[-5.72525,35.74526],[-5.72482,35.74449],[-5.72422,35.74366],[-5.72353,35.74205],[-5.72353,35.74073],[-5.7237,35.73773],[-5.72336,35.73585],[-5.72362,35.73432],[-5.72319,35.73216],[-5.72267,35.73056],[-5.72225,35.72979],[-5.72216,35.72847],[-5.72225,35.72826],[-5.72267,35.72812],[-5.72285,35.72784],[-5.72293,35.72756],[-5.72267,35.72742],[-5.72267,35.72707],[-5.72302,35.72645],[-5.72302,35.72596],[-5.72336,35.72554],[-5.72328,35.72519],[-5.72345,35.72512],[-5.72379,35.72512],[-5.72456,35.7245],[-5.72525,35.72408],[-5.72534,35.7238],[-5.72525,35.72331],[-5.72628,35.72296],[-5.72757,35.72289],[-5.73006,35.72303],[-5.731,35.72338],[-5.73177,35.72394],[-5.73306,35.72352],[-5.73409,35.72387],[-5.73486,35.72401],[-5.73521,35.72366],[-5.73546,35.72366],[-5.73581,35.7238],[-5.73624,35.72408],[-5.73667,35.72422],[-5.73761,35.72415],[-5.73795,35.72422],[-5.7383,35.72464],[-5.73898,35.72422],[-5.73907,35.72408],[-5.73933,35.72436],[-5.73976,35.72324],[-5.74122,35.72164],[-5.7413,35.72073],[-5.74173,35.72046],[-5.7419,35.72018],[-5.74173,35.71906],[-5.74147,35.71878],[-5.74113,35.71878],[-5.7401,35.71746],[-5.74053,35.71697],[-5.74079,35.71697],[-5.74096,35.71669],[-5.74122,35.71669],[-5.74139,35.71607],[-5.74242,35.71586],[-5.74293,35.7153],[-5.74319,35.71467],[-5.74302,35.71335],[-5.74327,35.71272],[-5.7431,35.71216],[-5.74319,35.70993],[-5.74302,35.70951],[-5.74413,35.70847],[-5.74525,35.70798],[-5.74705,35.70791],[-5.748,35.70826],[-5.74971,35.70944],[-5.75117,35.71],[-5.75169,35.71049],[-5.75194,35.71049],[-5.75237,35.71014],[-5.75332,35.70986],[-5.75529,35.71195],[-5.75735,35.71258],[-5.75478,35.70875],[-5.75478,35.70854],[-5.75435,35.7084],[-5.7546,35.70742],[-5.75237,35.70659],[-5.75211,35.7061],[-5.7522,35.70582],[-5.7516,35.70477],[-5.75083,35.7045],[-5.75066,35.70387],[-5.74782,35.70199],[-5.74697,35.70003],[-5.74671,35.69989],[-5.74645,35.69948],[-5.74654,35.69927],[-5.74628,35.69906],[-5.74602,35.69871],[-5.74585,35.6978],[-5.74594,35.69759],[-5.74551,35.69725],[-5.74576,35.6969],[-5.74585,35.69578],[-5.74628,35.69537],[-5.74636,35.6953],[-5.74611,35.69516],[-5.74662,35.69488],[-5.74662,35.69453],[-5.74654,35.69404],[-5.74568,35.69369],[-5.74585,35.69313],[-5.74628,35.69216],[-5.74585,35.68972],[-5.74585,35.68909],[-5.74576,35.68888],[-5.74533,35.68895],[-5.74482,35.68825],[-5.74413,35.68791],[-5.74396,35.68728],[-5.74439,35.68672],[-5.74422,35.68574],[-5.7437,35.68512],[-5.7425,35.68393],[-5.74113,35.68289],[-5.74087,35.68177],[-5.74104,35.68128],[-5.74044,35.67968],[-5.74002,35.67913],[-5.73982,35.67919],[-5.7389,35.67947],[-5.7377,35.67884],[-5.73461,35.67836],[-5.73014,35.67822],[-5.72748,35.67801],[-5.72645,35.67877],[-5.72602,35.6794],[-5.72388,35.68024],[-5.72345,35.68073],[-5.7231,35.68149],[-5.72267,35.68177],[-5.7219,35.6817],[-5.72096,35.68128],[-5.72019,35.68038],[-5.72027,35.6801],[-5.71984,35.67961],[-5.72096,35.67849],[-5.72285,35.67389],[-5.7219,35.6718],[-5.72173,35.66845],[-5.72019,35.66539],[-5.71813,35.66043],[-5.71589,35.65709],[-5.71349,35.65325],[-5.71323,35.64928],[-5.71341,35.64677],[-5.71504,35.64628],[-5.71684,35.64607],[-5.71856,35.64523],[-5.71959,35.64404],[-5.72027,35.64251],[-5.71941,35.64126],[-5.71847,35.64084],[-5.7104,35.63812],[-5.70843,35.6377],[-5.70654,35.63763],[-5.70474,35.63763],[-5.70276,35.63819],[-5.70148,35.63833],[-5.70053,35.63784],[-5.7001,35.63721],[-5.69942,35.63449],[-5.69856,35.63184],[-5.69572,35.62891],[-5.69143,35.62863],[-5.69203,35.62598],[-5.69126,35.62382],[-5.69066,35.62151],[-5.69358,35.62193],[-5.70002,35.62479],[-5.70199,35.62633],[-5.70285,35.62919],[-5.70525,35.63002],[-5.70791,35.63128],[-5.71023,35.63114],[-5.71289,35.63002],[-5.71486,35.62786],[-5.71624,35.62528],[-5.71452,35.62395],[-5.71186,35.61649],[-5.71673,35.61301],[-5.71615,35.61167],[-5.71504,35.61014],[-5.71495,35.60972],[-5.71486,35.60937],[-5.71521,35.60895],[-5.71555,35.60818],[-5.71555,35.6077],[-5.71469,35.60616],[-5.71469,35.60511],[-5.71504,35.60456],[-5.71504,35.60414],[-5.71495,35.60393],[-5.71366,35.60323],[-5.71349,35.60253],[-5.71349,35.60211],[-5.71375,35.60184],[-5.71512,35.601],[-5.71572,35.60016],[-5.71581,35.59932],[-5.71521,35.59855],[-5.71358,35.59828],[-5.71306,35.59793],[-5.71272,35.5966],[-5.71281,35.59555],[-5.71246,35.59499],[-5.71255,35.59458],[-5.71315,35.5936],[-5.71315,35.59311],[-5.71263,35.59213],[-5.71281,35.59144],[-5.71246,35.59095],[-5.71195,35.59095],[-5.71117,35.59039],[-5.711,35.59018],[-5.711,35.58969],[-5.71135,35.5883],[-5.71126,35.58795],[-5.71083,35.58746],[-5.71023,35.58746],[-5.70997,35.58725],[-5.70989,35.58704],[-5.71006,35.58641],[-5.70989,35.58592],[-5.70997,35.58543],[-5.711,35.58487],[-5.71092,35.58467],[-5.71032,35.58446],[-5.71032,35.58397],[-5.71083,35.58341],[-5.71152,35.58341],[-5.71212,35.5832],[-5.71203,35.58278],[-5.71169,35.58208],[-5.71135,35.58194],[-5.71049,35.58201],[-5.71023,35.5818],[-5.7104,35.58041],[-5.71092,35.58013],[-5.711,35.57985],[-5.7104,35.57908],[-5.70963,35.57894],[-5.70877,35.57936],[-5.70826,35.57936],[-5.70774,35.57922],[-5.70731,35.57824],[-5.70662,35.57817],[-5.70628,35.57908],[-5.70602,35.57922],[-5.70517,35.5788],[-5.70474,35.5788],[-5.70388,35.57831],[-5.70422,35.57789],[-5.70474,35.57755],[-5.70456,35.57657],[-5.70525,35.57573],[-5.70508,35.57496],[-5.70542,35.57454],[-5.70551,35.57419],[-5.70534,35.57398],[-5.70465,35.57377],[-5.70456,35.5735],[-5.70534,35.57322],[-5.70594,35.57224],[-5.7062,35.57203],[-5.70568,35.57077],[-5.70517,35.57028],[-5.70396,35.56987],[-5.7019,35.56945],[-5.70027,35.56903],[-5.69864,35.56833],[-5.69727,35.56582],[-5.6965,35.56344],[-5.6965,35.56198],[-5.69572,35.55939],[-5.69461,35.55883],[-5.69367,35.55639],[-5.69332,35.5543],[-5.69375,35.55339],[-5.69409,35.55206],[-5.69452,35.55136],[-5.69435,35.55052],[-5.6947,35.54934],[-5.69478,35.5485],[-5.69521,35.54759],[-5.69512,35.54724],[-5.6947,35.54696],[-5.69461,35.54661],[-5.69529,35.54647],[-5.69555,35.54626],[-5.69538,35.54584],[-5.69487,35.54571],[-5.69478,35.5455],[-5.69512,35.54403],[-5.69547,35.54361],[-5.6959,35.54284],[-5.69607,35.54214],[-5.69632,35.5418],[-5.69684,35.54151],[-5.69881,35.54117],[-5.69899,35.53956],[-5.69856,35.53879],[-5.69847,35.53774],[-5.69984,35.53719],[-5.70045,35.53586],[-5.70293,35.53558],[-5.70293,35.53488],[-5.70345,35.53404],[-5.70405,35.53425],[-5.70482,35.53292],[-5.70491,35.53216],[-5.70577,35.53104],[-5.7068,35.53034],[-5.70714,35.5302],[-5.70851,35.53027],[-5.7092,35.52999],[-5.70989,35.52992],[-5.7104,35.52999],[-5.71092,35.53048],[-5.71186,35.53062],[-5.71306,35.53062],[-5.71495,35.5302],[-5.71538,35.52992],[-5.71521,35.52908],[-5.71555,35.52859],[-5.71667,35.52838],[-5.71753,35.52783],[-5.71847,35.52783],[-5.71924,35.52713],[-5.71984,35.52622],[-5.72019,35.52517],[-5.72087,35.52377],[-5.7225,35.52308],[-5.72568,35.5228],[-5.72817,35.5228],[-5.73006,35.52308],[-5.73074,35.52266],[-5.7322,35.52252],[-5.73426,35.52308],[-5.73649,35.52391],[-5.73727,35.52384],[-5.73933,35.52329],[-5.74087,35.52405],[-5.7431,35.52377],[-5.7443,35.52419],[-5.74482,35.52461],[-5.74988,35.52475],[-5.7534,35.52566],[-5.75418,35.52573],[-5.75503,35.52566],[-5.75581,35.52545],[-5.75804,35.52419],[-5.75898,35.52391],[-5.76508,35.52426],[-5.76602,35.52412],[-5.76722,35.52356],[-5.77065,35.52007],[-5.771,35.51951],[-5.77126,35.51846],[-5.77143,35.51672],[-5.77117,35.51567],[-5.77065,35.51483],[-5.76808,35.51064],[-5.76774,35.50987],[-5.76765,35.50938],[-5.77683,35.51057],[-5.77932,35.51057],[-5.78155,35.50896],[-5.78233,35.50798],[-5.78044,35.50407],[-5.78061,35.50379],[-5.78181,35.50386],[-5.78379,35.50365],[-5.78387,35.50247],[-5.78413,35.50261],[-5.78439,35.50205],[-5.78482,35.50156],[-5.7861,35.50072],[-5.78636,35.50037],[-5.78628,35.49995],[-5.78653,35.49974],[-5.78645,35.49932],[-5.78679,35.49904],[-5.78696,35.49841],[-5.78688,35.4982],[-5.78662,35.49799],[-5.78662,35.49771],[-5.78713,35.49743],[-5.78722,35.49723],[-5.78688,35.49688],[-5.78671,35.49611],[-5.78688,35.49583],[-5.78653,35.4952],[-5.78679,35.49422],[-5.78688,35.49366],[-5.78662,35.49345],[-5.78688,35.4924],[-5.78679,35.49191],[-5.78636,35.49045],[-5.78585,35.48989],[-5.78585,35.48954],[-5.79168,35.48395],[-5.7922,35.48388],[-5.79254,35.48374],[-5.79392,35.48255],[-5.79512,35.48185],[-5.79537,35.48157],[-5.79555,35.48115],[-5.79546,35.48038],[-5.79563,35.47996],[-5.79615,35.47933],[-5.79683,35.47877],[-5.79786,35.47822],[-5.79958,35.47766],[-5.80001,35.47703],[-5.79975,35.47647],[-5.8019,35.47731],[-5.80301,35.47745],[-5.80439,35.47828],[-5.80576,35.47961],[-5.80593,35.47905],[-5.80584,35.47863],[-5.80602,35.47801],[-5.80645,35.47738],[-5.80722,35.47682],[-5.80773,35.47612],[-5.80902,35.47514],[-5.80997,35.47486],[-5.81125,35.47514],[-5.81142,35.47479],[-5.8122,35.4743],[-5.81297,35.47402],[-5.81348,35.47339],[-5.81426,35.47297],[-5.81417,35.47262],[-5.81434,35.47248],[-5.8146,35.47248],[-5.81529,35.47178],[-5.81563,35.47158],[-5.81597,35.47088],[-5.81597,35.47053],[-5.81632,35.47039],[-5.81786,35.47172],[-5.81881,35.47283],[-5.81975,35.47311],[-5.82215,35.47465],[-5.82198,35.475],[-5.82241,35.47535],[-5.8225,35.47584],[-5.82207,35.4764],[-5.82224,35.47696],[-5.82293,35.47752],[-5.82336,35.47808],[-5.82507,35.47808],[-5.82567,35.47857],[-5.8261,35.47947],[-5.8261,35.48003],[-5.82507,35.48094],[-5.8255,35.48248],[-5.82541,35.48297],[-5.82499,35.4836],[-5.8249,35.48409],[-5.82541,35.48374],[-5.82636,35.48353],[-5.82739,35.4836],[-5.82782,35.48409],[-5.82868,35.48451],[-5.82893,35.48486],[-5.82988,35.48534],[-5.83091,35.48611],[-5.83262,35.48513],[-5.83906,35.48304],[-5.84035,35.48241],[-5.84207,35.48129],[-5.84241,35.48136],[-5.84275,35.48094],[-5.84292,35.48045],[-5.84301,35.48038],[-5.84327,35.48059],[-5.84335,35.48031],[-5.84361,35.48031],[-5.84352,35.47996],[-5.8437,35.47989],[-5.84413,35.4801],[-5.84507,35.47933],[-5.84541,35.47863],[-5.84593,35.4785],[-5.84704,35.47773],[-5.84722,35.47745],[-5.84704,35.47675],[-5.8473,35.47619],[-5.84773,35.47591],[-5.84876,35.47549],[-5.84936,35.47479],[-5.84945,35.47444],[-5.84979,35.47416],[-5.85099,35.47353],[-5.85137,35.47349],[-5.85202,35.47325],[-5.85254,35.47283],[-5.85305,35.47137],[-5.85297,35.47046],[-5.85314,35.46955],[-5.85297,35.4692],[-5.85305,35.46871],[-5.8528,35.4678],[-5.8528,35.46668],[-5.85276,35.46627],[-5.85275,35.4657],[-5.85271,35.46521],[-5.85314,35.46473],[-5.85339,35.46375],[-5.85288,35.46354],[-5.85228,35.46298],[-5.85177,35.46207],[-5.85048,35.46102],[-5.85031,35.46067],[-5.84962,35.45948],[-5.84842,35.46067],[-5.84764,35.46165],[-5.84679,35.46186],[-5.84644,35.46158],[-5.8461,35.46067],[-5.84584,35.46039],[-5.84558,35.46032],[-5.84524,35.46039],[-5.84498,35.46067],[-5.84455,35.46116],[-5.84318,35.46179],[-5.84207,35.46137],[-5.84147,35.46067],[-5.84095,35.46025],[-5.84061,35.45913],[-5.84026,35.4585],[-5.83958,35.45787],[-5.83915,35.45766],[-5.83795,35.45759],[-5.83674,35.45724],[-5.83769,35.4564],[-5.83776,35.4563],[-5.83795,35.45613],[-5.83816,35.45569],[-5.83829,35.4555],[-5.83836,35.45529],[-5.83836,35.45528],[-5.83843,35.45508],[-5.83843,35.45507],[-5.83966,35.4513],[-5.83966,35.45067],[-5.83898,35.44592],[-5.84035,35.44592],[-5.84035,35.44564],[-5.84069,35.44522],[-5.84035,35.44459],[-5.84052,35.44438],[-5.84112,35.44445],[-5.84189,35.44494],[-5.84258,35.44515],[-5.84361,35.44501],[-5.84387,35.44515],[-5.84524,35.44508],[-5.84619,35.44529],[-5.84653,35.44501],[-5.84747,35.44487],[-5.85005,35.44403],[-5.85039,35.4441],[-5.85194,35.44354],[-5.85305,35.44501],[-5.85357,35.44508],[-5.85494,35.44564],[-5.85863,35.45102],[-5.8594,35.45088],[-5.86,35.45095],[-5.86052,35.45074],[-5.86155,35.45165],[-5.86172,35.45165],[-5.86232,35.45116],[-5.86309,35.4513],[-5.86447,35.45116],[-5.86541,35.45123],[-5.86627,35.45102],[-5.86782,35.45151],[-5.87048,35.45207],[-5.87142,35.45249],[-5.87159,35.45305],[-5.87245,35.45284],[-5.87425,35.45333],[-5.87468,35.45368],[-5.87571,35.45382],[-5.87777,35.45277],[-5.87872,35.45214],[-5.88018,35.45151],[-5.88026,35.45088],[-5.88163,35.45004],[-5.88258,35.44976],[-5.88292,35.44934],[-5.88361,35.44948],[-5.8849,35.44878],[-5.88884,35.44718],[-5.88987,35.44704],[-5.89142,35.44564],[-5.89219,35.44459],[-5.89236,35.44326],[-5.89253,35.44249],[-5.89314,35.44179],[-5.89296,35.44116],[-5.89296,35.44004],[-5.89305,35.43969],[-5.89382,35.43865],[-5.89442,35.4383],[-5.89477,35.43774],[-5.89459,35.43704],[-5.89502,35.43522],[-5.89623,35.43431],[-5.89674,35.43368],[-5.89691,35.43312],[-5.89768,35.43277],[-5.89777,35.43214],[-5.89837,35.43116],[-5.8994,35.43102],[-5.89889,35.4306],[-5.89966,35.43053],[-5.89992,35.42983],[-5.90052,35.42927],[-5.90198,35.42878],[-5.90635,35.42466],[-5.90721,35.42578],[-5.90764,35.42543],[-5.90798,35.42585],[-5.90798,35.42606],[-5.9091,35.42697],[-5.90944,35.42697],[-5.90953,35.4269],[-5.91047,35.42753],[-5.91073,35.42739],[-5.91125,35.42773],[-5.91142,35.42767],[-5.91331,35.42892],[-5.91245,35.43004],[-5.91296,35.43067],[-5.91373,35.43102],[-5.91408,35.43165],[-5.91537,35.43284],[-5.9176,35.4306],[-5.91811,35.43025],[-5.91914,35.4306],[-5.91991,35.42976],[-5.92051,35.4299],[-5.92137,35.42906],[-5.92326,35.4276],[-5.92472,35.42627],[-5.92721,35.42788],[-5.92712,35.4276],[-5.92747,35.42725],[-5.92764,35.42683],[-5.92755,35.42662],[-5.92824,35.42522],[-5.92893,35.42529],[-5.92927,35.4255],[-5.93021,35.42543],[-5.93039,35.42522],[-5.9303,35.42494],[-5.93047,35.42473],[-5.93124,35.42438],[-5.9315,35.42459],[-5.93176,35.42431],[-5.93193,35.4248],[-5.93322,35.4255],[-5.93356,35.42599],[-5.93339,35.42676],[-5.93356,35.42718],[-5.93373,35.42739],[-5.93442,35.4276],[-5.93553,35.42746],[-5.93622,35.42683],[-5.93845,35.42557],[-5.93914,35.42508],[-5.93991,35.4241],[-5.94034,35.42403],[-5.94069,35.42424],[-5.9412,35.4248],[-5.9412,35.42627],[-5.94206,35.4276],[-5.94223,35.42704],[-5.9424,35.4269],[-5.94292,35.42683],[-5.94403,35.42753],[-5.94489,35.42767],[-5.94558,35.4276],[-5.94695,35.42697],[-5.94789,35.42592],[-5.94815,35.42536],[-5.94815,35.42452],[-5.94789,35.4234],[-5.94755,35.42284],[-5.94721,35.42249],[-5.94738,35.42158],[-5.94729,35.42109],[-5.94772,35.42067],[-5.94807,35.41941],[-5.94935,35.4192],[-5.95073,35.41857],[-5.95133,35.4185],[-5.9539,35.41871],[-5.95399,35.41927],[-5.95476,35.41941],[-5.95493,35.42004],[-5.95648,35.42235],[-5.95691,35.42347],[-5.95751,35.42389],[-5.95708,35.42193],[-5.95751,35.42025],[-5.95785,35.41983],[-5.9594,35.41913],[-5.96085,35.41808],[-5.96051,35.41752],[-5.96,35.41703],[-5.96,35.41668],[-5.9588,35.41613],[-5.95802,35.41535],[-5.95768,35.41445],[-5.95734,35.41312],[-5.95734,35.41179],[-5.95699,35.41081],[-5.95708,35.40843],[-5.95674,35.40773],[-5.95648,35.40598],[-5.95682,35.40444],[-5.95777,35.4022],[-5.95794,35.40038],[-5.95837,35.40011],[-5.95888,35.39941],[-5.95871,35.39829],[-5.95888,35.39668],[-5.95914,35.39591],[-5.95905,35.395],[-5.95914,35.39416],[-5.95562,35.39325],[-5.95347,35.3929],[-5.95356,35.39199],[-5.95322,35.39143],[-5.95227,35.39143],[-5.95193,35.39122],[-5.95116,35.39115],[-5.95073,35.39129],[-5.95013,35.39101],[-5.94884,35.39017],[-5.9485,35.38968],[-5.94815,35.38954],[-5.94789,35.38891],[-5.94566,35.38828],[-5.94498,35.38814],[-5.94223,35.38786],[-5.94137,35.38793],[-5.93888,35.38723],[-5.93708,35.38702],[-5.93528,35.38639],[-5.93245,35.38394],[-5.93227,35.38345],[-5.93236,35.3824],[-5.9291,35.3817],[-5.92575,35.38149],[-5.92489,35.38163],[-5.92378,35.38212],[-5.92275,35.38296],[-5.92043,35.38576],[-5.91605,35.38905],[-5.91588,35.3894],[-5.91545,35.38968],[-5.91416,35.39003],[-5.91331,35.38989],[-5.91348,35.38905],[-5.91425,35.38884],[-5.91373,35.38751],[-5.91382,35.38688],[-5.91391,35.38667],[-5.91554,35.38604],[-5.91579,35.38548],[-5.91588,35.38429],[-5.91794,35.38275],[-5.91906,35.38205],[-5.91983,35.38226],[-5.92043,35.38226],[-5.92155,35.38156],[-5.92258,35.37995],[-5.9224,35.37904],[-5.92412,35.37729],[-5.92421,35.3768],[-5.92455,35.37652],[-5.92524,35.37645],[-5.92678,35.37589],[-5.92798,35.37575],[-5.92867,35.3747],[-5.92815,35.37365],[-5.92738,35.37302],[-5.92627,35.37295],[-5.92584,35.37268],[-5.92515,35.37148],[-5.92446,35.37114],[-5.92395,35.37036],[-5.92412,35.36966],[-5.92558,35.36959],[-5.92652,35.3675],[-5.9279,35.36715],[-5.9291,35.36645],[-5.93021,35.36652],[-5.93133,35.36463],[-5.93124,35.36372],[-5.93064,35.36302],[-5.93013,35.36295],[-5.9297,35.36204],[-5.92987,35.36169],[-5.92944,35.36155],[-5.92944,35.36127],[-5.92987,35.36064],[-5.92996,35.36015],[-5.92987,35.35903],[-5.93039,35.35833],[-5.93167,35.35742],[-5.93339,35.35679],[-5.93313,35.35637],[-5.93279,35.35623],[-5.93322,35.35504],[-5.93322,35.35469],[-5.93279,35.35357],[-5.93279,35.35315],[-5.93322,35.35259],[-5.93382,35.3514],[-5.93382,35.35098],[-5.93356,35.35028],[-5.93442,35.34986],[-5.93425,35.34937],[-5.93356,35.3493],[-5.93322,35.34888],[-5.93288,35.34776],[-5.9303,35.34643],[-5.92996,35.34573],[-5.92987,35.34475],[-5.92961,35.34454],[-5.93056,35.34405],[-5.92987,35.34181],[-5.92841,35.34166],[-5.92635,35.34054],[-5.92601,35.34005],[-5.92669,35.33949],[-5.92712,35.339],[-5.92532,35.33718],[-5.92438,35.33746],[-5.92232,35.3376],[-5.92069,35.33648],[-5.92026,35.33641],[-5.92094,35.33564],[-5.92146,35.33459],[-5.92309,35.33291],[-5.92395,35.33165],[-5.92412,35.33109],[-5.92361,35.33088],[-5.92318,35.33046],[-5.92112,35.33025],[-5.91923,35.3306],[-5.91845,35.3306],[-5.91803,35.32976],[-5.91537,35.32458],[-5.91476,35.32374],[-5.91356,35.32241],[-5.91451,35.32052],[-5.91554,35.31905],[-5.91502,35.31786],[-5.91476,35.31646],[-5.91519,35.31597],[-5.91528,35.31562],[-5.91519,35.3145],[-5.91519,35.31372],[-5.91554,35.31337],[-5.91562,35.31288],[-5.91494,35.30987],[-5.91519,35.3091],[-5.91579,35.30861],[-5.91648,35.30833],[-5.91674,35.3077],[-5.91742,35.30742],[-5.91803,35.30686],[-5.91854,35.307],[-5.91914,35.30672],[-5.92069,35.30651],[-5.92129,35.30623],[-5.9224,35.30616],[-5.92266,35.30602],[-5.92352,35.30623],[-5.92489,35.30532],[-5.92584,35.30553],[-5.92644,35.30553],[-5.92669,35.30539],[-5.92712,35.30539],[-5.92712,35.30609],[-5.92687,35.30637],[-5.92704,35.30686],[-5.92772,35.307],[-5.92824,35.3077],[-5.92927,35.30819],[-5.93013,35.30847],[-5.93099,35.30861],[-5.93116,35.30889],[-5.93262,35.3098],[-5.93356,35.30952],[-5.93399,35.3098],[-5.93468,35.30966],[-5.93511,35.30917],[-5.93588,35.3091],[-5.93648,35.30945],[-5.93674,35.30987],[-5.93785,35.31064],[-5.93888,35.31092],[-5.94069,35.31218],[-5.94206,35.3119],[-5.94377,35.31176],[-5.94403,35.3119],[-5.94463,35.31148],[-5.94609,35.31162],[-5.94635,35.31176],[-5.94738,35.31183],[-5.94858,35.31225],[-5.94927,35.31302],[-5.94996,35.31323],[-5.9515,35.3147],[-5.95193,35.31526],[-5.95219,35.31646],[-5.95262,35.31779],[-5.95399,35.31569],[-5.95442,35.31442],[-5.9551,35.31415],[-5.95699,35.31253],[-5.9588,35.31197],[-5.96257,35.31008],[-5.9636,35.30966],[-5.96412,35.31106],[-5.9648,35.31232],[-5.96798,35.31702],[-5.9697,35.31935],[-5.9697,35.3194],[-5.97107,35.32122],[-5.97347,35.32521],[-5.97416,35.32472],[-5.97476,35.32395],[-5.97527,35.32367],[-5.97545,35.32318],[-5.97656,35.32185],[-5.97751,35.3208],[-5.97785,35.32108],[-5.97854,35.3208],[-5.97888,35.32087],[-5.97905,35.32115],[-5.9794,35.32108],[-5.97965,35.3208],[-5.97991,35.32101],[-5.98,35.32157],[-5.98043,35.32143],[-5.98094,35.32199],[-5.98146,35.32185],[-5.98197,35.32199],[-5.98231,35.32192],[-5.98248,35.3222],[-5.983,35.32206],[-5.98309,35.32248],[-5.98343,35.32251],[-5.98343,35.32251],[-5.98377,35.32255],[-5.98403,35.32248],[-5.98437,35.32255],[-5.98446,35.32283],[-5.98515,35.32262],[-5.98712,35.32339],[-5.98755,35.3229],[-5.98789,35.3229],[-5.98841,35.32325],[-5.98901,35.32353],[-5.98987,35.32332],[-5.99055,35.32416],[-5.99081,35.32423],[-5.9915,35.32388],[-5.99176,35.32395],[-5.99176,35.32423],[-5.9915,35.32451],[-5.99141,35.32472],[-5.99193,35.32465],[-5.99253,35.32528],[-5.99227,35.3257],[-5.99201,35.32598],[-5.99218,35.32619],[-5.99381,35.32675],[-5.99399,35.32738],[-5.99476,35.32766],[-5.99493,35.32787],[-5.99484,35.32815],[-5.9945,35.32836],[-5.99467,35.32885],[-5.99416,35.32885],[-5.99356,35.3292],[-5.9939,35.32941],[-5.9945,35.3292],[-5.99493,35.32948],[-5.99519,35.3299],[-5.99476,35.33011],[-5.99476,35.33018],[-5.99845,35.32948],[-5.99888,35.32927],[-5.99914,35.32899],[-5.99922,35.32808],[-5.99965,35.32766],[-6.0004,35.32847],[-6.00042,35.3285],[-6.00223,35.32983],[-6.006,35.33221],[-6.00643,35.33256],[-6.01029,35.33179],[-6.01141,35.33151],[-6.01253,35.33102],[-6.01313,35.33053],[-6.0139,35.32934],[-6.01502,35.3257],[-6.01553,35.32486],[-6.01716,35.32507],[-6.01991,35.32472],[-6.02059,35.32444],[-6.02102,35.32458],[-6.02205,35.32437],[-6.02308,35.32388],[-6.0254,35.32402],[-6.02583,35.32451],[-6.02549,35.32528],[-6.02617,35.32598],[-6.02746,35.32689],[-6.02926,35.3264],[-6.03287,35.32661],[-6.03433,35.32696],[-6.03613,35.32717],[-6.03673,35.32759],[-6.03836,35.32773],[-6.03948,35.32591],[-6.04025,35.32381],[-6.04033,35.32164],[-6.04076,35.3208],[-6.04291,35.32017],[-6.04334,35.32017],[-6.04686,35.32094],[-6.04746,35.32094],[-6.04797,35.32199],[-6.04917,35.32311],[-6.04969,35.32388],[-6.04969,35.32451],[-6.05012,35.32479],[-6.05021,35.32535],[-6.04995,35.32584],[-6.04952,35.32626],[-6.04943,35.32668],[-6.04969,35.32696],[-6.0496,35.32822],[-6.04978,35.32857],[-6.05055,35.32878],[-6.05106,35.32948],[-6.05192,35.32997],[-6.05295,35.32976],[-6.05347,35.32983],[-6.05381,35.33046],[-6.0539,35.33095],[-6.05407,35.3313],[-6.05561,35.33158],[-6.05681,35.33081],[-6.05827,35.33088],[-6.05896,35.32962],[-6.06025,35.32878],[-6.06068,35.32857],[-6.06111,35.32745],[-6.06179,35.32717],[-6.06265,35.32654],[-6.06334,35.32591],[-6.06317,35.32556],[-6.06334,35.32535],[-6.06411,35.32486],[-6.0654,35.32528],[-6.06531,35.32486],[-6.0678,35.32472],[-6.06917,35.32514],[-6.07123,35.32465],[-6.07295,35.32528],[-6.07467,35.32542],[-6.0775,35.32661],[-6.07827,35.32675],[-6.07887,35.32654],[-6.07982,35.32689],[-6.08033,35.32724],[-6.08171,35.32892],[-6.08205,35.32913],[-6.08248,35.3292],[-6.08273,35.32906],[-6.08351,35.32843],[-6.08394,35.32766],[-6.08582,35.32661],[-6.08625,35.32654],[-6.08814,35.32654],[-6.08917,35.32584],[-6.08995,35.32577],[-6.09175,35.32472],[-6.09209,35.32493],[-6.09218,35.32465],[-6.09261,35.325],[-6.09312,35.32493],[-6.09398,35.32521],[-6.09432,35.32521],[-6.09467,35.32507],[-6.09509,35.325],[-6.09527,35.32521],[-6.09578,35.32528],[-6.09621,35.325],[-6.09673,35.32486],[-6.09758,35.32493],[-6.09844,35.32507],[-6.09956,35.3257],[-6.10016,35.32577],[-6.10076,35.32535],[-6.10127,35.32542],[-6.1017,35.32528],[-6.1023,35.32493],[-6.10308,35.32486],[-6.10376,35.32507],[-6.10342,35.32682],[-6.10316,35.32738],[-6.10316,35.32801],[-6.10299,35.32815],[-6.1029,35.32892],[-6.10265,35.32934],[-6.10205,35.33102],[-6.10187,35.33102],[-6.10196,35.3313],[-6.1017,35.33158],[-6.1011,35.33298],[-6.10093,35.33452],[-6.10067,35.33473],[-6.10033,35.33599],[-6.09844,35.34026],[-6.09776,35.34313],[-6.09612,35.34734],[-6.0957,35.34818],[-6.09484,35.35105],[-6.09398,35.35315],[-6.09372,35.35364],[-6.09304,35.35588],[-6.09226,35.357],[-6.09192,35.35812],[-6.09149,35.35861],[-6.09098,35.36036],[-6.09046,35.36141],[-6.09029,35.36239],[-6.08986,35.36288],[-6.08952,35.36358],[-6.08883,35.3654],[-6.08866,35.36631],[-6.0884,35.3689],[-6.08814,35.36966],[-6.08823,35.37015],[-6.08814,35.37141],[-6.08728,35.37484],[-6.08668,35.37603],[-6.08625,35.37855],[-6.08565,35.38009],[-6.08522,35.38065],[-6.08454,35.38128],[-6.08428,35.38177],[-6.08368,35.38366],[-6.08256,35.38618],[-6.08171,35.38905],[-6.08145,35.38961],[-6.08136,35.39003],[-6.08171,35.39066],[-6.08136,35.39122],[-6.08119,35.39304],[-6.08093,35.39395],[-6.08119,35.39472],[-6.0811,35.39493],[-6.08136,35.39535],[-6.08153,35.39619],[-6.08102,35.39605],[-6.08033,35.39619],[-6.08016,35.3964],[-6.0787,35.39661],[-6.07836,35.39689],[-6.07784,35.39794],[-6.07698,35.39934],[-6.07535,35.40053],[-6.07467,35.40171],[-6.07398,35.40437],[-6.07407,35.40486],[-6.07287,35.40633],[-6.07243,35.40633],[-6.07209,35.40661],[-6.07098,35.40787],[-6.07106,35.40878],[-6.07055,35.40899],[-6.06943,35.41004],[-6.06883,35.41081],[-6.06866,35.41123],[-6.06797,35.412],[-6.06643,35.41445],[-6.06643,35.41494],[-6.06591,35.41564],[-6.06574,35.4164],[-6.06523,35.41689],[-6.06488,35.41745],[-6.06463,35.41836],[-6.06402,35.41955],[-6.06394,35.42011],[-6.06308,35.42109],[-6.06257,35.42214],[-6.06102,35.42634],[-6.06076,35.42829],[-6.06025,35.4299],[-6.05999,35.43326],[-6.05999,35.43424],[-6.05973,35.43543],[-6.05973,35.43655],[-6.05905,35.43774],[-6.05802,35.43823],[-6.05699,35.44032],[-6.05535,35.44347],[-6.05415,35.44746],[-6.05364,35.45018],[-6.05115,35.45396],[-6.04806,35.45773],[-6.04583,35.46018],[-6.04514,35.46067],[-6.04411,35.46151],[-6.043,35.46291],[-6.04265,35.46451],[-6.04171,35.46514],[-6.04051,35.46626],[-6.0405,35.46626],[-6.03913,35.46752],[-6.04042,35.46794],[-6.04016,35.46885],[-6.03948,35.46899],[-6.03973,35.46871],[-6.0387,35.46773],[-6.0375,35.46864],[-6.03767,35.46906],[-6.03767,35.46934],[-6.03716,35.46927],[-6.03716,35.46969],[-6.03579,35.47067],[-6.0345,35.46955],[-6.03355,35.47018],[-6.03321,35.47018],[-6.03149,35.47151],[-6.03132,35.47227],[-6.03149,35.47262],[-6.0327,35.47332],[-6.03364,35.47353],[-6.03398,35.47339],[-6.03407,35.47367],[-6.03364,35.47381],[-6.03321,35.47367],[-6.03149,35.4729],[-6.03098,35.47304],[-6.02961,35.47388],[-6.02772,35.47584],[-6.0272,35.47612],[-6.02772,35.47661],[-6.02592,35.48304],[-6.02231,35.49142],[-6.01931,35.4975],[-6.0175,35.49939],[-6.01596,35.50554],[-6.01656,35.50805],[-6.01261,35.51714],[-6.01072,35.52755],[-6.00961,35.5302],[-6.00892,35.52999]]]]},"properties":{"territoire_id":2,"nom":"Tanger-Assilah"}},{"type":"Feature","geometry":{"type":"MultiPolygon","coordinates":[[[[-5.44888,35.68805],[-5.45154,35.69495],[-5.4542,35.69955],[-5.45566,35.70059],[-5.45686,35.70115],[-5.45737,35.70157],[-5.45997,35.70222],[-5.45806,35.70603],[-5.45729,35.70847],[-5.45488,35.71356],[-5.45222,35.72192],[-5.45171,35.73021],[-5.45179,35.7316],[-5.45068,35.73425],[-5.44922,35.73871],[-5.44855,35.74094],[-5.44853,35.74094],[-5.44793,35.74303],[-5.44819,35.74651],[-5.44845,35.75146],[-5.44857,35.75209],[-5.44856,35.75209],[-5.44922,35.75557],[-5.44973,35.75724],[-5.45042,35.7587],[-5.45248,35.76191],[-5.45368,35.76462],[-5.4542,35.76629],[-5.45608,35.77347],[-5.45918,35.78349],[-5.46046,35.7869],[-5.46055,35.78837],[-5.46021,35.78948],[-5.46046,35.79011],[-5.46115,35.79094],[-5.46132,35.79129],[-5.46106,35.79192],[-5.46124,35.79261],[-5.46063,35.79582],[-5.46063,35.79637],[-5.44287,35.79672],[-5.44158,35.79644],[-5.43875,35.79644],[-5.43849,35.79617],[-5.43806,35.79603],[-5.43797,35.79547],[-5.43815,35.79519],[-5.43849,35.79526],[-5.43858,35.79505],[-5.43823,35.79449],[-5.4378,35.7931],[-5.43755,35.78955],[-5.43334,35.79011],[-5.43205,35.79046],[-5.42785,35.78997],[-5.42493,35.78774],[-5.41678,35.78663],[-5.41506,35.78725],[-5.41077,35.79122],[-5.41068,35.79213],[-5.41085,35.7922],[-5.4118,35.79206],[-5.41343,35.79143],[-5.41377,35.79157],[-5.41386,35.79213],[-5.41369,35.79282],[-5.41334,35.79352],[-5.413,35.79331],[-5.41291,35.79401],[-5.41248,35.79415],[-5.41188,35.79394],[-5.41162,35.79401],[-5.41154,35.79429],[-5.41137,35.79408],[-5.41154,35.79359],[-5.41094,35.79359],[-5.40991,35.79415],[-5.40956,35.79463],[-5.40922,35.79484],[-5.40862,35.79498],[-5.40819,35.79491],[-5.40768,35.79498],[-5.40716,35.79526],[-5.40639,35.79526],[-5.40502,35.79596],[-5.40476,35.79644],[-5.40442,35.79777],[-5.40399,35.79825],[-5.40304,35.7986],[-5.40289,35.79903],[-5.40287,35.79908],[-5.40276,35.79896],[-5.40289,35.79903],[-5.40287,35.79908],[-5.40261,35.79978],[-5.40175,35.80041],[-5.40072,35.80069],[-5.40072,35.8009],[-5.40038,35.80097],[-5.39952,35.80215],[-5.39909,35.80229],[-5.39832,35.80271],[-5.39789,35.80382],[-5.39798,35.8041],[-5.39858,35.8048],[-5.39884,35.80577],[-5.39841,35.80856],[-5.39875,35.8089],[-5.39918,35.8096],[-5.39978,35.80995],[-5.39995,35.8105],[-5.40038,35.81085],[-5.40064,35.81176],[-5.40064,35.81231],[-5.39995,35.81287],[-5.39978,35.81343],[-5.39926,35.81385],[-5.39909,35.81447],[-5.39875,35.81489],[-5.39789,35.81538],[-5.39703,35.81566],[-5.39669,35.81566],[-5.39626,35.81593],[-5.39558,35.81746],[-5.39566,35.81837],[-5.39592,35.81858],[-5.39618,35.8192],[-5.39592,35.82011],[-5.39506,35.82129],[-5.39369,35.82206],[-5.393,35.8231],[-5.39309,35.82352],[-5.39223,35.82442],[-5.39197,35.82491],[-5.39137,35.82526],[-5.39111,35.82568],[-5.39068,35.82596],[-5.39042,35.82596],[-5.39051,35.82874],[-5.39231,35.83083],[-5.39386,35.83187],[-5.39755,35.83243],[-5.39764,35.83264],[-5.39781,35.83312],[-5.39764,35.83368],[-5.39661,35.83417],[-5.39592,35.83486],[-5.39575,35.83521],[-5.39575,35.83598],[-5.39626,35.83653],[-5.39635,35.83681],[-5.39515,35.83778],[-5.39403,35.83841],[-5.39377,35.83876],[-5.39326,35.8389],[-5.39369,35.83973],[-5.39412,35.83994],[-5.39506,35.84008],[-5.39523,35.84036],[-5.39575,35.84043],[-5.39643,35.84168],[-5.39669,35.84175],[-5.39755,35.8414],[-5.39798,35.8414],[-5.40012,35.84259],[-5.40124,35.84266],[-5.4015,35.84321],[-5.40184,35.84349],[-5.40218,35.84356],[-5.40287,35.84356],[-5.40373,35.84398],[-5.40459,35.84384],[-5.40476,35.84363],[-5.40459,35.84266],[-5.40467,35.84231],[-5.40587,35.84224],[-5.40665,35.84189],[-5.40639,35.84112],[-5.40656,35.84085],[-5.4069,35.84078],[-5.40742,35.84092],[-5.40742,35.84182],[-5.40776,35.8421],[-5.40836,35.84203],[-5.40939,35.84168],[-5.41034,35.84092],[-5.41051,35.84092],[-5.41068,35.84106],[-5.41042,35.84161],[-5.41059,35.84189],[-5.41085,35.84189],[-5.41128,35.8414],[-5.41162,35.84126],[-5.41257,35.84133],[-5.41351,35.84161],[-5.4142,35.84168],[-5.41463,35.84182],[-5.41514,35.84245],[-5.41832,35.84523],[-5.41944,35.84655],[-5.41978,35.84627],[-5.41978,35.846],[-5.42012,35.84613],[-5.42055,35.84676],[-5.42064,35.84718],[-5.42089,35.84739],[-5.4215,35.8476],[-5.42158,35.8478],[-5.42347,35.84808],[-5.42399,35.84836],[-5.4245,35.84843],[-5.42544,35.84871],[-5.42647,35.84857],[-5.42802,35.84892],[-5.42853,35.84913],[-5.4287,35.84947],[-5.4287,35.84989],[-5.42913,35.8501],[-5.42973,35.85017],[-5.42973,35.85066],[-5.43025,35.85121],[-5.43025,35.85156],[-5.42991,35.85177],[-5.42973,35.85226],[-5.42999,35.8524],[-5.43068,35.85254],[-5.43137,35.85281],[-5.43205,35.85344],[-5.4324,35.85386],[-5.43222,35.8549],[-5.43154,35.85636],[-5.43162,35.85657],[-5.43137,35.85685],[-5.43094,35.85824],[-5.43042,35.85859],[-5.42956,35.85887],[-5.4281,35.86026],[-5.4269,35.86053],[-5.42544,35.86019],[-5.42424,35.8604],[-5.42381,35.8606],[-5.4221,35.86248],[-5.41986,35.8638],[-5.41883,35.86408],[-5.4172,35.86422],[-5.41669,35.86408],[-5.41626,35.86373],[-5.41566,35.8629],[-5.41514,35.86269],[-5.41223,35.86339],[-5.41068,35.86422],[-5.40948,35.86575],[-5.40888,35.86624],[-5.40802,35.86916],[-5.4075,35.86986],[-5.40648,35.87048],[-5.40605,35.87111],[-5.40665,35.87125],[-5.40759,35.87111],[-5.40802,35.87152],[-5.40785,35.87194],[-5.40716,35.87194],[-5.4075,35.87264],[-5.40699,35.87292],[-5.40699,35.87306],[-5.40776,35.87292],[-5.40999,35.87326],[-5.41291,35.87299],[-5.41532,35.87257],[-5.41781,35.87243],[-5.41823,35.87187],[-5.41866,35.87222],[-5.41841,35.8725],[-5.41918,35.8725],[-5.42004,35.87194],[-5.42064,35.87111],[-5.42235,35.87034],[-5.42287,35.87048],[-5.42313,35.8709],[-5.42347,35.87118],[-5.42424,35.87139],[-5.42467,35.87173],[-5.4251,35.87194],[-5.42536,35.87229],[-5.42604,35.87243],[-5.42716,35.87236],[-5.42776,35.87222],[-5.42862,35.87173],[-5.42939,35.87159],[-5.43034,35.87152],[-5.43197,35.8718],[-5.42673,35.87535],[-5.41986,35.88119],[-5.41223,35.89114],[-5.41068,35.89392],[-5.40167,35.90017],[-5.40424,35.90101],[-5.40682,35.90101],[-5.42175,35.90011],[-5.42261,35.90024],[-5.43257,35.9049],[-5.43489,35.90657],[-5.43652,35.90921],[-5.43677,35.90977],[-5.43669,35.90977],[-5.4366,35.91012],[-5.43643,35.91005],[-5.43659,35.90944],[-5.43514,35.90803],[-5.43428,35.90775],[-5.43386,35.90768],[-5.4336,35.90782],[-5.43325,35.90775],[-5.43265,35.9074],[-5.43222,35.90727],[-5.43034,35.90747],[-5.42948,35.90796],[-5.42913,35.9081],[-5.42767,35.90768],[-5.42673,35.90775],[-5.42544,35.9088],[-5.42467,35.90893],[-5.42399,35.90956],[-5.42381,35.90991],[-5.42175,35.90963],[-5.41961,35.90956],[-5.41909,35.90963],[-5.41858,35.91005],[-5.41806,35.91012],[-5.41695,35.90977],[-5.41626,35.90977],[-5.41489,35.91081],[-5.41265,35.91192],[-5.41085,35.91338],[-5.41025,35.91373],[-5.40905,35.91526],[-5.40785,35.91616],[-5.40682,35.91776],[-5.40639,35.91818],[-5.40596,35.91825],[-5.40493,35.91978],[-5.4045,35.91992],[-5.4039,35.92068],[-5.4039,35.92117],[-5.40339,35.92186],[-5.40287,35.92228],[-5.40253,35.92214],[-5.40218,35.92242],[-5.4015,35.92256],[-5.40132,35.92249],[-5.4015,35.92214],[-5.4015,35.92145],[-5.40124,35.92138],[-5.40107,35.92054],[-5.40047,35.92013],[-5.39935,35.91874],[-5.39815,35.91811],[-5.39729,35.91748],[-5.39695,35.91714],[-5.39764,35.91596],[-5.39875,35.91477],[-5.39901,35.91415],[-5.39944,35.91394],[-5.39978,35.91359],[-5.39978,35.91352],[-5.39952,35.91331],[-5.39901,35.91325],[-5.39892,35.9129],[-5.39832,35.91255],[-5.39823,35.9122],[-5.39798,35.91186],[-5.39764,35.91179],[-5.39755,35.91151],[-5.39643,35.91095],[-5.39523,35.91046],[-5.3948,35.90991],[-5.39214,35.90921],[-5.39188,35.90935],[-5.39128,35.90907],[-5.39017,35.90907],[-5.38716,35.9104],[-5.38613,35.91067],[-5.38596,35.91081],[-5.38588,35.91137],[-5.3857,35.91151],[-5.38476,35.91165],[-5.3821,35.91269],[-5.38141,35.91179],[-5.38055,35.91158],[-5.38004,35.91102],[-5.37987,35.9104],[-5.37978,35.909],[-5.37961,35.90893],[-5.37884,35.9088],[-5.37849,35.90852],[-5.37841,35.90803],[-5.37858,35.90692],[-5.37815,35.90636],[-5.37755,35.90615],[-5.37729,35.90574],[-5.37695,35.90483],[-5.37669,35.90317],[-5.37678,35.90289],[-5.37755,35.90275],[-5.37789,35.90219],[-5.37772,35.9008],[-5.37729,35.90017],[-5.37721,35.89892],[-5.37789,35.89781],[-5.37841,35.8976],[-5.37884,35.8967],[-5.37798,35.89635],[-5.37798,35.896],[-5.37746,35.89531],[-5.37712,35.89517],[-5.37669,35.89524],[-5.37558,35.89454],[-5.37549,35.89426],[-5.37515,35.89406],[-5.37515,35.89329],[-5.3748,35.89232],[-5.37515,35.89135],[-5.37515,35.89086],[-5.37575,35.88981],[-5.37575,35.88898],[-5.37532,35.88794],[-5.37472,35.88731],[-5.37455,35.88634],[-5.37369,35.88578],[-5.3736,35.8855],[-5.37377,35.88467],[-5.37352,35.88432],[-5.37317,35.88307],[-5.37283,35.88279],[-5.37257,35.88265],[-5.37206,35.88161],[-5.3712,35.88112],[-5.37094,35.88086],[-5.37085,35.88077],[-5.37101,35.88076],[-5.37094,35.88086],[-5.37085,35.88077],[-5.36965,35.88064],[-5.36948,35.8805],[-5.3694,35.88008],[-5.36862,35.87938],[-5.3682,35.87924],[-5.36708,35.87952],[-5.36313,35.87841],[-5.36064,35.87702],[-5.36004,35.87577],[-5.3597,35.87549],[-5.35901,35.87521],[-5.3591,35.87472],[-5.35893,35.87445],[-5.35704,35.87431],[-5.35644,35.8734],[-5.35583,35.87292],[-5.35523,35.87292],[-5.35412,35.87347],[-5.35223,35.87285],[-5.3518,35.87278],[-5.35137,35.87319],[-5.35129,35.87375],[-5.35094,35.87424],[-5.3506,35.87535],[-5.35034,35.87563],[-5.35,35.8757],[-5.3494,35.87542],[-5.3488,35.87459],[-5.3482,35.87229],[-5.3433,35.8709],[-5.3439,35.86979],[-5.34425,35.86881],[-5.34459,35.86575],[-5.34468,35.8654],[-5.34493,35.86534],[-5.34511,35.86506],[-5.34511,35.86471],[-5.34528,35.86436],[-5.34571,35.86227],[-5.34579,35.8613],[-5.34614,35.86095],[-5.34631,35.85852],[-5.34648,35.85817],[-5.34674,35.8572],[-5.34674,35.85622],[-5.34639,35.85539],[-5.34674,35.85427],[-5.34717,35.85386],[-5.34742,35.85365],[-5.34811,35.85344],[-5.34863,35.85288],[-5.34914,35.85267],[-5.3494,35.85233],[-5.35051,35.85184],[-5.35129,35.85073],[-5.35146,35.85066],[-5.35197,35.85017],[-5.35274,35.84808],[-5.35292,35.84732],[-5.35292,35.84307],[-5.35274,35.84259],[-5.35206,35.84252],[-5.35172,35.84224],[-5.35154,35.84196],[-5.35163,35.84112],[-5.35172,35.84099],[-5.35197,35.84106],[-5.35189,35.84189],[-5.35197,35.84217],[-5.35232,35.84238],[-5.35343,35.84238],[-5.35352,35.84182],[-5.35369,35.84175],[-5.35369,35.84161],[-5.35266,35.84161],[-5.35257,35.84168],[-5.3524,35.84154],[-5.35283,35.84119],[-5.35309,35.84119],[-5.35326,35.84106],[-5.35343,35.84064],[-5.35352,35.83987],[-5.35283,35.83813],[-5.35223,35.83424],[-5.35257,35.83312],[-5.3524,35.83271],[-5.35257,35.83076],[-5.35232,35.82853],[-5.3524,35.82721],[-5.35129,35.81781],[-5.35111,35.81419],[-5.34966,35.79839],[-5.3494,35.79289],[-5.34914,35.79143],[-5.34914,35.78997],[-5.34897,35.7892],[-5.34871,35.78614],[-5.34854,35.78544],[-5.34854,35.78349],[-5.3482,35.78231],[-5.34828,35.7814],[-5.34794,35.77932],[-5.34751,35.77806],[-5.34794,35.77785],[-5.34794,35.77764],[-5.34734,35.77632],[-5.34682,35.77569],[-5.34571,35.77507],[-5.34485,35.77409],[-5.34545,35.77395],[-5.34631,35.7734],[-5.34657,35.77242],[-5.34665,35.77173],[-5.34622,35.77082],[-5.34511,35.76358],[-5.34382,35.75731],[-5.34124,35.75717],[-5.34073,35.75696],[-5.3397,35.75619],[-5.33893,35.75515],[-5.33867,35.75438],[-5.33833,35.75278],[-5.33824,35.75209],[-5.33824,35.75209],[-5.33807,35.75062],[-5.33841,35.75055],[-5.3385,35.75076],[-5.33833,35.75104],[-5.33867,35.75243],[-5.3403,35.75216],[-5.34039,35.75209],[-5.3403,35.75209],[-5.34039,35.75118],[-5.34047,35.75111],[-5.34047,35.75125],[-5.34064,35.75132],[-5.34099,35.75125],[-5.3418,35.75026],[-5.3421,35.74909],[-5.34202,35.74784],[-5.34176,35.74651],[-5.34116,35.74233],[-5.34099,35.74177],[-5.34082,35.74136],[-5.33944,35.73474],[-5.33918,35.73418],[-5.33901,35.73279],[-5.33833,35.72965],[-5.33798,35.72896],[-5.33755,35.72659],[-5.33652,35.72261],[-5.33618,35.72157],[-5.33558,35.72094],[-5.33498,35.72101],[-5.33412,35.72136],[-5.33386,35.72122],[-5.33352,35.71983],[-5.33369,35.71948],[-5.33455,35.71878],[-5.33489,35.71857],[-5.33558,35.7185],[-5.33549,35.71802],[-5.33438,35.71418],[-5.33172,35.70596],[-5.32803,35.69648],[-5.32639,35.69313],[-5.32442,35.68979],[-5.32219,35.68644],[-5.31979,35.68358],[-5.31936,35.68324],[-5.31876,35.68303],[-5.31764,35.68303],[-5.31781,35.68372],[-5.31747,35.68379],[-5.3173,35.68358],[-5.31738,35.68337],[-5.31755,35.68337],[-5.31755,35.6831],[-5.3167,35.6831],[-5.31653,35.68344],[-5.31644,35.68393],[-5.31618,35.68428],[-5.31386,35.68449],[-5.31378,35.68428],[-5.31395,35.68414],[-5.31429,35.68421],[-5.31447,35.684],[-5.31532,35.68386],[-5.31532,35.684],[-5.31609,35.68386],[-5.31601,35.6833],[-5.31584,35.6831],[-5.31421,35.68324],[-5.31412,35.68351],[-5.31395,35.68358],[-5.31386,35.6831],[-5.31292,35.68324],[-5.31275,35.68303],[-5.31292,35.68289],[-5.31395,35.68282],[-5.31386,35.68233],[-5.3112,35.6817],[-5.31017,35.68233],[-5.31146,35.68365],[-5.3118,35.68344],[-5.31215,35.68344],[-5.31215,35.68365],[-5.31189,35.68386],[-5.31206,35.68421],[-5.31223,35.68428],[-5.31198,35.68435],[-5.31309,35.68512],[-5.31352,35.68512],[-5.31352,35.68533],[-5.31344,35.68547],[-5.31318,35.68547],[-5.31198,35.68484],[-5.30966,35.68268],[-5.3088,35.68226],[-5.30794,35.68219],[-5.30631,35.68268],[-5.30511,35.68282],[-5.30468,35.68303],[-5.30417,35.68344],[-5.30296,35.68414],[-5.30039,35.68449],[-5.29936,35.68484],[-5.29841,35.68533],[-5.29747,35.6854],[-5.29429,35.68602],[-5.29344,35.68665],[-5.29301,35.68742],[-5.29258,35.68735],[-5.29232,35.68693],[-5.29189,35.68686],[-5.2906,35.68742],[-5.28923,35.68756],[-5.28871,35.68777],[-5.28812,35.68756],[-5.28743,35.68686],[-5.287,35.68672],[-5.28614,35.68686],[-5.28528,35.68679],[-5.28365,35.68616],[-5.28288,35.68602],[-5.28073,35.6863],[-5.2803,35.68623],[-5.2803,35.68623],[-5.27987,35.68616],[-5.27962,35.68581],[-5.27927,35.68574],[-5.27893,35.68588],[-5.27867,35.68581],[-5.27747,35.68658],[-5.27713,35.68665],[-5.27687,35.68658],[-5.27721,35.68623],[-5.27704,35.68588],[-5.27464,35.68637],[-5.2737,35.68623],[-5.27344,35.68588],[-5.27309,35.68449],[-5.27335,35.68407],[-5.27344,35.68303],[-5.27361,35.68247],[-5.27438,35.68177],[-5.27507,35.68059],[-5.27618,35.67926],[-5.27687,35.67884],[-5.27747,35.67815],[-5.27936,35.67661],[-5.27975,35.67623],[-5.2803,35.67501],[-5.28048,35.67452],[-5.2803,35.67444],[-5.2803,35.67445],[-5.28005,35.67431],[-5.28005,35.67403],[-5.28013,35.67424],[-5.2803,35.67424],[-5.2803,35.67428],[-5.28048,35.67431],[-5.28073,35.67334],[-5.28142,35.67257],[-5.28133,35.67138],[-5.28193,35.6711],[-5.28236,35.67061],[-5.28254,35.67013],[-5.28245,35.66915],[-5.28262,35.66873],[-5.28305,35.66852],[-5.28331,35.66817],[-5.28322,35.66769],[-5.28254,35.66706],[-5.28262,35.66692],[-5.28312,35.66756],[-5.28408,35.66685],[-5.28442,35.66587],[-5.28322,35.66197],[-5.2803,35.65114],[-5.2803,35.65123],[-5.27876,35.64586],[-5.27799,35.64377],[-5.27764,35.64146],[-5.2767,35.63937],[-5.27661,35.6384],[-5.27601,35.63749],[-5.27593,35.63658],[-5.2755,35.6356],[-5.27541,35.63526],[-5.27455,35.63288],[-5.27344,35.62974],[-5.27284,35.62793],[-5.27258,35.62667],[-5.27146,35.62374],[-5.27112,35.62207],[-5.27018,35.61942],[-5.26983,35.61767],[-5.2694,35.6167],[-5.26915,35.6153],[-5.26872,35.61412],[-5.26837,35.61356],[-5.26803,35.61237],[-5.2676,35.61181],[-5.26623,35.61202],[-5.26614,35.61195],[-5.26623,35.61181],[-5.26657,35.61176],[-5.26657,35.61174],[-5.26777,35.61147],[-5.26657,35.60784],[-5.26657,35.60771],[-5.26528,35.60435],[-5.26448,35.60398],[-5.2682,35.60365],[-5.27078,35.60281],[-5.27344,35.60232],[-5.2803,35.60086],[-5.2803,35.60083],[-5.28116,35.60065],[-5.28399,35.59932],[-5.28442,35.59925],[-5.28494,35.59876],[-5.28511,35.5989],[-5.28554,35.60009],[-5.28571,35.60135],[-5.28683,35.60177],[-5.28751,35.60225],[-5.29017,35.60525],[-5.29086,35.60588],[-5.29309,35.60637],[-5.29472,35.60644],[-5.29859,35.60609],[-5.30004,35.60735],[-5.30391,35.60881],[-5.307,35.60972],[-5.31249,35.61091],[-5.32442,35.60393],[-5.3282,35.60218],[-5.32906,35.6033],[-5.33,35.60407],[-5.33103,35.60463],[-5.33163,35.60581],[-5.33172,35.60637],[-5.33223,35.607],[-5.33249,35.60791],[-5.33326,35.60832],[-5.33386,35.60902],[-5.33386,35.60972],[-5.33421,35.61007],[-5.33343,35.61133],[-5.33223,35.61544],[-5.33094,35.61698],[-5.33026,35.61844],[-5.32966,35.61991],[-5.32734,35.62535],[-5.32648,35.62905],[-5.31944,35.65485],[-5.31893,35.65918],[-5.3191,35.65918],[-5.31936,35.66225],[-5.32013,35.66385],[-5.31987,35.66448],[-5.31919,35.66532],[-5.31961,35.6656],[-5.32004,35.66629],[-5.32133,35.66629],[-5.3227,35.66671],[-5.32631,35.66873],[-5.32639,35.6695],[-5.32605,35.66992],[-5.32597,35.67048],[-5.32605,35.67089],[-5.32648,35.67131],[-5.32639,35.6718],[-5.33584,35.67585],[-5.33601,35.67591],[-5.33601,35.67619],[-5.33644,35.67633],[-5.33695,35.67633],[-5.3373,35.67647],[-5.33704,35.67773],[-5.33755,35.67787],[-5.3379,35.67815],[-5.33936,35.67787],[-5.33996,35.67745],[-5.3403,35.67731],[-5.34082,35.67766],[-5.34236,35.67738],[-5.34288,35.67787],[-5.34339,35.67801],[-5.3439,35.67836],[-5.3476,35.67668],[-5.34811,35.67619],[-5.34837,35.67668],[-5.34931,35.67696],[-5.34931,35.67717],[-5.34897,35.67745],[-5.3494,35.67822],[-5.35146,35.67794],[-5.35163,35.67801],[-5.35223,35.67863],[-5.35292,35.67752],[-5.35309,35.67745],[-5.3542,35.67849],[-5.35438,35.67898],[-5.35618,35.67863],[-5.35669,35.67842],[-5.35669,35.67877],[-5.35704,35.67926],[-5.35729,35.67947],[-5.3585,35.6794],[-5.35961,35.67884],[-5.36073,35.67863],[-5.36184,35.67884],[-5.36253,35.67877],[-5.36322,35.67898],[-5.36553,35.67877],[-5.36631,35.67947],[-5.36656,35.67982],[-5.36691,35.68121],[-5.36725,35.68163],[-5.36742,35.68177],[-5.36828,35.68191],[-5.36845,35.68205],[-5.36862,35.68233],[-5.36854,35.68303],[-5.37026,35.68303],[-5.37223,35.68344],[-5.37317,35.68435],[-5.3736,35.6854],[-5.37412,35.68456],[-5.37446,35.68365],[-5.37506,35.68351],[-5.37601,35.68358],[-5.37566,35.68275],[-5.37583,35.68219],[-5.3754,35.68184],[-5.37549,35.68156],[-5.37652,35.68184],[-5.37652,35.68142],[-5.37849,35.68031],[-5.37764,35.67891],[-5.37669,35.67794],[-5.37626,35.67724],[-5.37601,35.67661],[-5.37764,35.67654],[-5.37875,35.67612],[-5.37901,35.67563],[-5.37884,35.67536],[-5.37764,35.67529],[-5.37789,35.67494],[-5.37789,35.67438],[-5.37729,35.67354],[-5.37695,35.67327],[-5.37635,35.67327],[-5.37669,35.6725],[-5.37669,35.67215],[-5.37583,35.67166],[-5.37635,35.67055],[-5.37626,35.66992],[-5.37575,35.66964],[-5.37601,35.66943],[-5.37704,35.6695],[-5.37721,35.66908],[-5.37566,35.66776],[-5.37695,35.66762],[-5.37755,35.66734],[-5.37901,35.66629],[-5.37961,35.66539],[-5.37952,35.66497],[-5.38012,35.66441],[-5.38021,35.66441],[-5.38064,35.6649],[-5.38055,35.66525],[-5.38081,35.66553],[-5.38115,35.66518],[-5.38133,35.66518],[-5.3815,35.66539],[-5.38115,35.66615],[-5.37987,35.66727],[-5.37995,35.66762],[-5.37987,35.66783],[-5.3791,35.66838],[-5.37867,35.67082],[-5.37867,35.67152],[-5.37892,35.67201],[-5.37987,35.67299],[-5.3797,35.67319],[-5.38021,35.67368],[-5.38038,35.67347],[-5.38073,35.67347],[-5.38201,35.67459],[-5.38253,35.67403],[-5.38279,35.67396],[-5.38356,35.67459],[-5.38373,35.67445],[-5.38382,35.67271],[-5.3827,35.67159],[-5.38279,35.67131],[-5.38442,35.66936],[-5.38682,35.66824],[-5.38725,35.66831],[-5.38785,35.6688],[-5.38837,35.6688],[-5.39042,35.66845],[-5.39188,35.6688],[-5.39274,35.6695],[-5.39317,35.66943],[-5.39326,35.66985],[-5.3936,35.67006],[-5.39386,35.66992],[-5.39369,35.66929],[-5.39386,35.66894],[-5.39343,35.6688],[-5.39429,35.66769],[-5.3948,35.66713],[-5.39437,35.66518],[-5.3948,35.66539],[-5.39489,35.66587],[-5.39558,35.66636],[-5.39686,35.66636],[-5.39961,35.66573],[-5.40038,35.66525],[-5.39995,35.66378],[-5.40004,35.66364],[-5.40029,35.66364],[-5.40124,35.66448],[-5.40081,35.66322],[-5.40124,35.66287],[-5.4009,35.66211],[-5.40107,35.66169],[-5.40339,35.66099],[-5.40442,35.66099],[-5.4051,35.66092],[-5.40673,35.66029],[-5.41377,35.66308],[-5.4154,35.66287],[-5.42819,35.66364],[-5.436,35.66455],[-5.43755,35.66922],[-5.43892,35.67103],[-5.4421,35.67598],[-5.44647,35.68351],[-5.44888,35.68798],[-5.44888,35.68805]]]]},"properties":{"territoire_id":3,"nom":"M'diq-Fnideq"}},{"type":"Feature","geometry":{"type":"MultiPolygon","coordinates":[[[[-5.59187,35.62116],[-5.59093,35.62081],[-5.58921,35.61991],[-5.58732,35.61844],[-5.58646,35.6183],[-5.58586,35.61795],[-5.58526,35.61698],[-5.58483,35.61663],[-5.58486,35.61636],[-5.58487,35.61623],[-5.58389,35.61523],[-5.58234,35.61433],[-5.58157,35.61405],[-5.57942,35.6144],[-5.57865,35.6144],[-5.58003,35.61712],[-5.58071,35.61893],[-5.58114,35.622],[-5.58054,35.62319],[-5.57977,35.62374],[-5.57882,35.62423],[-5.57874,35.62451],[-5.57805,35.625],[-5.57771,35.62612],[-5.57711,35.62667],[-5.57633,35.62709],[-5.57573,35.62723],[-5.57565,35.62744],[-5.57539,35.62751],[-5.57359,35.62737],[-5.57179,35.62786],[-5.57076,35.62779],[-5.57041,35.62912],[-5.57024,35.63058],[-5.56998,35.6317],[-5.56998,35.63226],[-5.57058,35.63267],[-5.57093,35.63316],[-5.5711,35.63421],[-5.57187,35.63505],[-5.57239,35.63547],[-5.57239,35.63574],[-5.57213,35.63623],[-5.57221,35.63686],[-5.57179,35.63728],[-5.57179,35.63756],[-5.57196,35.63798],[-5.5723,35.63833],[-5.57273,35.63951],[-5.57264,35.64049],[-5.57213,35.64188],[-5.57076,35.64321],[-5.57015,35.6439],[-5.57015,35.64432],[-5.57041,35.64495],[-5.57033,35.64551],[-5.57076,35.64628],[-5.57076,35.64697],[-5.57127,35.64718],[-5.57127,35.64732],[-5.57093,35.64837],[-5.57024,35.64955],[-5.57041,35.64976],[-5.57076,35.64983],[-5.57076,35.65004],[-5.57015,35.65053],[-5.56955,35.6506],[-5.56749,35.65158],[-5.56569,35.65221],[-5.56449,35.65234],[-5.56252,35.65248],[-5.55925,35.652],[-5.55857,35.65165],[-5.55779,35.65158],[-5.55659,35.65172],[-5.55505,35.65151],[-5.55342,35.65158],[-5.55196,35.65221],[-5.55067,35.65207],[-5.55041,35.65214],[-5.54295,35.64404],[-5.53814,35.63714],[-5.53299,35.63686],[-5.53007,35.63553],[-5.52964,35.63547],[-5.52939,35.63547],[-5.52895,35.63567],[-5.52767,35.63581],[-5.52664,35.6363],[-5.52569,35.63658],[-5.52424,35.63637],[-5.5232,35.63637],[-5.52269,35.63623],[-5.52217,35.63623],[-5.52192,35.63609],[-5.52175,35.63553],[-5.52063,35.63484],[-5.52046,35.63372],[-5.5202,35.63337],[-5.51883,35.63253],[-5.51823,35.6324],[-5.5178,35.63212],[-5.51728,35.63219],[-5.51711,35.63212],[-5.5172,35.63135],[-5.51711,35.63107],[-5.51591,35.63044],[-5.51488,35.62933],[-5.51436,35.62891],[-5.51385,35.62877],[-5.51265,35.62884],[-5.51196,35.62877],[-5.51153,35.62814],[-5.51042,35.62807],[-5.50999,35.62821],[-5.50964,35.62779],[-5.50853,35.62744],[-5.50758,35.62744],[-5.50638,35.62765],[-5.50518,35.62744],[-5.50449,35.62723],[-5.50321,35.62723],[-5.5026,35.62709],[-5.50243,35.62667],[-5.50278,35.62584],[-5.5026,35.62451],[-5.50243,35.62423],[-5.50175,35.62388],[-5.50106,35.62319],[-5.49977,35.62353],[-5.49969,35.62388],[-5.49977,35.62409],[-5.50029,35.6243],[-5.50037,35.62451],[-5.49952,35.625],[-5.49934,35.62535],[-5.49952,35.62591],[-5.499,35.6266],[-5.49789,35.62737],[-5.49746,35.62744],[-5.49677,35.62737],[-5.49608,35.62772],[-5.49607,35.62782],[-5.4954,35.62814],[-5.49608,35.62772],[-5.49607,35.62782],[-5.496,35.62828],[-5.49557,35.6287],[-5.49548,35.62926],[-5.49565,35.62974],[-5.49531,35.63044],[-5.49445,35.631],[-5.49419,35.63107],[-5.49411,35.63142],[-5.49359,35.63177],[-5.49342,35.63247],[-5.49316,35.63267],[-5.49273,35.63274],[-5.49256,35.63288],[-5.49222,35.63365],[-5.49179,35.63372],[-5.49162,35.63351],[-5.49093,35.63337],[-5.48999,35.63351],[-5.4899,35.63386],[-5.4893,35.63456],[-5.48904,35.63533],[-5.48862,35.6356],[-5.48801,35.63581],[-5.48784,35.6363],[-5.48827,35.63672],[-5.48844,35.63728],[-5.48896,35.63798],[-5.48887,35.63819],[-5.4881,35.63826],[-5.48793,35.63846],[-5.48793,35.63888],[-5.48801,35.63958],[-5.48862,35.63965],[-5.48896,35.63937],[-5.48922,35.63958],[-5.4899,35.63979],[-5.49059,35.63993],[-5.49128,35.64049],[-5.49179,35.64042],[-5.49316,35.64042],[-5.49428,35.64077],[-5.49505,35.64084],[-5.49557,35.64126],[-5.49617,35.64153],[-5.49754,35.64126],[-5.49789,35.64258],[-5.4978,35.64279],[-5.49703,35.64321],[-5.49686,35.64349],[-5.49634,35.64767],[-5.49625,35.64907],[-5.49677,35.6513],[-5.50364,35.65946],[-5.50372,35.66009],[-5.50235,35.66566],[-5.49763,35.67124],[-5.49557,35.67661],[-5.49617,35.6817],[-5.49462,35.68233],[-5.49394,35.68205],[-5.49265,35.68219],[-5.49213,35.68198],[-5.49119,35.68191],[-5.49016,35.68149],[-5.48801,35.68177],[-5.48741,35.68219],[-5.48664,35.68226],[-5.48578,35.68205],[-5.48458,35.68212],[-5.48158,35.68275],[-5.48029,35.68268],[-5.47943,35.68212],[-5.47797,35.68261],[-5.47668,35.68254],[-5.47531,35.68296],[-5.47454,35.68344],[-5.47351,35.68372],[-5.47299,35.68407],[-5.47257,35.68463],[-5.47111,35.68547],[-5.46956,35.68665],[-5.4687,35.68672],[-5.46836,35.68693],[-5.46741,35.687],[-5.46647,35.687],[-5.4663,35.68714],[-5.4663,35.68742],[-5.46613,35.68777],[-5.46553,35.68825],[-5.46441,35.68846],[-5.46295,35.68846],[-5.46278,35.68867],[-5.46304,35.68965],[-5.46261,35.69069],[-5.46261,35.69411],[-5.46218,35.69502],[-5.46141,35.69543],[-5.46106,35.69774],[-5.46098,35.69794],[-5.45995,35.69913],[-5.45935,35.69955],[-5.45918,35.69983],[-5.45997,35.70222],[-5.45737,35.70157],[-5.45686,35.70115],[-5.45566,35.70059],[-5.4542,35.69955],[-5.45154,35.69495],[-5.44888,35.68805],[-5.44888,35.68798],[-5.44647,35.68351],[-5.4421,35.67598],[-5.43892,35.67103],[-5.43755,35.66922],[-5.436,35.66455],[-5.42819,35.66364],[-5.4154,35.66287],[-5.41377,35.66308],[-5.40673,35.66029],[-5.4051,35.66092],[-5.40442,35.66099],[-5.40339,35.66099],[-5.40107,35.66169],[-5.4009,35.66211],[-5.40124,35.66287],[-5.40081,35.66322],[-5.40124,35.66448],[-5.40029,35.66364],[-5.40004,35.66364],[-5.39995,35.66378],[-5.40038,35.66525],[-5.39961,35.66573],[-5.39686,35.66636],[-5.39558,35.66636],[-5.39489,35.66587],[-5.3948,35.66539],[-5.39437,35.66518],[-5.3948,35.66713],[-5.39429,35.66769],[-5.39343,35.6688],[-5.39386,35.66894],[-5.39369,35.66929],[-5.39386,35.66992],[-5.3936,35.67006],[-5.39326,35.66985],[-5.39317,35.66943],[-5.39274,35.6695],[-5.39188,35.6688],[-5.39042,35.66845],[-5.38837,35.6688],[-5.38785,35.6688],[-5.38725,35.66831],[-5.38682,35.66824],[-5.38442,35.66936],[-5.38279,35.67131],[-5.3827,35.67159],[-5.38382,35.67271],[-5.38373,35.67445],[-5.38356,35.67459],[-5.38279,35.67396],[-5.38253,35.67403],[-5.38201,35.67459],[-5.38073,35.67347],[-5.38038,35.67347],[-5.38021,35.67368],[-5.3797,35.67319],[-5.37987,35.67299],[-5.37892,35.67201],[-5.37867,35.67152],[-5.37867,35.67082],[-5.3791,35.66838],[-5.37987,35.66783],[-5.37995,35.66762],[-5.37987,35.66727],[-5.38115,35.66615],[-5.3815,35.66539],[-5.38133,35.66518],[-5.38115,35.66518],[-5.38081,35.66553],[-5.38055,35.66525],[-5.38064,35.6649],[-5.38021,35.66441],[-5.38012,35.66441],[-5.37952,35.66497],[-5.37961,35.66539],[-5.37901,35.66629],[-5.37755,35.66734],[-5.37695,35.66762],[-5.37566,35.66776],[-5.37721,35.66908],[-5.37704,35.6695],[-5.37601,35.66943],[-5.37575,35.66964],[-5.37626,35.66992],[-5.37635,35.67055],[-5.37583,35.67166],[-5.37669,35.67215],[-5.37669,35.6725],[-5.37635,35.67327],[-5.37695,35.67327],[-5.37729,35.67354],[-5.37789,35.67438],[-5.37789,35.67494],[-5.37764,35.67529],[-5.37884,35.67536],[-5.37901,35.67563],[-5.37875,35.67612],[-5.37764,35.67654],[-5.37601,35.67661],[-5.37626,35.67724],[-5.37669,35.67794],[-5.37764,35.67891],[-5.37849,35.68031],[-5.37652,35.68142],[-5.37652,35.68184],[-5.37549,35.68156],[-5.3754,35.68184],[-5.37583,35.68219],[-5.37566,35.68275],[-5.37601,35.68358],[-5.37506,35.68351],[-5.37446,35.68365],[-5.37412,35.68456],[-5.3736,35.6854],[-5.37317,35.68435],[-5.37223,35.68344],[-5.37026,35.68303],[-5.36854,35.68303],[-5.36862,35.68233],[-5.36845,35.68205],[-5.36828,35.68191],[-5.36742,35.68177],[-5.36725,35.68163],[-5.36691,35.68121],[-5.36656,35.67982],[-5.36631,35.67947],[-5.36553,35.67877],[-5.36322,35.67898],[-5.36253,35.67877],[-5.36184,35.67884],[-5.36073,35.67863],[-5.35961,35.67884],[-5.3585,35.6794],[-5.35729,35.67947],[-5.35704,35.67926],[-5.35669,35.67877],[-5.35669,35.67842],[-5.35618,35.67863],[-5.35438,35.67898],[-5.3542,35.67849],[-5.35309,35.67745],[-5.35292,35.67752],[-5.35223,35.67863],[-5.35163,35.67801],[-5.35146,35.67794],[-5.3494,35.67822],[-5.34897,35.67745],[-5.34931,35.67717],[-5.34931,35.67696],[-5.34837,35.67668],[-5.34811,35.67619],[-5.3476,35.67668],[-5.3439,35.67836],[-5.34339,35.67801],[-5.34288,35.67787],[-5.34236,35.67738],[-5.34082,35.67766],[-5.3403,35.67731],[-5.33996,35.67745],[-5.33936,35.67787],[-5.3379,35.67815],[-5.33755,35.67787],[-5.33704,35.67773],[-5.3373,35.67647],[-5.33695,35.67633],[-5.33644,35.67633],[-5.33601,35.67619],[-5.33601,35.67591],[-5.33584,35.67585],[-5.32639,35.6718],[-5.32648,35.67131],[-5.32605,35.67089],[-5.32597,35.67048],[-5.32605,35.66992],[-5.32639,35.6695],[-5.32631,35.66873],[-5.3227,35.66671],[-5.32133,35.66629],[-5.32004,35.66629],[-5.31961,35.6656],[-5.31919,35.66532],[-5.31987,35.66448],[-5.32013,35.66385],[-5.31936,35.66225],[-5.3191,35.65918],[-5.31893,35.65918],[-5.31944,35.65485],[-5.32648,35.62905],[-5.32734,35.62535],[-5.32966,35.61991],[-5.33026,35.61844],[-5.33094,35.61698],[-5.33223,35.61544],[-5.33343,35.61133],[-5.33421,35.61007],[-5.33386,35.60972],[-5.33386,35.60902],[-5.33326,35.60832],[-5.33249,35.60791],[-5.33223,35.607],[-5.33172,35.60637],[-5.33163,35.60581],[-5.33103,35.60463],[-5.33,35.60407],[-5.32906,35.6033],[-5.3282,35.60218],[-5.32442,35.60393],[-5.31249,35.61091],[-5.307,35.60972],[-5.30391,35.60881],[-5.30004,35.60735],[-5.29859,35.60609],[-5.29472,35.60644],[-5.29309,35.60637],[-5.29086,35.60588],[-5.29017,35.60525],[-5.28751,35.60225],[-5.28683,35.60177],[-5.28571,35.60135],[-5.28554,35.60009],[-5.28511,35.5989],[-5.28494,35.59876],[-5.29078,35.59325],[-5.28511,35.5989],[-5.28494,35.59876],[-5.28442,35.59925],[-5.28399,35.59932],[-5.28116,35.60065],[-5.2803,35.60083],[-5.2803,35.60086],[-5.27344,35.60232],[-5.27078,35.60281],[-5.2682,35.60365],[-5.26448,35.60398],[-5.26434,35.604],[-5.26408,35.60149],[-5.2634,35.59828],[-5.26228,35.59597],[-5.26125,35.59304],[-5.25807,35.5862],[-5.25773,35.58522],[-5.25765,35.58439],[-5.25687,35.58257],[-5.25601,35.58152],[-5.25473,35.58069],[-5.25344,35.57964],[-5.25301,35.57915],[-5.25301,35.5788],[-5.25318,35.57762],[-5.25318,35.57601],[-5.25258,35.57433],[-5.25207,35.5714],[-5.25121,35.57008],[-5.24975,35.56651],[-5.24872,35.56337],[-5.24812,35.56288],[-5.24468,35.55597],[-5.24297,35.55332],[-5.24099,35.5508],[-5.23971,35.54955],[-5.23756,35.54801],[-5.23679,35.54759],[-5.23619,35.54752],[-5.2349,35.54703],[-5.23387,35.54682],[-5.23353,35.54689],[-5.2331,35.5471],[-5.23292,35.54759],[-5.23189,35.54843],[-5.23147,35.54892],[-5.22975,35.54983],[-5.22838,35.5499],[-5.22709,35.55052],[-5.2264,35.55045],[-5.22597,35.55052],[-5.22546,35.54997],[-5.22503,35.54983],[-5.22469,35.54955],[-5.2234,35.54773],[-5.22348,35.54731],[-5.22331,35.54703],[-5.21911,35.54242],[-5.21627,35.53984],[-5.21421,35.53837],[-5.21378,35.53816],[-5.21164,35.53774],[-5.21044,35.5376],[-5.20967,35.53767],[-5.20795,35.53844],[-5.2064,35.53977],[-5.20529,35.5404],[-5.20486,35.54103],[-5.2046,35.54124],[-5.20314,35.54165],[-5.20246,35.54145],[-5.20091,35.54158],[-5.20048,35.54145],[-5.20014,35.54145],[-5.19945,35.54075],[-5.19799,35.54005],[-5.19559,35.53719],[-5.19413,35.53579],[-5.19319,35.53537],[-5.1925,35.53523],[-5.19027,35.5353],[-5.18898,35.53565],[-5.18701,35.53663],[-5.1858,35.53656],[-5.18477,35.53642],[-5.184,35.53607],[-5.18323,35.53537],[-5.18263,35.53523],[-5.18108,35.53439],[-5.17602,35.53292],[-5.17327,35.5316],[-5.17319,35.53139],[-5.17302,35.53139],[-5.17327,35.53118],[-5.17345,35.53076],[-5.16932,35.52356],[-5.16907,35.52322],[-5.16684,35.52224],[-5.16649,35.52189],[-5.16546,35.52154],[-5.16486,35.52105],[-5.16392,35.51972],[-5.16289,35.51902],[-5.16254,35.51826],[-5.16126,35.51721],[-5.16057,35.5163],[-5.15902,35.51455],[-5.15722,35.51183],[-5.15662,35.51015],[-5.15448,35.50659],[-5.15353,35.50533],[-5.15233,35.50421],[-5.15156,35.50379],[-5.15027,35.50337],[-5.14847,35.50163],[-5.14752,35.50128],[-5.14684,35.50065],[-5.14624,35.50037],[-5.14409,35.49869],[-5.14263,35.49688],[-5.14254,35.49682],[-5.14281,35.49683],[-5.14263,35.49688],[-5.14254,35.49682],[-5.14117,35.49611],[-5.14083,35.49604],[-5.14023,35.49611],[-5.13894,35.49583],[-5.13825,35.49548],[-5.13628,35.49513],[-5.13577,35.49485],[-5.13508,35.49415],[-5.13465,35.4938],[-5.1331,35.49338],[-5.13147,35.4931],[-5.13104,35.49289],[-5.13053,35.49254],[-5.12933,35.49108],[-5.12873,35.49066],[-5.12718,35.49031],[-5.1265,35.48961],[-5.12521,35.48898],[-5.12469,35.48849],[-5.12375,35.488],[-5.12298,35.4873],[-5.12169,35.48667],[-5.12083,35.4859],[-5.1198,35.48513],[-5.11877,35.48409],[-5.11662,35.4815],[-5.11602,35.48122],[-5.11542,35.48115],[-5.11525,35.48094],[-5.11465,35.48052],[-5.11285,35.47836],[-5.11096,35.47675],[-5.1101,35.4764],[-5.10942,35.47633],[-5.1071,35.47717],[-5.10624,35.47689],[-5.09983,35.46626],[-5.09972,35.46626],[-5.09645,35.46067],[-5.09379,35.45627],[-5.09319,35.45508],[-5.0932,35.45508],[-5.0901,35.44976],[-5.08178,35.43683],[-5.08126,35.43634],[-5.08083,35.43599],[-5.08071,35.43523],[-5.08067,35.43509],[-5.08049,35.43452],[-5.08083,35.4334],[-5.08066,35.43235],[-5.08049,35.42948],[-5.0804,35.42906],[-5.08075,35.42795],[-5.08118,35.42739],[-5.08246,35.42711],[-5.08392,35.42634],[-5.08607,35.42473],[-5.08701,35.42382],[-5.08787,35.42354],[-5.08821,35.42347],[-5.08873,35.42361],[-5.08942,35.42452],[-5.08976,35.42473],[-5.09113,35.4248],[-5.09328,35.42585],[-5.09457,35.4276],[-5.09465,35.42829],[-5.09448,35.42851],[-5.09405,35.42899],[-5.09379,35.42955],[-5.09328,35.42997],[-5.09182,35.43025],[-5.09113,35.43074],[-5.09036,35.43088],[-5.08993,35.43109],[-5.08993,35.43172],[-5.09036,35.43228],[-5.09096,35.43263],[-5.09379,35.43221],[-5.09542,35.43207],[-5.09731,35.43242],[-5.09886,35.43228],[-5.09929,35.43249],[-5.09997,35.43319],[-5.10066,35.43333],[-5.10263,35.43291],[-5.10306,35.43256],[-5.10392,35.43074],[-5.10358,35.42983],[-5.10323,35.42927],[-5.10332,35.42899],[-5.10435,35.42773],[-5.10538,35.42697],[-5.10555,35.42669],[-5.10547,35.42634],[-5.10504,35.42543],[-5.10512,35.42529],[-5.10538,35.42529],[-5.10564,35.42515],[-5.10572,35.42487],[-5.10564,35.42431],[-5.10572,35.42417],[-5.10675,35.42361],[-5.10761,35.42361],[-5.1083,35.42326],[-5.10873,35.42319],[-5.1113,35.42291],[-5.11233,35.4234],[-5.11328,35.42298],[-5.11482,35.42235],[-5.11577,35.42158],[-5.11697,35.42039],[-5.11843,35.41962],[-5.11972,35.41913],[-5.1222,35.41864],[-5.12392,35.41864],[-5.12521,35.41815],[-5.12581,35.41738],[-5.12581,35.41668],[-5.12547,35.41598],[-5.12555,35.41459],[-5.12452,35.41242],[-5.12478,35.41109],[-5.12521,35.41025],[-5.12555,35.40983],[-5.12761,35.40885],[-5.12864,35.40864],[-5.12907,35.40864],[-5.12967,35.40843],[-5.12993,35.40822],[-5.12958,35.4071],[-5.12976,35.40605],[-5.1295,35.4057],[-5.13019,35.40542],[-5.13164,35.40521],[-5.1319,35.40486],[-5.13182,35.40451],[-5.13207,35.40423],[-5.13225,35.40409],[-5.13328,35.40395],[-5.13362,35.40339],[-5.13439,35.40311],[-5.13431,35.40234],[-5.13534,35.40122],[-5.13611,35.39955],[-5.13851,35.39626],[-5.13877,35.39626],[-5.13894,35.39612],[-5.14006,35.39605],[-5.14177,35.39528],[-5.1422,35.39486],[-5.14263,35.39423],[-5.14443,35.3929],[-5.14555,35.39143],[-5.14572,35.39157],[-5.14624,35.39129],[-5.14684,35.39115],[-5.14838,35.39122],[-5.14916,35.39143],[-5.1501,35.39213],[-5.15173,35.39269],[-5.15285,35.39283],[-5.1543,35.39269],[-5.15508,35.39234],[-5.15525,35.39199],[-5.15568,35.39178],[-5.15714,35.39129],[-5.15868,35.39045],[-5.16031,35.38891],[-5.161,35.38807],[-5.16117,35.38723],[-5.16108,35.38688],[-5.16091,35.38639],[-5.16031,35.38555],[-5.1592,35.38492],[-5.15594,35.38352],[-5.15362,35.38198],[-5.15087,35.38037],[-5.14993,35.38002],[-5.14821,35.37967],[-5.14735,35.37911],[-5.14701,35.37834],[-5.14718,35.37792],[-5.14787,35.37722],[-5.14864,35.37694],[-5.14967,35.37568],[-5.15018,35.37547],[-5.15087,35.37547],[-5.1519,35.37498],[-5.15379,35.37547],[-5.15456,35.37582],[-5.15576,35.37582],[-5.15679,35.37554],[-5.15963,35.37414],[-5.15997,35.37365],[-5.16014,35.37261],[-5.1604,35.37239],[-5.161,35.37219],[-5.16186,35.37226],[-5.16349,35.37282],[-5.16435,35.37338],[-5.16486,35.37428],[-5.16538,35.37463],[-5.16624,35.37498],[-5.16718,35.37519],[-5.16864,35.37554],[-5.16975,35.3761],[-5.16718,35.37519],[-5.16864,35.37554],[-5.16967,35.37561],[-5.17113,35.37554],[-5.17199,35.37526],[-5.17267,35.3747],[-5.17396,35.37288],[-5.17499,35.37022],[-5.17654,35.36805],[-5.17671,35.36764],[-5.17671,35.36708],[-5.17654,35.36624],[-5.1761,35.3654],[-5.17619,35.36477],[-5.17739,35.36281],[-5.17791,35.36057],[-5.17919,35.35959],[-5.17928,35.35931],[-5.17919,35.35903],[-5.17885,35.35868],[-5.17713,35.35749],[-5.17662,35.35672],[-5.17619,35.35574],[-5.17628,35.35525],[-5.17654,35.35462],[-5.17765,35.35392],[-5.17825,35.35315],[-5.17919,35.3521],[-5.17954,35.35203],[-5.18005,35.35238],[-5.18074,35.35301],[-5.18194,35.35364],[-5.1828,35.35371],[-5.18409,35.35364],[-5.18512,35.35343],[-5.18572,35.35315],[-5.18649,35.35245],[-5.18623,35.3521],[-5.18649,35.35154],[-5.18726,35.35126],[-5.18743,35.35098],[-5.18675,35.34916],[-5.18701,35.34881],[-5.18692,35.3479],[-5.18718,35.34727],[-5.18761,35.34678],[-5.18761,35.34636],[-5.18726,35.34629],[-5.18701,35.34663],[-5.18658,35.34649],[-5.18632,35.34537],[-5.1864,35.34439],[-5.18666,35.3439],[-5.18778,35.34349],[-5.18889,35.34327],[-5.18932,35.34327],[-5.18984,35.34356],[-5.19053,35.34356],[-5.19095,35.34342],[-5.1913,35.34293],[-5.1913,35.34237],[-5.19147,35.34188],[-5.19138,35.34139],[-5.19104,35.34096],[-5.19061,35.3409],[-5.1901,35.34033],[-5.18975,35.33921],[-5.18984,35.339],[-5.19018,35.33886],[-5.19053,35.3383],[-5.19078,35.33809],[-5.19104,35.33746],[-5.19181,35.33634],[-5.19259,35.33389],[-5.1925,35.33214],[-5.19233,35.33123],[-5.19138,35.3292],[-5.19095,35.32885],[-5.1907,35.32808],[-5.19095,35.32689],[-5.19164,35.32577],[-5.19267,35.32297],[-5.19353,35.32192],[-5.19499,35.3208],[-5.19619,35.32017],[-5.1967,35.31968],[-5.19722,35.31884],[-5.19859,35.31744],[-5.20065,35.31667],[-5.20211,35.31499],[-5.20289,35.31421],[-5.2034,35.31351],[-5.20392,35.31211],[-5.20434,35.31162],[-5.20537,35.31113],[-5.20623,35.31092],[-5.20692,35.31099],[-5.20769,35.31078],[-5.20855,35.31043],[-5.20769,35.3091],[-5.20357,35.30651],[-5.20289,35.30567],[-5.204,35.29677],[-5.20554,35.29649],[-5.20657,35.29649],[-5.20718,35.29677],[-5.20795,35.29754],[-5.20855,35.29761],[-5.20949,35.29733],[-5.21044,35.2974],[-5.21215,35.29832],[-5.21301,35.29859],[-5.21318,35.29593],[-5.21353,35.29502],[-5.21439,35.29005],[-5.21447,35.28542],[-5.21627,35.28339],[-5.21679,35.28332],[-5.21748,35.28276],[-5.21799,35.28171],[-5.21799,35.28045],[-5.21756,35.27744],[-5.21687,35.27569],[-5.21559,35.27414],[-5.21198,35.26952],[-5.21001,35.26721],[-5.20503,35.26181],[-5.20503,35.26132],[-5.20554,35.26062],[-5.20615,35.26027],[-5.207,35.26013],[-5.20778,35.26013],[-5.21044,35.26062],[-5.21524,35.25978],[-5.21627,35.25978],[-5.21799,35.26041],[-5.21894,35.26097],[-5.21911,35.26167],[-5.21936,35.26181],[-5.22074,35.26202],[-5.22057,35.25936],[-5.22065,35.25831],[-5.22082,35.25803],[-5.22082,35.25655],[-5.22134,35.25613],[-5.22185,35.25543],[-5.22331,35.25452],[-5.22357,35.25382],[-5.22451,35.25319],[-5.22486,35.25249],[-5.22494,35.25221],[-5.22477,35.25137],[-5.22529,35.25003],[-5.22529,35.24891],[-5.22554,35.24751],[-5.22537,35.24646],[-5.2258,35.24548],[-5.22597,35.2452],[-5.22692,35.24506],[-5.22709,35.24464],[-5.22709,35.24415],[-5.22717,35.24387],[-5.22752,35.24366],[-5.22803,35.24345],[-5.22863,35.24274],[-5.22906,35.24183],[-5.23027,35.24092],[-5.23181,35.23917],[-5.2331,35.237],[-5.23498,35.23286],[-5.23627,35.22858],[-5.23636,35.22774],[-5.23808,35.22662],[-5.23962,35.22578],[-5.24065,35.22529],[-5.25249,35.22522],[-5.25662,35.22536],[-5.2658,35.2255],[-5.26846,35.22585],[-5.27344,35.22578],[-5.27447,35.22578],[-5.27473,35.22536],[-5.27473,35.22494],[-5.27782,35.22592],[-5.27867,35.22592],[-5.2803,35.2262],[-5.2803,35.22624],[-5.28082,35.22634],[-5.28133,35.22676],[-5.28339,35.22676],[-5.28528,35.22697],[-5.28606,35.22683],[-5.28786,35.2269],[-5.28846,35.22711],[-5.28923,35.22767],[-5.29069,35.22774],[-5.29206,35.22816],[-5.29232,35.22809],[-5.29266,35.22774],[-5.29644,35.22767],[-5.29987,35.22781],[-5.30468,35.22851],[-5.30528,35.22872],[-5.3064,35.22957],[-5.30725,35.22992],[-5.30786,35.23041],[-5.30863,35.23048],[-5.3088,35.23062],[-5.30992,35.23251],[-5.31086,35.23475],[-5.31137,35.2356],[-5.3118,35.23609],[-5.31326,35.23707],[-5.31438,35.23749],[-5.31524,35.23784],[-5.31798,35.2384],[-5.31841,35.2384],[-5.31841,35.23742],[-5.31884,35.23588],[-5.31919,35.23545],[-5.31996,35.23496],[-5.32013,35.23461],[-5.32082,35.2344],[-5.32107,35.23447],[-5.32193,35.23524],[-5.32305,35.23553],[-5.32399,35.23553],[-5.32408,35.23461],[-5.32468,35.23468],[-5.32494,35.23356],[-5.32519,35.23293],[-5.32614,35.23314],[-5.32708,35.23384],[-5.32734,35.23412],[-5.32734,35.23454],[-5.32794,35.23503],[-5.32803,35.23623],[-5.32854,35.23651],[-5.3288,35.23637],[-5.3288,35.2358],[-5.32888,35.23566],[-5.32966,35.2351],[-5.33052,35.23517],[-5.3312,35.23496],[-5.3318,35.23531],[-5.3324,35.23545],[-5.33258,35.23531],[-5.33309,35.23524],[-5.33361,35.23489],[-5.33498,35.2351],[-5.33575,35.23454],[-5.33601,35.23377],[-5.33644,35.23384],[-5.33669,35.23398],[-5.33893,35.2344],[-5.33936,35.23433],[-5.33996,35.23405],[-5.34073,35.23391],[-5.3421,35.2337],[-5.34416,35.2337],[-5.34519,35.23356],[-5.34562,35.23335],[-5.34605,35.23279],[-5.34631,35.23258],[-5.34674,35.23146],[-5.34708,35.23118],[-5.34777,35.23118],[-5.34888,35.23055],[-5.34931,35.23006],[-5.35008,35.22992],[-5.35,35.22928],[-5.35043,35.22886],[-5.3506,35.22774],[-5.35034,35.22606],[-5.35043,35.2255],[-5.35137,35.22375],[-5.35146,35.22283],[-5.35206,35.22206],[-5.35223,35.2215],[-5.35257,35.22108],[-5.353,35.22087],[-5.35335,35.22157],[-5.35309,35.22178],[-5.35309,35.22192],[-5.35369,35.22192],[-5.35386,35.22262],[-5.3542,35.22269],[-5.35429,35.22297],[-5.35463,35.22311],[-5.3548,35.22361],[-5.35429,35.22368],[-5.35412,35.2241],[-5.35446,35.22445],[-5.35446,35.22487],[-5.35463,35.22508],[-5.35515,35.22543],[-5.35549,35.22634],[-5.35575,35.22655],[-5.35652,35.22669],[-5.35704,35.22655],[-5.35755,35.22613],[-5.35815,35.22578],[-5.35893,35.2255],[-5.35927,35.22529],[-5.35987,35.22473],[-5.3597,35.22445],[-5.35987,35.22417],[-5.36073,35.22382],[-5.3609,35.22347],[-5.36124,35.22326],[-5.36176,35.22311],[-5.36253,35.22326],[-5.3633,35.22297],[-5.36373,35.2229],[-5.36416,35.22304],[-5.36485,35.22297],[-5.36596,35.22276],[-5.36656,35.2222],[-5.36854,35.22227],[-5.37017,35.22248],[-5.3736,35.22157],[-5.3742,35.22129],[-5.37523,35.22052],[-5.37592,35.21961],[-5.37738,35.21919],[-5.37815,35.21849],[-5.37944,35.21772],[-5.37995,35.2168],[-5.3809,35.2168],[-5.38261,35.21638],[-5.38502,35.21652],[-5.38673,35.21645],[-5.38751,35.2168],[-5.38837,35.21694],[-5.39025,35.21687],[-5.39154,35.21645],[-5.39309,35.21568],[-5.3954,35.21379],[-5.40484,35.21421],[-5.40948,35.21512],[-5.41429,35.21638],[-5.4166,35.21722],[-5.41823,35.2187],[-5.41986,35.22017],[-5.42184,35.22297],[-5.42313,35.22529],[-5.42459,35.22872],[-5.4269,35.2351],[-5.42733,35.2384],[-5.42742,35.24211],[-5.42853,35.24169],[-5.43008,35.24148],[-5.43162,35.24085],[-5.43343,35.24064],[-5.43497,35.24015],[-5.43652,35.24001],[-5.43849,35.24029],[-5.4457,35.24071],[-5.45385,35.24078],[-5.45883,35.24085],[-5.46287,35.24106],[-5.47668,35.24071],[-5.479,35.24078],[-5.48261,35.24127],[-5.48913,35.24176],[-5.49359,35.24267],[-5.49419,35.2431],[-5.49445,35.2438],[-5.49445,35.24793],[-5.49402,35.2501],[-5.49402,35.25214],[-5.49222,35.25704],[-5.49145,35.25803],[-5.49007,35.26027],[-5.48922,35.26216],[-5.48853,35.263],[-5.48776,35.26482],[-5.48364,35.27043],[-5.47995,35.27519],[-5.47883,35.27632],[-5.47806,35.27667],[-5.47668,35.27884],[-5.47265,35.28395],[-5.46819,35.28844],[-5.46767,35.29145],[-5.46673,35.29439],[-5.46604,35.29796],[-5.46535,35.30014],[-5.46415,35.3119],[-5.46372,35.31162],[-5.45952,35.31169],[-5.45832,35.31155],[-5.45634,35.31176],[-5.45574,35.31204],[-5.46278,35.32101],[-5.4663,35.32682],[-5.46741,35.32822],[-5.46836,35.33018],[-5.46905,35.33102],[-5.46965,35.33221],[-5.4699,35.33298],[-5.47008,35.33284],[-5.47145,35.33354],[-5.47257,35.33375],[-5.47686,35.33312],[-5.48252,35.33249],[-5.48286,35.33256],[-5.48321,35.33291],[-5.48527,35.33599],[-5.49231,35.34797],[-5.49273,35.35217],[-5.49351,35.35616],[-5.48346,35.35903],[-5.48278,35.35931],[-5.48243,35.35973],[-5.48158,35.36001],[-5.48029,35.36064],[-5.47892,35.36085],[-5.47857,35.3612],[-5.47746,35.36127],[-5.47677,35.36197],[-5.47574,35.36246],[-5.47514,35.36246],[-5.47471,35.36288],[-5.47419,35.36309],[-5.47334,35.36267],[-5.47308,35.36232],[-5.47145,35.3619],[-5.47008,35.36169],[-5.46836,35.36169],[-5.46596,35.36211],[-5.46338,35.3633],[-5.46192,35.36463],[-5.46081,35.36631],[-5.46527,35.37036],[-5.47334,35.37568],[-5.47977,35.37631],[-5.48055,35.37666],[-5.48218,35.37771],[-5.48218,35.37792],[-5.48201,35.37813],[-5.48123,35.3782],[-5.48055,35.37862],[-5.48038,35.37918],[-5.48038,35.38002],[-5.47986,35.38128],[-5.47995,35.38191],[-5.48063,35.38275],[-5.48132,35.38443],[-5.48278,35.38674],[-5.48321,35.38667],[-5.48415,35.38618],[-5.4851,35.38625],[-5.48578,35.38646],[-5.4893,35.38828],[-5.49068,35.3894],[-5.49102,35.38989],[-5.49334,35.38863],[-5.49488,35.388],[-5.49565,35.388],[-5.4972,35.38849],[-5.49737,35.38877],[-5.49763,35.38954],[-5.49823,35.38982],[-5.50123,35.38989],[-5.50235,35.39003],[-5.50372,35.39227],[-5.50406,35.39248],[-5.50475,35.39269],[-5.50552,35.39262],[-5.50707,35.39192],[-5.50861,35.39234],[-5.50904,35.39227],[-5.50973,35.39192],[-5.51059,35.39101],[-5.51205,35.3908],[-5.51299,35.38996],[-5.51376,35.38954],[-5.51436,35.38961],[-5.51522,35.3901],[-5.51574,35.3901],[-5.51634,35.38989],[-5.51668,35.38926],[-5.5172,35.38926],[-5.51866,35.39017],[-5.51977,35.39052],[-5.52037,35.39059],[-5.5214,35.39059],[-5.52175,35.39038],[-5.52217,35.38982],[-5.52235,35.38982],[-5.52346,35.39038],[-5.52381,35.39108],[-5.52424,35.39143],[-5.52501,35.3915],[-5.52587,35.39185],[-5.5281,35.3922],[-5.52904,35.3922],[-5.52964,35.39283],[-5.54561,35.39871],[-5.55325,35.40087],[-5.55728,35.40248],[-5.55779,35.40234],[-5.55865,35.40185],[-5.55951,35.4015],[-5.56046,35.40115],[-5.5608,35.40122],[-5.56106,35.40115],[-5.56277,35.40011],[-5.56312,35.39961],[-5.5638,35.39955],[-5.56475,35.39899],[-5.56569,35.39815],[-5.56663,35.3978],[-5.56724,35.39766],[-5.56775,35.39808],[-5.56827,35.39836],[-5.56852,35.39871],[-5.56938,35.39864],[-5.56964,35.39899],[-5.56955,35.39926],[-5.56775,35.40108],[-5.56749,35.40171],[-5.57024,35.40318],[-5.57093,35.40318],[-5.57127,35.40283],[-5.57213,35.40304],[-5.57247,35.40339],[-5.57256,35.4036],[-5.57239,35.40493],[-5.57685,35.40318],[-5.57805,35.40297],[-5.58878,35.40171],[-5.59058,35.40178],[-5.59487,35.40213],[-5.60431,35.39794],[-5.6052,35.39742],[-5.60646,35.39668],[-5.61943,35.38741],[-5.625,35.38366],[-5.62706,35.38233],[-5.63187,35.37848],[-5.63187,35.37847],[-5.63298,35.37757],[-5.63453,35.37617],[-5.63685,35.3738],[-5.63788,35.37239],[-5.63805,35.37261],[-5.63796,35.37387],[-5.63822,35.37421],[-5.63891,35.37463],[-5.63994,35.37484],[-5.64053,35.37477],[-5.64114,35.37505],[-5.64242,35.37596],[-5.64277,35.37596],[-5.64337,35.37554],[-5.645,35.37589],[-5.64663,35.37575],[-5.64723,35.3761],[-5.64766,35.37617],[-5.64835,35.37708],[-5.64912,35.37736],[-5.64938,35.37764],[-5.65041,35.37848],[-5.65058,35.37897],[-5.65144,35.37953],[-5.65229,35.3796],[-5.65238,35.37974],[-5.65238,35.38002],[-5.65272,35.38044],[-5.65315,35.38086],[-5.65375,35.38121],[-5.65401,35.38212],[-5.65384,35.3824],[-5.65315,35.38275],[-5.65315,35.3831],[-5.65332,35.38324],[-5.65367,35.38331],[-5.6541,35.38303],[-5.6547,35.38324],[-5.65599,35.38317],[-5.6565,35.38352],[-5.65719,35.38359],[-5.65762,35.38387],[-5.65839,35.38373],[-5.65865,35.38401],[-5.66113,35.38373],[-5.66182,35.38408],[-5.66251,35.38408],[-5.66337,35.38387],[-5.66431,35.38373],[-5.66491,35.3831],[-5.66517,35.38296],[-5.66534,35.38184],[-5.66603,35.381],[-5.66766,35.3803],[-5.6686,35.3796],[-5.66972,35.37911],[-5.67169,35.37904],[-5.67238,35.37883],[-5.67341,35.37799],[-5.67504,35.37729],[-5.67633,35.37715],[-5.67718,35.37736],[-5.67796,35.37771],[-5.6783,35.37855],[-5.67856,35.37869],[-5.67899,35.37862],[-5.68045,35.3782],[-5.68105,35.3782],[-5.68173,35.37799],[-5.68302,35.37694],[-5.68422,35.37659],[-5.68474,35.37659],[-5.68482,35.37694],[-5.68508,35.37722],[-5.6868,35.37764],[-5.68748,35.37764],[-5.68834,35.37708],[-5.68954,35.37568],[-5.69109,35.37519],[-5.69203,35.3747],[-5.69246,35.37463],[-5.69435,35.37484],[-5.69624,35.37456],[-5.69701,35.37421],[-5.69821,35.37351],[-5.69993,35.37288],[-5.7007,35.37295],[-5.70148,35.37351],[-5.70105,35.37358],[-5.70276,35.37421],[-5.70414,35.3754],[-5.70611,35.37652],[-5.71014,35.37617],[-5.71117,35.37631],[-5.71169,35.37645],[-5.71349,35.37785],[-5.71375,35.3782],[-5.71392,35.37883],[-5.71435,35.37932],[-5.71486,35.37946],[-5.71555,35.37939],[-5.71598,35.37967],[-5.7165,35.3803],[-5.71684,35.38037],[-5.71744,35.38023],[-5.71778,35.3796],[-5.71813,35.37939],[-5.71933,35.38002],[-5.7201,35.38009],[-5.72044,35.37981],[-5.72079,35.37897],[-5.72113,35.37862],[-5.72156,35.37827],[-5.72293,35.37764],[-5.72336,35.37771],[-5.72379,35.37792],[-5.72413,35.37925],[-5.72456,35.37981],[-5.72499,35.38009],[-5.72568,35.38009],[-5.72722,35.3796],[-5.72791,35.37932],[-5.72851,35.3789],[-5.72903,35.37897],[-5.72963,35.37932],[-5.73023,35.38016],[-5.73074,35.38135],[-5.7316,35.38261],[-5.73237,35.38359],[-5.73349,35.3845],[-5.734,35.3852],[-5.73426,35.38583],[-5.73426,35.38688],[-5.73469,35.38737],[-5.73521,35.38765],[-5.73581,35.38758],[-5.73632,35.38667],[-5.73787,35.38562],[-5.73898,35.38562],[-5.74044,35.38604],[-5.74079,35.38611],[-5.74147,35.38604],[-5.74276,35.38555],[-5.74379,35.38555],[-5.74499,35.38681],[-5.74662,35.38751],[-5.74714,35.38786],[-5.74731,35.38863],[-5.74714,35.38926],[-5.74748,35.38982],[-5.74774,35.39003],[-5.7492,35.39066],[-5.74945,35.39129],[-5.75023,35.39199],[-5.75083,35.39192],[-5.75177,35.39136],[-5.75229,35.39122],[-5.75297,35.39122],[-5.75392,35.39157],[-5.75435,35.39164],[-5.75546,35.39164],[-5.75615,35.39143],[-5.75727,35.39262],[-5.75812,35.3929],[-5.7613,35.39332],[-5.76379,35.39318],[-5.76439,35.39339],[-5.76542,35.39423],[-5.76593,35.395],[-5.76585,35.39563],[-5.7649,35.39682],[-5.76499,35.39731],[-5.76551,35.39759],[-5.76662,35.39759],[-5.76705,35.39773],[-5.76739,35.39822],[-5.76757,35.39919],[-5.76808,35.39968],[-5.76877,35.39997],[-5.77323,35.40164],[-5.77444,35.40171],[-5.77452,35.40171],[-5.77332,35.40255],[-5.77444,35.40171],[-5.77452,35.40171],[-5.7752,35.40157],[-5.77889,35.40178],[-5.78164,35.40157],[-5.78276,35.40192],[-5.7831,35.40241],[-5.78327,35.40346],[-5.78301,35.40591],[-5.78233,35.40703],[-5.78164,35.40913],[-5.78027,35.41116],[-5.7801,35.41172],[-5.78035,35.41263],[-5.78078,35.41298],[-5.7819,35.41361],[-5.78362,35.41417],[-5.78439,35.41431],[-5.78525,35.41424],[-5.78653,35.41375],[-5.78713,35.41368],[-5.78731,35.4148],[-5.78782,35.41528],[-5.78911,35.41494],[-5.79082,35.41473],[-5.7922,35.41487],[-5.7934,35.41508],[-5.79392,35.41549],[-5.794,35.41606],[-5.79426,35.41647],[-5.7952,35.41731],[-5.79572,35.41752],[-5.79932,35.41773],[-5.80104,35.41759],[-5.80258,35.41717],[-5.80344,35.41647],[-5.80567,35.41591],[-5.80679,35.41591],[-5.80696,35.41627],[-5.80687,35.4164],[-5.80481,35.4185],[-5.80361,35.42074],[-5.80284,35.42151],[-5.80241,35.42172],[-5.80112,35.422],[-5.80078,35.42221],[-5.80052,35.42256],[-5.80044,35.42312],[-5.80104,35.42445],[-5.80155,35.42473],[-5.80241,35.4248],[-5.80481,35.42417],[-5.80524,35.42424],[-5.80559,35.42445],[-5.80584,35.42494],[-5.80593,35.42655],[-5.80636,35.42767],[-5.80679,35.42836],[-5.80799,35.42941],[-5.80825,35.42997],[-5.80825,35.43039],[-5.8073,35.43102],[-5.80722,35.43158],[-5.80773,35.43221],[-5.80825,35.43249],[-5.80936,35.43242],[-5.81005,35.43277],[-5.81031,35.43305],[-5.81031,35.43354],[-5.80945,35.43424],[-5.80902,35.43494],[-5.80876,35.43592],[-5.80876,35.43746],[-5.80825,35.43836],[-5.80851,35.43872],[-5.80911,35.43914],[-5.81022,35.43928],[-5.81168,35.43976],[-5.81211,35.43976],[-5.81297,35.43879],[-5.814,35.43788],[-5.81477,35.43774],[-5.81494,35.43802],[-5.81503,35.43934],[-5.81589,35.44102],[-5.81597,35.44242],[-5.81486,35.44361],[-5.81434,35.44396],[-5.81357,35.44424],[-5.81297,35.4448],[-5.81228,35.44501],[-5.81177,35.44473],[-5.81142,35.4448],[-5.81057,35.44557],[-5.81039,35.44606],[-5.81065,35.44648],[-5.81108,35.44662],[-5.81237,35.44697],[-5.81366,35.44704],[-5.81417,35.44753],[-5.81417,35.4483],[-5.81426,35.4485],[-5.81469,35.44864],[-5.81589,35.44864],[-5.81752,35.44906],[-5.81881,35.44976],[-5.81932,35.45053],[-5.81932,35.45144],[-5.81881,35.45228],[-5.81803,35.45235],[-5.81623,35.45214],[-5.81537,35.45179],[-5.81477,35.45172],[-5.8134,35.45256],[-5.81366,35.45298],[-5.81366,35.45333],[-5.81323,35.45396],[-5.81271,35.45452],[-5.81263,35.45487],[-5.81306,35.45501],[-5.81434,35.45466],[-5.81511,35.45501],[-5.81563,35.45508],[-5.81614,35.45564],[-5.81675,35.45607],[-5.81715,35.45683],[-5.81723,35.45719],[-5.81718,35.45747],[-5.81714,35.45755],[-5.81681,35.45786],[-5.8165,35.45808],[-5.81614,35.45808],[-5.8158,35.45801],[-5.81554,35.45773],[-5.8152,35.45766],[-5.81486,35.45794],[-5.81486,35.45885],[-5.8146,35.45948],[-5.8146,35.45983],[-5.81503,35.46039],[-5.81606,35.46123],[-5.81632,35.46179],[-5.81717,35.46298],[-5.81846,35.46347],[-5.81923,35.46354],[-5.81941,35.46375],[-5.81966,35.46444],[-5.81981,35.46579],[-5.81976,35.46616],[-5.81958,35.46661],[-5.81906,35.46724],[-5.81889,35.4678],[-5.82112,35.46668],[-5.82237,35.46626],[-5.82225,35.4663],[-5.82258,35.46619],[-5.82404,35.46577],[-5.82756,35.46542],[-5.82833,35.46514],[-5.82945,35.46458],[-5.83056,35.46396],[-5.83099,35.46354],[-5.83254,35.46067],[-5.8334,35.45983],[-5.83674,35.45724],[-5.83795,35.45759],[-5.83915,35.45766],[-5.83958,35.45787],[-5.84026,35.4585],[-5.84061,35.45913],[-5.84095,35.46025],[-5.84147,35.46067],[-5.84207,35.46137],[-5.84318,35.46179],[-5.84455,35.46116],[-5.84498,35.46067],[-5.84524,35.46039],[-5.84558,35.46032],[-5.84584,35.46039],[-5.8461,35.46067],[-5.84644,35.46158],[-5.84679,35.46186],[-5.84764,35.46165],[-5.84842,35.46067],[-5.84962,35.45948],[-5.85031,35.46067],[-5.85048,35.46102],[-5.85177,35.46207],[-5.85228,35.46298],[-5.85288,35.46354],[-5.85339,35.46375],[-5.85314,35.46473],[-5.85271,35.46521],[-5.85275,35.4657],[-5.85276,35.46627],[-5.8528,35.46668],[-5.8528,35.4678],[-5.85305,35.46871],[-5.85297,35.4692],[-5.85314,35.46955],[-5.85297,35.47046],[-5.85305,35.47137],[-5.85254,35.47283],[-5.85202,35.47325],[-5.85137,35.47349],[-5.85112,35.47358],[-5.85099,35.47353],[-5.84979,35.47416],[-5.84945,35.47444],[-5.84936,35.47479],[-5.84876,35.47549],[-5.84773,35.47591],[-5.8473,35.47619],[-5.84704,35.47675],[-5.84722,35.47745],[-5.84704,35.47773],[-5.84593,35.4785],[-5.84541,35.47863],[-5.84507,35.47933],[-5.84413,35.4801],[-5.8437,35.47989],[-5.84352,35.47996],[-5.84361,35.48031],[-5.84335,35.48031],[-5.84327,35.48059],[-5.84301,35.48038],[-5.84292,35.48045],[-5.84275,35.48094],[-5.84241,35.48136],[-5.84207,35.48129],[-5.84035,35.48241],[-5.83906,35.48304],[-5.83262,35.48513],[-5.83091,35.48611],[-5.82988,35.48534],[-5.82893,35.48486],[-5.82868,35.48451],[-5.82782,35.48409],[-5.82739,35.4836],[-5.82636,35.48353],[-5.82541,35.48374],[-5.8249,35.48409],[-5.82499,35.4836],[-5.82541,35.48297],[-5.8255,35.48248],[-5.82507,35.48094],[-5.8261,35.48003],[-5.8261,35.47947],[-5.82567,35.47857],[-5.82507,35.47808],[-5.82336,35.47808],[-5.82293,35.47752],[-5.82224,35.47696],[-5.82207,35.4764],[-5.8225,35.47584],[-5.82241,35.47535],[-5.82198,35.475],[-5.82215,35.47465],[-5.81975,35.47311],[-5.81881,35.47283],[-5.81786,35.47172],[-5.81632,35.47039],[-5.81597,35.47053],[-5.81597,35.47088],[-5.81563,35.47158],[-5.81529,35.47178],[-5.8146,35.47248],[-5.81434,35.47248],[-5.81417,35.47262],[-5.81426,35.47297],[-5.81348,35.47339],[-5.81297,35.47402],[-5.8122,35.4743],[-5.81142,35.47479],[-5.81125,35.47514],[-5.80997,35.47486],[-5.80902,35.47514],[-5.80773,35.47612],[-5.80722,35.47682],[-5.80645,35.47738],[-5.80602,35.47801],[-5.80584,35.47863],[-5.80593,35.47905],[-5.80576,35.47961],[-5.80439,35.47828],[-5.80301,35.47745],[-5.8019,35.47731],[-5.79975,35.47647],[-5.80001,35.47703],[-5.79958,35.47766],[-5.79786,35.47822],[-5.79683,35.47877],[-5.79615,35.47933],[-5.79563,35.47996],[-5.79546,35.48038],[-5.79555,35.48115],[-5.79537,35.48157],[-5.79512,35.48185],[-5.79392,35.48255],[-5.79254,35.48374],[-5.7922,35.48388],[-5.79168,35.48395],[-5.78585,35.48954],[-5.78585,35.48989],[-5.78636,35.49045],[-5.78679,35.49191],[-5.78688,35.4924],[-5.78662,35.49345],[-5.78688,35.49366],[-5.78679,35.49422],[-5.78653,35.4952],[-5.78688,35.49583],[-5.78671,35.49611],[-5.78688,35.49688],[-5.78722,35.49723],[-5.78713,35.49743],[-5.78662,35.49771],[-5.78662,35.49799],[-5.78688,35.4982],[-5.78696,35.49841],[-5.78679,35.49904],[-5.78645,35.49932],[-5.78653,35.49974],[-5.78628,35.49995],[-5.78636,35.50037],[-5.7861,35.50072],[-5.78482,35.50156],[-5.78439,35.50205],[-5.78413,35.50261],[-5.78387,35.50247],[-5.78379,35.50365],[-5.78181,35.50386],[-5.78061,35.50379],[-5.78044,35.50407],[-5.78233,35.50798],[-5.78155,35.50896],[-5.77932,35.51057],[-5.77683,35.51057],[-5.76765,35.50938],[-5.76774,35.50987],[-5.76808,35.51064],[-5.77065,35.51483],[-5.77117,35.51567],[-5.77143,35.51672],[-5.77126,35.51846],[-5.771,35.51951],[-5.77065,35.52007],[-5.76722,35.52356],[-5.76602,35.52412],[-5.76508,35.52426],[-5.75898,35.52391],[-5.75804,35.52419],[-5.75581,35.52545],[-5.75503,35.52566],[-5.75418,35.52573],[-5.7534,35.52566],[-5.74988,35.52475],[-5.74482,35.52461],[-5.7443,35.52419],[-5.7431,35.52377],[-5.74087,35.52405],[-5.73933,35.52329],[-5.73727,35.52384],[-5.73649,35.52391],[-5.73426,35.52308],[-5.7322,35.52252],[-5.73074,35.52266],[-5.73006,35.52308],[-5.72817,35.5228],[-5.72568,35.5228],[-5.7225,35.52308],[-5.72087,35.52377],[-5.72019,35.52517],[-5.71984,35.52622],[-5.71924,35.52713],[-5.71847,35.52783],[-5.71753,35.52783],[-5.71667,35.52838],[-5.71555,35.52859],[-5.71521,35.52908],[-5.71538,35.52992],[-5.71495,35.5302],[-5.71306,35.53062],[-5.71186,35.53062],[-5.71092,35.53048],[-5.7104,35.52999],[-5.70989,35.52992],[-5.7092,35.52999],[-5.70851,35.53027],[-5.70714,35.5302],[-5.7068,35.53034],[-5.70577,35.53104],[-5.70491,35.53216],[-5.70482,35.53292],[-5.70405,35.53425],[-5.70345,35.53404],[-5.70293,35.53488],[-5.70293,35.53558],[-5.70045,35.53586],[-5.69984,35.53719],[-5.69847,35.53774],[-5.69856,35.53879],[-5.69899,35.53956],[-5.69881,35.54117],[-5.69684,35.54151],[-5.69632,35.5418],[-5.69607,35.54214],[-5.6959,35.54284],[-5.69547,35.54361],[-5.69512,35.54403],[-5.69478,35.5455],[-5.69487,35.54571],[-5.69538,35.54584],[-5.69555,35.54626],[-5.69529,35.54647],[-5.69461,35.54661],[-5.6947,35.54696],[-5.69512,35.54724],[-5.69521,35.54759],[-5.69478,35.5485],[-5.6947,35.54934],[-5.69435,35.55052],[-5.69452,35.55136],[-5.69409,35.55206],[-5.69375,35.55339],[-5.69332,35.5543],[-5.69367,35.55639],[-5.69461,35.55883],[-5.69572,35.55939],[-5.6965,35.56198],[-5.6965,35.56344],[-5.69727,35.56582],[-5.69864,35.56833],[-5.70027,35.56903],[-5.7019,35.56945],[-5.70396,35.56987],[-5.70517,35.57028],[-5.70568,35.57077],[-5.7062,35.57203],[-5.70594,35.57224],[-5.70534,35.57322],[-5.70456,35.5735],[-5.70465,35.57377],[-5.70534,35.57398],[-5.70551,35.57419],[-5.70542,35.57454],[-5.70508,35.57496],[-5.70525,35.57573],[-5.70456,35.57657],[-5.70474,35.57755],[-5.70422,35.57789],[-5.70388,35.57831],[-5.70474,35.5788],[-5.70517,35.5788],[-5.70602,35.57922],[-5.70628,35.57908],[-5.70662,35.57817],[-5.70731,35.57824],[-5.70774,35.57922],[-5.70826,35.57936],[-5.70877,35.57936],[-5.70963,35.57894],[-5.7104,35.57908],[-5.711,35.57985],[-5.71092,35.58013],[-5.7104,35.58041],[-5.71023,35.5818],[-5.71049,35.58201],[-5.71135,35.58194],[-5.71169,35.58208],[-5.71203,35.58278],[-5.71212,35.5832],[-5.71152,35.58341],[-5.71083,35.58341],[-5.71032,35.58397],[-5.71032,35.58446],[-5.71092,35.58467],[-5.711,35.58487],[-5.70997,35.58543],[-5.70989,35.58592],[-5.71006,35.58641],[-5.70989,35.58704],[-5.70997,35.58725],[-5.71023,35.58746],[-5.71083,35.58746],[-5.71126,35.58795],[-5.71135,35.5883],[-5.711,35.58969],[-5.711,35.59018],[-5.71117,35.59039],[-5.71195,35.59095],[-5.71246,35.59095],[-5.71281,35.59144],[-5.71263,35.59213],[-5.71315,35.59311],[-5.71315,35.5936],[-5.71255,35.59458],[-5.71246,35.59499],[-5.71281,35.59555],[-5.71272,35.5966],[-5.71306,35.59793],[-5.71358,35.59828],[-5.71521,35.59855],[-5.71581,35.59932],[-5.71572,35.60016],[-5.71512,35.601],[-5.71375,35.60184],[-5.71349,35.60211],[-5.71349,35.60253],[-5.71366,35.60323],[-5.71495,35.60393],[-5.71504,35.60414],[-5.71504,35.60456],[-5.71469,35.60511],[-5.71469,35.60616],[-5.71555,35.6077],[-5.71555,35.60818],[-5.71521,35.60895],[-5.71486,35.60937],[-5.71495,35.60972],[-5.71452,35.60958],[-5.71289,35.60958],[-5.71246,35.60923],[-5.71212,35.60909],[-5.7116,35.60909],[-5.71092,35.60874],[-5.70954,35.60867],[-5.70834,35.60818],[-5.70559,35.60777],[-5.70293,35.607],[-5.70036,35.60707],[-5.70045,35.60644],[-5.69984,35.60581],[-5.69907,35.60525],[-5.6983,35.60511],[-5.6971,35.60456],[-5.69624,35.60435],[-5.69521,35.60435],[-5.69435,35.60407],[-5.69341,35.60316],[-5.69203,35.60302],[-5.69143,35.6026],[-5.6904,35.6026],[-5.68937,35.6019],[-5.68903,35.60135],[-5.68766,35.60065],[-5.6874,35.60037],[-5.68723,35.59988],[-5.68671,35.59967],[-5.68431,35.59946],[-5.68311,35.59953],[-5.68251,35.59939],[-5.68131,35.5996],[-5.67985,35.59939],[-5.67873,35.59939],[-5.67779,35.59918],[-5.67736,35.59925],[-5.67598,35.59904],[-5.67547,35.59897],[-5.67487,35.59772],[-5.67452,35.5989],[-5.67169,35.60177],[-5.66843,35.60316],[-5.66671,35.60365],[-5.66603,35.60414],[-5.66234,35.60463],[-5.66071,35.60435],[-5.6571,35.60442],[-5.6553,35.60498],[-5.65161,35.60693],[-5.65101,35.60679],[-5.65006,35.60686],[-5.64697,35.60623],[-5.6456,35.60602],[-5.64225,35.6063],[-5.64071,35.60658],[-5.63847,35.60644],[-5.63187,35.60732],[-5.63058,35.60749],[-5.62715,35.60818],[-5.625,35.60909],[-5.61959,35.61251],[-5.61813,35.61327],[-5.61813,35.61327],[-5.6165,35.61412],[-5.61444,35.61572],[-5.61238,35.61677],[-5.60354,35.61823],[-5.60251,35.61823],[-5.60157,35.61851],[-5.59899,35.61935],[-5.59298,35.62214],[-5.59187,35.62116]]]]},"properties":{"territoire_id":4,"nom":"Tétouan"}},{"type":"Feature","geometry":{"type":"MultiPolygon","coordinates":[[[[-5.49677,35.62737],[-5.49746,35.62744],[-5.49789,35.62737],[-5.499,35.6266],[-5.49952,35.62591],[-5.49934,35.62535],[-5.49952,35.625],[-5.50037,35.62451],[-5.50029,35.6243],[-5.49977,35.62409],[-5.49969,35.62388],[-5.49977,35.62353],[-5.50106,35.62319],[-5.50175,35.62388],[-5.50243,35.62423],[-5.5026,35.62451],[-5.50278,35.62584],[-5.50243,35.62667],[-5.5026,35.62709],[-5.50321,35.62723],[-5.50449,35.62723],[-5.50518,35.62744],[-5.50638,35.62765],[-5.50758,35.62744],[-5.50853,35.62744],[-5.50964,35.62779],[-5.50999,35.62821],[-5.51042,35.62807],[-5.51153,35.62814],[-5.51196,35.62877],[-5.51265,35.62884],[-5.51385,35.62877],[-5.51436,35.62891],[-5.51488,35.62933],[-5.51591,35.63044],[-5.51711,35.63107],[-5.5172,35.63135],[-5.51711,35.63212],[-5.51728,35.63219],[-5.5178,35.63212],[-5.51823,35.6324],[-5.51883,35.63253],[-5.5202,35.63337],[-5.52046,35.63372],[-5.52063,35.63484],[-5.52175,35.63553],[-5.52192,35.63609],[-5.52217,35.63623],[-5.52269,35.63623],[-5.5232,35.63637],[-5.52424,35.63637],[-5.52569,35.63658],[-5.52664,35.6363],[-5.52767,35.63581],[-5.52895,35.63567],[-5.52939,35.63547],[-5.52964,35.63547],[-5.53007,35.63553],[-5.53299,35.63686],[-5.53814,35.63714],[-5.54295,35.64404],[-5.55041,35.65214],[-5.55067,35.65207],[-5.55196,35.65221],[-5.55342,35.65158],[-5.55505,35.65151],[-5.55659,35.65172],[-5.55779,35.65158],[-5.55857,35.65165],[-5.55925,35.652],[-5.56252,35.65248],[-5.56449,35.65234],[-5.56569,35.65221],[-5.56749,35.65158],[-5.56955,35.6506],[-5.57015,35.65053],[-5.57076,35.65004],[-5.57076,35.64983],[-5.57118,35.65004],[-5.57076,35.65004],[-5.57076,35.64983],[-5.57041,35.64976],[-5.57024,35.64955],[-5.57093,35.64837],[-5.57127,35.64732],[-5.57127,35.64718],[-5.57076,35.64697],[-5.57076,35.64628],[-5.57033,35.64551],[-5.57041,35.64495],[-5.57015,35.64432],[-5.57015,35.6439],[-5.57076,35.64321],[-5.57213,35.64188],[-5.57264,35.64049],[-5.57273,35.63951],[-5.5723,35.63833],[-5.57196,35.63798],[-5.57179,35.63756],[-5.57179,35.63728],[-5.57221,35.63686],[-5.57213,35.63623],[-5.57239,35.63574],[-5.57239,35.63547],[-5.57187,35.63505],[-5.5711,35.63421],[-5.57093,35.63316],[-5.57058,35.63267],[-5.56998,35.63226],[-5.56998,35.6317],[-5.57024,35.63058],[-5.57041,35.62912],[-5.57076,35.62779],[-5.57179,35.62786],[-5.57359,35.62737],[-5.57539,35.62751],[-5.57565,35.62744],[-5.57573,35.62723],[-5.57633,35.62709],[-5.57711,35.62667],[-5.57771,35.62612],[-5.57805,35.625],[-5.57874,35.62451],[-5.57882,35.62423],[-5.57977,35.62374],[-5.58054,35.62319],[-5.58114,35.622],[-5.58071,35.61893],[-5.58003,35.61712],[-5.57865,35.6144],[-5.57942,35.6144],[-5.58157,35.61405],[-5.58234,35.61433],[-5.58389,35.61523],[-5.58487,35.61623],[-5.58492,35.61628],[-5.58486,35.61636],[-5.58483,35.61663],[-5.58526,35.61698],[-5.58586,35.61795],[-5.58646,35.6183],[-5.58732,35.61844],[-5.58921,35.61991],[-5.59093,35.62081],[-5.59187,35.62116],[-5.59298,35.62214],[-5.59899,35.61935],[-5.60157,35.61851],[-5.60251,35.61823],[-5.60354,35.61823],[-5.61238,35.61677],[-5.61444,35.61572],[-5.6165,35.61412],[-5.61813,35.61327],[-5.61813,35.61327],[-5.61959,35.61251],[-5.625,35.60909],[-5.62715,35.60818],[-5.63058,35.60749],[-5.63187,35.60732],[-5.63847,35.60644],[-5.64071,35.60658],[-5.64225,35.6063],[-5.6456,35.60602],[-5.64697,35.60623],[-5.65006,35.60686],[-5.65101,35.60679],[-5.65161,35.60693],[-5.6553,35.60498],[-5.6571,35.60442],[-5.66071,35.60435],[-5.66234,35.60463],[-5.66603,35.60414],[-5.66671,35.60365],[-5.66843,35.60316],[-5.67169,35.60177],[-5.67452,35.5989],[-5.67487,35.59772],[-5.67547,35.59897],[-5.67598,35.59904],[-5.67736,35.59925],[-5.67779,35.59918],[-5.67873,35.59939],[-5.67985,35.59939],[-5.68131,35.5996],[-5.68251,35.59939],[-5.68311,35.59953],[-5.68431,35.59946],[-5.68671,35.59967],[-5.68723,35.59988],[-5.6874,35.60037],[-5.68766,35.60065],[-5.68903,35.60135],[-5.68937,35.6019],[-5.6904,35.6026],[-5.69143,35.6026],[-5.69203,35.60302],[-5.69341,35.60316],[-5.69435,35.60407],[-5.69521,35.60435],[-5.69624,35.60435],[-5.6971,35.60456],[-5.6983,35.60511],[-5.69907,35.60525],[-5.69984,35.60581],[-5.70045,35.60644],[-5.70036,35.60707],[-5.70293,35.607],[-5.70559,35.60777],[-5.70834,35.60818],[-5.70954,35.60867],[-5.71092,35.60874],[-5.7116,35.60909],[-5.71212,35.60909],[-5.71246,35.60923],[-5.71289,35.60958],[-5.71452,35.60958],[-5.71495,35.60972],[-5.71504,35.61014],[-5.71615,35.61167],[-5.71673,35.61301],[-5.71675,35.61307],[-5.71186,35.61649],[-5.71452,35.62395],[-5.71624,35.62528],[-5.71486,35.62786],[-5.71289,35.63002],[-5.71023,35.63114],[-5.70791,35.63128],[-5.70525,35.63002],[-5.70285,35.62919],[-5.70199,35.62633],[-5.70002,35.62479],[-5.69358,35.62193],[-5.69066,35.62151],[-5.69126,35.62382],[-5.69203,35.62598],[-5.69143,35.62863],[-5.69572,35.62891],[-5.69856,35.63184],[-5.69942,35.63449],[-5.7001,35.63721],[-5.70053,35.63784],[-5.70148,35.63833],[-5.70276,35.63819],[-5.70474,35.63763],[-5.70654,35.63763],[-5.70843,35.6377],[-5.7104,35.63812],[-5.71847,35.64084],[-5.71941,35.64126],[-5.72027,35.64251],[-5.71959,35.64404],[-5.71856,35.64523],[-5.71684,35.64607],[-5.71504,35.64628],[-5.71341,35.64677],[-5.71323,35.64928],[-5.71349,35.65325],[-5.71589,35.65709],[-5.71813,35.66043],[-5.72019,35.66539],[-5.72173,35.66845],[-5.7219,35.6718],[-5.72285,35.67389],[-5.72096,35.67849],[-5.71984,35.67961],[-5.72027,35.6801],[-5.72019,35.68038],[-5.72096,35.68128],[-5.7219,35.6817],[-5.72267,35.68177],[-5.7231,35.68149],[-5.72345,35.68073],[-5.72388,35.68024],[-5.72602,35.6794],[-5.72645,35.67877],[-5.72748,35.67801],[-5.73014,35.67822],[-5.73461,35.67836],[-5.7377,35.67884],[-5.7389,35.67947],[-5.73982,35.67919],[-5.74001,35.67912],[-5.74002,35.67913],[-5.74044,35.67968],[-5.74104,35.68128],[-5.74087,35.68177],[-5.74113,35.68289],[-5.7425,35.68393],[-5.7437,35.68512],[-5.74422,35.68574],[-5.74439,35.68672],[-5.74396,35.68728],[-5.74413,35.68791],[-5.74482,35.68825],[-5.74533,35.68895],[-5.74576,35.68888],[-5.74585,35.68909],[-5.74585,35.68972],[-5.74628,35.69216],[-5.74585,35.69313],[-5.74568,35.69369],[-5.74654,35.69404],[-5.74662,35.69453],[-5.74662,35.69488],[-5.74611,35.69516],[-5.74636,35.6953],[-5.74628,35.69537],[-5.74585,35.69578],[-5.74576,35.6969],[-5.74551,35.69725],[-5.74594,35.69759],[-5.74585,35.6978],[-5.74602,35.69871],[-5.74628,35.69906],[-5.74654,35.69927],[-5.74645,35.69948],[-5.74671,35.69989],[-5.74697,35.70003],[-5.74782,35.70199],[-5.75066,35.70387],[-5.75083,35.7045],[-5.7516,35.70477],[-5.7522,35.70582],[-5.75211,35.7061],[-5.75237,35.70659],[-5.7546,35.70742],[-5.75435,35.7084],[-5.75478,35.70854],[-5.75478,35.70875],[-5.75735,35.71258],[-5.75529,35.71195],[-5.75332,35.70986],[-5.75237,35.71014],[-5.75194,35.71049],[-5.75169,35.71049],[-5.75117,35.71],[-5.74971,35.70944],[-5.748,35.70826],[-5.74705,35.70791],[-5.74525,35.70798],[-5.74413,35.70847],[-5.74302,35.70951],[-5.74319,35.70993],[-5.7431,35.71216],[-5.74327,35.71272],[-5.74302,35.71335],[-5.74319,35.71467],[-5.74293,35.7153],[-5.74242,35.71586],[-5.74139,35.71607],[-5.74122,35.71669],[-5.74096,35.71669],[-5.74079,35.71697],[-5.74053,35.71697],[-5.7401,35.71746],[-5.74113,35.71878],[-5.74147,35.71878],[-5.74173,35.71906],[-5.7419,35.72018],[-5.74173,35.72046],[-5.7413,35.72073],[-5.74122,35.72164],[-5.73976,35.72324],[-5.73933,35.72436],[-5.73907,35.72408],[-5.73898,35.72422],[-5.7383,35.72464],[-5.73795,35.72422],[-5.73761,35.72415],[-5.73667,35.72422],[-5.73624,35.72408],[-5.73581,35.7238],[-5.73546,35.72366],[-5.73521,35.72366],[-5.73486,35.72401],[-5.73409,35.72387],[-5.73306,35.72352],[-5.73177,35.72394],[-5.731,35.72338],[-5.73006,35.72303],[-5.72757,35.72289],[-5.72628,35.72296],[-5.72525,35.72331],[-5.72534,35.7238],[-5.72525,35.72408],[-5.72456,35.7245],[-5.72379,35.72512],[-5.72345,35.72512],[-5.72328,35.72519],[-5.72336,35.72554],[-5.72302,35.72596],[-5.72302,35.72645],[-5.72267,35.72707],[-5.72267,35.72742],[-5.72293,35.72756],[-5.72285,35.72784],[-5.72267,35.72812],[-5.72225,35.72826],[-5.72216,35.72847],[-5.72225,35.72979],[-5.72267,35.73056],[-5.72319,35.73216],[-5.72362,35.73432],[-5.72336,35.73585],[-5.7237,35.73773],[-5.72353,35.74073],[-5.72353,35.74205],[-5.72422,35.74366],[-5.72482,35.74449],[-5.72525,35.74526],[-5.72594,35.74596],[-5.72628,35.74651],[-5.72637,35.74742],[-5.7274,35.74784],[-5.72817,35.74853],[-5.72688,35.74853],[-5.72671,35.74888],[-5.72611,35.74895],[-5.72499,35.74818],[-5.72439,35.74832],[-5.72422,35.74874],[-5.72396,35.74902],[-5.72302,35.74909],[-5.72182,35.74853],[-5.72036,35.74832],[-5.71916,35.74902],[-5.71907,35.74937],[-5.71916,35.75034],[-5.72027,35.75132],[-5.72076,35.7521],[-5.72074,35.75209],[-5.72096,35.75243],[-5.72199,35.7532],[-5.72259,35.7539],[-5.72233,35.75494],[-5.72208,35.75564],[-5.72199,35.75668],[-5.72173,35.75759],[-5.72087,35.75947],[-5.72096,35.7603],[-5.72276,35.76852],[-5.72353,35.77012],[-5.72328,35.77026],[-5.72482,35.7704],[-5.72594,35.77033],[-5.72654,35.77012],[-5.7292,35.77145],[-5.72954,35.77193],[-5.72997,35.77305],[-5.73023,35.77326],[-5.73186,35.77263],[-5.73246,35.7727],[-5.73349,35.77305],[-5.73358,35.77834],[-5.734,35.78168],[-5.73443,35.78231],[-5.73452,35.78301],[-5.73426,35.78349],[-5.73521,35.78447],[-5.73624,35.78516],[-5.73752,35.78551],[-5.73855,35.78544],[-5.73958,35.78558],[-5.73967,35.78621],[-5.74079,35.78649],[-5.74182,35.78642],[-5.74242,35.78732],[-5.74362,35.78753],[-5.74465,35.78795],[-5.74405,35.78858],[-5.7401,35.79094],[-5.73958,35.79192],[-5.73958,35.79213],[-5.74001,35.79241],[-5.74182,35.79449],[-5.74036,35.79575],[-5.73958,35.79665],[-5.73916,35.79881],[-5.73941,35.79902],[-5.7395,35.79937],[-5.73916,35.80006],[-5.73924,35.80034],[-5.7401,35.80111],[-5.74036,35.80159],[-5.7413,35.8018],[-5.74259,35.80264],[-5.74362,35.80264],[-5.74405,35.80222],[-5.74396,35.80285],[-5.74276,35.80459],[-5.74242,35.80668],[-5.74216,35.80716],[-5.74173,35.80758],[-5.7401,35.80849],[-5.73855,35.81148],[-5.73795,35.81211],[-5.73701,35.81252],[-5.73641,35.81266],[-5.73375,35.81266],[-5.73237,35.81364],[-5.73186,35.81392],[-5.73049,35.81378],[-5.72954,35.81392],[-5.72877,35.81447],[-5.72825,35.81566],[-5.72791,35.816],[-5.72731,35.81621],[-5.72645,35.81621],[-5.72499,35.81642],[-5.72396,35.81635],[-5.72242,35.816],[-5.71924,35.81426],[-5.71864,35.81406],[-5.71838,35.81461],[-5.71856,35.81489],[-5.71847,35.81496],[-5.71856,35.8151],[-5.71847,35.81566],[-5.71813,35.816],[-5.7183,35.81663],[-5.71778,35.81767],[-5.7177,35.81893],[-5.71821,35.82032],[-5.7207,35.82526],[-5.72087,35.82596],[-5.7217,35.82689],[-5.72113,35.82825],[-5.72147,35.82923],[-5.72105,35.82992],[-5.72036,35.83048],[-5.71984,35.83062],[-5.71916,35.83097],[-5.71873,35.8309],[-5.71727,35.8295],[-5.7165,35.82916],[-5.71581,35.8293],[-5.71598,35.82971],[-5.71572,35.8295],[-5.71486,35.82964],[-5.71401,35.82957],[-5.71349,35.82964],[-5.71315,35.82992],[-5.71306,35.83013],[-5.71306,35.83048],[-5.71323,35.83062],[-5.71289,35.83062],[-5.71169,35.83006],[-5.71117,35.82992],[-5.7104,35.82999],[-5.70954,35.83055],[-5.70937,35.83048],[-5.70946,35.83013],[-5.71014,35.82964],[-5.70997,35.82943],[-5.7098,35.82943],[-5.7092,35.83013],[-5.70929,35.82971],[-5.70877,35.82957],[-5.70791,35.82964],[-5.70611,35.83055],[-5.70517,35.83166],[-5.70431,35.83194],[-5.70396,35.83215],[-5.70319,35.83215],[-5.70276,35.8318],[-5.70139,35.8318],[-5.70027,35.83201],[-5.69873,35.83264],[-5.69813,35.83298],[-5.6971,35.8341],[-5.69641,35.83431],[-5.69615,35.83458],[-5.69452,35.83493],[-5.69306,35.83577],[-5.69289,35.83619],[-5.69255,35.83653],[-5.69195,35.83702],[-5.69126,35.83716],[-5.69126,35.83737],[-5.68997,35.83813],[-5.68989,35.83827],[-5.68963,35.83848],[-5.68946,35.83883],[-5.68843,35.83869],[-5.68791,35.83848],[-5.68714,35.83855],[-5.68628,35.8382],[-5.68603,35.83785],[-5.68517,35.83827],[-5.68508,35.83827],[-5.68465,35.83806],[-5.6844,35.83778],[-5.68431,35.8373],[-5.68362,35.83737],[-5.68199,35.83785],[-5.68062,35.83758],[-5.67864,35.83695],[-5.67813,35.83632],[-5.67787,35.8357],[-5.67727,35.83507],[-5.67684,35.8341],[-5.67598,35.8334],[-5.67504,35.83305],[-5.67246,35.83277],[-5.67143,35.83298],[-5.67083,35.83277],[-5.67015,35.83215],[-5.66937,35.83208],[-5.66817,35.83138],[-5.66611,35.83076],[-5.66448,35.83076],[-5.66354,35.83055],[-5.66277,35.83069],[-5.66208,35.83062],[-5.66216,35.8302],[-5.66174,35.83013],[-5.66096,35.82985],[-5.65985,35.8295],[-5.65873,35.82902],[-5.6577,35.82804],[-5.65659,35.82735],[-5.65324,35.82707],[-5.65212,35.82714],[-5.64869,35.82804],[-5.64663,35.82895],[-5.64423,35.83041],[-5.64311,35.83069],[-5.64199,35.83138],[-5.64036,35.83152],[-5.63813,35.83159],[-5.63702,35.83236],[-5.6359,35.83264],[-5.6335,35.83375],[-5.63187,35.83463],[-5.63187,35.83465],[-5.6317,35.83472],[-5.63144,35.83486],[-5.62981,35.83549],[-5.62809,35.83563],[-5.62629,35.83556],[-5.62569,35.83542],[-5.625,35.83549],[-5.62414,35.83563],[-5.62328,35.83556],[-5.62019,35.83493],[-5.61813,35.8334],[-5.61813,35.83339],[-5.61796,35.83326],[-5.6171,35.83298],[-5.61547,35.83271],[-5.61384,35.83284],[-5.61144,35.83277],[-5.61092,35.83298],[-5.60972,35.83277],[-5.60835,35.83208],[-5.60766,35.83194],[-5.60586,35.83076],[-5.60509,35.83048],[-5.60483,35.8302],[-5.60449,35.83013],[-5.60105,35.83034],[-5.59934,35.8309],[-5.59796,35.83173],[-5.59736,35.83187],[-5.59633,35.83166],[-5.59565,35.83173],[-5.59376,35.8325],[-5.5923,35.8325],[-5.58887,35.83326],[-5.58818,35.83361],[-5.58723,35.83424],[-5.58655,35.83452],[-5.58543,35.83458],[-5.58209,35.83632],[-5.58106,35.83695],[-5.57968,35.83813],[-5.57951,35.83876],[-5.57908,35.83946],[-5.57865,35.83953],[-5.57814,35.83904],[-5.57762,35.83911],[-5.57702,35.8396],[-5.57788,35.84078],[-5.57796,35.84147],[-5.57779,35.84217],[-5.57736,35.84287],[-5.57101,35.84634],[-5.57041,35.84662],[-5.57015,35.84662],[-5.56981,35.84627],[-5.5699,35.846],[-5.57024,35.84579],[-5.5705,35.84579],[-5.57058,35.84593],[-5.57479,35.84377],[-5.57462,35.84356],[-5.57651,35.84252],[-5.57685,35.84161],[-5.57659,35.84126],[-5.57651,35.84119],[-5.57462,35.84217],[-5.57436,35.84175],[-5.57608,35.84092],[-5.5759,35.84071],[-5.57608,35.8405],[-5.57522,35.83953],[-5.57367,35.84029],[-5.57316,35.83966],[-5.57093,35.84078],[-5.57136,35.84133],[-5.57299,35.8405],[-5.57307,35.84071],[-5.5705,35.84203],[-5.57101,35.84266],[-5.57084,35.84273],[-5.57101,35.84307],[-5.57084,35.84321],[-5.56964,35.84168],[-5.56827,35.84189],[-5.56749,35.84259],[-5.56629,35.84314],[-5.5656,35.84523],[-5.56526,35.84572],[-5.56475,35.84613],[-5.56397,35.84634],[-5.56346,35.84669],[-5.5632,35.84753],[-5.56277,35.84815],[-5.56191,35.84871],[-5.56149,35.84864],[-5.56097,35.84836],[-5.55985,35.8485],[-5.55977,35.84822],[-5.56046,35.84815],[-5.56046,35.84766],[-5.56071,35.8476],[-5.56063,35.84746],[-5.56071,35.84634],[-5.56028,35.846],[-5.56028,35.84565],[-5.56003,35.84537],[-5.55925,35.84502],[-5.55779,35.8446],[-5.55633,35.84474],[-5.55368,35.84551],[-5.55213,35.84634],[-5.55033,35.84774],[-5.55007,35.84822],[-5.54878,35.84982],[-5.54586,35.85156],[-5.54398,35.85288],[-5.54346,35.85302],[-5.54286,35.85344],[-5.54209,35.85337],[-5.54286,35.85386],[-5.54217,35.85434],[-5.5414,35.85462],[-5.54114,35.85504],[-5.54732,35.86067],[-5.54767,35.8604],[-5.54784,35.8606],[-5.54689,35.86158],[-5.54638,35.86227],[-5.54063,35.87347],[-5.54003,35.87431],[-5.53479,35.87966],[-5.53376,35.88147],[-5.53342,35.8814],[-5.53453,35.87938],[-5.53848,35.87535],[-5.53762,35.87472],[-5.53762,35.87459],[-5.5378,35.87452],[-5.53874,35.87514],[-5.53934,35.87459],[-5.53925,35.87445],[-5.54028,35.87326],[-5.54595,35.86186],[-5.54638,35.8613],[-5.54638,35.8604],[-5.54458,35.8588],[-5.54363,35.85789],[-5.54338,35.8581],[-5.54346,35.85817],[-5.54329,35.85831],[-5.54123,35.85636],[-5.54097,35.85657],[-5.5408,35.85643],[-5.54011,35.85713],[-5.5432,35.85928],[-5.53273,35.86916],[-5.53299,35.86937],[-5.53213,35.87027],[-5.53179,35.87006],[-5.5287,35.87278],[-5.5275,35.8741],[-5.52286,35.87841],[-5.52286,35.87911],[-5.52466,35.88112],[-5.5281,35.87924],[-5.53007,35.87758],[-5.5305,35.87702],[-5.53076,35.87695],[-5.53093,35.87723],[-5.52844,35.87945],[-5.52355,35.8821],[-5.5226,35.88286],[-5.52235,35.88418],[-5.522,35.88425],[-5.522,35.88411],[-5.52252,35.8782],[-5.52123,35.87639],[-5.52106,35.87639],[-5.522,35.87806],[-5.52217,35.87813],[-5.52217,35.87827],[-5.522,35.8782],[-5.52106,35.8766],[-5.52072,35.87674],[-5.52063,35.8766],[-5.52046,35.87667],[-5.51951,35.8766],[-5.5196,35.87681],[-5.51926,35.87688],[-5.51994,35.87848],[-5.51986,35.87862],[-5.51917,35.87688],[-5.51883,35.87695],[-5.51874,35.87681],[-5.51797,35.87702],[-5.51703,35.87758],[-5.5172,35.87778],[-5.51694,35.87785],[-5.51771,35.87904],[-5.51797,35.87917],[-5.51788,35.87931],[-5.5178,35.87931],[-5.51677,35.87792],[-5.51651,35.87806],[-5.51642,35.87799],[-5.51565,35.87834],[-5.51514,35.87876],[-5.51462,35.87952],[-5.51479,35.87959],[-5.51471,35.8798],[-5.51634,35.88008],[-5.51642,35.88022],[-5.51634,35.88029],[-5.51462,35.87994],[-5.51454,35.88022],[-5.51436,35.88015],[-5.51419,35.88098],[-5.51454,35.88161],[-5.51479,35.88161],[-5.51479,35.88182],[-5.51694,35.88175],[-5.51703,35.88189],[-5.51462,35.88196],[-5.51462,35.8821],[-5.51625,35.88217],[-5.51763,35.8821],[-5.51874,35.88182],[-5.519,35.88182],[-5.51908,35.88196],[-5.519,35.8821],[-5.51788,35.88237],[-5.51617,35.88251],[-5.51196,35.88251],[-5.51076,35.88265],[-5.51007,35.88293],[-5.50827,35.88397],[-5.50724,35.88557],[-5.50715,35.88585],[-5.5075,35.88613],[-5.50698,35.88981],[-5.50587,35.89218],[-5.50492,35.89343],[-5.50389,35.89433],[-5.50398,35.89447],[-5.49591,35.89997],[-5.49428,35.90038],[-5.49428,35.90017],[-5.49574,35.89969],[-5.49703,35.89885],[-5.49694,35.89872],[-5.49677,35.89885],[-5.49668,35.89878],[-5.49677,35.89865],[-5.49763,35.89809],[-5.49771,35.89823],[-5.49754,35.89837],[-5.49763,35.89844],[-5.49952,35.89719],[-5.49926,35.89705],[-5.50003,35.89649],[-5.5002,35.8967],[-5.50123,35.896],[-5.50123,35.89531],[-5.50166,35.89482],[-5.5014,35.89461],[-5.50115,35.89496],[-5.50098,35.89489],[-5.50106,35.89468],[-5.50115,35.89468],[-5.50115,35.89461],[-5.50467,35.89079],[-5.50441,35.89058],[-5.50449,35.89051],[-5.50381,35.88995],[-5.50364,35.89009],[-5.50312,35.88974],[-5.50157,35.89128],[-5.50132,35.89107],[-5.5008,35.89162],[-5.50063,35.89155],[-5.50123,35.89107],[-5.50098,35.89086],[-5.50252,35.88933],[-5.502,35.88898],[-5.50209,35.88884],[-5.50157,35.88835],[-5.50029,35.88752],[-5.48759,35.8983],[-5.48836,35.89899],[-5.4905,35.89802],[-5.49085,35.89823],[-5.49128,35.89781],[-5.49153,35.89781],[-5.49205,35.89719],[-5.49222,35.89732],[-5.49162,35.89809],[-5.49145,35.89809],[-5.49033,35.89892],[-5.4887,35.89941],[-5.4881,35.89948],[-5.4875,35.89934],[-5.48707,35.89913],[-5.4869,35.89997],[-5.48673,35.89997],[-5.48656,35.90129],[-5.48621,35.90268],[-5.48475,35.90386],[-5.48432,35.90511],[-5.48355,35.90581],[-5.48286,35.9072],[-5.48329,35.90845],[-5.48235,35.90873],[-5.48201,35.90859],[-5.48183,35.90831],[-5.48063,35.90727],[-5.48055,35.90678],[-5.48003,35.90643],[-5.47917,35.90615],[-5.47703,35.90581],[-5.47505,35.90601],[-5.47419,35.90629],[-5.4736,35.90664],[-5.47308,35.9072],[-5.47317,35.90747],[-5.47299,35.90747],[-5.47274,35.90706],[-5.47214,35.90727],[-5.47214,35.9074],[-5.47274,35.90747],[-5.47214,35.90747],[-5.47214,35.90761],[-5.47274,35.90768],[-5.47214,35.90768],[-5.47205,35.90775],[-5.47205,35.90789],[-5.47248,35.90789],[-5.47257,35.90803],[-5.47394,35.90761],[-5.47402,35.90768],[-5.47402,35.90782],[-5.47214,35.90838],[-5.47154,35.90838],[-5.47093,35.909],[-5.47102,35.90921],[-5.47059,35.90928],[-5.47025,35.90942],[-5.46982,35.91005],[-5.4693,35.91116],[-5.46913,35.91081],[-5.46802,35.91102],[-5.46741,35.91144],[-5.46716,35.91179],[-5.46733,35.91213],[-5.46707,35.91255],[-5.46647,35.91304],[-5.46656,35.91318],[-5.46561,35.91373],[-5.46535,35.91443],[-5.46475,35.91463],[-5.46398,35.91443],[-5.46338,35.91422],[-5.46312,35.91394],[-5.46201,35.91366],[-5.46055,35.91394],[-5.45978,35.9145],[-5.45806,35.9147],[-5.45669,35.91443],[-5.45488,35.91276],[-5.45454,35.91331],[-5.45325,35.91311],[-5.45299,35.91325],[-5.45119,35.91241],[-5.45094,35.91213],[-5.45111,35.91137],[-5.45085,35.91046],[-5.45085,35.90984],[-5.45128,35.90942],[-5.45137,35.9088],[-5.45111,35.90734],[-5.45008,35.90615],[-5.44939,35.90574],[-5.44862,35.90553],[-5.44733,35.90476],[-5.44664,35.90463],[-5.44252,35.90421],[-5.44175,35.90428],[-5.44149,35.90463],[-5.44124,35.9056],[-5.44064,35.90608],[-5.44021,35.90782],[-5.43995,35.9081],[-5.43969,35.90907],[-5.43883,35.90949],[-5.43892,35.9097],[-5.43832,35.90991],[-5.43815,35.90977],[-5.43677,35.90977],[-5.43669,35.90977],[-5.43659,35.90944],[-5.43652,35.90921],[-5.43489,35.90657],[-5.43257,35.9049],[-5.42261,35.90024],[-5.42175,35.90011],[-5.40682,35.90101],[-5.40424,35.90101],[-5.40167,35.90017],[-5.41068,35.89392],[-5.41223,35.89114],[-5.41986,35.88119],[-5.42673,35.87535],[-5.43197,35.8718],[-5.43034,35.87152],[-5.42939,35.87159],[-5.42862,35.87173],[-5.42776,35.87222],[-5.42716,35.87236],[-5.42604,35.87243],[-5.42536,35.87229],[-5.4251,35.87194],[-5.42467,35.87173],[-5.42424,35.87139],[-5.42347,35.87118],[-5.42313,35.8709],[-5.42287,35.87048],[-5.42235,35.87034],[-5.42064,35.87111],[-5.42004,35.87194],[-5.41918,35.8725],[-5.41841,35.8725],[-5.41866,35.87222],[-5.41823,35.87187],[-5.41781,35.87243],[-5.41532,35.87257],[-5.41291,35.87299],[-5.40999,35.87326],[-5.40776,35.87292],[-5.40699,35.87306],[-5.40699,35.87292],[-5.4075,35.87264],[-5.40716,35.87194],[-5.40785,35.87194],[-5.40802,35.87152],[-5.40759,35.87111],[-5.40665,35.87125],[-5.40605,35.87111],[-5.40648,35.87048],[-5.4075,35.86986],[-5.40802,35.86916],[-5.40888,35.86624],[-5.40948,35.86575],[-5.41068,35.86422],[-5.41223,35.86339],[-5.41514,35.86269],[-5.41566,35.8629],[-5.41626,35.86373],[-5.41669,35.86408],[-5.4172,35.86422],[-5.41883,35.86408],[-5.41986,35.8638],[-5.4221,35.86248],[-5.42381,35.8606],[-5.42424,35.8604],[-5.42544,35.86019],[-5.4269,35.86053],[-5.4281,35.86026],[-5.42956,35.85887],[-5.43042,35.85859],[-5.43094,35.85824],[-5.43137,35.85685],[-5.43162,35.85657],[-5.43154,35.85636],[-5.43222,35.8549],[-5.4324,35.85386],[-5.43205,35.85344],[-5.43137,35.85281],[-5.43068,35.85254],[-5.42999,35.8524],[-5.42973,35.85226],[-5.42991,35.85177],[-5.43025,35.85156],[-5.43025,35.85121],[-5.42973,35.85066],[-5.42973,35.85017],[-5.42913,35.8501],[-5.4287,35.84989],[-5.4287,35.84947],[-5.42853,35.84913],[-5.42802,35.84892],[-5.42647,35.84857],[-5.42544,35.84871],[-5.4245,35.84843],[-5.42399,35.84836],[-5.42347,35.84808],[-5.42158,35.8478],[-5.4215,35.8476],[-5.42089,35.84739],[-5.42064,35.84718],[-5.42055,35.84676],[-5.42012,35.84613],[-5.41978,35.846],[-5.41978,35.84627],[-5.41944,35.84655],[-5.41832,35.84523],[-5.41514,35.84245],[-5.41463,35.84182],[-5.4142,35.84168],[-5.41351,35.84161],[-5.41257,35.84133],[-5.41162,35.84126],[-5.41128,35.8414],[-5.41085,35.84189],[-5.41059,35.84189],[-5.41042,35.84161],[-5.41068,35.84106],[-5.41051,35.84092],[-5.41034,35.84092],[-5.40939,35.84168],[-5.40836,35.84203],[-5.40776,35.8421],[-5.40742,35.84182],[-5.40742,35.84092],[-5.4069,35.84078],[-5.40656,35.84085],[-5.40639,35.84112],[-5.40665,35.84189],[-5.40587,35.84224],[-5.40467,35.84231],[-5.40459,35.84266],[-5.40476,35.84363],[-5.40459,35.84384],[-5.40373,35.84398],[-5.40287,35.84356],[-5.40218,35.84356],[-5.40184,35.84349],[-5.4015,35.84321],[-5.40124,35.84266],[-5.40012,35.84259],[-5.39798,35.8414],[-5.39755,35.8414],[-5.39669,35.84175],[-5.39643,35.84168],[-5.39575,35.84043],[-5.39523,35.84036],[-5.39506,35.84008],[-5.39412,35.83994],[-5.39369,35.83973],[-5.39326,35.8389],[-5.39377,35.83876],[-5.39403,35.83841],[-5.39515,35.83778],[-5.39635,35.83681],[-5.39626,35.83653],[-5.39575,35.83598],[-5.39575,35.83521],[-5.39592,35.83486],[-5.39661,35.83417],[-5.39764,35.83368],[-5.39781,35.83312],[-5.39764,35.83264],[-5.39755,35.83243],[-5.39386,35.83187],[-5.39231,35.83083],[-5.39051,35.82874],[-5.39042,35.82596],[-5.39068,35.82596],[-5.39111,35.82568],[-5.39137,35.82526],[-5.39197,35.82491],[-5.39223,35.82442],[-5.39309,35.82352],[-5.393,35.8231],[-5.39369,35.82206],[-5.39506,35.82129],[-5.39592,35.82011],[-5.39618,35.8192],[-5.39592,35.81858],[-5.39566,35.81837],[-5.39558,35.81746],[-5.39626,35.81593],[-5.39669,35.81566],[-5.39703,35.81566],[-5.39789,35.81538],[-5.39875,35.81489],[-5.39909,35.81447],[-5.39926,35.81385],[-5.39978,35.81343],[-5.39995,35.81287],[-5.40064,35.81231],[-5.40064,35.81176],[-5.40038,35.81085],[-5.39995,35.8105],[-5.39978,35.80995],[-5.39918,35.8096],[-5.39875,35.8089],[-5.39841,35.80856],[-5.39884,35.80577],[-5.39858,35.8048],[-5.39798,35.8041],[-5.39789,35.80382],[-5.39832,35.80271],[-5.39909,35.80229],[-5.39952,35.80215],[-5.40038,35.80097],[-5.40072,35.8009],[-5.40072,35.80069],[-5.40175,35.80041],[-5.40261,35.79978],[-5.40287,35.79908],[-5.40289,35.79903],[-5.40304,35.7986],[-5.40399,35.79825],[-5.40442,35.79777],[-5.40476,35.79644],[-5.40502,35.79596],[-5.40639,35.79526],[-5.40716,35.79526],[-5.40768,35.79498],[-5.40819,35.79491],[-5.40862,35.79498],[-5.40922,35.79484],[-5.40956,35.79463],[-5.40991,35.79415],[-5.41094,35.79359],[-5.41154,35.79359],[-5.41137,35.79408],[-5.41154,35.79429],[-5.41162,35.79401],[-5.41188,35.79394],[-5.41248,35.79415],[-5.41291,35.79401],[-5.413,35.79331],[-5.41334,35.79352],[-5.41369,35.79282],[-5.41386,35.79213],[-5.41377,35.79157],[-5.41343,35.79143],[-5.4118,35.79206],[-5.41085,35.7922],[-5.41068,35.79213],[-5.41077,35.79122],[-5.41506,35.78725],[-5.41678,35.78663],[-5.42493,35.78774],[-5.42785,35.78997],[-5.43205,35.79046],[-5.43334,35.79011],[-5.43755,35.78955],[-5.4378,35.7931],[-5.43823,35.79449],[-5.43858,35.79505],[-5.43849,35.79526],[-5.43815,35.79519],[-5.43797,35.79547],[-5.43806,35.79603],[-5.43849,35.79617],[-5.43875,35.79644],[-5.44158,35.79644],[-5.44287,35.79672],[-5.46063,35.79637],[-5.46063,35.79582],[-5.46124,35.79261],[-5.46106,35.79192],[-5.46132,35.79129],[-5.46115,35.79094],[-5.46046,35.79011],[-5.46021,35.78948],[-5.46055,35.78837],[-5.46046,35.7869],[-5.45918,35.78349],[-5.45608,35.77347],[-5.4542,35.76629],[-5.45368,35.76462],[-5.45248,35.76191],[-5.45042,35.7587],[-5.44973,35.75724],[-5.44922,35.75557],[-5.44857,35.75209],[-5.44856,35.75209],[-5.44845,35.75146],[-5.44819,35.74651],[-5.44793,35.74303],[-5.44853,35.74094],[-5.44855,35.74094],[-5.44922,35.73871],[-5.45068,35.73425],[-5.45179,35.7316],[-5.45171,35.73021],[-5.45222,35.72192],[-5.45488,35.71356],[-5.45729,35.70847],[-5.45806,35.70603],[-5.45997,35.70222],[-5.45918,35.69983],[-5.45935,35.69955],[-5.45995,35.69913],[-5.46098,35.69794],[-5.46106,35.69774],[-5.46141,35.69543],[-5.46218,35.69502],[-5.46261,35.69411],[-5.46261,35.69069],[-5.46304,35.68965],[-5.46278,35.68867],[-5.46295,35.68846],[-5.46441,35.68846],[-5.46553,35.68825],[-5.46613,35.68777],[-5.4663,35.68742],[-5.4663,35.68714],[-5.46647,35.687],[-5.46741,35.687],[-5.46836,35.68693],[-5.4687,35.68672],[-5.46956,35.68665],[-5.47111,35.68547],[-5.47257,35.68463],[-5.47299,35.68407],[-5.47351,35.68372],[-5.47454,35.68344],[-5.47531,35.68296],[-5.47668,35.68254],[-5.47797,35.68261],[-5.47943,35.68212],[-5.48029,35.68268],[-5.48158,35.68275],[-5.48458,35.68212],[-5.48578,35.68205],[-5.48664,35.68226],[-5.48741,35.68219],[-5.48801,35.68177],[-5.49016,35.68149],[-5.49119,35.68191],[-5.49213,35.68198],[-5.49265,35.68219],[-5.49394,35.68205],[-5.49462,35.68233],[-5.49617,35.6817],[-5.49557,35.67661],[-5.49763,35.67124],[-5.50235,35.66566],[-5.50372,35.66009],[-5.50364,35.65946],[-5.49677,35.6513],[-5.49625,35.64907],[-5.49634,35.64767],[-5.49686,35.64349],[-5.49703,35.64321],[-5.4978,35.64279],[-5.49789,35.64258],[-5.49754,35.64126],[-5.49617,35.64153],[-5.49557,35.64126],[-5.49505,35.64084],[-5.49428,35.64077],[-5.49316,35.64042],[-5.49179,35.64042],[-5.49128,35.64049],[-5.49059,35.63993],[-5.4899,35.63979],[-5.48922,35.63958],[-5.48896,35.63937],[-5.48862,35.63965],[-5.48801,35.63958],[-5.48793,35.63888],[-5.48793,35.63846],[-5.4881,35.63826],[-5.48887,35.63819],[-5.48896,35.63798],[-5.48844,35.63728],[-5.48827,35.63672],[-5.48784,35.6363],[-5.48801,35.63581],[-5.48862,35.6356],[-5.48904,35.63533],[-5.4893,35.63456],[-5.4899,35.63386],[-5.48999,35.63351],[-5.49093,35.63337],[-5.49162,35.63351],[-5.49179,35.63372],[-5.49222,35.63365],[-5.49256,35.63288],[-5.49273,35.63274],[-5.49316,35.63267],[-5.49342,35.63247],[-5.49359,35.63177],[-5.49411,35.63142],[-5.49419,35.63107],[-5.49445,35.631],[-5.49531,35.63044],[-5.49565,35.62974],[-5.49548,35.62926],[-5.49557,35.6287],[-5.496,35.62828],[-5.49607,35.62782],[-5.49608,35.62772],[-5.49677,35.62737]]]]},"properties":{"territoire_id":5,"nom":"Fahs-Anjra"}},{"type":"Feature","geometry":{"type":"MultiPolygon","coordinates":[[[[-5.81981,35.46579],[-5.81966,35.46444],[-5.81941,35.46375],[-5.81923,35.46354],[-5.81846,35.46347],[-5.81717,35.46298],[-5.81632,35.46179],[-5.81606,35.46123],[-5.81503,35.46039],[-5.8146,35.45983],[-5.8146,35.45948],[-5.81486,35.45885],[-5.81486,35.45794],[-5.8152,35.45766],[-5.81554,35.45773],[-5.8158,35.45801],[-5.81614,35.45808],[-5.8165,35.45808],[-5.81681,35.45786],[-5.81714,35.45755],[-5.81718,35.45747],[-5.81723,35.45719],[-5.81715,35.45683],[-5.81675,35.45607],[-5.81614,35.45564],[-5.81563,35.45508],[-5.81511,35.45501],[-5.81434,35.45466],[-5.81306,35.45501],[-5.81263,35.45487],[-5.81271,35.45452],[-5.81323,35.45396],[-5.81366,35.45333],[-5.81366,35.45298],[-5.8134,35.45256],[-5.81477,35.45172],[-5.81537,35.45179],[-5.81623,35.45214],[-5.81803,35.45235],[-5.81881,35.45228],[-5.81932,35.45144],[-5.81932,35.45053],[-5.81881,35.44976],[-5.81752,35.44906],[-5.81589,35.44864],[-5.81469,35.44864],[-5.81426,35.4485],[-5.81417,35.4483],[-5.81417,35.44753],[-5.81366,35.44704],[-5.81237,35.44697],[-5.81108,35.44662],[-5.81065,35.44648],[-5.81039,35.44606],[-5.81057,35.44557],[-5.81142,35.4448],[-5.81177,35.44473],[-5.81228,35.44501],[-5.81297,35.4448],[-5.81357,35.44424],[-5.81434,35.44396],[-5.81486,35.44361],[-5.81597,35.44242],[-5.81589,35.44102],[-5.81503,35.43934],[-5.81494,35.43802],[-5.81477,35.43774],[-5.814,35.43788],[-5.81297,35.43879],[-5.81211,35.43976],[-5.81168,35.43976],[-5.81022,35.43928],[-5.80911,35.43914],[-5.80851,35.43872],[-5.80825,35.43836],[-5.80876,35.43746],[-5.80876,35.43592],[-5.80902,35.43494],[-5.80945,35.43424],[-5.81031,35.43354],[-5.81031,35.43305],[-5.81005,35.43277],[-5.80936,35.43242],[-5.80825,35.43249],[-5.80773,35.43221],[-5.80722,35.43158],[-5.8073,35.43102],[-5.80825,35.43039],[-5.80825,35.42997],[-5.80799,35.42941],[-5.80679,35.42836],[-5.80636,35.42767],[-5.80593,35.42655],[-5.80584,35.42494],[-5.80559,35.42445],[-5.80524,35.42424],[-5.80481,35.42417],[-5.80241,35.4248],[-5.80155,35.42473],[-5.80104,35.42445],[-5.80044,35.42312],[-5.80052,35.42256],[-5.80078,35.42221],[-5.80112,35.422],[-5.80241,35.42172],[-5.80284,35.42151],[-5.80361,35.42074],[-5.80481,35.4185],[-5.80687,35.4164],[-5.80696,35.41627],[-5.80679,35.41591],[-5.80567,35.41591],[-5.80344,35.41647],[-5.80258,35.41717],[-5.80104,35.41759],[-5.79932,35.41773],[-5.79572,35.41752],[-5.7952,35.41731],[-5.79426,35.41647],[-5.794,35.41606],[-5.79392,35.41549],[-5.7934,35.41508],[-5.7922,35.41487],[-5.79082,35.41473],[-5.78911,35.41494],[-5.78782,35.41528],[-5.78731,35.4148],[-5.78713,35.41368],[-5.78653,35.41375],[-5.78525,35.41424],[-5.78439,35.41431],[-5.78362,35.41417],[-5.7819,35.41361],[-5.78078,35.41298],[-5.78035,35.41263],[-5.7801,35.41172],[-5.78027,35.41116],[-5.78164,35.40913],[-5.78233,35.40703],[-5.78301,35.40591],[-5.78327,35.40346],[-5.7831,35.40241],[-5.78276,35.40192],[-5.78164,35.40157],[-5.77889,35.40178],[-5.7752,35.40157],[-5.77452,35.40171],[-5.77444,35.40171],[-5.77323,35.40164],[-5.76877,35.39997],[-5.76808,35.39968],[-5.76757,35.39919],[-5.76739,35.39822],[-5.76705,35.39773],[-5.76662,35.39759],[-5.76551,35.39759],[-5.76499,35.39731],[-5.7649,35.39682],[-5.76585,35.39563],[-5.76593,35.395],[-5.76542,35.39423],[-5.76439,35.39339],[-5.76379,35.39318],[-5.7613,35.39332],[-5.75812,35.3929],[-5.75727,35.39262],[-5.75615,35.39143],[-5.75546,35.39164],[-5.75435,35.39164],[-5.75392,35.39157],[-5.75297,35.39122],[-5.75229,35.39122],[-5.75177,35.39136],[-5.75083,35.39192],[-5.75023,35.39199],[-5.74945,35.39129],[-5.7492,35.39066],[-5.74774,35.39003],[-5.74748,35.38982],[-5.74714,35.38926],[-5.74731,35.38863],[-5.74714,35.38786],[-5.74662,35.38751],[-5.74499,35.38681],[-5.74379,35.38555],[-5.74276,35.38555],[-5.74147,35.38604],[-5.74079,35.38611],[-5.74044,35.38604],[-5.73898,35.38562],[-5.73787,35.38562],[-5.73632,35.38667],[-5.73581,35.38758],[-5.73521,35.38765],[-5.73469,35.38737],[-5.73426,35.38688],[-5.73426,35.38583],[-5.734,35.3852],[-5.73349,35.3845],[-5.73237,35.38359],[-5.7316,35.38261],[-5.73074,35.38135],[-5.73023,35.38016],[-5.72963,35.37932],[-5.72903,35.37897],[-5.72851,35.3789],[-5.72791,35.37932],[-5.72722,35.3796],[-5.72568,35.38009],[-5.72499,35.38009],[-5.72456,35.37981],[-5.72413,35.37925],[-5.72379,35.37792],[-5.72336,35.37771],[-5.72293,35.37764],[-5.72156,35.37827],[-5.72113,35.37862],[-5.72079,35.37897],[-5.72044,35.37981],[-5.7201,35.38009],[-5.71933,35.38002],[-5.71813,35.37939],[-5.71778,35.3796],[-5.71744,35.38023],[-5.71684,35.38037],[-5.7165,35.3803],[-5.71598,35.37967],[-5.71555,35.37939],[-5.71486,35.37946],[-5.71435,35.37932],[-5.71392,35.37883],[-5.71375,35.3782],[-5.71349,35.37785],[-5.71169,35.37645],[-5.71117,35.37631],[-5.71014,35.37617],[-5.70611,35.37652],[-5.70414,35.3754],[-5.70276,35.37421],[-5.70105,35.37358],[-5.70148,35.37351],[-5.7007,35.37295],[-5.69993,35.37288],[-5.69821,35.37351],[-5.69701,35.37421],[-5.69624,35.37456],[-5.69435,35.37484],[-5.69246,35.37463],[-5.69203,35.3747],[-5.69109,35.37519],[-5.68954,35.37568],[-5.68834,35.37708],[-5.68748,35.37764],[-5.6868,35.37764],[-5.68508,35.37722],[-5.68482,35.37694],[-5.68474,35.37659],[-5.68422,35.37659],[-5.68302,35.37694],[-5.68173,35.37799],[-5.68105,35.3782],[-5.68045,35.3782],[-5.67899,35.37862],[-5.67856,35.37869],[-5.6783,35.37855],[-5.67796,35.37771],[-5.67718,35.37736],[-5.67633,35.37715],[-5.67504,35.37729],[-5.67341,35.37799],[-5.67238,35.37883],[-5.67169,35.37904],[-5.66972,35.37911],[-5.6686,35.3796],[-5.66766,35.3803],[-5.66603,35.381],[-5.66534,35.38184],[-5.66517,35.38296],[-5.66491,35.3831],[-5.66431,35.38373],[-5.66337,35.38387],[-5.66251,35.38408],[-5.66182,35.38408],[-5.66113,35.38373],[-5.65865,35.38401],[-5.65839,35.38373],[-5.65762,35.38387],[-5.65719,35.38359],[-5.6565,35.38352],[-5.65599,35.38317],[-5.6547,35.38324],[-5.6541,35.38303],[-5.65367,35.38331],[-5.65332,35.38324],[-5.65315,35.3831],[-5.65315,35.38275],[-5.65384,35.3824],[-5.65401,35.38212],[-5.65375,35.38121],[-5.65315,35.38086],[-5.65272,35.38044],[-5.65238,35.38002],[-5.65238,35.37974],[-5.65229,35.3796],[-5.65144,35.37953],[-5.65058,35.37897],[-5.65041,35.37848],[-5.64938,35.37764],[-5.64912,35.37736],[-5.64835,35.37708],[-5.64766,35.37617],[-5.64723,35.3761],[-5.64663,35.37575],[-5.645,35.37589],[-5.64337,35.37554],[-5.64277,35.37596],[-5.64242,35.37596],[-5.64114,35.37505],[-5.64053,35.37477],[-5.63994,35.37484],[-5.63891,35.37463],[-5.63822,35.37421],[-5.63796,35.37387],[-5.63805,35.37261],[-5.63788,35.37239],[-5.63685,35.3738],[-5.63453,35.37617],[-5.63298,35.37757],[-5.63187,35.37847],[-5.63187,35.37848],[-5.62706,35.38233],[-5.625,35.38366],[-5.61943,35.38741],[-5.60646,35.39668],[-5.6052,35.39742],[-5.60431,35.39794],[-5.59487,35.40213],[-5.59058,35.40178],[-5.58878,35.40171],[-5.57805,35.40297],[-5.57685,35.40318],[-5.57239,35.40493],[-5.57256,35.4036],[-5.57247,35.40339],[-5.57213,35.40304],[-5.57127,35.40283],[-5.57093,35.40318],[-5.57024,35.40318],[-5.56749,35.40171],[-5.56775,35.40108],[-5.56955,35.39926],[-5.56964,35.39899],[-5.56938,35.39864],[-5.56852,35.39871],[-5.56827,35.39836],[-5.56775,35.39808],[-5.56724,35.39766],[-5.56663,35.3978],[-5.56569,35.39815],[-5.56475,35.39899],[-5.5638,35.39955],[-5.56312,35.39961],[-5.56277,35.40011],[-5.56106,35.40115],[-5.5608,35.40122],[-5.56046,35.40115],[-5.55951,35.4015],[-5.55865,35.40185],[-5.55779,35.40234],[-5.55728,35.40248],[-5.55325,35.40087],[-5.54561,35.39871],[-5.52964,35.39283],[-5.52904,35.3922],[-5.5281,35.3922],[-5.52587,35.39185],[-5.52501,35.3915],[-5.52424,35.39143],[-5.52381,35.39108],[-5.52346,35.39038],[-5.52235,35.38982],[-5.52217,35.38982],[-5.52175,35.39038],[-5.5214,35.39059],[-5.52037,35.39059],[-5.51977,35.39052],[-5.51866,35.39017],[-5.5172,35.38926],[-5.51668,35.38926],[-5.51634,35.38989],[-5.51574,35.3901],[-5.51522,35.3901],[-5.51436,35.38961],[-5.51376,35.38954],[-5.51299,35.38996],[-5.51205,35.3908],[-5.51059,35.39101],[-5.50973,35.39192],[-5.50904,35.39227],[-5.50861,35.39234],[-5.50707,35.39192],[-5.50552,35.39262],[-5.50475,35.39269],[-5.50406,35.39248],[-5.50372,35.39227],[-5.50235,35.39003],[-5.50123,35.38989],[-5.49823,35.38982],[-5.49763,35.38954],[-5.49737,35.38877],[-5.4972,35.38849],[-5.49565,35.388],[-5.49488,35.388],[-5.49334,35.38863],[-5.49102,35.38989],[-5.49068,35.3894],[-5.4893,35.38828],[-5.48578,35.38646],[-5.4851,35.38625],[-5.48415,35.38618],[-5.48321,35.38667],[-5.48278,35.38674],[-5.48132,35.38443],[-5.48063,35.38275],[-5.47995,35.38191],[-5.47986,35.38128],[-5.48038,35.38002],[-5.48038,35.37918],[-5.48055,35.37862],[-5.48123,35.3782],[-5.48201,35.37813],[-5.48218,35.37792],[-5.48218,35.37771],[-5.48055,35.37666],[-5.47977,35.37631],[-5.47334,35.37568],[-5.46527,35.37036],[-5.46081,35.36631],[-5.46192,35.36463],[-5.46338,35.3633],[-5.46596,35.36211],[-5.46836,35.36169],[-5.47008,35.36169],[-5.47145,35.3619],[-5.47308,35.36232],[-5.47334,35.36267],[-5.47419,35.36309],[-5.47471,35.36288],[-5.47514,35.36246],[-5.47574,35.36246],[-5.47677,35.36197],[-5.47746,35.36127],[-5.47857,35.3612],[-5.47892,35.36085],[-5.48029,35.36064],[-5.48158,35.36001],[-5.48243,35.35973],[-5.48278,35.35931],[-5.48346,35.35903],[-5.49351,35.35616],[-5.49273,35.35217],[-5.49231,35.34797],[-5.48527,35.33599],[-5.48321,35.33291],[-5.48286,35.33256],[-5.48252,35.33249],[-5.47686,35.33312],[-5.47257,35.33375],[-5.47145,35.33354],[-5.47008,35.33284],[-5.4699,35.33298],[-5.46965,35.33221],[-5.46905,35.33102],[-5.46836,35.33018],[-5.46741,35.32822],[-5.4663,35.32682],[-5.46278,35.32101],[-5.45574,35.31204],[-5.45634,35.31176],[-5.45832,35.31155],[-5.45952,35.31169],[-5.46372,35.31162],[-5.46415,35.3119],[-5.46535,35.30014],[-5.46604,35.29796],[-5.46673,35.29439],[-5.46767,35.29145],[-5.46819,35.28844],[-5.47265,35.28395],[-5.47668,35.27884],[-5.47806,35.27667],[-5.47883,35.27632],[-5.47995,35.27519],[-5.48364,35.27043],[-5.48776,35.26482],[-5.48853,35.263],[-5.48922,35.26216],[-5.49007,35.26027],[-5.49145,35.25803],[-5.49222,35.25704],[-5.49402,35.25214],[-5.49402,35.2501],[-5.49445,35.24793],[-5.49445,35.2438],[-5.49419,35.2431],[-5.49359,35.24267],[-5.49308,35.24134],[-5.49737,35.24443],[-5.50321,35.23987],[-5.52037,35.22438],[-5.52123,35.22375],[-5.5226,35.22375],[-5.52303,35.22326],[-5.52389,35.22333],[-5.52424,35.22241],[-5.52501,35.22157],[-5.52647,35.22108],[-5.5275,35.22115],[-5.52775,35.2208],[-5.52792,35.21905],[-5.52861,35.21884],[-5.52956,35.21765],[-5.52956,35.21631],[-5.53041,35.21561],[-5.53187,35.21512],[-5.53342,35.21498],[-5.53556,35.21295],[-5.53659,35.21295],[-5.539,35.21119],[-5.53994,35.21119],[-5.54183,35.21084],[-5.54415,35.21112],[-5.54741,35.21126],[-5.54621,35.21049],[-5.54243,35.20334],[-5.54063,35.20039],[-5.54003,35.1938],[-5.53908,35.18756],[-5.53891,35.18489],[-5.539,35.18384],[-5.53883,35.18293],[-5.539,35.18103],[-5.54071,35.17984],[-5.54346,35.17914],[-5.54389,35.17851],[-5.54389,35.17802],[-5.54363,35.17711],[-5.54372,35.17647],[-5.54376,35.17638],[-5.5438,35.17612],[-5.54406,35.1757],[-5.54415,35.17451],[-5.54492,35.17381],[-5.54501,35.1736],[-5.54492,35.17353],[-5.54441,35.17332],[-5.54406,35.17297],[-5.54406,35.17212],[-5.5438,35.17191],[-5.54376,35.17173],[-5.54363,35.17156],[-5.54363,35.17121],[-5.54338,35.171],[-5.54312,35.16974],[-5.5432,35.16876],[-5.54343,35.16819],[-5.54344,35.16819],[-5.54363,35.1677],[-5.54355,35.16728],[-5.54286,35.16693],[-5.54209,35.1663],[-5.54269,35.16602],[-5.54295,35.16567],[-5.54286,35.16546],[-5.54217,35.16525],[-5.54149,35.16553],[-5.54054,35.1663],[-5.5396,35.16602],[-5.53797,35.16581],[-5.53608,35.16581],[-5.53531,35.16567],[-5.53479,35.1649],[-5.53488,35.16469],[-5.53548,35.16448],[-5.53574,35.16406],[-5.53539,35.16223],[-5.53574,35.16153],[-5.53634,35.16132],[-5.53711,35.1616],[-5.53745,35.16209],[-5.53788,35.1623],[-5.53831,35.16223],[-5.53865,35.16209],[-5.539,35.16174],[-5.5396,35.16083],[-5.53968,35.16055],[-5.53908,35.16048],[-5.53848,35.16006],[-5.5378,35.15928],[-5.5378,35.159],[-5.5384,35.1576],[-5.539,35.15781],[-5.5396,35.15781],[-5.53994,35.1576],[-5.54011,35.15718],[-5.53865,35.15634],[-5.53814,35.15585],[-5.53814,35.1555],[-5.53848,35.15543],[-5.53994,35.15563],[-5.54123,35.1555],[-5.54183,35.15514],[-5.542,35.15472],[-5.54174,35.1543],[-5.54157,35.15346],[-5.54097,35.15276],[-5.54003,35.15227],[-5.53891,35.15213],[-5.53805,35.15156],[-5.53925,35.14946],[-5.53891,35.1482],[-5.53805,35.14749],[-5.53445,35.14742],[-5.53411,35.14665],[-5.53531,35.14525],[-5.53582,35.1442],[-5.53548,35.14384],[-5.53256,35.14413],[-5.53213,35.14391],[-5.5317,35.14258],[-5.53205,35.14181],[-5.53256,35.14132],[-5.53256,35.14069],[-5.53041,35.14019],[-5.53076,35.13865],[-5.5299,35.13767],[-5.5305,35.13598],[-5.53144,35.13535],[-5.53179,35.13409],[-5.53102,35.13339],[-5.53067,35.13219],[-5.53325,35.1317],[-5.53316,35.13086],[-5.53368,35.12974],[-5.53299,35.12932],[-5.5323,35.12847],[-5.53196,35.12756],[-5.53136,35.12707],[-5.5305,35.12573],[-5.52921,35.12496],[-5.52836,35.12531],[-5.52784,35.1263],[-5.52544,35.12679],[-5.52501,35.12588],[-5.52363,35.12426],[-5.52269,35.12349],[-5.5214,35.12251],[-5.52011,35.12194],[-5.51943,35.1218],[-5.51745,35.12265],[-5.51625,35.12356],[-5.51505,35.12391],[-5.51471,35.12377],[-5.51462,35.12328],[-5.51531,35.12223],[-5.5166,35.12068],[-5.52621,35.11366],[-5.53136,35.11085],[-5.52784,35.10411],[-5.52449,35.09639],[-5.52527,35.09393],[-5.52698,35.08578],[-5.52587,35.08487],[-5.52441,35.08325],[-5.52295,35.08115],[-5.52003,35.07798],[-5.50887,35.06639],[-5.50818,35.06359],[-5.50561,35.06232],[-5.50492,35.06162],[-5.50449,35.06014],[-5.50424,35.05986],[-5.50123,35.05817],[-5.50303,35.05649],[-5.49969,35.05396],[-5.49746,35.0515],[-5.49782,35.05125],[-5.49803,35.05112],[-5.49804,35.05111],[-5.50132,35.04967],[-5.50235,35.04876],[-5.50235,35.04714],[-5.50132,35.04609],[-5.50089,35.04503],[-5.49977,35.04377],[-5.49771,35.04215],[-5.49522,35.04124],[-5.49248,35.0397],[-5.49042,35.03808],[-5.48999,35.03604],[-5.49102,35.03506],[-5.49188,35.03365],[-5.49188,35.03196],[-5.49128,35.02859],[-5.49248,35.02599],[-5.49376,35.02437],[-5.49359,35.02437],[-5.49394,35.02402],[-5.496,35.0229],[-5.49814,35.02205],[-5.49917,35.02135],[-5.49995,35.02058],[-5.50072,35.01917],[-5.50106,35.01756],[-5.50123,35.01559],[-5.50089,35.01235],[-5.50029,35.01067],[-5.49943,35.00926],[-5.4996,35.00708],[-5.50467,35.00434],[-5.51024,35.00279],[-5.51428,35.00097],[-5.52054,34.99513],[-5.52389,34.9945],[-5.52569,34.99168],[-5.5293,34.98964],[-5.53488,34.98964],[-5.53865,34.99119],[-5.54209,34.99295],[-5.54561,34.99506],[-5.54604,34.9952],[-5.54664,34.99583],[-5.5481,34.99801],[-5.5493,34.99885],[-5.55007,34.9997],[-5.5505,35.00054],[-5.55058,35.00125],[-5.54998,35.00314],[-5.54947,35.00413],[-5.54921,35.00589],[-5.54947,35.00687],[-5.5499,35.00785],[-5.5523,35.0087],[-5.55453,35.00891],[-5.56363,35.00785],[-5.56449,35.00729],[-5.56509,35.0049],[-5.56509,34.99928],[-5.56569,34.99562],[-5.56663,34.99534],[-5.56947,34.99639],[-5.57187,34.99661],[-5.57273,34.99661],[-5.57445,34.99632],[-5.57625,34.99534],[-5.57685,34.99478],[-5.57659,34.99295],[-5.57659,34.99225],[-5.57917,34.99309],[-5.57985,34.99358],[-5.5808,34.994],[-5.58183,34.99435],[-5.58303,34.99457],[-5.58277,34.99492],[-5.58277,34.99541],[-5.58312,34.9959],[-5.5838,34.99654],[-5.5838,34.9971],[-5.58337,34.99815],[-5.5826,34.99907],[-5.58226,34.99998],[-5.58483,35.00314],[-5.58535,35.00441],[-5.58535,35.00525],[-5.5844,35.00729],[-5.58371,35.008],[-5.58183,35.0094],[-5.58106,35.01038],[-5.58011,35.01116],[-5.57745,35.01299],[-5.5753,35.01418],[-5.5747,35.01474],[-5.57402,35.01573],[-5.57402,35.01629],[-5.57427,35.01678],[-5.5747,35.01734],[-5.57548,35.01861],[-5.57599,35.01924],[-5.57642,35.01959],[-5.57796,35.02023],[-5.57925,35.02065],[-5.58148,35.02058],[-5.58329,35.02079],[-5.58449,35.02142],[-5.58552,35.02184],[-5.58638,35.02262],[-5.58663,35.02346],[-5.58844,35.02501],[-5.58929,35.02543],[-5.59024,35.02522],[-5.59058,35.02466],[-5.59101,35.02444],[-5.59178,35.02416],[-5.59333,35.02381],[-5.59427,35.02395],[-5.59539,35.02381],[-5.59736,35.02444],[-5.60002,35.02479],[-5.60037,35.02494],[-5.6014,35.02508],[-5.60311,35.0255],[-5.6044,35.02508],[-5.60483,35.02466],[-5.60603,35.0229],[-5.60595,35.02177],[-5.60552,35.021],[-5.60492,35.01875],[-5.60483,35.01699],[-5.605,35.01503],[-5.60689,35.01383],[-5.60989,35.01242],[-5.61307,35.01144],[-5.61685,35.01088],[-5.61813,35.0115],[-5.61873,35.01179],[-5.61959,35.0127],[-5.61959,35.01306],[-5.62011,35.0139],[-5.62114,35.01488],[-5.62191,35.01545],[-5.62277,35.01594],[-5.62363,35.01671],[-5.625,35.01868],[-5.62526,35.0191],[-5.62594,35.02226],[-5.62603,35.02402],[-5.62706,35.02803],[-5.62792,35.02986],[-5.62809,35.0307],[-5.62886,35.03218],[-5.63024,35.03302],[-5.63075,35.03358],[-5.63187,35.03393],[-5.63255,35.034],[-5.63401,35.034],[-5.63513,35.03344],[-5.63564,35.03309],[-5.63607,35.03239],[-5.63642,35.03161],[-5.6365,35.03035],[-5.63573,35.02775],[-5.63573,35.02704],[-5.63521,35.0255],[-5.63461,35.02451],[-5.63453,35.02395],[-5.63478,35.02346],[-5.63496,35.02072],[-5.63521,35.02016],[-5.63582,35.01931],[-5.63667,35.01875],[-5.63719,35.01833],[-5.63959,35.01678],[-5.64019,35.01608],[-5.64062,35.01531],[-5.64114,35.0139],[-5.64156,35.01249],[-5.64165,35.01053],[-5.64191,35.00933],[-5.64122,35.00764],[-5.63976,35.00476],[-5.6395,35.00385],[-5.63882,35.00237],[-5.63891,35.00153],[-5.63813,34.99935],[-5.6359,34.99731],[-5.63556,34.99618],[-5.6353,34.99393],[-5.63539,34.99197],[-5.63633,34.99098],[-5.63744,34.99049],[-5.63805,34.98992],[-5.63873,34.98964],[-5.64105,34.9895],[-5.6432,34.9895],[-5.645,34.98929],[-5.64569,34.98943],[-5.64637,34.98943],[-5.64663,34.98929],[-5.65092,34.98985],[-5.65453,34.99154],[-5.66766,34.99077],[-5.68105,34.98507],[-5.68328,34.98458],[-5.68482,34.98156],[-5.68628,34.97881],[-5.68474,34.97368],[-5.6856,34.96791],[-5.69109,34.9639],[-5.69847,34.96193],[-5.69761,34.95392],[-5.69933,34.9485],[-5.70765,34.9397],[-5.71615,34.93682],[-5.72096,34.93626],[-5.72328,34.93576],[-5.72619,34.93443],[-5.72697,34.93443],[-5.72748,34.934],[-5.73126,34.92866],[-5.73521,34.92626],[-5.7419,34.92648],[-5.74757,34.92641],[-5.75469,34.92429],[-5.75993,34.91733],[-5.76551,34.91979],[-5.76997,34.92443],[-5.77048,34.9257],[-5.77031,34.92654],[-5.77151,34.9307],[-5.7722,34.93168],[-5.77426,34.93161],[-5.77786,34.93084],[-5.77958,34.93323],[-5.78319,34.93429],[-5.78499,34.93316],[-5.78362,34.92774],[-5.78447,34.9269],[-5.78568,34.92641],[-5.78842,34.92697],[-5.79074,34.93013],[-5.79237,34.93337],[-5.79203,34.93661],[-5.79297,34.93844],[-5.79495,34.93865],[-5.79701,34.93696],[-5.79726,34.93597],[-5.79709,34.93492],[-5.79846,34.93281],[-5.79941,34.93443],[-5.80404,34.93724],[-5.80859,34.93794],[-5.80936,34.9378],[-5.81108,34.93991],[-5.81383,34.94125],[-5.81726,34.94104],[-5.8243,34.93886],[-5.82507,34.93724],[-5.83074,34.93766],[-5.82988,34.94153],[-5.83056,34.94308],[-5.83271,34.944],[-5.84095,34.94181],[-5.84507,34.9397],[-5.85039,34.93879],[-5.85245,34.9383],[-5.85382,34.9378],[-5.85485,34.93809],[-5.85554,34.939],[-5.85649,34.93858],[-5.85666,34.9378],[-5.85623,34.93745],[-5.85571,34.93759],[-5.85588,34.93703],[-5.85528,34.93717],[-5.85503,34.93703],[-5.8552,34.93668],[-5.85588,34.93682],[-5.85588,34.93647],[-5.85554,34.9359],[-5.8552,34.93569],[-5.85485,34.9359],[-5.85451,34.9359],[-5.85503,34.93471],[-5.85477,34.93443],[-5.85477,34.934],[-5.85494,34.93386],[-5.85649,34.93337],[-5.857,34.93316],[-5.857,34.93267],[-5.85717,34.93239],[-5.85743,34.93203],[-5.85829,34.9314],[-5.85863,34.93084],[-5.85855,34.93021],[-5.85932,34.92978],[-5.85932,34.9295],[-5.85906,34.92894],[-5.85923,34.92823],[-5.86138,34.92859],[-5.86181,34.92852],[-5.86198,34.92866],[-5.86318,34.92859],[-5.86344,34.92908],[-5.86404,34.92908],[-5.86421,34.92915],[-5.86447,34.92901],[-5.86507,34.9295],[-5.86498,34.92971],[-5.8655,34.92985],[-5.86558,34.93006],[-5.86576,34.93013],[-5.86576,34.93028],[-5.86636,34.93021],[-5.86653,34.93035],[-5.86679,34.93028],[-5.86713,34.93056],[-5.86739,34.93028],[-5.86919,34.92992],[-5.86936,34.93028],[-5.86953,34.93028],[-5.86979,34.93049],[-5.87116,34.93077],[-5.87108,34.93126],[-5.87151,34.93703],[-5.87331,34.9364],[-5.87571,34.93239],[-5.87915,34.93337],[-5.88138,34.93386],[-5.88567,34.93513],[-5.8873,34.93668],[-5.88798,34.93696],[-5.88987,34.93717],[-5.89056,34.93745],[-5.89133,34.93802],[-5.89253,34.93809],[-5.89365,34.93773],[-5.89477,34.9378],[-5.8952,34.93766],[-5.89554,34.93766],[-5.89623,34.93745],[-5.89726,34.93766],[-5.89743,34.93752],[-5.8982,34.93773],[-5.89974,34.93766],[-5.89992,34.93787],[-5.90069,34.93809],[-5.90137,34.93851],[-5.90163,34.93886],[-5.90189,34.93886],[-5.90215,34.939],[-5.90249,34.93949],[-5.90275,34.94006],[-5.90309,34.94041],[-5.90335,34.94097],[-5.90455,34.94217],[-5.90489,34.9428],[-5.90464,34.9454],[-5.90515,34.94554],[-5.90464,34.94702],[-5.9055,34.94765],[-5.9061,34.94892],[-5.90644,34.9492],[-5.90661,34.94984],[-5.90678,34.95012],[-5.9097,34.94955],[-5.91185,34.94941],[-5.91322,34.9485],[-5.91476,34.94878],[-5.91528,34.94871],[-5.91605,34.94843],[-5.91648,34.94906],[-5.91785,34.94913],[-5.91794,34.94878],[-5.91914,34.94906],[-5.92077,34.95005],[-5.92112,34.95061],[-5.92146,34.95033],[-5.92163,34.9504],[-5.92206,34.94984],[-5.92309,34.95012],[-5.92326,34.94962],[-5.92386,34.94969],[-5.92652,34.94955],[-5.9291,34.94998],[-5.92936,34.94962],[-5.92978,34.94927],[-5.9303,34.94927],[-5.93107,34.94941],[-5.9327,34.94892],[-5.93305,34.9492],[-5.93322,34.94962],[-5.93391,34.94991],[-5.93391,34.95096],[-5.93408,34.95181],[-5.93494,34.95258],[-5.93502,34.95265],[-5.93811,34.95279],[-5.93888,34.95166],[-5.93888,34.95117],[-5.9394,34.95019],[-5.93991,34.94969],[-5.93983,34.9492],[-5.94026,34.94885],[-5.94086,34.94878],[-5.94146,34.94857],[-5.94189,34.94843],[-5.94266,34.94829],[-5.94377,34.94836],[-5.94558,34.94822],[-5.94747,34.94779],[-5.9491,34.94709],[-5.95133,34.94547],[-5.9527,34.94526],[-5.95476,34.9447],[-5.9551,34.94428],[-5.95605,34.94245],[-5.95674,34.9421],[-5.95725,34.94196],[-5.95759,34.94196],[-5.95794,34.94217],[-5.95819,34.94259],[-5.95845,34.94273],[-5.95802,34.94308],[-5.95785,34.9435],[-5.95751,34.94512],[-5.95759,34.94597],[-5.95674,34.94857],[-5.95605,34.94948],[-5.95613,34.94976],[-5.95519,34.95103],[-5.95425,34.95152],[-5.9539,34.95195],[-5.95399,34.95286],[-5.95305,34.95356],[-5.95236,34.95378],[-5.95279,34.95448],[-5.95253,34.95603],[-5.95313,34.95631],[-5.9533,34.95701],[-5.95347,34.95729],[-5.95365,34.95729],[-5.95365,34.95771],[-5.95502,34.95919],[-5.9545,34.95968],[-5.9533,34.96018],[-5.95219,34.96088],[-5.95184,34.96144],[-5.95133,34.96165],[-5.95056,34.96165],[-5.95004,34.96186],[-5.94918,34.96285],[-5.94875,34.96292],[-5.94867,34.96313],[-5.9497,34.96313],[-5.95064,34.96334],[-5.95099,34.96369],[-5.95193,34.96404],[-5.9527,34.96454],[-5.9533,34.96447],[-5.95468,34.96468],[-5.95528,34.96433],[-5.95639,34.96482],[-5.95682,34.9651],[-5.95699,34.96545],[-5.96163,34.96777],[-5.96163,34.96791],[-5.96017,34.96869],[-5.95983,34.96988],[-5.96068,34.97016],[-5.95965,34.97136],[-5.95991,34.97143],[-5.96077,34.9722],[-5.9606,34.97438],[-5.96077,34.976],[-5.95674,34.97762],[-5.95605,34.97987],[-5.95648,34.98177],[-5.95554,34.98184],[-5.95579,34.98339],[-5.95682,34.98318],[-5.95725,34.98395],[-5.95759,34.985],[-5.95751,34.98578],[-5.95854,34.98613],[-5.95888,34.98606],[-5.95974,34.98697],[-5.95991,34.98704],[-5.95965,34.98789],[-5.96094,34.98732],[-5.96129,34.98768],[-5.96326,34.98901],[-5.96455,34.98922],[-5.96472,34.98894],[-5.96643,34.98915],[-5.96686,34.98929],[-5.96678,34.98992],[-5.96643,34.98992],[-5.96643,34.9914],[-5.96601,34.99175],[-5.96506,34.99204],[-5.96712,34.99253],[-5.96712,34.99225],[-5.96746,34.99204],[-5.96798,34.99204],[-5.96841,34.99175],[-5.96867,34.99225],[-5.96892,34.99225],[-5.96935,34.99267],[-5.96975,34.99326],[-5.97013,34.99344],[-5.97021,34.99414],[-5.97004,34.9945],[-5.97141,34.99499],[-5.97124,34.99541],[-5.9709,34.99576],[-5.97141,34.9959],[-5.97064,34.9978],[-5.97141,34.99843],[-5.97244,34.99738],[-5.9733,34.9978],[-5.97373,34.99787],[-5.97382,34.99801],[-5.97364,34.99829],[-5.97407,34.9985],[-5.97459,34.99963],[-5.9751,35.0004],[-5.97382,35.00089],[-5.97218,35.00068],[-5.97201,35.00082],[-5.9721,35.00104],[-5.97279,35.00097],[-5.97407,35.00146],[-5.97467,35.00181],[-5.97527,35.00174],[-5.97656,35.00089],[-5.97785,35.00047],[-5.97931,34.9997],[-5.9806,35.00097],[-5.98154,35.00068],[-5.98266,35.00019],[-5.98343,35.00005],[-5.98429,34.9997],[-5.98523,34.99914],[-5.98583,34.999],[-5.98652,34.99843],[-5.98703,34.99822],[-5.99029,34.99654],[-5.99107,34.99654],[-5.9915,34.99675],[-5.99218,34.99661],[-5.99304,34.99625],[-5.99347,34.99625],[-5.99484,34.99555],[-5.99562,34.99534],[-5.99605,34.99499],[-5.99793,34.99428],[-5.99896,34.99358],[-5.99948,34.99344],[-5.99965,34.99316],[-6.00188,34.99189],[-6.00205,34.99154],[-6.00265,34.9914],[-6.00472,34.98936],[-6.0048,34.98845],[-6.00506,34.98782],[-6.00557,34.98746],[-6.00781,34.98676],[-6.00815,34.98683],[-6.00849,34.98676],[-6.01089,34.98578],[-6.01235,34.98409],[-6.0127,34.98395],[-6.0169,34.98346],[-6.01991,34.98191],[-6.02068,34.9817],[-6.02154,34.98107],[-6.02214,34.98029],[-6.02274,34.98029],[-6.02343,34.97994],[-6.02456,34.98026],[-6.02471,34.98064],[-6.02503,34.98075],[-6.0248,34.98085],[-6.0248,34.98142],[-6.0254,34.98198],[-6.02566,34.98261],[-6.02583,34.98268],[-6.04411,34.98374],[-6.04531,34.9836],[-6.05879,34.97699],[-6.05973,34.97755],[-6.06008,34.97762],[-6.06111,34.97741],[-6.06119,34.97755],[-6.06231,34.97776],[-6.0642,34.97741],[-6.06626,34.97797],[-6.06729,34.97818],[-6.06686,34.97769],[-6.06737,34.97755],[-6.06771,34.97727],[-6.0678,34.97684],[-6.06823,34.97642],[-6.069,34.97607],[-6.06943,34.97565],[-6.07012,34.97544],[-6.07123,34.9753],[-6.07149,34.97516],[-6.07243,34.97509],[-6.07295,34.97452],[-6.07372,34.9741],[-6.07441,34.97312],[-6.07467,34.97298],[-6.07552,34.97298],[-6.07621,34.97263],[-6.0769,34.97213],[-6.07724,34.9715],[-6.07724,34.97234],[-6.07707,34.97255],[-6.07716,34.97305],[-6.07698,34.97361],[-6.07647,34.97474],[-6.07475,34.97692],[-6.07449,34.97748],[-6.07449,34.97783],[-6.07484,34.97818],[-6.07501,34.9786],[-6.07535,34.97895],[-6.0757,34.97895],[-6.07595,34.97938],[-6.07647,34.97931],[-6.07638,34.9798],[-6.07647,34.98008],[-6.07647,34.98036],[-6.07716,34.981],[-6.07716,34.98184],[-6.07776,34.98388],[-6.07827,34.98444],[-6.07879,34.98535],[-6.07853,34.98662],[-6.07879,34.98711],[-6.07947,34.98746],[-6.0805,34.98754],[-6.08136,34.98768],[-6.08222,34.98817],[-6.08248,34.98922],[-6.08239,34.9907],[-6.08145,34.99717],[-6.08033,35.00181],[-6.08033,35.00244],[-6.08145,35.00448],[-6.09321,35.01341],[-6.09638,35.01158],[-6.10091,35.01716],[-6.10754,35.01355],[-6.11132,35.01791],[-6.11793,35.01425],[-6.11973,35.01629],[-6.12522,35.01636],[-6.12539,35.01629],[-6.12556,35.01545],[-6.12651,35.01559],[-6.12642,35.01615],[-6.12651,35.01615],[-6.12711,35.01587],[-6.12814,35.01496],[-6.12951,35.01299],[-6.13174,35.0049],[-6.13509,35.00511],[-6.13672,35.00153],[-6.13818,35.00089],[-6.13921,34.99991],[-6.14471,34.99675],[-6.14574,34.99794],[-6.14977,34.99541],[-6.15749,34.99119],[-6.15775,34.99154],[-6.16161,34.98922],[-6.16367,34.98978],[-6.16573,34.98929],[-6.17071,34.98957],[-6.17191,34.98936],[-6.18041,34.99063],[-6.17964,34.99225],[-6.1805,34.99239],[-6.18462,34.99267],[-6.18693,34.9914],[-6.19226,34.99232],[-6.19294,34.99274],[-6.19397,34.99386],[-6.19577,34.99611],[-6.19655,34.99738],[-6.19689,34.99717],[-6.19775,34.99815],[-6.20359,34.99485],[-6.20504,34.99738],[-6.20616,34.99675],[-6.20659,34.99675],[-6.21019,35.00097],[-6.21097,35.00082],[-6.21174,35.00033],[-6.21328,35.00068],[-6.21388,34.99871],[-6.21303,34.99647],[-6.21397,34.99618],[-6.21509,34.99555],[-6.21612,34.99534],[-6.21766,34.99428],[-6.22281,34.99618],[-6.22676,34.99717],[-6.24229,35.00181],[-6.24101,35.00525],[-6.24006,35.00842],[-6.23946,35.00968],[-6.23912,35.01137],[-6.23766,35.01432],[-6.23543,35.02023],[-6.23345,35.02423],[-6.23259,35.02747],[-6.22899,35.03688],[-6.22899,35.03738],[-6.22796,35.03906],[-6.22753,35.0404],[-6.22521,35.04588],[-6.22375,35.05066],[-6.2223,35.05473],[-6.22238,35.0574],[-6.22144,35.05874],[-6.22024,35.06562],[-6.22058,35.06675],[-6.21886,35.06977],[-6.21749,35.07377],[-6.21706,35.07574],[-6.21491,35.0808],[-6.21397,35.08473],[-6.21148,35.09238],[-6.21079,35.09266],[-6.21011,35.094],[-6.20994,35.09435],[-6.20925,35.09519],[-6.20856,35.09568],[-6.20959,35.09589],[-6.20865,35.09863],[-6.20788,35.09927],[-6.2077,35.10088],[-6.2071,35.10172],[-6.20676,35.1032],[-6.20539,35.10558],[-6.20539,35.10601],[-6.20573,35.10657],[-6.2053,35.10776],[-6.20367,35.10945],[-6.20367,35.11155],[-6.20247,35.11373],[-6.20161,35.11499],[-6.20101,35.1171],[-6.19878,35.12026],[-6.19492,35.12665],[-6.19457,35.12889],[-6.19517,35.1317],[-6.19397,35.13255],[-6.19243,35.13276],[-6.19243,35.13465],[-6.19105,35.13549],[-6.19105,35.13683],[-6.18951,35.14188],[-6.19002,35.14265],[-6.18977,35.14349],[-6.18934,35.1437],[-6.18848,35.14349],[-6.18813,35.14363],[-6.18788,35.14455],[-6.18728,35.14518],[-6.18728,35.14567],[-6.18685,35.14623],[-6.18685,35.14771],[-6.18625,35.14827],[-6.18556,35.14946],[-6.18539,35.14995],[-6.18573,35.15065],[-6.18565,35.15114],[-6.18444,35.15227],[-6.18444,35.15325],[-6.18359,35.15381],[-6.1829,35.15479],[-6.1835,35.15535],[-6.18341,35.15592],[-6.18401,35.1562],[-6.1853,35.15739],[-6.18522,35.15795],[-6.18496,35.15837],[-6.18393,35.15858],[-6.18333,35.15907],[-6.18221,35.15914],[-6.18153,35.15964],[-6.18144,35.15992],[-6.18247,35.15999],[-6.18196,35.16069],[-6.18187,35.16118],[-6.1817,35.16097],[-6.18118,35.16097],[-6.18058,35.16216],[-6.17998,35.16406],[-6.17912,35.16511],[-6.17895,35.16763],[-6.17835,35.16862],[-6.17766,35.16925],[-6.17741,35.16981],[-6.17732,35.171],[-6.17706,35.17128],[-6.17663,35.1724],[-6.1768,35.17304],[-6.17655,35.17381],[-6.17646,35.17493],[-6.17603,35.17493],[-6.1756,35.17521],[-6.17586,35.17556],[-6.17595,35.17605],[-6.17578,35.17633],[-6.17535,35.1764],[-6.17535,35.17661],[-6.17475,35.17718],[-6.17406,35.17879],[-6.17406,35.17942],[-6.17406,35.1804],[-6.17363,35.1811],[-6.17329,35.18223],[-6.1732,35.18314],[-6.17243,35.18412],[-6.17217,35.1851],[-6.17217,35.18545],[-6.17183,35.18566],[-6.1714,35.18658],[-6.17105,35.18749],[-6.17123,35.18812],[-6.17097,35.18882],[-6.17063,35.18896],[-6.16951,35.19198],[-6.1696,35.19331],[-6.16831,35.19443],[-6.16668,35.19471],[-6.16599,35.19464],[-6.16591,35.19513],[-6.16548,35.19562],[-6.16367,35.19513],[-6.16324,35.19485],[-6.16282,35.19478],[-6.16179,35.19436],[-6.16161,35.19408],[-6.1605,35.19577],[-6.16058,35.19675],[-6.15869,35.19703],[-6.15835,35.19682],[-6.15775,35.19668],[-6.15732,35.19703],[-6.15603,35.19682],[-6.1544,35.19773],[-6.1538,35.19857],[-6.15372,35.19885],[-6.15389,35.19948],[-6.1538,35.19983],[-6.15363,35.20011],[-6.15252,35.20046],[-6.15346,35.20117],[-6.15449,35.20138],[-6.15466,35.20124],[-6.15483,35.20152],[-6.15655,35.20348],[-6.15638,35.20383],[-6.1514,35.20376],[-6.14917,35.20895],[-6.14754,35.21162],[-6.14445,35.21919],[-6.14256,35.22326],[-6.1387,35.23398],[-6.13621,35.24099],[-6.13149,35.2527],[-6.13071,35.25382],[-6.12977,35.25662],[-6.11724,35.28563],[-6.11484,35.2925],[-6.1132,35.29481],[-6.11381,35.29516],[-6.10943,35.30868],[-6.10737,35.31646],[-6.10651,35.31821],[-6.10376,35.32507],[-6.10308,35.32486],[-6.1023,35.32493],[-6.1017,35.32528],[-6.10127,35.32542],[-6.10076,35.32535],[-6.10016,35.32577],[-6.09956,35.3257],[-6.09844,35.32507],[-6.09758,35.32493],[-6.09673,35.32486],[-6.09621,35.325],[-6.09578,35.32528],[-6.09527,35.32521],[-6.09509,35.325],[-6.09467,35.32507],[-6.09432,35.32521],[-6.09398,35.32521],[-6.09312,35.32493],[-6.09261,35.325],[-6.09218,35.32465],[-6.09209,35.32493],[-6.09175,35.32472],[-6.08995,35.32577],[-6.08917,35.32584],[-6.08814,35.32654],[-6.08625,35.32654],[-6.08582,35.32661],[-6.08394,35.32766],[-6.08351,35.32843],[-6.08273,35.32906],[-6.08248,35.3292],[-6.08205,35.32913],[-6.08171,35.32892],[-6.08033,35.32724],[-6.07982,35.32689],[-6.07887,35.32654],[-6.07827,35.32675],[-6.0775,35.32661],[-6.07467,35.32542],[-6.07295,35.32528],[-6.07123,35.32465],[-6.06917,35.32514],[-6.0678,35.32472],[-6.06531,35.32486],[-6.0654,35.32528],[-6.06411,35.32486],[-6.06334,35.32535],[-6.06317,35.32556],[-6.06334,35.32591],[-6.06265,35.32654],[-6.06179,35.32717],[-6.06111,35.32745],[-6.06068,35.32857],[-6.06025,35.32878],[-6.05896,35.32962],[-6.05827,35.33088],[-6.05681,35.33081],[-6.05561,35.33158],[-6.05407,35.3313],[-6.0539,35.33095],[-6.05381,35.33046],[-6.05347,35.32983],[-6.05295,35.32976],[-6.05192,35.32997],[-6.05106,35.32948],[-6.05055,35.32878],[-6.04978,35.32857],[-6.0496,35.32822],[-6.04969,35.32696],[-6.04943,35.32668],[-6.04952,35.32626],[-6.04995,35.32584],[-6.05021,35.32535],[-6.05012,35.32479],[-6.04969,35.32451],[-6.04969,35.32388],[-6.04917,35.32311],[-6.04797,35.32199],[-6.04746,35.32094],[-6.04686,35.32094],[-6.04334,35.32017],[-6.04291,35.32017],[-6.04076,35.3208],[-6.04033,35.32164],[-6.04025,35.32381],[-6.03948,35.32591],[-6.03836,35.32773],[-6.03673,35.32759],[-6.03613,35.32717],[-6.03433,35.32696],[-6.03287,35.32661],[-6.02926,35.3264],[-6.02746,35.32689],[-6.02617,35.32598],[-6.02549,35.32528],[-6.02583,35.32451],[-6.0254,35.32402],[-6.02308,35.32388],[-6.02205,35.32437],[-6.02102,35.32458],[-6.02059,35.32444],[-6.01991,35.32472],[-6.01716,35.32507],[-6.01553,35.32486],[-6.01502,35.3257],[-6.0139,35.32934],[-6.01313,35.33053],[-6.01253,35.33102],[-6.01141,35.33151],[-6.01029,35.33179],[-6.00643,35.33256],[-6.006,35.33221],[-6.00223,35.32983],[-6.00042,35.3285],[-6.00059,35.32848],[-6.0004,35.32847],[-6.00042,35.3285],[-5.99965,35.32766],[-5.99922,35.32808],[-5.99914,35.32899],[-5.99888,35.32927],[-5.99845,35.32948],[-5.99476,35.33018],[-5.99476,35.33011],[-5.99519,35.3299],[-5.99493,35.32948],[-5.9945,35.3292],[-5.9939,35.32941],[-5.99356,35.3292],[-5.99416,35.32885],[-5.99467,35.32885],[-5.9945,35.32836],[-5.99484,35.32815],[-5.99493,35.32787],[-5.99476,35.32766],[-5.99399,35.32738],[-5.99381,35.32675],[-5.99218,35.32619],[-5.99201,35.32598],[-5.99227,35.3257],[-5.99253,35.32528],[-5.99193,35.32465],[-5.99141,35.32472],[-5.9915,35.32451],[-5.99176,35.32423],[-5.99176,35.32395],[-5.9915,35.32388],[-5.99081,35.32423],[-5.99055,35.32416],[-5.98987,35.32332],[-5.98901,35.32353],[-5.98841,35.32325],[-5.98789,35.3229],[-5.98755,35.3229],[-5.98712,35.32339],[-5.98515,35.32262],[-5.98446,35.32283],[-5.98437,35.32255],[-5.98403,35.32248],[-5.98377,35.32255],[-5.98343,35.32251],[-5.98343,35.32251],[-5.98309,35.32248],[-5.983,35.32206],[-5.98248,35.3222],[-5.98231,35.32192],[-5.98197,35.32199],[-5.98146,35.32185],[-5.98094,35.32199],[-5.98043,35.32143],[-5.98,35.32157],[-5.97991,35.32101],[-5.97965,35.3208],[-5.9794,35.32108],[-5.97905,35.32115],[-5.97888,35.32087],[-5.97854,35.3208],[-5.97785,35.32108],[-5.97751,35.3208],[-5.97656,35.32185],[-5.97545,35.32318],[-5.97527,35.32367],[-5.97476,35.32395],[-5.97416,35.32472],[-5.97347,35.32521],[-5.97107,35.32122],[-5.9697,35.3194],[-5.9697,35.31935],[-5.96798,35.31702],[-5.9648,35.31232],[-5.96412,35.31106],[-5.9636,35.30966],[-5.96257,35.31008],[-5.9588,35.31197],[-5.95699,35.31253],[-5.9551,35.31415],[-5.95442,35.31442],[-5.95399,35.31569],[-5.95262,35.31779],[-5.95219,35.31646],[-5.95193,35.31526],[-5.9515,35.3147],[-5.94996,35.31323],[-5.94927,35.31302],[-5.94858,35.31225],[-5.94738,35.31183],[-5.94635,35.31176],[-5.94609,35.31162],[-5.94463,35.31148],[-5.94403,35.3119],[-5.94377,35.31176],[-5.94206,35.3119],[-5.94069,35.31218],[-5.93888,35.31092],[-5.93785,35.31064],[-5.93674,35.30987],[-5.93648,35.30945],[-5.93588,35.3091],[-5.93511,35.30917],[-5.93468,35.30966],[-5.93399,35.3098],[-5.93356,35.30952],[-5.93262,35.3098],[-5.93116,35.30889],[-5.93099,35.30861],[-5.93013,35.30847],[-5.92927,35.30819],[-5.92824,35.3077],[-5.92772,35.307],[-5.92704,35.30686],[-5.92687,35.30637],[-5.92712,35.30609],[-5.92712,35.30539],[-5.92669,35.30539],[-5.92644,35.30553],[-5.92584,35.30553],[-5.92489,35.30532],[-5.92352,35.30623],[-5.92266,35.30602],[-5.9224,35.30616],[-5.92129,35.30623],[-5.92069,35.30651],[-5.91914,35.30672],[-5.91854,35.307],[-5.91803,35.30686],[-5.91742,35.30742],[-5.91674,35.3077],[-5.91648,35.30833],[-5.91579,35.30861],[-5.91519,35.3091],[-5.91494,35.30987],[-5.91562,35.31288],[-5.91554,35.31337],[-5.91519,35.31372],[-5.91519,35.3145],[-5.91528,35.31562],[-5.91519,35.31597],[-5.91476,35.31646],[-5.91502,35.31786],[-5.91554,35.31905],[-5.91451,35.32052],[-5.91356,35.32241],[-5.91476,35.32374],[-5.91537,35.32458],[-5.91803,35.32976],[-5.91845,35.3306],[-5.91923,35.3306],[-5.92112,35.33025],[-5.92318,35.33046],[-5.92361,35.33088],[-5.92412,35.33109],[-5.92395,35.33165],[-5.92309,35.33291],[-5.92146,35.33459],[-5.92094,35.33564],[-5.92026,35.33641],[-5.92069,35.33648],[-5.92232,35.3376],[-5.92438,35.33746],[-5.92532,35.33718],[-5.92712,35.339],[-5.92669,35.33949],[-5.92601,35.34005],[-5.92635,35.34054],[-5.92841,35.34166],[-5.92987,35.34181],[-5.93056,35.34405],[-5.92961,35.34454],[-5.92987,35.34475],[-5.92996,35.34573],[-5.9303,35.34643],[-5.93288,35.34776],[-5.93322,35.34888],[-5.93356,35.3493],[-5.93425,35.34937],[-5.93442,35.34986],[-5.93356,35.35028],[-5.93382,35.35098],[-5.93382,35.3514],[-5.93322,35.35259],[-5.93279,35.35315],[-5.93279,35.35357],[-5.93322,35.35469],[-5.93322,35.35504],[-5.93279,35.35623],[-5.93313,35.35637],[-5.93339,35.35679],[-5.93167,35.35742],[-5.93039,35.35833],[-5.92987,35.35903],[-5.92996,35.36015],[-5.92987,35.36064],[-5.92944,35.36127],[-5.92944,35.36155],[-5.92987,35.36169],[-5.9297,35.36204],[-5.93013,35.36295],[-5.93064,35.36302],[-5.93124,35.36372],[-5.93133,35.36463],[-5.93021,35.36652],[-5.9291,35.36645],[-5.9279,35.36715],[-5.92652,35.3675],[-5.92558,35.36959],[-5.92412,35.36966],[-5.92395,35.37036],[-5.92446,35.37114],[-5.92515,35.37148],[-5.92584,35.37268],[-5.92627,35.37295],[-5.92738,35.37302],[-5.92815,35.37365],[-5.92867,35.3747],[-5.92798,35.37575],[-5.92678,35.37589],[-5.92524,35.37645],[-5.92455,35.37652],[-5.92421,35.3768],[-5.92412,35.37729],[-5.9224,35.37904],[-5.92258,35.37995],[-5.92155,35.38156],[-5.92043,35.38226],[-5.91983,35.38226],[-5.91906,35.38205],[-5.91794,35.38275],[-5.91588,35.38429],[-5.91579,35.38548],[-5.91554,35.38604],[-5.91391,35.38667],[-5.91382,35.38688],[-5.91373,35.38751],[-5.91425,35.38884],[-5.91348,35.38905],[-5.91331,35.38989],[-5.91416,35.39003],[-5.91545,35.38968],[-5.91588,35.3894],[-5.91605,35.38905],[-5.92043,35.38576],[-5.92275,35.38296],[-5.92378,35.38212],[-5.92489,35.38163],[-5.92575,35.38149],[-5.9291,35.3817],[-5.93236,35.3824],[-5.93227,35.38345],[-5.93245,35.38394],[-5.93528,35.38639],[-5.93708,35.38702],[-5.93888,35.38723],[-5.94137,35.38793],[-5.94223,35.38786],[-5.94498,35.38814],[-5.94566,35.38828],[-5.94789,35.38891],[-5.94815,35.38954],[-5.9485,35.38968],[-5.94884,35.39017],[-5.95013,35.39101],[-5.95073,35.39129],[-5.95116,35.39115],[-5.95193,35.39122],[-5.95227,35.39143],[-5.95322,35.39143],[-5.95356,35.39199],[-5.95347,35.3929],[-5.95562,35.39325],[-5.95914,35.39416],[-5.95905,35.395],[-5.95914,35.39591],[-5.95888,35.39668],[-5.95871,35.39829],[-5.95888,35.39941],[-5.95837,35.40011],[-5.95794,35.40038],[-5.95777,35.4022],[-5.95682,35.40444],[-5.95648,35.40598],[-5.95674,35.40773],[-5.95708,35.40843],[-5.95699,35.41081],[-5.95734,35.41179],[-5.95734,35.41312],[-5.95768,35.41445],[-5.95802,35.41535],[-5.9588,35.41613],[-5.96,35.41668],[-5.96,35.41703],[-5.96051,35.41752],[-5.96085,35.41808],[-5.9594,35.41913],[-5.95785,35.41983],[-5.95751,35.42025],[-5.95708,35.42193],[-5.95751,35.42389],[-5.95691,35.42347],[-5.95648,35.42235],[-5.95493,35.42004],[-5.95476,35.41941],[-5.95399,35.41927],[-5.9539,35.41871],[-5.95133,35.4185],[-5.95073,35.41857],[-5.94935,35.4192],[-5.94807,35.41941],[-5.94772,35.42067],[-5.94729,35.42109],[-5.94738,35.42158],[-5.94721,35.42249],[-5.94755,35.42284],[-5.94789,35.4234],[-5.94815,35.42452],[-5.94815,35.42536],[-5.94789,35.42592],[-5.94695,35.42697],[-5.94558,35.4276],[-5.94489,35.42767],[-5.94403,35.42753],[-5.94292,35.42683],[-5.9424,35.4269],[-5.94223,35.42704],[-5.94206,35.4276],[-5.9412,35.42627],[-5.9412,35.4248],[-5.94069,35.42424],[-5.94034,35.42403],[-5.93991,35.4241],[-5.93914,35.42508],[-5.93845,35.42557],[-5.93622,35.42683],[-5.93553,35.42746],[-5.93442,35.4276],[-5.93373,35.42739],[-5.93356,35.42718],[-5.93339,35.42676],[-5.93356,35.42599],[-5.93322,35.4255],[-5.93193,35.4248],[-5.93176,35.42431],[-5.9315,35.42459],[-5.93124,35.42438],[-5.93047,35.42473],[-5.9303,35.42494],[-5.93039,35.42522],[-5.93021,35.42543],[-5.92927,35.4255],[-5.92893,35.42529],[-5.92824,35.42522],[-5.92755,35.42662],[-5.92764,35.42683],[-5.92747,35.42725],[-5.92712,35.4276],[-5.92721,35.42788],[-5.92472,35.42627],[-5.92326,35.4276],[-5.92137,35.42906],[-5.92051,35.4299],[-5.91991,35.42976],[-5.91914,35.4306],[-5.91811,35.43025],[-5.9176,35.4306],[-5.91537,35.43284],[-5.91408,35.43165],[-5.91373,35.43102],[-5.91296,35.43067],[-5.91245,35.43004],[-5.91331,35.42892],[-5.91142,35.42767],[-5.91125,35.42773],[-5.91073,35.42739],[-5.91047,35.42753],[-5.90953,35.4269],[-5.90944,35.42697],[-5.9091,35.42697],[-5.90798,35.42606],[-5.90798,35.42585],[-5.90764,35.42543],[-5.90721,35.42578],[-5.90635,35.42466],[-5.90198,35.42878],[-5.90052,35.42927],[-5.89992,35.42983],[-5.89966,35.43053],[-5.89889,35.4306],[-5.8994,35.43102],[-5.89837,35.43116],[-5.89777,35.43214],[-5.89768,35.43277],[-5.89691,35.43312],[-5.89674,35.43368],[-5.89623,35.43431],[-5.89502,35.43522],[-5.89459,35.43704],[-5.89477,35.43774],[-5.89442,35.4383],[-5.89382,35.43865],[-5.89305,35.43969],[-5.89296,35.44004],[-5.89296,35.44116],[-5.89314,35.44179],[-5.89253,35.44249],[-5.89236,35.44326],[-5.89219,35.44459],[-5.89142,35.44564],[-5.88987,35.44704],[-5.88884,35.44718],[-5.8849,35.44878],[-5.88361,35.44948],[-5.88292,35.44934],[-5.88258,35.44976],[-5.88163,35.45004],[-5.88026,35.45088],[-5.88018,35.45151],[-5.87872,35.45214],[-5.87777,35.45277],[-5.87571,35.45382],[-5.87468,35.45368],[-5.87425,35.45333],[-5.87245,35.45284],[-5.87159,35.45305],[-5.87142,35.45249],[-5.87048,35.45207],[-5.86782,35.45151],[-5.86627,35.45102],[-5.86541,35.45123],[-5.86447,35.45116],[-5.86309,35.4513],[-5.86232,35.45116],[-5.86172,35.45165],[-5.86155,35.45165],[-5.86052,35.45074],[-5.86,35.45095],[-5.8594,35.45088],[-5.85863,35.45102],[-5.85494,35.44564],[-5.85357,35.44508],[-5.85305,35.44501],[-5.85194,35.44354],[-5.85039,35.4441],[-5.85005,35.44403],[-5.84747,35.44487],[-5.84653,35.44501],[-5.84619,35.44529],[-5.84524,35.44508],[-5.84387,35.44515],[-5.84361,35.44501],[-5.84258,35.44515],[-5.84189,35.44494],[-5.84112,35.44445],[-5.84052,35.44438],[-5.84035,35.44459],[-5.84069,35.44522],[-5.84035,35.44564],[-5.84035,35.44592],[-5.83898,35.44592],[-5.83966,35.45067],[-5.83966,35.4513],[-5.83843,35.45508],[-5.83843,35.45507],[-5.83836,35.45528],[-5.83836,35.45529],[-5.83829,35.4555],[-5.83816,35.45569],[-5.83795,35.45613],[-5.83776,35.4563],[-5.83769,35.4564],[-5.83674,35.45724],[-5.8334,35.45983],[-5.83254,35.46067],[-5.83099,35.46354],[-5.83056,35.46396],[-5.82945,35.46458],[-5.82833,35.46514],[-5.82756,35.46542],[-5.82404,35.46577],[-5.82258,35.46619],[-5.82237,35.46626],[-5.82225,35.4663],[-5.82112,35.46668],[-5.81889,35.4678],[-5.81906,35.46724],[-5.81958,35.46661],[-5.81976,35.46616],[-5.81981,35.46579]]]]},"properties":{"territoire_id":6,"nom":"Larache"}},{"type":"Feature","geometry":{"type":"MultiPolygon","coordinates":[[[[-4.61443,34.72165],[-4.61477,34.72172],[-4.61494,34.72214],[-4.61546,34.72264],[-4.61606,34.72264],[-4.61649,34.72193],[-4.61812,34.72165],[-4.61829,34.72123],[-4.61881,34.72144],[-4.61975,34.72109],[-4.62078,34.72116],[-4.62413,34.71953],[-4.62473,34.71946],[-4.62524,34.71862],[-4.62516,34.71812],[-4.62524,34.71798],[-4.62576,34.7177],[-4.62602,34.71721],[-4.6267,34.71685],[-4.62842,34.71558],[-4.62936,34.71579],[-4.631,34.71579],[-4.63117,34.71572],[-4.6322,34.71368],[-4.63254,34.71325],[-4.63297,34.71149],[-4.63614,34.7105],[-4.63949,34.70923],[-4.64215,34.70902],[-4.64816,34.70514],[-4.65142,34.70627],[-4.66018,34.711],[-4.66095,34.71156],[-4.66086,34.71191],[-4.66138,34.71227],[-4.66155,34.71276],[-4.66284,34.71347],[-4.66292,34.71375],[-4.66395,34.71389],[-4.66447,34.71368],[-4.6649,34.7139],[-4.66498,34.71403],[-4.66498,34.71467],[-4.66464,34.71523],[-4.66473,34.71579],[-4.6631,34.71579],[-4.66395,34.71615],[-4.66498,34.71685],[-4.66644,34.71706],[-4.66687,34.71699],[-4.66773,34.71742],[-4.66859,34.71721],[-4.66936,34.71756],[-4.67039,34.71721],[-4.67099,34.71671],[-4.67159,34.7177],[-4.67168,34.71805],[-4.67228,34.71848],[-4.67297,34.71833],[-4.67425,34.7177],[-4.67477,34.71777],[-4.67528,34.71735],[-4.67597,34.71601],[-4.67648,34.71601],[-4.67666,34.71587],[-4.677,34.71544],[-4.67709,34.7146],[-4.67751,34.71332],[-4.67786,34.71276],[-4.67846,34.71248],[-4.67923,34.71142],[-4.67992,34.71079],[-4.68078,34.71107],[-4.68138,34.711],[-4.68172,34.71114],[-4.68198,34.71205],[-4.68224,34.71241],[-4.68361,34.71255],[-4.68464,34.71227],[-4.68584,34.71227],[-4.68687,34.71276],[-4.68824,34.7129],[-4.68902,34.71361],[-4.68945,34.7141],[-4.6903,34.71467],[-4.69065,34.71565],[-4.69133,34.71636],[-4.69176,34.71721],[-4.69202,34.71721],[-4.69305,34.71749],[-4.69374,34.71742],[-4.69434,34.71713],[-4.69545,34.71721],[-4.69657,34.71706],[-4.69863,34.7165],[-4.69983,34.7177],[-4.70249,34.71833],[-4.70318,34.71826],[-4.70387,34.7177],[-4.70421,34.71763],[-4.70447,34.71777],[-4.70498,34.71848],[-4.70773,34.71996],[-4.71073,34.72003],[-4.7109,34.71996],[-4.71133,34.72003],[-4.71211,34.71989],[-4.71271,34.71975],[-4.71348,34.71982],[-4.71399,34.71904],[-4.71708,34.71904],[-4.7182,34.71975],[-4.71889,34.71968],[-4.71983,34.72052],[-4.72017,34.72073],[-4.72129,34.71989],[-4.72369,34.7201],[-4.72498,34.71904],[-4.72515,34.71904],[-4.72549,34.71932],[-4.72584,34.71946],[-4.72635,34.71939],[-4.7279,34.72003],[-4.7285,34.72045],[-4.73022,34.7225],[-4.73185,34.72412],[-4.73193,34.72426],[-4.73451,34.72454],[-4.73605,34.72504],[-4.73803,34.72645],[-4.73914,34.72708],[-4.73914,34.72765],[-4.73974,34.72885],[-4.7418,34.7287],[-4.74249,34.72856],[-4.74283,34.72955],[-4.74446,34.73019],[-4.74455,34.73068],[-4.74421,34.73082],[-4.7436,34.73075],[-4.74403,34.73132],[-4.74549,34.73202],[-4.74592,34.73273],[-4.74601,34.73322],[-4.7479,34.73392],[-4.75159,34.7347],[-4.75416,34.73477],[-4.75588,34.73449],[-4.75742,34.734],[-4.76146,34.73202],[-4.7618,34.73294],[-4.76292,34.734],[-4.76463,34.73442],[-4.76678,34.73512],[-4.76764,34.73667],[-4.76867,34.73752],[-4.77021,34.7378],[-4.77107,34.73851],[-4.77347,34.74119],[-4.77433,34.74197],[-4.77553,34.74422],[-4.77536,34.74493],[-4.77433,34.74613],[-4.77193,34.74845],[-4.7715,34.7493],[-4.77553,34.75374],[-4.77674,34.75325],[-4.78051,34.75367],[-4.78326,34.75325],[-4.78386,34.75346],[-4.78446,34.75346],[-4.7854,34.75388],[-4.78515,34.75466],[-4.7854,34.75579],[-4.78532,34.75614],[-4.78506,34.75635],[-4.78515,34.75685],[-4.78429,34.75847],[-4.7836,34.75903],[-4.78326,34.75938],[-4.78386,34.76009],[-4.78386,34.76065],[-4.7842,34.76108],[-4.78437,34.76143],[-4.7842,34.76284],[-4.78489,34.76333],[-4.78523,34.76383],[-4.78515,34.76552],[-4.78523,34.76573],[-4.7854,34.7658],[-4.78583,34.76545],[-4.78601,34.76608],[-4.78532,34.76665],[-4.78446,34.76785],[-4.78377,34.76806],[-4.78386,34.76933],[-4.78403,34.76947],[-4.78446,34.7694],[-4.78523,34.76904],[-4.78583,34.76926],[-4.78566,34.76968],[-4.78583,34.76975],[-4.78729,34.77052],[-4.78772,34.77088],[-4.78789,34.77074],[-4.78824,34.77074],[-4.78798,34.77165],[-4.78781,34.77257],[-4.78798,34.77271],[-4.78806,34.77257],[-4.78918,34.77285],[-4.79004,34.77271],[-4.78901,34.77384],[-4.78952,34.77426],[-4.78832,34.77623],[-4.78781,34.77722],[-4.78789,34.77835],[-4.78609,34.78364],[-4.78661,34.78455],[-4.78652,34.78498],[-4.78626,34.78526],[-4.78626,34.78582],[-4.78532,34.78639],[-4.7848,34.78618],[-4.78463,34.78723],[-4.78472,34.78758],[-4.78515,34.78787],[-4.78515,34.78836],[-4.78489,34.7885],[-4.78669,34.79231],[-4.78729,34.79456],[-4.78841,34.79626],[-4.78909,34.79823],[-4.78935,34.80027],[-4.78918,34.80429],[-4.78952,34.80464],[-4.78987,34.80471],[-4.79012,34.80485],[-4.7903,34.80556],[-4.79073,34.80598],[-4.79124,34.80929],[-4.7909,34.81028],[-4.79107,34.81253],[-4.79133,34.81268],[-4.79167,34.81331],[-4.79244,34.8138],[-4.7939,34.81423],[-4.79485,34.81486],[-4.79708,34.81528],[-4.79751,34.81578],[-4.79785,34.81599],[-4.79837,34.81606],[-4.79862,34.8169],[-4.79905,34.81768],[-4.79965,34.81796],[-4.80025,34.81874],[-4.80034,34.81909],[-4.8006,34.81944],[-4.80034,34.82008],[-4.80085,34.82036],[-4.80077,34.82078],[-4.8012,34.82099],[-4.80145,34.82099],[-4.80171,34.82085],[-4.8024,34.82106],[-4.8024,34.82205],[-4.80283,34.82303],[-4.80274,34.82339],[-4.80317,34.82444],[-4.80291,34.82494],[-4.80283,34.82571],[-4.80257,34.82621],[-4.803,34.8274],[-4.80266,34.82761],[-4.80197,34.8286],[-4.8018,34.82909],[-4.8018,34.82945],[-4.80068,34.83064],[-4.79558,34.83947],[-4.79535,34.83987],[-4.79519,34.84015],[-4.79467,34.84241],[-4.79725,34.84635],[-4.79837,34.84748],[-4.79948,34.84804],[-4.8,34.84861],[-4.80094,34.84994],[-4.80223,34.85114],[-4.80257,34.85185],[-4.80283,34.85276],[-4.80309,34.85305],[-4.80437,34.8534],[-4.80489,34.85389],[-4.8048,34.85305],[-4.80969,34.85058],[-4.81029,34.85185],[-4.81064,34.85227],[-4.8109,34.85305],[-4.81141,34.85347],[-4.81184,34.8541],[-4.81184,34.85466],[-4.81253,34.85621],[-4.81218,34.85657],[-4.81227,34.85692],[-4.81356,34.85762],[-4.81381,34.85762],[-4.81484,34.85854],[-4.81519,34.8591],[-4.8163,34.86002],[-4.8169,34.86122],[-4.81682,34.86143],[-4.81785,34.86276],[-4.81802,34.86368],[-4.81888,34.86354],[-4.81896,34.86368],[-4.81862,34.8641],[-4.81828,34.86431],[-4.81819,34.8646],[-4.81802,34.86474],[-4.81785,34.8653],[-4.81716,34.866],[-4.81665,34.86636],[-4.81622,34.86636],[-4.8157,34.86614],[-4.81519,34.86636],[-4.81467,34.86692],[-4.81493,34.86734],[-4.81493,34.86776],[-4.81424,34.86819],[-4.81399,34.86882],[-4.81227,34.87002],[-4.81218,34.87023],[-4.81253,34.87016],[-4.81261,34.87037],[-4.81158,34.87136],[-4.81081,34.87326],[-4.80978,34.87481],[-4.80892,34.87516],[-4.80841,34.87586],[-4.80678,34.87685],[-4.80592,34.87762],[-4.80515,34.87812],[-4.80437,34.87826],[-4.80394,34.87819],[-4.80369,34.8779],[-4.80291,34.87797],[-4.80231,34.87769],[-4.80206,34.87769],[-4.8018,34.87805],[-4.79785,34.86974],[-4.79605,34.8684],[-4.79605,34.86798],[-4.79545,34.86755],[-4.79459,34.86741],[-4.79425,34.86643],[-4.79356,34.86523],[-4.79184,34.86361],[-4.79133,34.8622],[-4.7903,34.86129],[-4.78909,34.86107],[-4.78781,34.85988],[-4.78661,34.85924],[-4.78609,34.85819],[-4.78592,34.85741],[-4.78558,34.85692],[-4.78506,34.85664],[-4.78429,34.8565],[-4.78309,34.85657],[-4.78249,34.85643],[-4.78197,34.85607],[-4.78068,34.85572],[-4.78043,34.85502],[-4.77931,34.85382],[-4.77794,34.8534],[-4.77751,34.85297],[-4.77674,34.85269],[-4.77656,34.85269],[-4.77613,34.85305],[-4.77519,34.85312],[-4.77382,34.85417],[-4.77313,34.85431],[-4.77227,34.8541],[-4.77167,34.85473],[-4.77004,34.85488],[-4.7697,34.85544],[-4.76953,34.856],[-4.76927,34.85621],[-4.76944,34.85734],[-4.76893,34.85826],[-4.76747,34.85945],[-4.76575,34.86023],[-4.76558,34.86023],[-4.76446,34.86178],[-4.76412,34.86185],[-4.76412,34.86213],[-4.76326,34.86255],[-4.76197,34.86283],[-4.76043,34.86389],[-4.75725,34.8646],[-4.75622,34.86523],[-4.75339,34.86664],[-4.75021,34.86741],[-4.74867,34.86734],[-4.74798,34.86748],[-4.74687,34.86734],[-4.74618,34.86762],[-4.74584,34.86812],[-4.74592,34.86868],[-4.74618,34.86833],[-4.74652,34.86819],[-4.7479,34.86875],[-4.74807,34.86896],[-4.74858,34.87023],[-4.75021,34.87107],[-4.7515,34.87213],[-4.75313,34.87312],[-4.7527,34.87502],[-4.75382,34.87762],[-4.75425,34.87959],[-4.7545,34.88002],[-4.75458,34.8803],[-4.75459,34.8803],[-4.75476,34.88093],[-4.75562,34.88227],[-4.75536,34.88333],[-4.75425,34.88445],[-4.75305,34.88502],[-4.75184,34.88593],[-4.74987,34.88727],[-4.74944,34.8884],[-4.74927,34.8903],[-4.74867,34.89093],[-4.74764,34.89156],[-4.74762,34.89156],[-4.74738,34.8917],[-4.74661,34.89262],[-4.74575,34.89459],[-4.74421,34.89705],[-4.74403,34.90022],[-4.74403,34.90255],[-4.7436,34.90494],[-4.743,34.90592],[-4.7418,34.9062],[-4.73536,34.90635],[-4.73245,34.90656],[-4.7309,34.90691],[-4.72979,34.90754],[-4.72824,34.90874],[-4.72644,34.91071],[-4.72584,34.91184],[-4.72558,34.91184],[-4.72524,34.91219],[-4.72464,34.91381],[-4.72361,34.91465],[-4.72249,34.9162],[-4.72112,34.91606],[-4.71931,34.91641],[-4.71828,34.91733],[-4.71657,34.91845],[-4.71382,34.91845],[-4.71082,34.91909],[-4.70249,34.92007],[-4.69914,34.9207],[-4.69777,34.92063],[-4.69777,34.92239],[-4.69657,34.9231],[-4.69597,34.92394],[-4.69459,34.92464],[-4.69254,34.92591],[-4.69176,34.9276],[-4.6909,34.92845],[-4.68927,34.92894],[-4.68739,34.92901],[-4.6855,34.92929],[-4.68447,34.92957],[-4.68292,34.93042],[-4.68215,34.93119],[-4.68172,34.93175],[-4.68155,34.93253],[-4.68138,34.93583],[-4.68112,34.93682],[-4.68095,34.93893],[-4.68069,34.9402],[-4.67975,34.94111],[-4.67846,34.94139],[-4.67957,34.94421],[-4.68009,34.95012],[-4.68138,34.95532],[-4.68112,34.95715],[-4.67975,34.95694],[-4.6782,34.95757],[-4.67631,34.95856],[-4.67503,34.95786],[-4.67417,34.95821],[-4.67322,34.95891],[-4.66927,34.95926],[-4.66842,34.95968],[-4.66636,34.96032],[-4.66541,34.96039],[-4.66344,34.96151],[-4.67082,34.9549],[-4.67073,34.95363],[-4.6703,34.95314],[-4.66979,34.95244],[-4.66962,34.95173],[-4.66902,34.95152],[-4.66885,34.95103],[-4.66816,34.95047],[-4.66721,34.95033],[-4.66816,34.95005],[-4.66816,34.94998],[-4.66704,34.94955],[-4.66799,34.94934],[-4.66799,34.94906],[-4.66627,34.94871],[-4.66533,34.94927],[-4.66438,34.94998],[-4.66181,34.95124],[-4.65992,34.95251],[-4.65923,34.95258],[-4.65786,34.95244],[-4.65383,34.95321],[-4.65271,34.95328],[-4.65074,34.95265],[-4.64962,34.95244],[-4.6485,34.95265],[-4.64756,34.953],[-4.64644,34.95307],[-4.64404,34.95223],[-4.64396,34.95188],[-4.64327,34.95159],[-4.64001,34.94913],[-4.63709,34.94843],[-4.63426,34.94822],[-4.63271,34.94836],[-4.63134,34.94836],[-4.62919,34.94808],[-4.62756,34.94758],[-4.62713,34.94695],[-4.62602,34.94632],[-4.6249,34.94632],[-4.62447,34.9459],[-4.62181,34.94259],[-4.61967,34.94217],[-4.61838,34.9421],[-4.61649,34.94224],[-4.61563,34.94245],[-4.61151,34.94174],[-4.60885,34.94153],[-4.60636,34.94146],[-4.60456,34.94174],[-4.60379,34.94224],[-4.60181,34.94456],[-4.59924,34.94709],[-4.59864,34.94787],[-4.59838,34.94864],[-4.59786,34.94941],[-4.59675,34.95159],[-4.59615,34.95237],[-4.59606,34.95279],[-4.5958,34.95321],[-4.59443,34.95455],[-4.59434,34.95483],[-4.59366,34.95525],[-4.59306,34.95539],[-4.59168,34.95525],[-4.59083,34.95553],[-4.59005,34.95532],[-4.58988,34.95504],[-4.58954,34.95483],[-4.58894,34.95335],[-4.58756,34.95181],[-4.58705,34.95181],[-4.58662,34.95202],[-4.58662,34.95181],[-4.58713,34.95131],[-4.58722,34.95089],[-4.58722,34.95075],[-4.58671,34.95075],[-4.58628,34.95019],[-4.58619,34.95068],[-4.58602,34.95082],[-4.58542,34.95047],[-4.58482,34.95061],[-4.58456,34.95103],[-4.58301,34.95209],[-4.58259,34.95216],[-4.58104,34.95173],[-4.57984,34.95265],[-4.5789,34.95181],[-4.57838,34.95265],[-4.57838,34.95307],[-4.57812,34.95349],[-4.57821,34.95392],[-4.57855,34.95427],[-4.57958,34.95469],[-4.57975,34.95546],[-4.57881,34.9556],[-4.57881,34.95574],[-4.57932,34.95589],[-4.57915,34.9561],[-4.57812,34.95617],[-4.57761,34.9561],[-4.57744,34.95631],[-4.577,34.95626],[-4.57623,34.95638],[-4.57589,34.95631],[-4.57426,34.95638],[-4.57357,34.95631],[-4.57186,34.95546],[-4.57031,34.95525],[-4.56842,34.95525],[-4.56388,34.9556],[-4.5625,34.95631],[-4.55323,34.96222],[-4.54911,34.96419],[-4.54765,34.9644],[-4.54697,34.96411],[-4.54662,34.96334],[-4.54645,34.96193],[-4.54577,34.96116],[-4.54448,34.96067],[-4.54319,34.96067],[-4.54164,34.96088],[-4.54114,34.96114],[-4.54099,34.96105],[-4.54164,34.96088],[-4.54114,34.96114],[-4.53976,34.96186],[-4.53847,34.96285],[-4.53547,34.96679],[-4.53366,34.96777],[-4.52972,34.97044],[-4.52714,34.97333],[-4.52663,34.97403],[-4.52602,34.97516],[-4.52611,34.97663],[-4.52645,34.9779],[-4.52688,34.97846],[-4.52817,34.97888],[-4.52817,34.97924],[-4.52851,34.9798],[-4.5298,34.98085],[-4.53014,34.98212],[-4.53014,34.98346],[-4.5298,34.98521],[-4.52911,34.98641],[-4.52714,34.98915],[-4.52611,34.99014],[-4.52302,34.99225],[-4.52044,34.99344],[-4.5177,34.9945],[-4.51701,34.99506],[-4.51658,34.99562],[-4.51332,34.99815],[-4.51195,34.99914],[-4.51032,34.99991],[-4.51014,35.00012],[-4.5098,35.00026],[-4.50946,35.00061],[-4.50929,35.00174],[-4.50963,35.00237],[-4.50912,35.00237],[-4.50954,35.00251],[-4.5104,35.0035],[-4.51117,35.00378],[-4.51178,35.00385],[-4.51195,35.00406],[-4.51281,35.00427],[-4.51384,35.00476],[-4.51384,35.00574],[-4.51323,35.00701],[-4.51289,35.00954],[-4.51246,35.0101],[-4.51272,35.01031],[-4.51444,35.01024],[-4.51469,35.01074],[-4.51487,35.01292],[-4.51512,35.01383],[-4.51512,35.01453],[-4.51366,35.01362],[-4.51255,35.0139],[-4.51229,35.01404],[-4.51186,35.01474],[-4.51075,35.01566],[-4.50963,35.01784],[-4.50886,35.01861],[-4.50697,35.0198],[-4.50534,35.02051],[-4.50405,35.02065],[-4.50268,35.02051],[-4.49933,35.021],[-4.49847,35.021],[-4.49753,35.02079],[-4.48877,35.02634],[-4.4904,35.02634],[-4.4898,35.02733],[-4.48259,35.0359],[-4.48113,35.03688],[-4.47959,35.0418],[-4.47933,35.04595],[-4.47907,35.04672],[-4.4777,35.04792],[-4.47676,35.04939],[-4.47538,35.0508],[-4.47487,35.05178],[-4.47427,35.05213],[-4.47332,35.05333],[-4.47212,35.05396],[-4.47144,35.05452],[-4.47041,35.05579],[-4.47058,35.05628],[-4.4668,35.07096],[-4.46071,35.08164],[-4.45942,35.0855],[-4.45585,35.08489],[-4.45719,35.08768],[-4.45787,35.08845],[-4.46088,35.09316],[-4.46277,35.0954],[-4.46397,35.09653],[-4.46534,35.09772],[-4.4674,35.09674],[-4.46697,35.09723],[-4.46646,35.09842],[-4.46637,35.10018],[-4.46766,35.10264],[-4.46877,35.10341],[-4.46955,35.10362],[-4.46998,35.10397],[-4.47221,35.10671],[-4.47255,35.10762],[-4.47255,35.10818],[-4.47247,35.10832],[-4.47581,35.11155],[-4.47804,35.11422],[-4.47873,35.11556],[-4.47976,35.11654],[-4.48028,35.11857],[-4.48045,35.11886],[-4.48096,35.11893],[-4.48191,35.11942],[-4.48199,35.12138],[-4.48371,35.12265],[-4.48448,35.12349],[-4.48457,35.12496],[-4.48482,35.12524],[-4.48457,35.12644],[-4.48371,35.12714],[-4.48362,35.12735],[-4.48405,35.12784],[-4.48251,35.12953],[-4.48088,35.1303],[-4.47993,35.13044],[-4.47839,35.13044],[-4.4765,35.13072],[-4.4759,35.13184],[-4.47435,35.13163],[-4.47255,35.13262],[-4.47195,35.13367],[-4.46792,35.1357],[-4.46611,35.13549],[-4.46474,35.1357],[-4.46405,35.1357],[-4.46388,35.13662],[-4.46423,35.13739],[-4.46397,35.13886],[-4.46448,35.1397],[-4.46508,35.14027],[-4.46534,35.14097],[-4.46663,35.14041],[-4.46792,35.14062],[-4.46869,35.14041],[-4.46946,35.14041],[-4.46998,35.14019],[-4.47015,35.13963],[-4.47084,35.14012],[-4.47169,35.13999],[-4.47212,35.13963],[-4.47298,35.14019],[-4.47358,35.14012],[-4.47418,35.13984],[-4.47547,35.13984],[-4.4765,35.13921],[-4.47865,35.13984],[-4.47959,35.13935],[-4.48019,35.13893],[-4.48388,35.13893],[-4.4856,35.13872],[-4.48637,35.1383],[-4.48637,35.13816],[-4.48689,35.1383],[-4.48817,35.13886],[-4.49332,35.13865],[-4.49478,35.13963],[-4.49478,35.14069],[-4.49367,35.14209],[-4.49306,35.14391],[-4.49169,35.14637],[-4.49049,35.14813],[-4.48955,35.15192],[-4.4886,35.15325],[-4.48491,35.15648],[-4.48448,35.15669],[-4.48345,35.15683],[-4.48268,35.15774],[-4.48216,35.1576],[-4.48053,35.15816],[-4.47933,35.15802],[-4.47856,35.15872],[-4.47659,35.15907],[-4.47444,35.16027],[-4.47375,35.16167],[-4.47195,35.16244],[-4.47212,35.16335],[-4.47126,35.16363],[-4.4692,35.16363],[-4.4686,35.16448],[-4.46775,35.16454],[-4.46414,35.16483],[-4.46199,35.16469],[-4.46122,35.16434],[-4.4559,35.16286],[-4.45427,35.16251],[-4.45281,35.16251],[-4.44981,35.16167],[-4.44775,35.16055],[-4.44406,35.15928],[-4.44157,35.15865],[-4.43925,35.15816],[-4.43436,35.15774],[-4.4323,35.15704],[-4.43015,35.15599],[-4.42869,35.15557],[-4.42637,35.15521],[-4.42449,35.1555],[-4.42191,35.15634],[-4.41839,35.15655],[-4.41642,35.1569],[-4.41444,35.15816],[-4.41135,35.15914],[-4.40895,35.15971],[-4.40749,35.15978],[-4.40311,35.15921],[-4.40157,35.15858],[-4.39814,35.15795],[-4.39676,35.15739],[-4.39522,35.15718],[-4.39376,35.15648],[-4.39153,35.1557],[-4.38835,35.1543],[-4.38689,35.15437],[-4.38638,35.15423],[-4.38578,35.15388],[-4.38346,35.15374],[-4.38251,35.15381],[-4.38071,35.15465],[-4.37917,35.15521],[-4.37797,35.15599],[-4.37745,35.15535],[-4.37625,35.15535],[-4.37565,35.15486],[-4.37556,35.15409],[-4.37591,35.15325],[-4.37565,35.15262],[-4.37556,35.15156],[-4.37573,35.15072],[-4.37496,35.14988],[-4.37385,35.1496],[-4.37385,35.14918],[-4.37204,35.15058],[-4.37033,35.15121],[-4.36981,35.15086],[-4.36921,35.15093],[-4.36707,35.15163],[-4.36586,35.15304],[-4.36269,35.15297],[-4.35994,35.15423],[-4.35865,35.15192],[-4.3596,35.14855],[-4.3584,35.14848],[-4.35634,35.14799],[-4.35531,35.1482],[-4.35471,35.14897],[-4.35436,35.14904],[-4.35333,35.14988],[-4.35282,35.15002],[-4.35205,35.15009],[-4.35136,35.15037],[-4.35007,35.15143],[-4.34921,35.15128],[-4.34878,35.15107],[-4.34664,35.15156],[-4.34441,35.15346],[-4.34295,35.15521],[-4.34226,35.15641],[-4.34072,35.1569],[-4.3384,35.15697],[-4.33702,35.15858],[-4.33685,35.15865],[-4.33642,35.15858],[-4.33617,35.15823],[-4.33385,35.15774],[-4.32767,35.15816],[-4.32415,35.15999],[-4.32132,35.16307],[-4.32046,35.16476],[-4.31806,35.16504],[-4.31711,35.16532],[-4.3166,35.16504],[-4.31617,35.16504],[-4.31608,35.1656],[-4.31583,35.16588],[-4.31591,35.16644],[-4.31574,35.167],[-4.31497,35.16819],[-4.31419,35.16841],[-4.31308,35.1677],[-4.31239,35.16665],[-4.31196,35.16693],[-4.31162,35.16756],[-4.31085,35.16841],[-4.30956,35.16897],[-4.30927,35.16905],[-4.30879,35.16925],[-4.3081,35.16939],[-4.30759,35.16925],[-4.30724,35.16932],[-4.30535,35.16876],[-4.30424,35.16763],[-4.30252,35.16693],[-4.30201,35.16735],[-4.30098,35.16792],[-4.30037,35.16799],[-4.30029,35.16876],[-4.29952,35.1696],[-4.29866,35.17023],[-4.29823,35.17086],[-4.29686,35.17121],[-4.29471,35.17114],[-4.29205,35.17191],[-4.29145,35.17262],[-4.29033,35.17381],[-4.2899,35.175],[-4.29007,35.17591],[-4.28896,35.17683],[-4.28853,35.17886],[-4.28841,35.17921],[-4.28836,35.17942],[-4.28833,35.17942],[-4.28819,35.17984],[-4.28724,35.1816],[-4.2863,35.18153],[-4.28544,35.18118],[-4.28484,35.17893],[-4.28381,35.17816],[-4.28261,35.1783],[-4.28175,35.17907],[-4.28106,35.17942],[-4.28103,35.17942],[-4.28003,35.17991],[-4.27875,35.17977],[-4.27712,35.17984],[-4.27626,35.18019],[-4.27334,35.18096],[-4.27274,35.18181],[-4.27102,35.18286],[-4.26999,35.18307],[-4.26862,35.18307],[-4.26699,35.18335],[-4.26081,35.18517],[-4.25652,35.18672],[-4.24896,35.18826],[-4.24613,35.18798],[-4.24544,35.18728],[-4.24364,35.18693],[-4.24201,35.18594],[-4.23986,35.1851],[-4.2366,35.18503],[-4.23574,35.18489],[-4.23566,35.18538],[-4.23506,35.18503],[-4.23214,35.18552],[-4.23085,35.18545],[-4.22836,35.18651],[-4.22768,35.1863],[-4.22656,35.18559],[-4.22562,35.1853],[-4.22562,35.18538],[-4.22407,35.18482],[-4.2233,35.18503],[-4.22287,35.18468],[-4.22107,35.18426],[-4.21987,35.18405],[-4.21875,35.18412],[-4.21643,35.18496],[-4.21514,35.18693],[-4.21394,35.18791],[-4.21386,35.18868],[-4.21514,35.19015],[-4.2142,35.18987],[-4.21369,35.18931],[-4.21317,35.1891],[-4.21326,35.1884],[-4.21257,35.18945],[-4.21202,35.18951],[-4.21137,35.1898],[-4.21068,35.18889],[-4.20931,35.1884],[-4.20871,35.18875],[-4.20828,35.18917],[-4.20811,35.18917],[-4.20751,35.18945],[-4.20656,35.19085],[-4.20562,35.19058],[-4.20373,35.19058],[-4.19746,35.19422],[-4.19643,35.19548],[-4.19566,35.1957],[-4.19463,35.19584],[-4.19412,35.19619],[-4.19352,35.19612],[-4.193,35.19619],[-4.19163,35.19752],[-4.19094,35.19766],[-4.19043,35.19787],[-4.19,35.19871],[-4.19,35.1992],[-4.18905,35.20032],[-4.18828,35.19941],[-4.18768,35.19913],[-4.18742,35.19941],[-4.18708,35.1992],[-4.18665,35.19857],[-4.18596,35.19822],[-4.18528,35.19801],[-4.18287,35.19794],[-4.18201,35.19836],[-4.18184,35.19871],[-4.18116,35.19857],[-4.17918,35.19878],[-4.17687,35.19822],[-4.17618,35.19822],[-4.17575,35.19836],[-4.1742,35.19962],[-4.17343,35.1999],[-4.1724,35.1999],[-4.17163,35.20061],[-4.17026,35.20032],[-4.16991,35.20046],[-4.16957,35.20131],[-4.16845,35.2011],[-4.16785,35.20117],[-4.16631,35.20194],[-4.16493,35.20208],[-4.16124,35.20159],[-4.16056,35.20166],[-4.16004,35.20187],[-4.15832,35.19997],[-4.15772,35.19955],[-4.15695,35.19927],[-4.15481,35.19913],[-4.15343,35.19892],[-4.15275,35.19857],[-4.15197,35.19885],[-4.15077,35.19997],[-4.15034,35.20025],[-4.14974,35.20053],[-4.14905,35.20046],[-4.14777,35.19983],[-4.14579,35.19927],[-4.14451,35.19941],[-4.14373,35.20011],[-4.14322,35.20025],[-4.14262,35.20018],[-4.14193,35.19983],[-4.14124,35.19934],[-4.14099,35.19906],[-4.13927,35.19934],[-4.13824,35.19983],[-4.13678,35.20138],[-4.13532,35.20243],[-4.13369,35.20236],[-4.13017,35.20187],[-4.12923,35.20201],[-4.12743,35.20334],[-4.12494,35.20481],[-4.12391,35.2053],[-4.12065,35.20565],[-4.11816,35.20516],[-4.11721,35.20523],[-4.11618,35.20488],[-4.1155,35.20481],[-4.11472,35.2053],[-4.11386,35.20516],[-4.10932,35.20874],[-4.10872,35.20902],[-4.1082,35.20965],[-4.10743,35.21014],[-4.10537,35.21112],[-4.10459,35.21197],[-4.10408,35.21239],[-4.10176,35.21323],[-4.10099,35.21302],[-4.1003,35.21316],[-4.09987,35.21344],[-4.09945,35.21421],[-4.09936,35.21491],[-4.09884,35.21568],[-4.09824,35.21589],[-4.09739,35.21596],[-4.09713,35.21645],[-4.09635,35.2168],[-4.09593,35.21772],[-4.09541,35.218],[-4.0949,35.21786],[-4.09284,35.21835],[-4.09258,35.21891],[-4.09215,35.21912],[-4.09164,35.21919],[-4.09112,35.21968],[-4.09035,35.22094],[-4.08975,35.22129],[-4.0882,35.22059],[-4.08683,35.22024],[-4.08657,35.22038],[-4.08382,35.22059],[-4.08271,35.22087],[-4.08142,35.22206],[-4.08005,35.22283],[-4.07799,35.22382],[-4.07558,35.22382],[-4.07404,35.2241],[-4.07224,35.22424],[-4.06872,35.22487],[-4.06666,35.2262],[-4.06554,35.22662],[-4.06529,35.22781],[-4.06486,35.22858],[-4.06408,35.22879],[-4.06331,35.22879],[-4.06271,35.22893],[-4.06185,35.22957],[-4.06125,35.22957],[-4.06056,35.22942],[-4.06025,35.22905],[-4.05344,35.22865],[-4.05241,35.22915],[-4.05018,35.23118],[-4.04846,35.23202],[-4.04692,35.2323],[-4.04537,35.23307],[-4.04408,35.23461],[-4.04383,35.23517],[-4.04408,35.2356],[-4.04503,35.23602],[-4.04546,35.23651],[-4.04546,35.23686],[-4.04494,35.23707],[-4.04443,35.23714],[-4.04391,35.23679],[-4.0434,35.23658],[-4.0422,35.23665],[-4.04168,35.23615],[-4.0416,35.23573],[-4.04142,35.2356],[-4.04108,35.2358],[-4.04074,35.23615],[-4.04005,35.23623],[-4.03954,35.23615],[-4.03945,35.23489],[-4.03868,35.23384],[-4.0361,35.23377],[-4.0355,35.23398],[-4.03499,35.23384],[-4.03344,35.23398],[-4.03327,35.23461],[-4.03293,35.23496],[-4.03241,35.23538],[-4.03104,35.23602],[-4.03018,35.23714],[-4.02632,35.23812],[-4.02563,35.23812],[-4.02477,35.23763],[-4.02443,35.2377],[-4.02366,35.23938],[-4.0234,35.23903],[-4.02297,35.23889],[-4.02228,35.23945],[-4.02194,35.23945],[-4.02177,35.23924],[-4.02031,35.23994],[-4.01876,35.2405],[-4.01628,35.2405],[-4.01593,35.24015],[-4.0161,35.23952],[-4.01756,35.23812],[-4.01782,35.23721],[-4.01748,35.23609],[-4.01696,35.2356],[-4.0161,35.23553],[-4.01533,35.23531],[-4.01422,35.23405],[-4.01404,35.23363],[-4.00992,35.23258],[-4.00649,35.23216],[-4.00572,35.2323],[-4.00409,35.23293],[-4.00237,35.23377],[-4.00194,35.23405],[-4.00168,35.23489],[-4.00108,35.2351],[-4.00031,35.23531],[-3.99902,35.23531],[-3.99817,35.23545],[-3.99696,35.23588],[-3.9955,35.2363],[-3.99516,35.23658],[-3.9943,35.23693],[-3.99396,35.23686],[-3.99387,35.2363],[-3.99353,35.23615],[-3.99336,35.23496],[-3.99147,35.23454],[-3.9895,35.23461],[-3.98889,35.23482],[-3.98829,35.23475],[-3.98752,35.23517],[-3.98701,35.23524],[-3.98581,35.23566],[-3.98469,35.23566],[-3.984,35.23588],[-3.98349,35.2363],[-3.98289,35.23637],[-3.98203,35.23672],[-3.98151,35.2363],[-3.9804,35.23637],[-3.97491,35.23833],[-3.97345,35.23917],[-3.9731,35.23959],[-3.97199,35.24001],[-3.97139,35.24043],[-3.97199,35.24113],[-3.97199,35.24169],[-3.96976,35.2426],[-3.96821,35.24296],[-3.96735,35.24338],[-3.96615,35.24352],[-3.96589,35.24387],[-3.96598,35.24408],[-3.96615,35.24401],[-3.96632,35.24415],[-3.96624,35.24429],[-3.96563,35.24492],[-3.96521,35.24499],[-3.96503,35.24541],[-3.96486,35.24541],[-3.96469,35.24513],[-3.96443,35.24506],[-3.96294,35.24554],[-3.9622,35.24597],[-3.96186,35.24639],[-3.961,35.24674],[-3.9592,35.24709],[-3.958,35.24786],[-3.95808,35.24793],[-3.95843,35.24807],[-3.95817,35.24842],[-3.95783,35.24828],[-3.95714,35.24856],[-3.9568,35.24891],[-3.95585,35.24884],[-3.95542,35.24898],[-3.95362,35.24961],[-3.95156,35.25053],[-3.95079,35.25123],[-3.94933,35.25193],[-3.94898,35.25235],[-3.94873,35.25305],[-3.94821,35.25361],[-3.9471,35.25424],[-3.94615,35.2555],[-3.94546,35.25592],[-3.94418,35.25627],[-3.94392,35.25655],[-3.9428,35.25683],[-3.94255,35.25697],[-3.94263,35.25796],[-3.94238,35.25824],[-3.94083,35.2588],[-3.94049,35.25873],[-3.93843,35.25887],[-3.93808,35.25922],[-3.93791,35.25999],[-3.93748,35.26062],[-3.93705,35.2609],[-3.93637,35.26104],[-3.93551,35.26097],[-3.93448,35.26027],[-3.93405,35.26034],[-3.93371,35.26076],[-3.9331,35.26055],[-3.93285,35.26034],[-3.93259,35.26146],[-3.93233,35.26167],[-3.9319,35.26153],[-3.93105,35.26188],[-3.9307,35.26216],[-3.9301,35.26202],[-3.92942,35.2623],[-3.92821,35.26195],[-3.92796,35.26202],[-3.92787,35.26188],[-3.92744,35.26202],[-3.9271,35.26188],[-3.92718,35.26174],[-3.92753,35.2616],[-3.92753,35.26146],[-3.92727,35.26146],[-3.9271,35.2616],[-3.92693,35.26153],[-3.92693,35.26111],[-3.92727,35.26111],[-3.9265,35.26097],[-3.92624,35.26118],[-3.92615,35.26111],[-3.92641,35.26076],[-3.92512,35.2602],[-3.92452,35.26006],[-3.92427,35.25999],[-3.92401,35.26006],[-3.92349,35.25999],[-3.92315,35.25978],[-3.92289,35.25978],[-3.92263,35.25957],[-3.92195,35.25943],[-3.9216,35.2595],[-3.92032,35.25922],[-3.91903,35.25845],[-3.91894,35.25824],[-3.91912,35.25809],[-3.91886,35.25789],[-3.91877,35.25753],[-3.91851,35.25725],[-3.91843,35.25683],[-3.91766,35.25676],[-3.91697,35.25655],[-3.91637,35.25585],[-3.91542,35.25564],[-3.91457,35.25431],[-3.91457,35.2541],[-3.91482,35.25396],[-3.91517,35.25403],[-3.91585,35.25368],[-3.91602,35.25312],[-3.9168,35.25263],[-3.91774,35.25214],[-3.91963,35.25137],[-3.9204,35.2506],[-3.92032,35.25032],[-3.91954,35.24968],[-3.91774,35.24667],[-3.91791,35.24653],[-3.91817,35.24653],[-3.91834,35.24709],[-3.91903,35.24786],[-3.91912,35.24835],[-3.9192,35.24856],[-3.91929,35.24835],[-3.91963,35.24884],[-3.91954,35.24891],[-3.91963,35.24912],[-3.9198,35.24898],[-3.91989,35.24898],[-3.92066,35.24891],[-3.92169,35.24912],[-3.92169,35.24926],[-3.92238,35.24898],[-3.92298,35.24997],[-3.92469,35.24919],[-3.92435,35.24863],[-3.92358,35.24898],[-3.92298,35.248],[-3.92246,35.24821],[-3.92238,35.24807],[-3.92229,35.24807],[-3.92186,35.24842],[-3.92143,35.24835],[-3.92117,35.248],[-3.92152,35.24765],[-3.92169,35.24765],[-3.92178,35.24744],[-3.92212,35.24737],[-3.92203,35.24723],[-3.92358,35.24653],[-3.92341,35.24632],[-3.92358,35.24625],[-3.92358,35.2459],[-3.92324,35.24569],[-3.92272,35.24583],[-3.92255,35.24562],[-3.921,35.24632],[-3.92092,35.24611],[-3.92015,35.2466],[-3.91989,35.24646],[-3.91997,35.24632],[-3.92238,35.2452],[-3.92547,35.24541],[-3.92624,35.24443],[-3.92632,35.24394],[-3.92624,35.24282],[-3.92598,35.2426],[-3.92538,35.24274],[-3.9253,35.2426],[-3.92564,35.24253],[-3.92512,35.24218],[-3.92512,35.24197],[-3.92418,35.24162],[-3.92375,35.24176],[-3.92298,35.24162],[-3.92238,35.24176],[-3.9222,35.24162],[-3.92178,35.24176],[-3.92126,35.24162],[-3.92083,35.24162],[-3.92006,35.24127],[-3.91997,35.24099],[-3.91963,35.24071],[-3.91954,35.24057],[-3.91946,35.24064],[-3.9192,35.24036],[-3.91929,35.24008],[-3.91912,35.23987],[-3.91929,35.23952],[-3.91912,35.23945],[-3.9198,35.23917],[-3.9198,35.23903],[-3.92049,35.23882],[-3.921,35.23889],[-3.92117,35.23868],[-3.92178,35.23847],[-3.92195,35.23777],[-3.92229,35.23784],[-3.92263,35.23763],[-3.92298,35.23707],[-3.92315,35.23665],[-3.92272,35.23623],[-3.92238,35.23602],[-3.92066,35.23602],[-3.92075,35.23566],[-3.92126,35.2356],[-3.92126,35.23545],[-3.92263,35.23524],[-3.92272,35.23405],[-3.92195,35.23419],[-3.92195,35.23391],[-3.92289,35.23335],[-3.92272,35.23286],[-3.92195,35.23307],[-3.92212,35.23216],[-3.92152,35.23223],[-3.92143,35.23188],[-3.9204,35.23146],[-3.91972,35.23132],[-3.91972,35.23146],[-3.91912,35.23118],[-3.91843,35.23111],[-3.918,35.23125],[-3.91748,35.2316],[-3.91714,35.23174],[-3.91705,35.23118],[-3.91723,35.2309],[-3.91817,35.23027],[-3.91877,35.22971],[-3.9186,35.22942],[-3.91834,35.22928],[-3.91826,35.22816],[-3.9174,35.22746],[-3.91714,35.22767],[-3.91688,35.22753],[-3.91671,35.22718],[-3.9168,35.22676],[-3.91705,35.22648],[-3.91671,35.22606],[-3.91645,35.22599],[-3.91551,35.22627],[-3.91491,35.22613],[-3.91422,35.22557],[-3.91422,35.22452],[-3.91465,35.22382],[-3.91499,35.22361],[-3.91482,35.22276],[-3.91534,35.22248],[-3.91534,35.22206],[-3.91508,35.22143],[-3.91482,35.22129],[-3.91431,35.22052],[-3.91302,35.21996],[-3.91208,35.21933],[-3.91087,35.21905],[-3.91036,35.21996],[-3.91002,35.21989],[-3.90976,35.21947],[-3.90959,35.21898],[-3.90959,35.21863],[-3.90984,35.21835],[-3.9095,35.21828],[-3.90959,35.21786],[-3.91002,35.21772],[-3.91019,35.21737],[-3.9101,35.21708],[-3.90993,35.21687],[-3.9095,35.21694],[-3.90899,35.21715],[-3.90856,35.21694],[-3.90856,35.21659],[-3.90796,35.21596],[-3.9077,35.21561],[-3.9077,35.21505],[-3.90701,35.21386],[-3.90616,35.21365],[-3.90547,35.21379],[-3.9053,35.21358],[-3.90512,35.21344],[-3.90504,35.21358],[-3.90452,35.21302],[-3.90298,35.2133],[-3.90264,35.21316],[-3.90083,35.2114],[-3.89963,35.21049],[-3.89809,35.20965],[-3.89706,35.2093],[-3.89525,35.20881],[-3.89354,35.2086],[-3.89096,35.20755],[-3.88959,35.20671],[-3.88796,35.206],[-3.88341,35.20467],[-3.88246,35.2046],[-3.88204,35.20446],[-3.88058,35.20397],[-3.87783,35.20362],[-3.87534,35.2032],[-3.87217,35.20306],[-3.86925,35.20201],[-3.8683,35.2018],[-3.86719,35.20145],[-3.86084,35.19934],[-3.86032,35.19899],[-3.86032,35.19892],[-3.85654,35.19794],[-3.85311,35.19724],[-3.84968,35.19689],[-3.84727,35.19661],[-3.83929,35.19689],[-3.83354,35.19745],[-3.82917,35.1985],[-3.82796,35.1985],[-3.82565,35.19899],[-3.82359,35.19948],[-3.82299,35.19647],[-3.81989,35.1917],[-3.81646,35.18791],[-3.80754,35.18026],[-3.80679,35.17942],[-3.80479,35.17718],[-3.80427,35.1764],[-3.80384,35.17542],[-3.80333,35.17381],[-3.80324,35.17177],[-3.80359,35.17016],[-3.80436,35.16799],[-3.80505,35.16665],[-3.80676,35.16434],[-3.81054,35.16097],[-3.81226,35.15978],[-3.81483,35.15746],[-3.81629,35.15627],[-3.81638,35.15592],[-3.81638,35.1555],[-3.81526,35.15409],[-3.81509,35.15353],[-3.815,35.15311],[-3.81517,35.15276],[-3.81586,35.15234],[-3.81723,35.15199],[-3.81895,35.15135],[-3.82041,35.15051],[-3.82221,35.14904],[-3.82402,35.14721],[-3.82522,35.14504],[-3.82565,35.1437],[-3.82642,35.13823],[-3.82676,35.13655],[-3.82788,35.13402],[-3.82856,35.13276],[-3.83062,35.12967],[-3.83155,35.12797],[-3.832,35.12714],[-3.83225,35.12461],[-3.83157,35.11731],[-3.83131,35.11492],[-3.83088,35.1131],[-3.83097,35.11092],[-3.82917,35.1112],[-3.82565,35.11141],[-3.82127,35.11043],[-3.81852,35.09786],[-3.81766,35.09821],[-3.81723,35.09821],[-3.81105,35.09505],[-3.8126,35.09056],[-3.81492,35.08073],[-3.8144,35.07841],[-3.81337,35.07588],[-3.81054,35.07047],[-3.80985,35.06759],[-3.80977,35.06604],[-3.8102,35.06309],[-3.81011,35.06113],[-3.80968,35.05909],[-3.80968,35.05649],[-3.81002,35.05445],[-3.8108,35.05269],[-3.81269,35.05031],[-3.8138,35.04953],[-3.81492,35.04763],[-3.81492,35.04672],[-3.81414,35.0463],[-3.81492,35.04335],[-3.81603,35.04187],[-3.81663,35.04089],[-3.81698,35.0397],[-3.81663,35.0385],[-3.81586,35.03717],[-3.81552,35.03541],[-3.81672,35.03309],[-3.81672,35.03189],[-3.81732,35.02627],[-3.81672,35.02269],[-3.81586,35.02009],[-3.81577,35.01777],[-3.81595,35.01664],[-3.81586,35.01404],[-3.81569,35.012],[-3.8138,35.01024],[-3.8126,35.00954],[-3.81183,35.0087],[-3.80994,35.0061],[-3.80951,35.0049],[-3.80951,35.00371],[-3.80959,35.00272],[-3.81054,35.00153],[-3.81105,34.99935],[-3.81105,34.99738],[-3.81071,34.99611],[-3.81011,34.99499],[-3.80917,34.99386],[-3.80899,34.99344],[-3.80899,34.99218],[-3.80917,34.99077],[-3.80891,34.99042],[-3.80728,34.9895],[-3.8059,34.98838],[-3.80573,34.98761],[-3.80582,34.98683],[-3.80616,34.98578],[-3.80719,34.98402],[-3.80814,34.98163],[-3.80822,34.98092],[-3.80788,34.98029],[-3.80771,34.97966],[-3.80822,34.97839],[-3.80959,34.97671],[-3.81028,34.97551],[-3.8114,34.97403],[-3.81166,34.97333],[-3.81106,34.97101],[-3.81097,34.97066],[-3.81088,34.96911],[-3.8114,34.96784],[-3.812,34.96665],[-3.81277,34.96538],[-3.81337,34.96482],[-3.81363,34.96411],[-3.81354,34.96243],[-3.81226,34.95996],[-3.81226,34.95863],[-3.81208,34.95736],[-3.81269,34.95673],[-3.81354,34.9561],[-3.81603,34.95539],[-3.81809,34.95356],[-3.81895,34.95033],[-3.81887,34.94878],[-3.81938,34.94674],[-3.82041,34.94301],[-3.82101,34.94224],[-3.82264,34.94034],[-3.82333,34.939],[-3.82393,34.93696],[-3.82419,34.93499],[-3.82393,34.93393],[-3.82316,34.93288],[-3.82135,34.93154],[-3.81887,34.93042],[-3.82153,34.92866],[-3.82607,34.92626],[-3.82934,34.9238],[-3.83174,34.92176],[-3.83363,34.91979],[-3.8356,34.91697],[-3.83595,34.91141],[-3.83208,34.90663],[-3.82556,34.90008],[-3.82539,34.89931],[-3.82539,34.89853],[-3.82732,34.89156],[-3.82736,34.89156],[-3.82753,34.89079],[-3.82616,34.89106],[-3.82891,34.88861],[-3.8308,34.88593],[-3.83311,34.88297],[-3.8344,34.8803],[-3.835,34.87885],[-3.83569,34.87734],[-3.83577,34.87354],[-3.83766,34.871],[-3.83929,34.8703],[-3.84049,34.87002],[-3.84264,34.86945],[-3.84547,34.8691],[-3.84659,34.86819],[-3.84822,34.86783],[-3.85191,34.86537],[-3.85517,34.86361],[-3.85886,34.86269],[-3.86427,34.86086],[-3.86719,34.86037],[-3.87405,34.85917],[-3.87405,34.85913],[-3.87423,34.8591],[-3.88513,34.85762],[-3.8871,34.85748],[-3.88907,34.85713],[-3.89517,34.85452],[-3.898,34.85389],[-3.90015,34.85368],[-3.90229,34.85297],[-3.90959,34.85128],[-3.91517,34.85135],[-3.91602,34.85065],[-3.9168,34.85023],[-3.91723,34.84981],[-3.91817,34.84987],[-3.91826,34.85009],[-3.91912,34.85037],[-3.91954,34.8503],[-3.9204,34.85044],[-3.92109,34.85093],[-3.92186,34.851],[-3.92315,34.85157],[-3.92409,34.85135],[-3.92444,34.84952],[-3.92427,34.84882],[-3.92478,34.84833],[-3.92547,34.84819],[-3.92641,34.84868],[-3.92693,34.84854],[-3.92727,34.84797],[-3.92718,34.84734],[-3.92761,34.8472],[-3.92821,34.84748],[-3.9289,34.84804],[-3.9295,34.84833],[-3.9301,34.8484],[-3.93036,34.84797],[-3.9295,34.84642],[-3.92984,34.84572],[-3.93045,34.84508],[-3.93053,34.8448],[-3.93036,34.84445],[-3.9301,34.84417],[-3.92899,34.84361],[-3.92864,34.8429],[-3.92847,34.84184],[-3.92899,34.84156],[-3.92976,34.84156],[-3.93045,34.84177],[-3.93096,34.8422],[-3.93208,34.8429],[-3.93293,34.84297],[-3.93345,34.8429],[-3.93534,34.84163],[-3.93628,34.84036],[-3.93705,34.83987],[-3.93774,34.83973],[-3.94401,34.84276],[-3.94529,34.84156],[-3.94581,34.84135],[-3.94735,34.84121],[-3.9483,34.84065],[-3.95165,34.83994],[-3.95431,34.83973],[-3.95594,34.83973],[-3.95825,34.83994],[-3.961,34.84044],[-3.96435,34.841],[-3.96915,34.84227],[-3.97739,34.8429],[-3.97937,34.8429],[-3.98443,34.84248],[-3.98649,34.84213],[-3.98838,34.84149],[-3.9919,34.83931],[-3.99533,34.83853],[-4.00623,34.83938],[-4.00675,34.83818],[-4.00795,34.83776],[-4.00898,34.83579],[-4.00898,34.83487],[-4.0095,34.83325],[-4.00992,34.83269],[-4.00992,34.83212],[-4.01001,34.8317],[-4.01027,34.83135],[-4.00984,34.83015],[-4.01095,34.82776],[-4.01138,34.82642],[-4.01379,34.82592],[-4.01705,34.82564],[-4.02228,34.82811],[-4.02254,34.82888],[-4.02254,34.82959],[-4.02211,34.83057],[-4.02228,34.831],[-4.02254,34.83121],[-4.02409,34.83163],[-4.02443,34.83205],[-4.02623,34.83269],[-4.02709,34.83325],[-4.02829,34.83339],[-4.02949,34.83318],[-4.02992,34.83297],[-4.03009,34.83255],[-4.03061,34.83226],[-4.03224,34.83198],[-4.03336,34.83156],[-4.03413,34.83078],[-4.03456,34.83064],[-4.03507,34.83064],[-4.03567,34.83107],[-4.03653,34.83107],[-4.03688,34.83078],[-4.03791,34.83057],[-4.03593,34.82747],[-4.03533,34.82613],[-4.03353,34.82346],[-4.03782,34.81655],[-4.03911,34.8143],[-4.04099,34.81077],[-4.0416,34.80781],[-4.04142,34.80443],[-4.05112,34.8045],[-4.05361,34.80182],[-4.05696,34.79865],[-4.06031,34.79633],[-4.06288,34.79139],[-4.06503,34.78984],[-4.06794,34.78801],[-4.06975,34.78702],[-4.07069,34.78702],[-4.07112,34.78688],[-4.07164,34.78625],[-4.07146,34.78554],[-4.07155,34.78533],[-4.07198,34.78498],[-4.07249,34.78484],[-4.07301,34.78399],[-4.07301,34.78371],[-4.07413,34.78321],[-4.0755,34.78223],[-4.07636,34.78124],[-4.07773,34.78075],[-4.07859,34.78075],[-4.07927,34.78046],[-4.07988,34.78046],[-4.08082,34.77997],[-4.08211,34.77955],[-4.08271,34.77905],[-4.08262,34.77891],[-4.08297,34.77842],[-4.08365,34.77793],[-4.08365,34.77729],[-4.08468,34.77652],[-4.08563,34.77616],[-4.08666,34.77412],[-4.08794,34.77292],[-4.08837,34.77229],[-4.08906,34.77186],[-4.08983,34.77158],[-4.09129,34.77017],[-4.09421,34.76954],[-4.10099,34.76594],[-4.10219,34.76503],[-4.10296,34.76488],[-4.10743,34.76101],[-4.11146,34.75896],[-4.11335,34.75706],[-4.11498,34.75466],[-4.1197,34.75727],[-4.12047,34.75734],[-4.12099,34.75734],[-4.12262,34.75656],[-4.12571,34.75536],[-4.12897,34.75487],[-4.13232,34.75135],[-4.13335,34.75106],[-4.13369,34.7512],[-4.13395,34.75099],[-4.13429,34.75036],[-4.13558,34.74944],[-4.13575,34.74916],[-4.1367,34.74874],[-4.13816,34.74831],[-4.13919,34.74726],[-4.13953,34.7433],[-4.14047,34.73999],[-4.14219,34.73865],[-4.14485,34.73625],[-4.14708,34.73583],[-4.14931,34.73336],[-4.15111,34.73188],[-4.1518,34.73181],[-4.153,34.73244],[-4.15515,34.73216],[-4.15601,34.73223],[-4.15901,34.73421],[-4.1591,34.73456],[-4.16047,34.73639],[-4.16064,34.73703],[-4.16056,34.73809],[-4.16038,34.73851],[-4.15996,34.73893],[-4.15893,34.73914],[-4.15867,34.73936],[-4.1579,34.7402],[-4.1573,34.74182],[-4.15644,34.74253],[-4.15687,34.74549],[-4.15755,34.74704],[-4.15824,34.7493],[-4.15918,34.75064],[-4.16004,34.75057],[-4.16047,34.75071],[-4.16081,34.75099],[-4.16133,34.75099],[-4.16219,34.75135],[-4.16244,34.75163],[-4.16528,34.75184],[-4.16554,34.75198],[-4.16596,34.75205],[-4.16622,34.7524],[-4.16734,34.7529],[-4.16777,34.75332],[-4.16845,34.75388],[-4.16914,34.75409],[-4.16974,34.75409],[-4.1706,34.75374],[-4.17223,34.75346],[-4.17343,34.75297],[-4.17369,34.75304],[-4.17687,34.75177],[-4.17755,34.75177],[-4.17935,34.75142],[-4.18013,34.7517],[-4.18047,34.75198],[-4.18244,34.75198],[-4.18287,34.75163],[-4.18433,34.75085],[-4.18528,34.75085],[-4.18648,34.75057],[-4.18759,34.75085],[-4.19034,34.74986],[-4.19146,34.74994],[-4.19274,34.74965],[-4.19498,34.74944],[-4.19532,34.7493],[-4.19558,34.74888],[-4.19583,34.7493],[-4.19669,34.74994],[-4.19695,34.75057],[-4.19824,34.75127],[-4.19927,34.75205],[-4.19995,34.75339],[-4.20098,34.75318],[-4.20219,34.75304],[-4.20528,34.75402],[-4.20948,34.75487],[-4.21111,34.75473],[-4.21248,34.7548],[-4.21394,34.75445],[-4.21466,34.75397],[-4.21549,34.75304],[-4.21575,34.75297],[-4.21617,34.75297],[-4.21712,34.75325],[-4.22047,34.75325],[-4.22253,34.75304],[-4.22562,34.7549],[-4.22563,34.75491],[-4.22673,34.75558],[-4.23171,34.7591],[-4.2348,34.76108],[-4.23617,34.76277],[-4.23712,34.7646],[-4.23789,34.76707],[-4.23832,34.77067],[-4.23763,34.77116],[-4.23703,34.77144],[-4.23609,34.77229],[-4.23609,34.77257],[-4.23566,34.77327],[-4.23549,34.77433],[-4.23566,34.77468],[-4.23549,34.77497],[-4.2348,34.77497],[-4.23489,34.77518],[-4.2354,34.77567],[-4.2354,34.77602],[-4.23643,34.77623],[-4.23643,34.77701],[-4.2372,34.77729],[-4.23755,34.77729],[-4.23823,34.77736],[-4.23935,34.778],[-4.24004,34.77814],[-4.24115,34.77863],[-4.24192,34.77877],[-4.2421,34.77905],[-4.24218,34.7799],[-4.24252,34.78046],[-4.24321,34.78131],[-4.24381,34.7818],[-4.24347,34.783],[-4.24355,34.78343],[-4.24467,34.78399],[-4.24458,34.78512],[-4.24355,34.78589],[-4.2439,34.78702],[-4.24295,34.78815],[-4.24287,34.7885],[-4.24201,34.78885],[-4.24089,34.78907],[-4.24047,34.78935],[-4.24072,34.7897],[-4.24175,34.7904],[-4.24175,34.79153],[-4.24038,34.79238],[-4.24021,34.79273],[-4.24004,34.7933],[-4.24012,34.794],[-4.23961,34.7947],[-4.23926,34.79576],[-4.23944,34.79837],[-4.23926,34.79971],[-4.23901,34.80013],[-4.23901,34.80027],[-4.23952,34.80062],[-4.23944,34.80077],[-4.23789,34.80175],[-4.23789,34.80196],[-4.23815,34.80225],[-4.23815,34.80295],[-4.23841,34.80365],[-4.23729,34.80429],[-4.23695,34.80513],[-4.23729,34.80542],[-4.23875,34.80612],[-4.24218,34.8064],[-4.24476,34.80774],[-4.25145,34.80929],[-4.2518,34.80943],[-4.2524,34.80859],[-4.25351,34.80788],[-4.25411,34.80732],[-4.2548,34.80704],[-4.25566,34.80598],[-4.256,34.80605],[-4.25617,34.80591],[-4.25634,34.80528],[-4.25703,34.80429],[-4.25763,34.80401],[-4.25826,34.80382],[-4.25833,34.80378],[-4.25952,34.80232],[-4.26004,34.80189],[-4.26063,34.80034],[-4.26158,34.79943],[-4.26201,34.7983],[-4.26321,34.79696],[-4.2633,34.79618],[-4.26364,34.79569],[-4.2645,34.79534],[-4.26484,34.79456],[-4.26553,34.79449],[-4.26604,34.79386],[-4.26596,34.79301],[-4.26604,34.79287],[-4.26656,34.79287],[-4.26682,34.79266],[-4.26621,34.79196],[-4.26639,34.79167],[-4.26767,34.7909],[-4.26802,34.79033],[-4.26836,34.79019],[-4.26853,34.78963],[-4.26905,34.78949],[-4.26948,34.78871],[-4.27051,34.78773],[-4.27093,34.78751],[-4.27239,34.78766],[-4.27291,34.78744],[-4.27334,34.78702],[-4.27368,34.78632],[-4.27471,34.7854],[-4.27548,34.78491],[-4.27609,34.78406],[-4.27626,34.78399],[-4.27703,34.78413],[-4.27729,34.78399],[-4.27772,34.78357],[-4.27754,34.78343],[-4.27772,34.78321],[-4.27815,34.78307],[-4.27815,34.78279],[-4.27772,34.78272],[-4.27772,34.78258],[-4.27857,34.78216],[-4.2796,34.78117],[-4.28063,34.78089],[-4.28184,34.7811],[-4.28235,34.7811],[-4.28269,34.78089],[-4.28295,34.78011],[-4.28347,34.77976],[-4.28604,34.77835],[-4.28845,34.77786],[-4.28904,34.77736],[-4.28982,34.77715],[-4.29042,34.77652],[-4.29128,34.77694],[-4.29136,34.77666],[-4.29102,34.77602],[-4.29119,34.77588],[-4.29171,34.77581],[-4.29214,34.77595],[-4.29248,34.77623],[-4.29274,34.77609],[-4.29299,34.77546],[-4.29402,34.77504],[-4.29334,34.7744],[-4.29368,34.77412],[-4.29462,34.77398],[-4.29428,34.7732],[-4.29462,34.77271],[-4.296,34.7725],[-4.29626,34.77229],[-4.29608,34.77172],[-4.2966,34.77116],[-4.29651,34.77045],[-4.29668,34.77031],[-4.29746,34.77031],[-4.29746,34.76982],[-4.29754,34.76968],[-4.29823,34.76968],[-4.29849,34.76996],[-4.29874,34.76989],[-4.299,34.7694],[-4.29917,34.76855],[-4.29943,34.76827],[-4.29986,34.76841],[-4.3002,34.76911],[-4.30046,34.76834],[-4.30175,34.76799],[-4.30201,34.76749],[-4.30261,34.76679],[-4.30338,34.76637],[-4.30381,34.76573],[-4.30535,34.76418],[-4.30561,34.76354],[-4.30561,34.76178],[-4.30578,34.76143],[-4.30621,34.76115],[-4.30664,34.76115],[-4.30656,34.76094],[-4.3069,34.76094],[-4.30673,34.7603],[-4.30707,34.75995],[-4.30656,34.75938],[-4.30673,34.75896],[-4.30759,34.75889],[-4.30776,34.75833],[-4.30776,34.75811],[-4.30973,34.7567],[-4.31007,34.75607],[-4.31102,34.75565],[-4.31076,34.75529],[-4.30939,34.75473],[-4.30793,34.75332],[-4.30707,34.7529],[-4.30707,34.75219],[-4.30664,34.75156],[-4.30458,34.7493],[-4.30347,34.7486],[-4.30218,34.74824],[-4.30175,34.74824],[-4.3014,34.7481],[-4.30106,34.7474],[-4.30029,34.74726],[-4.3002,34.74697],[-4.29952,34.7469],[-4.29823,34.74648],[-4.29668,34.74521],[-4.296,34.74401],[-4.3002,34.74063],[-4.30707,34.73809],[-4.30827,34.73738],[-4.31059,34.73555],[-4.31205,34.73463],[-4.31377,34.73364],[-4.31539,34.73315],[-4.31874,34.72983],[-4.3202,34.72885],[-4.32123,34.72793],[-4.32183,34.72574],[-4.32166,34.72483],[-4.32106,34.72426],[-4.3202,34.72377],[-4.31969,34.72313],[-4.31926,34.72271],[-4.31866,34.72264],[-4.31891,34.72066],[-4.31986,34.71749],[-4.32252,34.71276],[-4.32424,34.71079],[-4.32612,34.71184],[-4.32896,34.70973],[-4.33153,34.70803],[-4.33351,34.70697],[-4.3384,34.70839],[-4.34183,34.7093],[-4.34243,34.71043],[-4.34303,34.71086],[-4.34355,34.71128],[-4.34389,34.71121],[-4.34466,34.71057],[-4.34509,34.71043],[-4.34535,34.71043],[-4.34595,34.71079],[-4.34775,34.71072],[-4.34827,34.71093],[-4.34964,34.71086],[-4.35067,34.71093],[-4.35368,34.71001],[-4.35522,34.70994],[-4.35608,34.70952],[-4.35677,34.70987],[-4.35719,34.70987],[-4.35823,34.70916],[-4.3602,34.7086],[-4.3608,34.70768],[-4.36166,34.70754],[-4.36192,34.70775],[-4.36123,34.70846],[-4.36132,34.7086],[-4.36157,34.70881],[-4.36226,34.70888],[-4.36363,34.70937],[-4.36629,34.70973],[-4.36655,34.70909],[-4.36741,34.70973],[-4.36784,34.70952],[-4.36878,34.70945],[-4.37007,34.70994],[-4.37033,34.70994],[-4.3705,34.7098],[-4.37007,34.70937],[-4.37015,34.7093],[-4.37221,34.70959],[-4.37256,34.70937],[-4.37273,34.70902],[-4.3741,34.70853],[-4.37488,34.70853],[-4.37565,34.70888],[-4.37522,34.70817],[-4.37522,34.70726],[-4.37634,34.70627],[-4.37762,34.70571],[-4.37831,34.70782],[-4.38191,34.71565],[-4.38286,34.71784],[-4.38612,34.72391],[-4.38689,34.72447],[-4.38758,34.72461],[-4.39196,34.72475],[-4.39608,34.72433],[-4.39616,34.72398],[-4.39736,34.72355],[-4.39762,34.72334],[-4.39736,34.72123],[-4.39745,34.72102],[-4.39736,34.72031],[-4.39702,34.71996],[-4.39616,34.71989],[-4.3959,34.71968],[-4.39573,34.71925],[-4.40904,34.71925],[-4.41281,34.71911],[-4.41341,34.71833],[-4.41367,34.71763],[-4.41444,34.71685],[-4.41556,34.71643],[-4.41573,34.71608],[-4.41522,34.71537],[-4.41522,34.71509],[-4.41599,34.71431],[-4.4165,34.7134],[-4.41668,34.71163],[-4.41668,34.711],[-4.41711,34.70994],[-4.41762,34.70937],[-4.41788,34.70853],[-4.41856,34.70803],[-4.41968,34.70775],[-4.42037,34.7069],[-4.42062,34.70599],[-4.42406,34.70634],[-4.42526,34.70712],[-4.42294,34.70422],[-4.42474,34.70197],[-4.42552,34.70013],[-4.42492,34.69928],[-4.42208,34.69745],[-4.41968,34.6954],[-4.41693,34.69364],[-4.41444,34.69223],[-4.41298,34.69103],[-4.41453,34.68905],[-4.42045,34.6863],[-4.42414,34.6846],[-4.42886,34.68383],[-4.43067,34.68418],[-4.43702,34.68397],[-4.43805,34.68496],[-4.44028,34.6882],[-4.442,34.68722],[-4.44243,34.6851],[-4.44397,34.68404],[-4.44569,34.68093],[-4.44629,34.67282],[-4.44577,34.66957],[-4.44637,34.66682],[-4.44663,34.66428],[-4.44577,34.66272],[-4.44406,34.66082],[-4.44243,34.66067],[-4.44071,34.65948],[-4.44036,34.65863],[-4.43899,34.65743],[-4.43873,34.657],[-4.4385,34.65662],[-4.43873,34.65651],[-4.44139,34.65693],[-4.44294,34.6575],[-4.4486,34.6587],[-4.45118,34.65969],[-4.45427,34.6611],[-4.45581,34.6623],[-4.4571,34.66421],[-4.4589,34.66604],[-4.45899,34.66915],[-4.46036,34.67077],[-4.46165,34.67141],[-4.46414,34.67176],[-4.46749,34.67254],[-4.46903,34.67268],[-4.47324,34.67522],[-4.47598,34.67628],[-4.47804,34.6767],[-4.47822,34.67938],[-4.47993,34.68129],[-4.48199,34.68298],[-4.48517,34.68284],[-4.488,34.68369],[-4.49178,34.68651],[-4.49384,34.68672],[-4.4959,34.68757],[-4.49718,34.68849],[-4.50105,34.68933],[-4.50311,34.68955],[-4.50362,34.69089],[-4.50439,34.6947],[-4.50568,34.69646],[-4.5074,34.69815],[-4.50894,34.69921],[-4.51212,34.69992],[-4.51839,34.69957],[-4.51984,34.69999],[-4.5201,34.69935],[-4.52096,34.699],[-4.52225,34.699],[-4.52311,34.69858],[-4.52396,34.69872],[-4.52577,34.70013],[-4.52628,34.70147],[-4.52688,34.70161],[-4.52731,34.70218],[-4.52714,34.70288],[-4.52783,34.70352],[-4.52843,34.70394],[-4.52997,34.70465],[-4.53109,34.70486],[-4.53143,34.70507],[-4.53169,34.70465],[-4.53177,34.70126],[-4.53255,34.70013],[-4.53813,34.69942],[-4.5401,34.69964],[-4.54001,34.69999],[-4.54036,34.70055],[-4.54019,34.70084],[-4.54122,34.70197],[-4.54268,34.70126],[-4.54594,34.70091],[-4.54688,34.70027],[-4.54808,34.69978],[-4.54911,34.6995],[-4.55023,34.69893],[-4.55117,34.69886],[-4.55426,34.69724],[-4.55684,34.69554],[-4.55752,34.69512],[-4.55778,34.69526],[-4.56104,34.69272],[-4.56242,34.6923],[-4.56343,34.69129],[-4.56345,34.69127],[-4.56405,34.69067],[-4.5643,34.69025],[-4.56525,34.68983],[-4.56568,34.68933],[-4.56628,34.6887],[-4.56688,34.68764],[-4.56782,34.68743],[-4.56799,34.68609],[-4.56877,34.68489],[-4.56885,34.68425],[-4.56928,34.68383],[-4.56954,34.68312],[-4.57031,34.68249],[-4.57323,34.68164],[-4.57452,34.68171],[-4.57443,34.68256],[-4.574,34.68383],[-4.57392,34.68517],[-4.57426,34.68581],[-4.57521,34.68602],[-4.57598,34.68573],[-4.57658,34.68559],[-4.57718,34.68576],[-4.57719,34.68576],[-4.57735,34.68581],[-4.57761,34.68602],[-4.57812,34.68771],[-4.57864,34.69131],[-4.57872,34.69307],[-4.57855,34.69406],[-4.57907,34.69526],[-4.57967,34.69752],[-4.57847,34.70006],[-4.57847,34.70091],[-4.57915,34.7014],[-4.58053,34.70154],[-4.58121,34.70119],[-4.58164,34.7007],[-4.58216,34.6995],[-4.58276,34.69886],[-4.5831,34.69865],[-4.58362,34.69858],[-4.58387,34.699],[-4.58387,34.69942],[-4.5837,34.69971],[-4.58301,34.70041],[-4.58327,34.70119],[-4.58396,34.70239],[-4.58482,34.70338],[-4.58499,34.70443],[-4.58542,34.70451],[-4.58602,34.70472],[-4.58705,34.70535],[-4.58756,34.70599],[-4.58791,34.70768],[-4.58817,34.70824],[-4.58885,34.70895],[-4.58911,34.70952],[-4.58877,34.71015],[-4.58765,34.71093],[-4.58748,34.71149],[-4.58765,34.7122],[-4.58851,34.7129],[-4.591,34.71389],[-4.59108,34.71417],[-4.59014,34.71685],[-4.59023,34.71784],[-4.5904,34.71812],[-4.59117,34.71819],[-4.59237,34.71784],[-4.59331,34.71735],[-4.59366,34.7177],[-4.59374,34.71812],[-4.59357,34.71855],[-4.59357,34.71876],[-4.59392,34.71918],[-4.59417,34.71911],[-4.59477,34.71883],[-4.59537,34.71791],[-4.59623,34.71763],[-4.59718,34.71791],[-4.59795,34.71848],[-4.59812,34.71897],[-4.59795,34.71939],[-4.59812,34.72003],[-4.59864,34.72024],[-4.59941,34.71968],[-4.60035,34.71833],[-4.60164,34.7184],[-4.60198,34.71883],[-4.60181,34.71946],[-4.60138,34.72003],[-4.6007,34.72052],[-4.60044,34.72095],[-4.59967,34.72109],[-4.59958,34.72151],[-4.60061,34.722],[-4.60267,34.72257],[-4.6061,34.7232],[-4.60679,34.72306],[-4.60705,34.72193],[-4.60696,34.72144],[-4.60722,34.7213],[-4.60773,34.72123],[-4.60928,34.72165],[-4.60988,34.722],[-4.61022,34.722],[-4.61117,34.7225],[-4.6116,34.72257],[-4.61254,34.72236],[-4.61331,34.72158],[-4.61409,34.72144],[-4.61443,34.72165]]]]},"properties":{"territoire_id":7,"nom":"Al Hoceima"}},{"type":"Feature","geometry":{"type":"MultiPolygon","coordinates":[[[[-4.79433,35.24983],[-4.79176,35.24751],[-4.78506,35.2405],[-4.78274,35.23847],[-4.78008,35.237],[-4.77794,35.23672],[-4.77605,35.23707],[-4.77536,35.23693],[-4.77382,35.23623],[-4.77279,35.23553],[-4.77227,35.23545],[-4.77081,35.23553],[-4.76953,35.23468],[-4.76772,35.23475],[-4.76678,35.23454],[-4.75923,35.22957],[-4.75133,35.22515],[-4.74996,35.22445],[-4.7485,35.22403],[-4.74669,35.22368],[-4.74515,35.22368],[-4.73949,35.22473],[-4.73828,35.22529],[-4.73725,35.22536],[-4.73614,35.22487],[-4.7297,35.22059],[-4.72438,35.21779],[-4.723,35.21765],[-4.71983,35.21659],[-4.71811,35.21652],[-4.71786,35.21617],[-4.71279,35.21414],[-4.71142,35.21407],[-4.70987,35.21428],[-4.69992,35.21028],[-4.69614,35.20937],[-4.69133,35.20874],[-4.6849,35.2072],[-4.68035,35.2053],[-4.67915,35.20502],[-4.677,35.20481],[-4.67537,35.20502],[-4.67237,35.206],[-4.66893,35.20685],[-4.66747,35.20776],[-4.66747,35.20797],[-4.6673,35.20797],[-4.66721,35.20769],[-4.66524,35.20818],[-4.66516,35.20832],[-4.66559,35.20937],[-4.66601,35.20909],[-4.66756,35.20867],[-4.66782,35.20839],[-4.66799,35.20853],[-4.66773,35.20881],[-4.66618,35.20937],[-4.66576,35.20958],[-4.66481,35.21133],[-4.66387,35.21204],[-4.66318,35.21225],[-4.66275,35.21274],[-4.66249,35.21274],[-4.66215,35.21253],[-4.66207,35.21267],[-4.66181,35.2126],[-4.66129,35.21288],[-4.66052,35.21288],[-4.65923,35.2126],[-4.65932,35.21239],[-4.65975,35.21225],[-4.65949,35.21218],[-4.65958,35.21197],[-4.65975,35.2119],[-4.65975,35.21204],[-4.66026,35.2119],[-4.66018,35.2114],[-4.66078,35.21091],[-4.65983,35.21021],[-4.65829,35.20993],[-4.65769,35.20993],[-4.65657,35.21021],[-4.65563,35.2107],[-4.65511,35.21162],[-4.65529,35.21218],[-4.65597,35.21239],[-4.65623,35.2126],[-4.65614,35.21281],[-4.65589,35.21302],[-4.6558,35.21337],[-4.65563,35.21372],[-4.65477,35.21337],[-4.6546,35.21309],[-4.65426,35.21323],[-4.65374,35.21295],[-4.65357,35.21232],[-4.65391,35.21211],[-4.65365,35.21197],[-4.65305,35.21204],[-4.65305,35.21225],[-4.65331,35.21267],[-4.65331,35.21323],[-4.65262,35.2133],[-4.65228,35.21316],[-4.65219,35.21281],[-4.65237,35.21225],[-4.65228,35.21225],[-4.65177,35.21274],[-4.65185,35.2133],[-4.65168,35.21337],[-4.65108,35.21323],[-4.64979,35.21428],[-4.64953,35.21393],[-4.64876,35.21414],[-4.64859,35.21407],[-4.64808,35.21337],[-4.64799,35.21323],[-4.64833,35.21302],[-4.64799,35.21281],[-4.64799,35.2126],[-4.64833,35.21232],[-4.6491,35.21218],[-4.64936,35.2119],[-4.64893,35.21105],[-4.64825,35.21028],[-4.64644,35.20853],[-4.63168,35.1957],[-4.62782,35.19394],[-4.62636,35.19352],[-4.62267,35.19296],[-4.62095,35.19254],[-4.61975,35.19184],[-4.61795,35.19093],[-4.61417,35.18952],[-4.61237,35.18924],[-4.61014,35.1891],[-4.6055,35.18805],[-4.60327,35.1877],[-4.60241,35.18777],[-4.60078,35.18833],[-4.60044,35.18833],[-4.59992,35.18847],[-4.59537,35.19078],[-4.59271,35.1917],[-4.59108,35.19191],[-4.58404,35.19036],[-4.58113,35.18994],[-4.57829,35.18917],[-4.57606,35.18889],[-4.57486,35.18805],[-4.57366,35.18763],[-4.57134,35.18707],[-4.57031,35.187],[-4.56851,35.18707],[-4.56739,35.18728],[-4.56662,35.18728],[-4.56645,35.18722],[-4.56619,35.18721],[-4.56336,35.18615],[-4.56113,35.18482],[-4.55804,35.18391],[-4.55504,35.18342],[-4.55263,35.18349],[-4.55006,35.18286],[-4.54868,35.18272],[-4.54757,35.18223],[-4.54525,35.18153],[-4.54242,35.18033],[-4.54139,35.18012],[-4.53881,35.18005],[-4.53778,35.17984],[-4.53572,35.17865],[-4.53435,35.17816],[-4.53375,35.17802],[-4.53323,35.17809],[-4.53255,35.17802],[-4.53057,35.17739],[-4.52328,35.17633],[-4.52173,35.17577],[-4.52044,35.17563],[-4.51987,35.17534],[-4.51941,35.1753],[-4.51821,35.17535],[-4.51633,35.1757],[-4.51366,35.17654],[-4.51109,35.17704],[-4.50817,35.17704],[-4.50611,35.17725],[-4.50483,35.17719],[-4.50302,35.17732],[-4.50156,35.17725],[-4.49933,35.17704],[-4.49882,35.17683],[-4.49693,35.1764],[-4.49512,35.17647],[-4.4947,35.17633],[-4.49358,35.1764],[-4.49186,35.17612],[-4.4898,35.17528],[-4.48783,35.17416],[-4.48671,35.17381],[-4.48354,35.17297],[-4.47873,35.171],[-4.47513,35.16988],[-4.4747,35.16967],[-4.47286,35.16835],[-4.46749,35.16518],[-4.46775,35.16454],[-4.4686,35.16448],[-4.4692,35.16363],[-4.47126,35.16363],[-4.47212,35.16335],[-4.47195,35.16244],[-4.47375,35.16167],[-4.47444,35.16027],[-4.47659,35.15907],[-4.47856,35.15872],[-4.47933,35.15802],[-4.48053,35.15816],[-4.48216,35.1576],[-4.48268,35.15774],[-4.48345,35.15683],[-4.48448,35.15669],[-4.48491,35.15648],[-4.4886,35.15325],[-4.48955,35.15192],[-4.49049,35.14813],[-4.49169,35.14637],[-4.49306,35.14391],[-4.49367,35.14209],[-4.49478,35.14069],[-4.49478,35.13963],[-4.49332,35.13865],[-4.48817,35.13886],[-4.48689,35.1383],[-4.48637,35.13816],[-4.48637,35.1383],[-4.4856,35.13872],[-4.48388,35.13893],[-4.48019,35.13893],[-4.47959,35.13935],[-4.47865,35.13984],[-4.4765,35.13921],[-4.47547,35.13984],[-4.47418,35.13984],[-4.47358,35.14012],[-4.47298,35.14019],[-4.47212,35.13963],[-4.47169,35.13999],[-4.47084,35.14012],[-4.47015,35.13963],[-4.46998,35.14019],[-4.46946,35.14041],[-4.46869,35.14041],[-4.46792,35.14062],[-4.46663,35.14041],[-4.46534,35.14097],[-4.46508,35.14027],[-4.46448,35.1397],[-4.46397,35.13886],[-4.46423,35.13739],[-4.46388,35.13662],[-4.46405,35.1357],[-4.46474,35.1357],[-4.46611,35.13549],[-4.46792,35.1357],[-4.47195,35.13367],[-4.47255,35.13262],[-4.47435,35.13163],[-4.4759,35.13184],[-4.4765,35.13072],[-4.47839,35.13044],[-4.47993,35.13044],[-4.48088,35.1303],[-4.48251,35.12953],[-4.48405,35.12784],[-4.48362,35.12735],[-4.48371,35.12714],[-4.48457,35.12644],[-4.48482,35.12524],[-4.48457,35.12496],[-4.48448,35.12349],[-4.48371,35.12265],[-4.48199,35.12138],[-4.48191,35.11942],[-4.48096,35.11893],[-4.48045,35.11886],[-4.48028,35.11857],[-4.47976,35.11654],[-4.47873,35.11556],[-4.47804,35.11422],[-4.47581,35.11155],[-4.47247,35.10832],[-4.47255,35.10818],[-4.47255,35.10762],[-4.47221,35.10671],[-4.46998,35.10397],[-4.46955,35.10362],[-4.46877,35.10341],[-4.46766,35.10264],[-4.46637,35.10018],[-4.46646,35.09842],[-4.46697,35.09723],[-4.46534,35.09772],[-4.46397,35.09653],[-4.46277,35.0954],[-4.46088,35.09316],[-4.45787,35.08845],[-4.45719,35.08768],[-4.45573,35.08487],[-4.45585,35.08489],[-4.45942,35.0855],[-4.46071,35.08164],[-4.4668,35.07096],[-4.47058,35.05628],[-4.47041,35.05579],[-4.47144,35.05452],[-4.47212,35.05396],[-4.47332,35.05333],[-4.47427,35.05213],[-4.47487,35.05178],[-4.47538,35.0508],[-4.47676,35.04939],[-4.4777,35.04792],[-4.47907,35.04672],[-4.47933,35.04595],[-4.47959,35.0418],[-4.48113,35.03688],[-4.48259,35.0359],[-4.4898,35.02733],[-4.4904,35.02634],[-4.48877,35.02634],[-4.49753,35.02079],[-4.49847,35.021],[-4.49933,35.021],[-4.50268,35.02051],[-4.50405,35.02065],[-4.50534,35.02051],[-4.50697,35.0198],[-4.50886,35.01861],[-4.50963,35.01784],[-4.51075,35.01566],[-4.51186,35.01474],[-4.51229,35.01404],[-4.51255,35.0139],[-4.51366,35.01362],[-4.51512,35.01453],[-4.51512,35.01383],[-4.51487,35.01292],[-4.51469,35.01074],[-4.51444,35.01024],[-4.51272,35.01031],[-4.51246,35.0101],[-4.51289,35.00954],[-4.51323,35.00701],[-4.51384,35.00574],[-4.51384,35.00476],[-4.51281,35.00427],[-4.51195,35.00406],[-4.51178,35.00385],[-4.51117,35.00378],[-4.5104,35.0035],[-4.50954,35.00251],[-4.50912,35.00237],[-4.50963,35.00237],[-4.50929,35.00174],[-4.50946,35.00061],[-4.5098,35.00026],[-4.51014,35.00012],[-4.51032,34.99991],[-4.51195,34.99914],[-4.51332,34.99815],[-4.51658,34.99562],[-4.51701,34.99506],[-4.5177,34.9945],[-4.52044,34.99344],[-4.52302,34.99225],[-4.52611,34.99014],[-4.52714,34.98915],[-4.52911,34.98641],[-4.5298,34.98521],[-4.53014,34.98346],[-4.53014,34.98212],[-4.5298,34.98085],[-4.52851,34.9798],[-4.52817,34.97924],[-4.52817,34.97888],[-4.52688,34.97846],[-4.52645,34.9779],[-4.52611,34.97663],[-4.52602,34.97516],[-4.52663,34.97403],[-4.52714,34.97333],[-4.52972,34.97044],[-4.53366,34.96777],[-4.53547,34.96679],[-4.53847,34.96285],[-4.53976,34.96186],[-4.54114,34.96114],[-4.54164,34.96088],[-4.54319,34.96067],[-4.54448,34.96067],[-4.54577,34.96116],[-4.54645,34.96193],[-4.54662,34.96334],[-4.54697,34.96411],[-4.54765,34.9644],[-4.54911,34.96419],[-4.55323,34.96222],[-4.5625,34.95631],[-4.56388,34.9556],[-4.56842,34.95525],[-4.57031,34.95525],[-4.57186,34.95546],[-4.57357,34.95631],[-4.57426,34.95638],[-4.57589,34.95631],[-4.57623,34.95638],[-4.577,34.95626],[-4.57744,34.95631],[-4.57761,34.9561],[-4.57812,34.95617],[-4.57915,34.9561],[-4.57932,34.95589],[-4.57881,34.95574],[-4.57881,34.9556],[-4.57975,34.95546],[-4.57958,34.95469],[-4.57855,34.95427],[-4.57821,34.95392],[-4.57812,34.95349],[-4.57838,34.95307],[-4.57838,34.95265],[-4.5789,34.95181],[-4.57984,34.95265],[-4.58104,34.95173],[-4.58259,34.95216],[-4.58301,34.95209],[-4.58456,34.95103],[-4.58482,34.95061],[-4.58542,34.95047],[-4.58602,34.95082],[-4.58619,34.95068],[-4.58628,34.95019],[-4.58671,34.95075],[-4.58722,34.95075],[-4.58722,34.95089],[-4.58713,34.95131],[-4.58662,34.95181],[-4.58662,34.95202],[-4.58705,34.95181],[-4.58756,34.95181],[-4.58894,34.95335],[-4.58954,34.95483],[-4.58988,34.95504],[-4.59005,34.95532],[-4.59083,34.95553],[-4.59168,34.95525],[-4.59306,34.95539],[-4.59366,34.95525],[-4.59434,34.95483],[-4.59443,34.95455],[-4.5958,34.95321],[-4.59606,34.95279],[-4.59615,34.95237],[-4.59675,34.95159],[-4.59786,34.94941],[-4.59838,34.94864],[-4.59864,34.94787],[-4.59924,34.94709],[-4.60181,34.94456],[-4.60379,34.94224],[-4.60456,34.94174],[-4.60636,34.94146],[-4.60885,34.94153],[-4.61151,34.94174],[-4.61563,34.94245],[-4.61649,34.94224],[-4.61838,34.9421],[-4.61967,34.94217],[-4.62181,34.94259],[-4.62447,34.9459],[-4.6249,34.94632],[-4.62602,34.94632],[-4.62713,34.94695],[-4.62756,34.94758],[-4.62919,34.94808],[-4.63134,34.94836],[-4.63271,34.94836],[-4.63426,34.94822],[-4.63709,34.94843],[-4.64001,34.94913],[-4.64327,34.95159],[-4.64396,34.95188],[-4.64404,34.95223],[-4.64644,34.95307],[-4.64756,34.953],[-4.6485,34.95265],[-4.64962,34.95244],[-4.65074,34.95265],[-4.65271,34.95328],[-4.65383,34.95321],[-4.65786,34.95244],[-4.65923,34.95258],[-4.65992,34.95251],[-4.66181,34.95124],[-4.66438,34.94998],[-4.66533,34.94927],[-4.66627,34.94871],[-4.66799,34.94906],[-4.66799,34.94934],[-4.66704,34.94955],[-4.66816,34.94998],[-4.66816,34.95005],[-4.66721,34.95033],[-4.66816,34.95047],[-4.66885,34.95103],[-4.66902,34.95152],[-4.66962,34.95173],[-4.66979,34.95244],[-4.6703,34.95314],[-4.67073,34.95363],[-4.67082,34.9549],[-4.66344,34.96151],[-4.66541,34.96039],[-4.66636,34.96032],[-4.66842,34.95968],[-4.66927,34.95926],[-4.67322,34.95891],[-4.67417,34.95821],[-4.67503,34.95786],[-4.67631,34.95856],[-4.6782,34.95757],[-4.67975,34.95694],[-4.68112,34.95715],[-4.68138,34.95532],[-4.68009,34.95012],[-4.67957,34.94421],[-4.67846,34.94139],[-4.67975,34.94111],[-4.68069,34.9402],[-4.68095,34.93893],[-4.68112,34.93682],[-4.68138,34.93583],[-4.68155,34.93253],[-4.68172,34.93175],[-4.68215,34.93119],[-4.68292,34.93042],[-4.68447,34.92957],[-4.6855,34.92929],[-4.68739,34.92901],[-4.68927,34.92894],[-4.6909,34.92845],[-4.69176,34.9276],[-4.69254,34.92591],[-4.69459,34.92464],[-4.69597,34.92394],[-4.69657,34.9231],[-4.69777,34.92239],[-4.69777,34.92063],[-4.69914,34.9207],[-4.70249,34.92007],[-4.71082,34.91909],[-4.71382,34.91845],[-4.71657,34.91845],[-4.71828,34.91733],[-4.71931,34.91641],[-4.72112,34.91606],[-4.72249,34.9162],[-4.72361,34.91465],[-4.72464,34.91381],[-4.72524,34.91219],[-4.72558,34.91184],[-4.72584,34.91184],[-4.72644,34.91071],[-4.72824,34.90874],[-4.72979,34.90754],[-4.7309,34.90691],[-4.73245,34.90656],[-4.73536,34.90635],[-4.7418,34.9062],[-4.743,34.90592],[-4.7436,34.90494],[-4.74403,34.90255],[-4.74403,34.90022],[-4.74421,34.89705],[-4.74575,34.89459],[-4.74661,34.89262],[-4.74738,34.8917],[-4.74762,34.89156],[-4.74764,34.89156],[-4.74867,34.89093],[-4.74927,34.8903],[-4.74944,34.8884],[-4.74987,34.88727],[-4.75184,34.88593],[-4.75305,34.88502],[-4.75425,34.88445],[-4.75536,34.88333],[-4.75562,34.88227],[-4.75476,34.88093],[-4.75459,34.8803],[-4.75458,34.8803],[-4.7545,34.88002],[-4.75425,34.87959],[-4.75382,34.87762],[-4.7527,34.87502],[-4.75313,34.87312],[-4.7515,34.87213],[-4.75021,34.87107],[-4.74858,34.87023],[-4.74807,34.86896],[-4.7479,34.86875],[-4.74652,34.86819],[-4.74618,34.86833],[-4.74592,34.86868],[-4.74584,34.86812],[-4.74618,34.86762],[-4.74687,34.86734],[-4.74798,34.86748],[-4.74867,34.86734],[-4.75021,34.86741],[-4.75339,34.86664],[-4.75622,34.86523],[-4.75725,34.8646],[-4.76043,34.86389],[-4.76197,34.86283],[-4.76326,34.86255],[-4.76412,34.86213],[-4.76412,34.86185],[-4.76446,34.86178],[-4.76558,34.86023],[-4.76575,34.86023],[-4.76747,34.85945],[-4.76893,34.85826],[-4.76944,34.85734],[-4.76927,34.85621],[-4.76953,34.856],[-4.7697,34.85544],[-4.77004,34.85488],[-4.77167,34.85473],[-4.77227,34.8541],[-4.77313,34.85431],[-4.77382,34.85417],[-4.77519,34.85312],[-4.77613,34.85305],[-4.77656,34.85269],[-4.77674,34.85269],[-4.77751,34.85297],[-4.77794,34.8534],[-4.77931,34.85382],[-4.78043,34.85502],[-4.78068,34.85572],[-4.78197,34.85607],[-4.78249,34.85643],[-4.78309,34.85657],[-4.78429,34.8565],[-4.78506,34.85664],[-4.78558,34.85692],[-4.78592,34.85741],[-4.78609,34.85819],[-4.78661,34.85924],[-4.78781,34.85988],[-4.78909,34.86107],[-4.7903,34.86129],[-4.79133,34.8622],[-4.79184,34.86361],[-4.79356,34.86523],[-4.79425,34.86643],[-4.79459,34.86741],[-4.79545,34.86755],[-4.79605,34.86798],[-4.79605,34.8684],[-4.79785,34.86974],[-4.8018,34.87805],[-4.80206,34.87769],[-4.80231,34.87769],[-4.80291,34.87797],[-4.80369,34.8779],[-4.80394,34.87819],[-4.80437,34.87826],[-4.80515,34.87812],[-4.80592,34.87762],[-4.80678,34.87685],[-4.80841,34.87586],[-4.80892,34.87516],[-4.80978,34.87481],[-4.81081,34.87326],[-4.81158,34.87136],[-4.81261,34.87037],[-4.81253,34.87016],[-4.81218,34.87023],[-4.81227,34.87002],[-4.81399,34.86882],[-4.81424,34.86819],[-4.81493,34.86776],[-4.81493,34.86734],[-4.81467,34.86692],[-4.81519,34.86636],[-4.8157,34.86614],[-4.81622,34.86636],[-4.81665,34.86636],[-4.81716,34.866],[-4.81785,34.8653],[-4.81802,34.86474],[-4.81819,34.8646],[-4.81828,34.86431],[-4.81862,34.8641],[-4.81896,34.86368],[-4.81888,34.86354],[-4.81802,34.86368],[-4.81785,34.86276],[-4.81682,34.86143],[-4.8169,34.86122],[-4.8163,34.86002],[-4.81519,34.8591],[-4.81484,34.85854],[-4.81381,34.85762],[-4.81356,34.85762],[-4.81227,34.85692],[-4.81218,34.85657],[-4.81253,34.85621],[-4.81184,34.85466],[-4.81184,34.8541],[-4.81141,34.85347],[-4.8109,34.85305],[-4.81064,34.85227],[-4.81029,34.85185],[-4.80969,34.85058],[-4.8048,34.85305],[-4.80489,34.85389],[-4.80437,34.8534],[-4.80309,34.85305],[-4.80283,34.85276],[-4.80257,34.85185],[-4.80223,34.85114],[-4.80094,34.84994],[-4.8,34.84861],[-4.79948,34.84804],[-4.79837,34.84748],[-4.79725,34.84635],[-4.79467,34.84241],[-4.79519,34.84015],[-4.79535,34.83987],[-4.79558,34.83947],[-4.79576,34.83944],[-4.79725,34.83917],[-4.79785,34.83924],[-4.79862,34.83889],[-4.80034,34.83853],[-4.80163,34.83804],[-4.80206,34.83776],[-4.80326,34.83734],[-4.80394,34.83691],[-4.80506,34.83572],[-4.80549,34.8355],[-4.80575,34.83543],[-4.80729,34.83565],[-4.80892,34.83649],[-4.81004,34.83677],[-4.81072,34.83705],[-4.8139,34.83684],[-4.8145,34.8367],[-4.81519,34.83684],[-4.81519,34.83649],[-4.8157,34.83642],[-4.81622,34.83614],[-4.81673,34.83522],[-4.8169,34.83494],[-4.8169,34.83438],[-4.81793,34.83241],[-4.81785,34.83107],[-4.8175,34.82952],[-4.8175,34.82909],[-4.81785,34.82874],[-4.81974,34.8286],[-4.82017,34.82881],[-4.82051,34.82881],[-4.82085,34.8286],[-4.82154,34.8286],[-4.82248,34.82839],[-4.82326,34.82853],[-4.82377,34.82881],[-4.82592,34.82782],[-4.82669,34.82776],[-4.82823,34.82782],[-4.82935,34.82825],[-4.83089,34.82832],[-4.83158,34.82853],[-4.83338,34.82818],[-4.83467,34.82832],[-4.8345,34.82782],[-4.83458,34.82691],[-4.83295,34.82564],[-4.83244,34.82501],[-4.83253,34.82465],[-4.83304,34.82437],[-4.83338,34.82395],[-4.83398,34.82282],[-4.83338,34.82141],[-4.8339,34.82092],[-4.83484,34.82043],[-4.83519,34.82057],[-4.83527,34.82078],[-4.83501,34.8212],[-4.83501,34.82141],[-4.83519,34.82162],[-4.83596,34.82184],[-4.83725,34.82282],[-4.83793,34.82353],[-4.83896,34.82339],[-4.84042,34.82353],[-4.84197,34.82339],[-4.84214,34.8236],[-4.84205,34.8243],[-4.84222,34.82451],[-4.8424,34.82451],[-4.84343,34.82409],[-4.84394,34.82409],[-4.84514,34.82473],[-4.84694,34.82494],[-4.84772,34.8248],[-4.84849,34.82529],[-4.84978,34.82515],[-4.85064,34.82487],[-4.85107,34.82487],[-4.85192,34.82508],[-4.85295,34.82473],[-4.85381,34.82416],[-4.85475,34.82388],[-4.85553,34.82346],[-4.85639,34.8236],[-4.85656,34.82353],[-4.85699,34.82303],[-4.85759,34.82261],[-4.85879,34.8224],[-4.85879,34.82254],[-4.85982,34.82303],[-4.86033,34.82303],[-4.86068,34.82282],[-4.86162,34.82289],[-4.86282,34.82402],[-4.86274,34.82458],[-4.86239,34.8248],[-4.86162,34.82508],[-4.86111,34.82571],[-4.86102,34.82635],[-4.86119,34.82705],[-4.86128,34.82719],[-4.86162,34.82712],[-4.86196,34.8267],[-4.86248,34.82642],[-4.86454,34.82557],[-4.86463,34.82522],[-4.86454,34.8248],[-4.86463,34.82458],[-4.86488,34.82444],[-4.8654,34.82437],[-4.86574,34.82458],[-4.86669,34.82599],[-4.86703,34.82613],[-4.86729,34.82599],[-4.8684,34.82473],[-4.86866,34.82458],[-4.86909,34.82473],[-4.87012,34.82663],[-4.87063,34.82712],[-4.87055,34.82797],[-4.87089,34.82818],[-4.87304,34.82649],[-4.87398,34.82628],[-4.87501,34.82578],[-4.87561,34.82621],[-4.87681,34.82635],[-4.87724,34.82663],[-4.8775,34.82698],[-4.87862,34.82698],[-4.8799,34.8274],[-4.88042,34.82726],[-4.88119,34.82606],[-4.88248,34.82585],[-4.88402,34.82578],[-4.88445,34.82621],[-4.8848,34.82712],[-4.88514,34.82754],[-4.88557,34.8279],[-4.88591,34.82797],[-4.88608,34.8279],[-4.88617,34.82754],[-4.88754,34.82733],[-4.8878,34.82712],[-4.88789,34.8267],[-4.88857,34.82656],[-4.88866,34.82613],[-4.88857,34.82473],[-4.88892,34.8243],[-4.88917,34.8243],[-4.89012,34.82494],[-4.89063,34.82494],[-4.89123,34.8243],[-4.89166,34.82317],[-4.89226,34.82317],[-4.89389,34.82332],[-4.89441,34.82303],[-4.89518,34.82226],[-4.89587,34.82205],[-4.89656,34.82191],[-4.89801,34.82191],[-4.8987,34.82162],[-4.89922,34.82127],[-4.89964,34.82043],[-4.89982,34.81993],[-4.90213,34.82043],[-4.90256,34.82022],[-4.90282,34.81965],[-4.90256,34.81853],[-4.90273,34.81775],[-4.90282,34.81747],[-4.90419,34.81683],[-4.90437,34.81648],[-4.90437,34.81613],[-4.90376,34.81521],[-4.90376,34.81486],[-4.90394,34.81458],[-4.90471,34.81465],[-4.90617,34.81535],[-4.90634,34.81514],[-4.90625,34.81416],[-4.90642,34.81401],[-4.90677,34.81401],[-4.9072,34.81423],[-4.90857,34.81535],[-4.90926,34.81472],[-4.90926,34.81387],[-4.90866,34.81176],[-4.90866,34.81169],[-4.90909,34.81148],[-4.91054,34.81169],[-4.912,34.81211],[-4.91218,34.81204],[-4.91226,34.81162],[-4.91183,34.81007],[-4.91269,34.80972],[-4.91364,34.80979],[-4.91398,34.81021],[-4.91398,34.8112],[-4.91415,34.81169],[-4.91501,34.81225],[-4.9157,34.81239],[-4.9163,34.81204],[-4.9169,34.81084],[-4.91707,34.80817],[-4.91733,34.80732],[-4.91801,34.8069],[-4.91878,34.80704],[-4.91921,34.80746],[-4.91956,34.80817],[-4.9199,34.80943],[-4.92024,34.80993],[-4.92084,34.81007],[-4.92162,34.80993],[-4.92188,34.80965],[-4.92265,34.80887],[-4.92308,34.80873],[-4.92359,34.80873],[-4.92428,34.80908],[-4.92488,34.80965],[-4.92608,34.81127],[-4.92694,34.81176],[-4.92768,34.81182],[-4.92771,34.81169],[-4.92797,34.81169],[-4.9283,34.8112],[-4.92874,34.80986],[-4.9287,34.80998],[-4.92879,34.80981],[-4.92917,34.80845],[-4.92951,34.80795],[-4.93003,34.80774],[-4.93063,34.80767],[-4.93149,34.8081],[-4.93175,34.80894],[-4.93217,34.80979],[-4.9326,34.81148],[-4.93449,34.81239],[-4.93483,34.81239],[-4.93561,34.81204],[-4.93561,34.81141],[-4.93578,34.81112],[-4.93638,34.81099],[-4.93647,34.81056],[-4.93792,34.80831],[-4.93887,34.80619],[-4.93973,34.80647],[-4.93999,34.80697],[-4.9405,34.80683],[-4.94119,34.80725],[-4.94213,34.80838],[-4.94222,34.80887],[-4.94265,34.80908],[-4.94574,34.80795],[-4.94788,34.80478],[-4.95149,34.80654],[-4.95286,34.80683],[-4.95707,34.80429],[-4.9629,34.80091],[-4.96359,34.80034],[-4.96985,34.80048],[-4.97792,34.79823],[-4.97827,34.79872],[-4.97912,34.79851],[-4.9793,34.79858],[-4.97947,34.79886],[-4.97904,34.79957],[-4.97912,34.79978],[-4.97973,34.80006],[-4.9823,34.79886],[-4.98865,34.79421],[-4.98942,34.79337],[-4.99071,34.79351],[-4.99131,34.79351],[-4.9944,34.79301],[-4.9962,34.79322],[-5.00942,34.79492],[-5.00994,34.79576],[-5.01054,34.7959],[-5.01191,34.79534],[-5.01217,34.79499],[-5.01294,34.7947],[-5.01328,34.79407],[-5.01371,34.79372],[-5.01509,34.79301],[-5.01586,34.79238],[-5.01663,34.79203],[-5.01732,34.79125],[-5.01809,34.79174],[-5.01852,34.79238],[-5.01861,34.79294],[-5.02006,34.79322],[-5.02084,34.79379],[-5.02118,34.79379],[-5.02221,34.79414],[-5.0235,34.79435],[-5.0241,34.79492],[-5.02556,34.79541],[-5.0259,34.79569],[-5.0259,34.79654],[-5.02693,34.79604],[-5.0277,34.79738],[-5.02916,34.79837],[-5.02942,34.79879],[-5.03036,34.79936],[-5.03097,34.80041],[-5.03088,34.80112],[-5.03036,34.8021],[-5.03054,34.80288],[-5.03045,34.80373],[-5.03011,34.80415],[-5.03191,34.80422],[-5.03423,34.80464],[-5.0356,34.8045],[-5.03629,34.80478],[-5.03672,34.80429],[-5.03689,34.80471],[-5.03826,34.8057],[-5.03998,34.80633],[-5.04127,34.80647],[-5.04427,34.80513],[-5.04985,34.80098],[-5.05053,34.80069],[-5.05088,34.80069],[-5.05191,34.8002],[-5.05217,34.80027],[-5.05242,34.80013],[-5.05268,34.79943],[-5.05311,34.79915],[-5.05328,34.79879],[-5.05483,34.79795],[-5.05508,34.79752],[-5.05577,34.79738],[-5.05594,34.79717],[-5.0562,34.79703],[-5.05629,34.79689],[-5.05611,34.79675],[-5.05654,34.79618],[-5.05706,34.79604],[-5.05774,34.79555],[-5.05817,34.79548],[-5.05835,34.79527],[-5.05817,34.79485],[-5.05817,34.79463],[-5.05869,34.79407],[-5.0586,34.79393],[-5.058,34.79386],[-5.05783,34.79365],[-5.05809,34.79322],[-5.05877,34.79287],[-5.05886,34.79231],[-5.06023,34.79294],[-5.06109,34.79315],[-5.06135,34.79322],[-5.06161,34.79308],[-5.06195,34.79315],[-5.06247,34.7928],[-5.06264,34.79301],[-5.06307,34.79294],[-5.06324,34.79301],[-5.06367,34.79301],[-5.06375,34.7933],[-5.06418,34.79315],[-5.06461,34.7933],[-5.06496,34.79308],[-5.06521,34.79337],[-5.06547,34.7933],[-5.06564,34.79351],[-5.06856,34.794],[-5.06916,34.79421],[-5.06993,34.79428],[-5.07028,34.79456],[-5.07182,34.79506],[-5.07328,34.79492],[-5.07388,34.79449],[-5.0756,34.7921],[-5.07731,34.79062],[-5.07757,34.79055],[-5.08083,34.79062],[-5.08384,34.78921],[-5.08487,34.78787],[-5.08512,34.78773],[-5.08658,34.78702],[-5.08804,34.78688],[-5.08907,34.78688],[-5.09002,34.78575],[-5.09088,34.7854],[-5.09131,34.78533],[-5.09091,34.78569],[-5.09088,34.7854],[-5.09131,34.78533],[-5.09156,34.78505],[-5.09182,34.7842],[-5.09259,34.78378],[-5.09328,34.78378],[-5.09465,34.78321],[-5.0956,34.78209],[-5.09585,34.78202],[-5.0968,34.78075],[-5.09766,34.78011],[-5.09843,34.78004],[-5.10015,34.78082],[-5.10186,34.78131],[-5.10444,34.78159],[-5.10607,34.7811],[-5.10753,34.77997],[-5.10787,34.7799],[-5.10796,34.77997],[-5.10839,34.77976],[-5.10967,34.77955],[-5.11173,34.77807],[-5.11225,34.77743],[-5.11276,34.77708],[-5.11362,34.7768],[-5.11542,34.77652],[-5.11783,34.77638],[-5.1192,34.77666],[-5.12032,34.77743],[-5.12092,34.77764],[-5.12152,34.77779],[-5.12212,34.77757],[-5.12289,34.77694],[-5.12306,34.77652],[-5.12375,34.77327],[-5.12547,34.77045],[-5.12607,34.77003],[-5.12632,34.76947],[-5.12701,34.7694],[-5.12813,34.76848],[-5.12958,34.76756],[-5.13139,34.76686],[-5.13199,34.76749],[-5.13474,34.76862],[-5.13551,34.76919],[-5.13662,34.77109],[-5.1386,34.77186],[-5.14272,34.7732],[-5.14366,34.77306],[-5.14461,34.77264],[-5.14521,34.77201],[-5.14495,34.7706],[-5.14572,34.77031],[-5.14624,34.76996],[-5.14692,34.76996],[-5.14727,34.77052],[-5.14732,34.77096],[-5.14744,34.77193],[-5.14778,34.77285],[-5.1489,34.77313],[-5.15224,34.77313],[-5.15362,34.77363],[-5.15508,34.77468],[-5.15885,34.77645],[-5.16023,34.7775],[-5.16272,34.77905],[-5.16426,34.77948],[-5.16641,34.7792],[-5.16855,34.7792],[-5.16924,34.77976],[-5.17018,34.78138],[-5.17087,34.78173],[-5.17233,34.7818],[-5.17362,34.78244],[-5.17593,34.78413],[-5.17739,34.78603],[-5.17859,34.78801],[-5.17919,34.78956],[-5.17954,34.79083],[-5.17962,34.79301],[-5.17997,34.79379],[-5.18031,34.79506],[-5.17971,34.79569],[-5.17851,34.79611],[-5.17782,34.79724],[-5.17859,34.79929],[-5.17842,34.79971],[-5.17808,34.80006],[-5.17765,34.80027],[-5.17705,34.80027],[-5.17585,34.80006],[-5.17508,34.80006],[-5.17396,34.79985],[-5.17241,34.7995],[-5.17061,34.79879],[-5.16838,34.79809],[-5.16692,34.79795],[-5.16615,34.79795],[-5.16392,34.79921],[-5.16272,34.80069],[-5.16254,34.80126],[-5.16254,34.80203],[-5.16289,34.80274],[-5.1634,34.80309],[-5.16572,34.80288],[-5.16718,34.80295],[-5.16787,34.8033],[-5.16847,34.80408],[-5.16855,34.80443],[-5.16855,34.80549],[-5.16838,34.80598],[-5.16744,34.8069],[-5.16615,34.80781],[-5.16503,34.80951],[-5.16452,34.81056],[-5.16426,34.81282],[-5.16555,34.81331],[-5.16769,34.81366],[-5.16907,34.81387],[-5.16984,34.81387],[-5.17104,34.81408],[-5.17259,34.81401],[-5.17619,34.81571],[-5.17671,34.8169],[-5.17679,34.81782],[-5.17619,34.81874],[-5.17576,34.81909],[-5.17516,34.81944],[-5.17379,34.81979],[-5.17293,34.81986],[-5.17104,34.81965],[-5.16984,34.81972],[-5.1689,34.82008],[-5.16829,34.82071],[-5.16881,34.82303],[-5.1695,34.82395],[-5.17104,34.8255],[-5.17207,34.82733],[-5.17387,34.82916],[-5.17516,34.82966],[-5.17576,34.82973],[-5.17636,34.82959],[-5.17713,34.82874],[-5.17782,34.82705],[-5.17877,34.82388],[-5.17885,34.82078],[-5.18005,34.81895],[-5.18048,34.81874],[-5.18289,34.81831],[-5.18417,34.81874],[-5.18572,34.81965],[-5.18632,34.8205],[-5.18623,34.82106],[-5.18632,34.82134],[-5.1846,34.82325],[-5.18435,34.82395],[-5.18435,34.82444],[-5.18469,34.8255],[-5.1858,34.82761],[-5.18615,34.82818],[-5.18726,34.82902],[-5.19078,34.831],[-5.1913,34.83149],[-5.1913,34.83191],[-5.19113,34.83212],[-5.1907,34.83241],[-5.18907,34.83276],[-5.18503,34.83304],[-5.18452,34.83325],[-5.18323,34.83424],[-5.18306,34.83452],[-5.18357,34.83607],[-5.18409,34.83635],[-5.1846,34.83642],[-5.18512,34.83614],[-5.18889,34.83677],[-5.18992,34.83698],[-5.19061,34.83727],[-5.1919,34.83797],[-5.19216,34.83832],[-5.1925,34.83875],[-5.19246,34.83951],[-5.19244,34.83975],[-5.19207,34.84036],[-5.19113,34.84114],[-5.19001,34.84142],[-5.19087,34.8417],[-5.1913,34.84199],[-5.19121,34.84354],[-5.19181,34.84508],[-5.19319,34.84607],[-5.19516,34.84713],[-5.1955,34.84769],[-5.19559,34.84804],[-5.19533,34.84896],[-5.19465,34.85009],[-5.19362,34.851],[-5.19241,34.85178],[-5.19216,34.85234],[-5.19224,34.8529],[-5.19259,34.85347],[-5.19327,34.85396],[-5.19653,34.8553],[-5.19722,34.85572],[-5.19816,34.85685],[-5.19876,34.85812],[-5.19885,34.86037],[-5.19876,34.86051],[-5.19834,34.86072],[-5.19696,34.86107],[-5.19653,34.8615],[-5.19662,34.86178],[-5.19748,34.8622],[-5.19911,34.86262],[-5.19928,34.86297],[-5.19902,34.86368],[-5.19851,34.8646],[-5.19834,34.86628],[-5.19773,34.86798],[-5.19748,34.87051],[-5.1967,34.87164],[-5.1967,34.87234],[-5.19705,34.87269],[-5.19739,34.87276],[-5.19816,34.87283],[-5.19902,34.87262],[-5.19997,34.8722],[-5.201,34.87199],[-5.2016,34.87192],[-5.20228,34.8722],[-5.20237,34.87255],[-5.20237,34.87319],[-5.20194,34.87375],[-5.20134,34.87509],[-5.20108,34.87621],[-5.20143,34.87685],[-5.20271,34.87727],[-5.20477,34.87741],[-5.20477,34.87776],[-5.20434,34.87861],[-5.20451,34.87903],[-5.20726,34.88051],[-5.2074,34.88056],[-5.20769,34.88072],[-5.20932,34.88128],[-5.21035,34.88178],[-5.2107,34.88311],[-5.2107,34.88403],[-5.21104,34.88466],[-5.21147,34.88509],[-5.21327,34.88565],[-5.21396,34.88593],[-5.21439,34.88642],[-5.21421,34.88762],[-5.21378,34.88896],[-5.21439,34.89058],[-5.2143,34.89114],[-5.21404,34.89156],[-5.21318,34.89199],[-5.21198,34.8929],[-5.21181,34.89311],[-5.21207,34.89325],[-5.21318,34.89353],[-5.21421,34.89332],[-5.21524,34.89297],[-5.21567,34.89304],[-5.21584,34.89353],[-5.21584,34.89536],[-5.21627,34.89663],[-5.21662,34.89705],[-5.21713,34.89727],[-5.21885,34.89677],[-5.21936,34.89691],[-5.21979,34.8972],[-5.22039,34.8979],[-5.22101,34.89909],[-5.22134,34.89973],[-5.22263,34.90135],[-5.2228,34.90184],[-5.22263,34.90248],[-5.22271,34.90311],[-5.22297,34.9036],[-5.22348,34.90402],[-5.22383,34.90423],[-5.22469,34.90438],[-5.22546,34.90416],[-5.22597,34.90423],[-5.22597,34.90409],[-5.22683,34.90423],[-5.22795,34.90423],[-5.22829,34.90431],[-5.22881,34.90452],[-5.22915,34.90543],[-5.23001,34.90628],[-5.22984,34.90691],[-5.22881,34.90775],[-5.22855,34.90832],[-5.22855,34.9086],[-5.22906,34.90916],[-5.22992,34.90951],[-5.23052,34.90994],[-5.23078,34.91036],[-5.23104,34.9112],[-5.23147,34.91148],[-5.23181,34.91148],[-5.23336,34.91106],[-5.23421,34.91113],[-5.23447,34.91155],[-5.23438,34.91184],[-5.23395,34.91219],[-5.23404,34.91247],[-5.23447,34.91331],[-5.23473,34.91353],[-5.23533,34.91353],[-5.2361,34.91331],[-5.23636,34.91345],[-5.23679,34.91472],[-5.23696,34.91486],[-5.23756,34.91514],[-5.23816,34.91507],[-5.23893,34.91479],[-5.23928,34.91486],[-5.23988,34.9155],[-5.24039,34.91571],[-5.24159,34.91634],[-5.24185,34.91662],[-5.24202,34.9174],[-5.24254,34.91782],[-5.24288,34.91803],[-5.24374,34.91803],[-5.24425,34.91831],[-5.24494,34.91895],[-5.24623,34.91944],[-5.24657,34.91979],[-5.24692,34.91993],[-5.24777,34.92063],[-5.24795,34.92092],[-5.24803,34.92134],[-5.2488,34.92218],[-5.24949,34.92267],[-5.24949,34.92289],[-5.24958,34.9231],[-5.25009,34.92317],[-5.25018,34.92331],[-5.24992,34.92359],[-5.25001,34.9238],[-5.25138,34.92422],[-5.25181,34.92451],[-5.25275,34.92472],[-5.25318,34.92457],[-5.25335,34.92486],[-5.25335,34.92535],[-5.25361,34.92556],[-5.25421,34.92563],[-5.25464,34.92612],[-5.25498,34.92633],[-5.25619,34.92654],[-5.25679,34.9269],[-5.25704,34.92697],[-5.25747,34.92683],[-5.25747,34.92739],[-5.25765,34.9276],[-5.25782,34.9276],[-5.2585,34.92802],[-5.25953,34.92788],[-5.25996,34.92802],[-5.26116,34.92873],[-5.26142,34.92936],[-5.26168,34.92943],[-5.26194,34.92978],[-5.26271,34.92985],[-5.26322,34.93028],[-5.26382,34.93035],[-5.26425,34.9321],[-5.26468,34.93225],[-5.2652,34.93288],[-5.26614,34.93295],[-5.26649,34.9333],[-5.26657,34.93334],[-5.26656,34.93333],[-5.26666,34.93337],[-5.26709,34.9333],[-5.26743,34.93309],[-5.26777,34.93316],[-5.26794,34.93337],[-5.26803,34.93372],[-5.26872,34.93422],[-5.2688,34.93443],[-5.26863,34.93443],[-5.26889,34.93471],[-5.26949,34.93506],[-5.26949,34.93534],[-5.2706,34.93562],[-5.27103,34.93555],[-5.27198,34.9359],[-5.27215,34.93612],[-5.27266,34.93612],[-5.27344,34.93696],[-5.27378,34.93717],[-5.27378,34.9378],[-5.27344,34.93872],[-5.27327,34.93921],[-5.27327,34.93991],[-5.27344,34.94048],[-5.27361,34.9409],[-5.27473,34.94167],[-5.27481,34.94203],[-5.2743,34.94259],[-5.27438,34.94315],[-5.27481,34.94364],[-5.27576,34.94428],[-5.27601,34.9447],[-5.27601,34.94526],[-5.27653,34.94554],[-5.27721,34.94646],[-5.27756,34.94625],[-5.27842,34.94639],[-5.27927,34.94632],[-5.27962,34.94653],[-5.28031,34.94645],[-5.2803,34.94645],[-5.28082,34.94639],[-5.2809,34.94653],[-5.2809,34.94702],[-5.28034,34.94748],[-5.2803,34.94751],[-5.27987,34.94885],[-5.2803,34.94975],[-5.28036,34.94988],[-5.28048,34.95012],[-5.28056,34.95061],[-5.28035,34.95099],[-5.28013,34.95131],[-5.28016,34.95133],[-5.28013,34.95138],[-5.28056,34.95138],[-5.28065,34.95173],[-5.28048,34.95202],[-5.2803,34.95199],[-5.28031,34.95199],[-5.28005,34.95195],[-5.27979,34.95202],[-5.28013,34.95258],[-5.28022,34.95335],[-5.28048,34.95399],[-5.2809,34.9542],[-5.28073,34.95511],[-5.28073,34.95525],[-5.28116,34.95525],[-5.28151,34.9556],[-5.28176,34.95567],[-5.28262,34.95617],[-5.28468,34.95631],[-5.28631,34.95624],[-5.28726,34.95574],[-5.28768,34.95567],[-5.28812,34.95567],[-5.28846,34.95589],[-5.28915,34.95596],[-5.29112,34.95574],[-5.29181,34.95525],[-5.29223,34.95532],[-5.29241,34.9556],[-5.29232,34.95596],[-5.29249,34.95631],[-5.29309,34.95666],[-5.29344,34.95701],[-5.29378,34.95722],[-5.2949,34.95715],[-5.29524,34.95743],[-5.2955,34.95842],[-5.29584,34.95842],[-5.29601,34.95821],[-5.2967,34.95799],[-5.29764,34.95975],[-5.2985,34.96032],[-5.29996,34.96046],[-5.30013,34.96081],[-5.30022,34.96151],[-5.30099,34.96236],[-5.30125,34.96327],[-5.30245,34.96362],[-5.30245,34.96376],[-5.30219,34.96433],[-5.30314,34.96468],[-5.30339,34.96503],[-5.30331,34.96601],[-5.30365,34.96644],[-5.30434,34.96665],[-5.30451,34.96714],[-5.30391,34.96791],[-5.30434,34.96834],[-5.30631,34.96876],[-5.3064,34.9689],[-5.30597,34.96925],[-5.30528,34.96939],[-5.30528,34.96974],[-5.30562,34.96981],[-5.30631,34.96967],[-5.30665,34.96939],[-5.30794,34.96897],[-5.30837,34.9689],[-5.30914,34.96925],[-5.30957,34.96974],[-5.31043,34.97002],[-5.31077,34.97031],[-5.31129,34.97037],[-5.3118,34.97002],[-5.31206,34.97009],[-5.31223,34.97073],[-5.31198,34.97129],[-5.31198,34.97171],[-5.31215,34.97192],[-5.31481,34.97143],[-5.31506,34.97171],[-5.31489,34.97213],[-5.31489,34.97255],[-5.31618,34.97255],[-5.31644,34.97298],[-5.31627,34.97347],[-5.31635,34.97389],[-5.31721,34.97389],[-5.31721,34.97467],[-5.31695,34.97537],[-5.31755,34.97671],[-5.31781,34.97699],[-5.31919,34.97727],[-5.31936,34.97755],[-5.31936,34.97776],[-5.31876,34.97804],[-5.31919,34.97867],[-5.32047,34.98022],[-5.32064,34.98029],[-5.3209,34.98015],[-5.32142,34.98015],[-5.32313,34.9817],[-5.32305,34.98092],[-5.32331,34.98071],[-5.32382,34.981],[-5.32391,34.98121],[-5.32373,34.98149],[-5.32373,34.98177],[-5.32399,34.98205],[-5.32433,34.98212],[-5.32476,34.98212],[-5.32502,34.98198],[-5.32536,34.98205],[-5.32579,34.98233],[-5.32665,34.98331],[-5.32845,34.98388],[-5.32871,34.98409],[-5.32931,34.98409],[-5.32966,34.98444],[-5.32974,34.98479],[-5.3294,34.98535],[-5.32949,34.98606],[-5.33009,34.98662],[-5.33197,34.98606],[-5.33318,34.9862],[-5.33275,34.9869],[-5.33266,34.98768],[-5.33283,34.98803],[-5.33395,34.98852],[-5.33472,34.98922],[-5.33566,34.98957],[-5.33609,34.98992],[-5.33627,34.99035],[-5.33669,34.99077],[-5.33738,34.99077],[-5.3379,34.99056],[-5.3385,34.99077],[-5.33867,34.99147],[-5.33918,34.99197],[-5.34021,34.99225],[-5.34064,34.99302],[-5.34253,34.99393],[-5.34279,34.99428],[-5.34288,34.99499],[-5.34442,34.99548],[-5.34468,34.99604],[-5.34511,34.99654],[-5.34562,34.99675],[-5.34579,34.99597],[-5.34631,34.99583],[-5.34837,34.9959],[-5.34871,34.99611],[-5.34897,34.99724],[-5.34923,34.99731],[-5.35017,34.99696],[-5.35111,34.99618],[-5.35206,34.99625],[-5.3524,34.99639],[-5.35266,34.99668],[-5.35232,34.99822],[-5.35438,34.99864],[-5.35523,34.99928],[-5.35515,34.99977],[-5.3542,35.00075],[-5.35463,35.00111],[-5.35541,35.00111],[-5.35566,35.00153],[-5.35515,35.00286],[-5.35541,35.00328],[-5.35601,35.0035],[-5.35626,35.00469],[-5.35747,35.00624],[-5.35721,35.00666],[-5.35678,35.00694],[-5.35669,35.00736],[-5.35807,35.0087],[-5.35858,35.01031],[-5.35893,35.01067],[-5.35884,35.01102],[-5.35867,35.01109],[-5.35738,35.01095],[-5.35678,35.01109],[-5.35669,35.0113],[-5.35686,35.01172],[-5.3585,35.01179],[-5.3591,35.01179],[-5.36021,35.01151],[-5.36056,35.01158],[-5.36159,35.01214],[-5.3633,35.01277],[-5.36373,35.01299],[-5.36382,35.0132],[-5.36262,35.01404],[-5.36253,35.01488],[-5.36279,35.01517],[-5.3633,35.01517],[-5.36519,35.01488],[-5.36588,35.01524],[-5.36674,35.01587],[-5.36751,35.01657],[-5.36759,35.01734],[-5.36777,35.01756],[-5.36854,35.01777],[-5.36897,35.01756],[-5.3694,35.01706],[-5.36991,35.01671],[-5.37017,35.01678],[-5.37077,35.01734],[-5.3712,35.01819],[-5.37249,35.01945],[-5.37283,35.02009],[-5.37291,35.02114],[-5.37352,35.0224],[-5.37394,35.0229],[-5.37489,35.02325],[-5.37592,35.02409],[-5.37721,35.02451],[-5.37807,35.02458],[-5.3791,35.02451],[-5.38133,35.02416],[-5.38167,35.02416],[-5.3821,35.02458],[-5.3827,35.02479],[-5.38282,35.02482],[-5.38304,35.02487],[-5.38588,35.02395],[-5.3894,35.02437],[-5.38965,35.02458],[-5.38974,35.02487],[-5.38957,35.02515],[-5.38957,35.02564],[-5.39034,35.02592],[-5.39103,35.02578],[-5.3918,35.02472],[-5.39231,35.02444],[-5.39334,35.02458],[-5.39412,35.02494],[-5.39497,35.02599],[-5.39532,35.02733],[-5.39566,35.02761],[-5.39635,35.02754],[-5.39746,35.02733],[-5.39866,35.02641],[-5.40124,35.02487],[-5.40347,35.02451],[-5.40519,35.02479],[-5.40682,35.02416],[-5.40836,35.02451],[-5.40939,35.02451],[-5.41059,35.02388],[-5.41223,35.0236],[-5.41248,35.02353],[-5.4136,35.02374],[-5.41549,35.02318],[-5.41678,35.02325],[-5.41806,35.02353],[-5.41849,35.02353],[-5.42064,35.02233],[-5.42158,35.0222],[-5.42201,35.02248],[-5.42287,35.02339],[-5.42356,35.02395],[-5.42441,35.02444],[-5.42579,35.02501],[-5.42862,35.02683],[-5.42896,35.02831],[-5.42922,35.02873],[-5.42973,35.02873],[-5.43051,35.02838],[-5.43222,35.02852],[-5.4342,35.02915],[-5.43557,35.02943],[-5.4372,35.02901],[-5.43849,35.02915],[-5.439,35.02965],[-5.43986,35.03084],[-5.44081,35.03126],[-5.44235,35.03175],[-5.4451,35.03365],[-5.44621,35.03407],[-5.44896,35.03407],[-5.45033,35.03386],[-5.45076,35.03393],[-5.45102,35.03421],[-5.45076,35.03485],[-5.45145,35.03555],[-5.45402,35.03639],[-5.45463,35.03695],[-5.45548,35.03829],[-5.4548,35.04054],[-5.45626,35.04152],[-5.4566,35.04194],[-5.4566,35.04258],[-5.45703,35.043],[-5.45806,35.04335],[-5.45909,35.04314],[-5.459,35.04236],[-5.45849,35.04194],[-5.45832,35.04166],[-5.45849,35.04117],[-5.45883,35.04089],[-5.45952,35.04082],[-5.46003,35.04096],[-5.46106,35.04131],[-5.46175,35.04187],[-5.46244,35.04208],[-5.46338,35.04187],[-5.46415,35.04089],[-5.46561,35.04019],[-5.46656,35.03948],[-5.46733,35.03836],[-5.46793,35.03667],[-5.46862,35.03555],[-5.4693,35.03527],[-5.46982,35.03527],[-5.47102,35.03562],[-5.47222,35.03541],[-5.4754,35.0352],[-5.47608,35.03499],[-5.47969,35.03175],[-5.48243,35.02993],[-5.48346,35.02965],[-5.48415,35.02965],[-5.48475,35.02943],[-5.48604,35.02817],[-5.48621,35.02782],[-5.48621,35.02683],[-5.4863,35.02592],[-5.48673,35.02536],[-5.48844,35.02501],[-5.48896,35.02501],[-5.48982,35.02536],[-5.49007,35.02536],[-5.49136,35.02437],[-5.4917,35.02423],[-5.49359,35.02437],[-5.49376,35.02437],[-5.49248,35.02599],[-5.49128,35.02859],[-5.49188,35.03196],[-5.49188,35.03365],[-5.49102,35.03506],[-5.48999,35.03604],[-5.49042,35.03808],[-5.49248,35.0397],[-5.49522,35.04124],[-5.49771,35.04215],[-5.49977,35.04377],[-5.50089,35.04503],[-5.50132,35.04609],[-5.50235,35.04714],[-5.50235,35.04876],[-5.50132,35.04967],[-5.49804,35.05111],[-5.49803,35.05112],[-5.49746,35.0515],[-5.49969,35.05396],[-5.50303,35.05649],[-5.50123,35.05817],[-5.50424,35.05986],[-5.50449,35.06014],[-5.50492,35.06162],[-5.50561,35.06232],[-5.50818,35.06359],[-5.50887,35.06639],[-5.52003,35.07798],[-5.52295,35.08115],[-5.52441,35.08325],[-5.52587,35.08487],[-5.52698,35.08578],[-5.52527,35.09393],[-5.52449,35.09639],[-5.52784,35.10411],[-5.53136,35.11085],[-5.52621,35.11366],[-5.5166,35.12068],[-5.51531,35.12223],[-5.51462,35.12328],[-5.51471,35.12377],[-5.51505,35.12391],[-5.51625,35.12356],[-5.51745,35.12265],[-5.51943,35.1218],[-5.52011,35.12194],[-5.5214,35.12251],[-5.52269,35.12349],[-5.52363,35.12426],[-5.52501,35.12588],[-5.52544,35.12679],[-5.52784,35.1263],[-5.52836,35.12531],[-5.52921,35.12496],[-5.5305,35.12573],[-5.53136,35.12707],[-5.53196,35.12756],[-5.5323,35.12847],[-5.53299,35.12932],[-5.53368,35.12974],[-5.53316,35.13086],[-5.53325,35.1317],[-5.53067,35.13219],[-5.53102,35.13339],[-5.53179,35.13409],[-5.53144,35.13535],[-5.5305,35.13598],[-5.5299,35.13767],[-5.53076,35.13865],[-5.53041,35.14019],[-5.53256,35.14069],[-5.53256,35.14132],[-5.53205,35.14181],[-5.5317,35.14258],[-5.53213,35.14391],[-5.53256,35.14413],[-5.53548,35.14384],[-5.53582,35.1442],[-5.53531,35.14525],[-5.53411,35.14665],[-5.53445,35.14742],[-5.53805,35.14749],[-5.53891,35.1482],[-5.53925,35.14946],[-5.53805,35.15156],[-5.53891,35.15213],[-5.54003,35.15227],[-5.54097,35.15276],[-5.54157,35.15346],[-5.54174,35.1543],[-5.542,35.15472],[-5.54183,35.15514],[-5.54123,35.1555],[-5.53994,35.15563],[-5.53848,35.15543],[-5.53814,35.1555],[-5.53814,35.15585],[-5.53865,35.15634],[-5.54011,35.15718],[-5.53994,35.1576],[-5.5396,35.15781],[-5.539,35.15781],[-5.5384,35.1576],[-5.5378,35.159],[-5.5378,35.15928],[-5.53848,35.16006],[-5.53908,35.16048],[-5.53968,35.16055],[-5.5396,35.16083],[-5.539,35.16174],[-5.53865,35.16209],[-5.53831,35.16223],[-5.53788,35.1623],[-5.53745,35.16209],[-5.53711,35.1616],[-5.53634,35.16132],[-5.53574,35.16153],[-5.53539,35.16223],[-5.53574,35.16406],[-5.53548,35.16448],[-5.53488,35.16469],[-5.53479,35.1649],[-5.53531,35.16567],[-5.53608,35.16581],[-5.53797,35.16581],[-5.5396,35.16602],[-5.54054,35.1663],[-5.54149,35.16553],[-5.54217,35.16525],[-5.54286,35.16546],[-5.54295,35.16567],[-5.54269,35.16602],[-5.54209,35.1663],[-5.54286,35.16693],[-5.54355,35.16728],[-5.54363,35.1677],[-5.54343,35.16819],[-5.54344,35.16819],[-5.5432,35.16876],[-5.54312,35.16974],[-5.54338,35.171],[-5.54363,35.17121],[-5.54363,35.17156],[-5.54376,35.17173],[-5.5438,35.17191],[-5.54406,35.17212],[-5.54406,35.17297],[-5.54441,35.17332],[-5.54492,35.17353],[-5.54501,35.1736],[-5.54492,35.17381],[-5.54415,35.17451],[-5.54406,35.1757],[-5.5438,35.17612],[-5.54376,35.17638],[-5.54372,35.17647],[-5.54363,35.17711],[-5.54389,35.17802],[-5.54389,35.17851],[-5.54346,35.17914],[-5.54071,35.17984],[-5.539,35.18103],[-5.53883,35.18293],[-5.539,35.18384],[-5.53891,35.18489],[-5.53908,35.18756],[-5.54003,35.1938],[-5.54063,35.20039],[-5.54243,35.20334],[-5.54621,35.21049],[-5.54741,35.21126],[-5.54415,35.21112],[-5.54183,35.21084],[-5.53994,35.21119],[-5.539,35.21119],[-5.53659,35.21295],[-5.53556,35.21295],[-5.53342,35.21498],[-5.53187,35.21512],[-5.53041,35.21561],[-5.52956,35.21631],[-5.52956,35.21765],[-5.52861,35.21884],[-5.52792,35.21905],[-5.52775,35.2208],[-5.5275,35.22115],[-5.52647,35.22108],[-5.52501,35.22157],[-5.52424,35.22241],[-5.52389,35.22333],[-5.52303,35.22326],[-5.5226,35.22375],[-5.52123,35.22375],[-5.52037,35.22438],[-5.50321,35.23987],[-5.49737,35.24443],[-5.49308,35.24134],[-5.49359,35.24267],[-5.48913,35.24176],[-5.48261,35.24127],[-5.479,35.24078],[-5.47668,35.24071],[-5.46287,35.24106],[-5.45883,35.24085],[-5.45385,35.24078],[-5.4457,35.24071],[-5.43849,35.24029],[-5.43652,35.24001],[-5.43497,35.24015],[-5.43343,35.24064],[-5.43162,35.24085],[-5.43008,35.24148],[-5.42853,35.24169],[-5.42742,35.24211],[-5.42733,35.2384],[-5.4269,35.2351],[-5.42459,35.22872],[-5.42313,35.22529],[-5.42184,35.22297],[-5.41986,35.22017],[-5.41823,35.2187],[-5.4166,35.21722],[-5.41429,35.21638],[-5.40948,35.21512],[-5.40484,35.21421],[-5.3954,35.21379],[-5.39309,35.21568],[-5.39154,35.21645],[-5.39025,35.21687],[-5.38837,35.21694],[-5.38751,35.2168],[-5.38673,35.21645],[-5.38502,35.21652],[-5.38261,35.21638],[-5.3809,35.2168],[-5.37995,35.2168],[-5.37944,35.21772],[-5.37815,35.21849],[-5.37738,35.21919],[-5.37592,35.21961],[-5.37523,35.22052],[-5.3742,35.22129],[-5.3736,35.22157],[-5.37017,35.22248],[-5.36854,35.22227],[-5.36656,35.2222],[-5.36596,35.22276],[-5.36485,35.22297],[-5.36416,35.22304],[-5.36373,35.2229],[-5.3633,35.22297],[-5.36253,35.22326],[-5.36176,35.22311],[-5.36124,35.22326],[-5.3609,35.22347],[-5.36073,35.22382],[-5.35987,35.22417],[-5.3597,35.22445],[-5.35987,35.22473],[-5.35927,35.22529],[-5.35893,35.2255],[-5.35815,35.22578],[-5.35755,35.22613],[-5.35704,35.22655],[-5.35652,35.22669],[-5.35575,35.22655],[-5.35549,35.22634],[-5.35515,35.22543],[-5.35463,35.22508],[-5.35446,35.22487],[-5.35446,35.22445],[-5.35412,35.2241],[-5.35429,35.22368],[-5.3548,35.22361],[-5.35463,35.22311],[-5.35429,35.22297],[-5.3542,35.22269],[-5.35386,35.22262],[-5.35369,35.22192],[-5.35309,35.22192],[-5.35309,35.22178],[-5.35335,35.22157],[-5.353,35.22087],[-5.35257,35.22108],[-5.35223,35.2215],[-5.35206,35.22206],[-5.35146,35.22283],[-5.35137,35.22375],[-5.35043,35.2255],[-5.35034,35.22606],[-5.3506,35.22774],[-5.35043,35.22886],[-5.35,35.22928],[-5.35008,35.22992],[-5.34931,35.23006],[-5.34888,35.23055],[-5.34777,35.23118],[-5.34708,35.23118],[-5.34674,35.23146],[-5.34631,35.23258],[-5.34605,35.23279],[-5.34562,35.23335],[-5.34519,35.23356],[-5.34416,35.2337],[-5.3421,35.2337],[-5.34073,35.23391],[-5.33996,35.23405],[-5.33936,35.23433],[-5.33893,35.2344],[-5.33669,35.23398],[-5.33644,35.23384],[-5.33601,35.23377],[-5.33575,35.23454],[-5.33498,35.2351],[-5.33361,35.23489],[-5.33309,35.23524],[-5.33258,35.23531],[-5.3324,35.23545],[-5.3318,35.23531],[-5.3312,35.23496],[-5.33052,35.23517],[-5.32966,35.2351],[-5.32888,35.23566],[-5.3288,35.2358],[-5.3288,35.23637],[-5.32854,35.23651],[-5.32803,35.23623],[-5.32794,35.23503],[-5.32734,35.23454],[-5.32734,35.23412],[-5.32708,35.23384],[-5.32614,35.23314],[-5.32519,35.23293],[-5.32494,35.23356],[-5.32468,35.23468],[-5.32408,35.23461],[-5.32399,35.23553],[-5.32305,35.23553],[-5.32193,35.23524],[-5.32107,35.23447],[-5.32082,35.2344],[-5.32013,35.23461],[-5.31996,35.23496],[-5.31919,35.23545],[-5.31884,35.23588],[-5.31841,35.23742],[-5.31841,35.2384],[-5.31798,35.2384],[-5.31524,35.23784],[-5.31438,35.23749],[-5.31326,35.23707],[-5.3118,35.23609],[-5.31137,35.2356],[-5.31086,35.23475],[-5.30992,35.23251],[-5.3088,35.23062],[-5.30863,35.23048],[-5.30786,35.23041],[-5.30725,35.22992],[-5.3064,35.22957],[-5.30528,35.22872],[-5.30468,35.22851],[-5.29987,35.22781],[-5.29644,35.22767],[-5.29266,35.22774],[-5.29232,35.22809],[-5.29206,35.22816],[-5.29069,35.22774],[-5.28923,35.22767],[-5.28846,35.22711],[-5.28786,35.2269],[-5.28606,35.22683],[-5.28528,35.22697],[-5.28339,35.22676],[-5.28133,35.22676],[-5.28082,35.22634],[-5.2803,35.22624],[-5.2803,35.2262],[-5.27867,35.22592],[-5.27782,35.22592],[-5.27473,35.22494],[-5.27473,35.22536],[-5.27447,35.22578],[-5.27344,35.22578],[-5.26846,35.22585],[-5.2658,35.2255],[-5.25662,35.22536],[-5.25249,35.22522],[-5.24065,35.22529],[-5.23962,35.22578],[-5.23808,35.22662],[-5.23636,35.22774],[-5.23627,35.22858],[-5.23498,35.23286],[-5.2331,35.237],[-5.23181,35.23917],[-5.23027,35.24092],[-5.22906,35.24183],[-5.22863,35.24274],[-5.22803,35.24345],[-5.22752,35.24366],[-5.22717,35.24387],[-5.22709,35.24415],[-5.22709,35.24464],[-5.22692,35.24506],[-5.22597,35.2452],[-5.2258,35.24548],[-5.22537,35.24646],[-5.22554,35.24751],[-5.22529,35.24891],[-5.22529,35.25003],[-5.22477,35.25137],[-5.22494,35.25221],[-5.22486,35.25249],[-5.22451,35.25319],[-5.22357,35.25382],[-5.22331,35.25452],[-5.22185,35.25543],[-5.22134,35.25613],[-5.22082,35.25655],[-5.22082,35.25803],[-5.22065,35.25831],[-5.22057,35.25936],[-5.22074,35.26202],[-5.21936,35.26181],[-5.21911,35.26167],[-5.21894,35.26097],[-5.21799,35.26041],[-5.21627,35.25978],[-5.21524,35.25978],[-5.21044,35.26062],[-5.20778,35.26013],[-5.207,35.26013],[-5.20615,35.26027],[-5.20554,35.26062],[-5.20503,35.26132],[-5.20503,35.26181],[-5.21001,35.26721],[-5.21198,35.26952],[-5.21559,35.27414],[-5.21687,35.27569],[-5.21756,35.27744],[-5.21799,35.28045],[-5.21799,35.28171],[-5.21748,35.28276],[-5.21679,35.28332],[-5.21627,35.28339],[-5.21447,35.28542],[-5.21439,35.29005],[-5.21353,35.29502],[-5.21318,35.29593],[-5.21301,35.29859],[-5.21215,35.29832],[-5.21044,35.2974],[-5.20949,35.29733],[-5.20855,35.29761],[-5.20795,35.29754],[-5.20718,35.29677],[-5.20657,35.29649],[-5.20554,35.29649],[-5.204,35.29677],[-5.20289,35.30567],[-5.20357,35.30651],[-5.20769,35.3091],[-5.20855,35.31043],[-5.20769,35.31078],[-5.20692,35.31099],[-5.20623,35.31092],[-5.20537,35.31113],[-5.20434,35.31162],[-5.20392,35.31211],[-5.2034,35.31351],[-5.20289,35.31421],[-5.20211,35.31499],[-5.20065,35.31667],[-5.19859,35.31744],[-5.19722,35.31884],[-5.1967,35.31968],[-5.19619,35.32017],[-5.19499,35.3208],[-5.19353,35.32192],[-5.19267,35.32297],[-5.19164,35.32577],[-5.19095,35.32689],[-5.1907,35.32808],[-5.19095,35.32885],[-5.19138,35.3292],[-5.19233,35.33123],[-5.1925,35.33214],[-5.19259,35.33389],[-5.19181,35.33634],[-5.19104,35.33746],[-5.19078,35.33809],[-5.19053,35.3383],[-5.19018,35.33886],[-5.18984,35.339],[-5.18975,35.33921],[-5.1901,35.34033],[-5.19061,35.3409],[-5.19104,35.34096],[-5.19138,35.34139],[-5.19147,35.34188],[-5.1913,35.34237],[-5.1913,35.34293],[-5.19095,35.34342],[-5.19053,35.34356],[-5.18984,35.34356],[-5.18932,35.34327],[-5.18889,35.34327],[-5.18778,35.34349],[-5.18666,35.3439],[-5.1864,35.34439],[-5.18632,35.34537],[-5.18658,35.34649],[-5.18701,35.34663],[-5.18726,35.34629],[-5.18761,35.34636],[-5.18761,35.34678],[-5.18718,35.34727],[-5.18692,35.3479],[-5.18701,35.34881],[-5.18675,35.34916],[-5.18743,35.35098],[-5.18726,35.35126],[-5.18649,35.35154],[-5.18623,35.3521],[-5.18649,35.35245],[-5.18572,35.35315],[-5.18512,35.35343],[-5.18409,35.35364],[-5.1828,35.35371],[-5.18194,35.35364],[-5.18074,35.35301],[-5.18005,35.35238],[-5.17954,35.35203],[-5.17919,35.3521],[-5.17825,35.35315],[-5.17765,35.35392],[-5.17654,35.35462],[-5.17628,35.35525],[-5.17619,35.35574],[-5.17662,35.35672],[-5.17713,35.35749],[-5.17885,35.35868],[-5.17919,35.35903],[-5.17928,35.35931],[-5.17919,35.35959],[-5.17791,35.36057],[-5.17739,35.36281],[-5.17619,35.36477],[-5.1761,35.3654],[-5.17654,35.36624],[-5.17671,35.36708],[-5.17671,35.36764],[-5.17654,35.36805],[-5.17499,35.37022],[-5.17396,35.37288],[-5.17267,35.3747],[-5.17199,35.37526],[-5.17113,35.37554],[-5.16967,35.37561],[-5.16864,35.37554],[-5.16718,35.37519],[-5.16624,35.37498],[-5.16538,35.37463],[-5.16486,35.37428],[-5.16435,35.37338],[-5.16349,35.37282],[-5.16186,35.37226],[-5.161,35.37219],[-5.1604,35.37239],[-5.16014,35.37261],[-5.15997,35.37365],[-5.15963,35.37414],[-5.15679,35.37554],[-5.15576,35.37582],[-5.15456,35.37582],[-5.15379,35.37547],[-5.1519,35.37498],[-5.15087,35.37547],[-5.15018,35.37547],[-5.14967,35.37568],[-5.14864,35.37694],[-5.14787,35.37722],[-5.14718,35.37792],[-5.14701,35.37834],[-5.14735,35.37911],[-5.14821,35.37967],[-5.14993,35.38002],[-5.15087,35.38037],[-5.15362,35.38198],[-5.15594,35.38352],[-5.1592,35.38492],[-5.16031,35.38555],[-5.16091,35.38639],[-5.16108,35.38688],[-5.16117,35.38723],[-5.161,35.38807],[-5.16031,35.38891],[-5.15868,35.39045],[-5.15714,35.39129],[-5.15568,35.39178],[-5.15525,35.39199],[-5.15508,35.39234],[-5.1543,35.39269],[-5.15285,35.39283],[-5.15173,35.39269],[-5.1501,35.39213],[-5.14916,35.39143],[-5.14838,35.39122],[-5.14684,35.39115],[-5.14624,35.39129],[-5.14572,35.39157],[-5.14555,35.39143],[-5.14443,35.3929],[-5.14263,35.39423],[-5.1422,35.39486],[-5.14177,35.39528],[-5.14006,35.39605],[-5.13894,35.39612],[-5.13877,35.39626],[-5.13851,35.39626],[-5.13611,35.39955],[-5.13534,35.40122],[-5.13431,35.40234],[-5.13439,35.40311],[-5.13362,35.40339],[-5.13328,35.40395],[-5.13225,35.40409],[-5.13207,35.40423],[-5.13182,35.40451],[-5.1319,35.40486],[-5.13164,35.40521],[-5.13019,35.40542],[-5.1295,35.4057],[-5.12976,35.40605],[-5.12958,35.4071],[-5.12993,35.40822],[-5.12967,35.40843],[-5.12907,35.40864],[-5.12864,35.40864],[-5.12761,35.40885],[-5.12555,35.40983],[-5.12521,35.41025],[-5.12478,35.41109],[-5.12452,35.41242],[-5.12555,35.41459],[-5.12547,35.41598],[-5.12581,35.41668],[-5.12581,35.41738],[-5.12521,35.41815],[-5.12392,35.41864],[-5.1222,35.41864],[-5.11972,35.41913],[-5.11843,35.41962],[-5.11697,35.42039],[-5.11577,35.42158],[-5.11482,35.42235],[-5.11332,35.42311],[-5.11233,35.4234],[-5.1113,35.42291],[-5.10873,35.42319],[-5.1083,35.42326],[-5.10761,35.42361],[-5.10675,35.42361],[-5.10572,35.42417],[-5.10564,35.42431],[-5.10572,35.42487],[-5.10564,35.42515],[-5.10538,35.42529],[-5.10512,35.42529],[-5.10504,35.42543],[-5.10547,35.42634],[-5.10555,35.42669],[-5.10538,35.42697],[-5.10435,35.42773],[-5.10332,35.42899],[-5.10323,35.42927],[-5.10358,35.42983],[-5.10392,35.43074],[-5.10306,35.43256],[-5.10263,35.43291],[-5.10066,35.43333],[-5.09997,35.43319],[-5.09929,35.43249],[-5.09886,35.43228],[-5.09731,35.43242],[-5.09542,35.43207],[-5.09379,35.43221],[-5.09096,35.43263],[-5.09036,35.43228],[-5.08993,35.43172],[-5.08993,35.43109],[-5.09036,35.43088],[-5.09113,35.43074],[-5.09182,35.43025],[-5.09328,35.42997],[-5.09379,35.42955],[-5.09405,35.42899],[-5.09448,35.42851],[-5.09465,35.42829],[-5.09457,35.4276],[-5.09328,35.42585],[-5.09113,35.4248],[-5.08976,35.42473],[-5.08942,35.42452],[-5.08873,35.42361],[-5.08821,35.42347],[-5.08787,35.42354],[-5.08701,35.42382],[-5.08607,35.42473],[-5.08392,35.42634],[-5.08246,35.42711],[-5.08118,35.42739],[-5.08075,35.42795],[-5.0804,35.42906],[-5.08049,35.42948],[-5.08066,35.43235],[-5.08083,35.4334],[-5.08049,35.43452],[-5.08067,35.43509],[-5.07963,35.43382],[-5.0762,35.42773],[-5.07543,35.42662],[-5.07156,35.42011],[-5.07062,35.41801],[-5.06496,35.41074],[-5.06298,35.40885],[-5.06255,35.40822],[-5.06083,35.40668],[-5.05895,35.40556],[-5.05723,35.40507],[-5.05603,35.40521],[-5.05474,35.40507],[-5.05139,35.40423],[-5.04822,35.40367],[-5.04504,35.40367],[-5.04324,35.40346],[-5.04212,35.40325],[-5.03998,35.40241],[-5.03792,35.40213],[-5.03354,35.40024],[-5.03208,35.40004],[-5.03088,35.39955],[-5.02994,35.39934],[-5.02908,35.39961],[-5.02848,35.40011],[-5.02753,35.40038],[-5.02728,35.4008],[-5.02564,35.40101],[-5.02539,35.40108],[-5.02496,35.40143],[-5.02341,35.40206],[-5.02273,35.40262],[-5.02041,35.4029],[-5.01989,35.40283],[-5.01878,35.40325],[-5.01732,35.40332],[-5.01706,35.40325],[-5.01638,35.40325],[-5.01603,35.40311],[-5.01543,35.40199],[-5.01243,35.3985],[-5.0102,35.39563],[-5.01011,35.39563],[-5.00874,35.39374],[-5.00496,35.38926],[-5.00444,35.38884],[-5.00204,35.38807],[-5.00075,35.38744],[-5.00084,35.38716],[-5.00067,35.38695],[-5.00015,35.38667],[-4.99998,35.38625],[-4.99955,35.38611],[-4.99955,35.3859],[-4.99947,35.38597],[-4.99741,35.38331],[-4.99217,35.37813],[-4.98985,35.37666],[-4.98685,35.37393],[-4.9859,35.37282],[-4.98445,35.3719],[-4.98384,35.37183],[-4.98213,35.37065],[-4.98153,35.37036],[-4.98118,35.37009],[-4.98041,35.36988],[-4.97818,35.36792],[-4.97801,35.36812],[-4.97724,35.36792],[-4.97706,35.36757],[-4.97483,35.36701],[-4.97432,35.36666],[-4.97415,35.36638],[-4.97389,35.36659],[-4.9738,35.36652],[-4.9732,35.36582],[-4.97088,35.36386],[-4.97037,35.36316],[-4.96324,35.35567],[-4.96016,35.35273],[-4.9599,35.3528],[-4.95947,35.35252],[-4.95707,35.35028],[-4.95561,35.34881],[-4.95492,35.34783],[-4.95346,35.34636],[-4.95183,35.34517],[-4.95106,35.34432],[-4.94977,35.34334],[-4.94797,35.34166],[-4.94788,35.34117],[-4.94762,35.34125],[-4.94651,35.3404],[-4.94428,35.33823],[-4.94342,35.33774],[-4.94213,35.33683],[-4.94136,35.33599],[-4.93913,35.33319],[-4.93638,35.32857],[-4.93586,35.32864],[-4.93441,35.3271],[-4.93535,35.32654],[-4.93466,35.32563],[-4.93321,35.32479],[-4.93243,35.32409],[-4.93123,35.32269],[-4.92934,35.32108],[-4.92874,35.32024],[-4.92874,35.32031],[-4.92848,35.31989],[-4.9272,35.31877],[-4.92514,35.31716],[-4.92188,35.31569],[-4.92102,35.31526],[-4.91999,35.31491],[-4.91844,35.31394],[-4.91501,35.31267],[-4.91501,35.31267],[-4.91389,35.31225],[-4.91226,35.31218],[-4.91003,35.31085],[-4.90419,35.30784],[-4.90273,35.30721],[-4.90153,35.30693],[-4.89647,35.30469],[-4.8951,35.30434],[-4.8914,35.3042],[-4.89098,35.30441],[-4.88969,35.30406],[-4.88505,35.30189],[-4.88205,35.30168],[-4.87827,35.3],[-4.87759,35.29993],[-4.87681,35.30021],[-4.87467,35.30035],[-4.87407,35.3007],[-4.87218,35.30112],[-4.869,35.30224],[-4.86875,35.30224],[-4.86815,35.30196],[-4.8636,35.29782],[-4.86231,35.29705],[-4.86059,35.29495],[-4.85922,35.29376],[-4.85733,35.2918],[-4.85682,35.29145],[-4.85579,35.2911],[-4.85416,35.28956],[-4.84858,35.28283],[-4.8442,35.27786],[-4.84351,35.27751],[-4.84291,35.27737],[-4.84188,35.2773],[-4.84025,35.27646],[-4.83965,35.27589],[-4.83948,35.27589],[-4.83922,35.27548],[-4.83407,35.27057],[-4.83124,35.2677],[-4.82472,35.26293],[-4.82231,35.26188],[-4.81922,35.2595],[-4.81725,35.25824],[-4.8109,35.25606],[-4.80841,35.25564],[-4.80798,35.25585],[-4.80712,35.25543],[-4.80515,35.25424],[-4.80326,35.25347],[-4.80137,35.25305],[-4.79931,35.25305],[-4.79922,35.25284],[-4.79931,35.2527],[-4.79433,35.24983]]]]},"properties":{"territoire_id":8,"nom":"Chefchaouen"}},{"type":"Feature","geometry":{"type":"MultiPolygon","coordinates":[[[[-5.54604,34.9952],[-5.54561,34.99506],[-5.54209,34.99295],[-5.53865,34.99119],[-5.53488,34.98964],[-5.5293,34.98964],[-5.52569,34.99168],[-5.52389,34.9945],[-5.52054,34.99513],[-5.51428,35.00097],[-5.51024,35.00279],[-5.50467,35.00434],[-5.4996,35.00708],[-5.49943,35.00926],[-5.50029,35.01067],[-5.50089,35.01235],[-5.50123,35.01559],[-5.50106,35.01756],[-5.50072,35.01917],[-5.49995,35.02058],[-5.49917,35.02135],[-5.49814,35.02205],[-5.496,35.0229],[-5.49394,35.02402],[-5.49376,35.02437],[-5.49359,35.02437],[-5.4917,35.02423],[-5.49136,35.02437],[-5.49007,35.02536],[-5.48982,35.02536],[-5.48896,35.02501],[-5.48844,35.02501],[-5.48673,35.02536],[-5.4863,35.02592],[-5.48621,35.02683],[-5.48621,35.02782],[-5.48604,35.02817],[-5.48475,35.02943],[-5.48415,35.02965],[-5.48346,35.02965],[-5.48243,35.02993],[-5.47969,35.03175],[-5.47608,35.03499],[-5.4754,35.0352],[-5.47222,35.03541],[-5.47102,35.03562],[-5.46982,35.03527],[-5.4693,35.03527],[-5.46862,35.03555],[-5.46793,35.03667],[-5.46733,35.03836],[-5.46656,35.03948],[-5.46561,35.04019],[-5.46415,35.04089],[-5.46338,35.04187],[-5.46244,35.04208],[-5.46175,35.04187],[-5.46106,35.04131],[-5.46003,35.04096],[-5.45952,35.04082],[-5.45883,35.04089],[-5.45849,35.04117],[-5.45832,35.04166],[-5.45849,35.04194],[-5.459,35.04236],[-5.45909,35.04314],[-5.45806,35.04335],[-5.45703,35.043],[-5.4566,35.04258],[-5.4566,35.04194],[-5.45626,35.04152],[-5.4548,35.04054],[-5.45548,35.03829],[-5.45463,35.03695],[-5.45402,35.03639],[-5.45145,35.03555],[-5.45076,35.03485],[-5.45102,35.03421],[-5.45076,35.03393],[-5.45033,35.03386],[-5.44896,35.03407],[-5.44621,35.03407],[-5.4451,35.03365],[-5.44235,35.03175],[-5.44081,35.03126],[-5.43986,35.03084],[-5.439,35.02965],[-5.43849,35.02915],[-5.4372,35.02901],[-5.43557,35.02943],[-5.4342,35.02915],[-5.43222,35.02852],[-5.43051,35.02838],[-5.42973,35.02873],[-5.42922,35.02873],[-5.42896,35.02831],[-5.42862,35.02683],[-5.42579,35.02501],[-5.42441,35.02444],[-5.42356,35.02395],[-5.42287,35.02339],[-5.42201,35.02248],[-5.42158,35.0222],[-5.42064,35.02233],[-5.41849,35.02353],[-5.41806,35.02353],[-5.41678,35.02325],[-5.41549,35.02318],[-5.4136,35.02374],[-5.41248,35.02353],[-5.41223,35.0236],[-5.41059,35.02388],[-5.40939,35.02451],[-5.40836,35.02451],[-5.40682,35.02416],[-5.40519,35.02479],[-5.40347,35.02451],[-5.40124,35.02487],[-5.39866,35.02641],[-5.39746,35.02733],[-5.39635,35.02754],[-5.39566,35.02761],[-5.39532,35.02733],[-5.39497,35.02599],[-5.39412,35.02494],[-5.39334,35.02458],[-5.39231,35.02444],[-5.3918,35.02472],[-5.39103,35.02578],[-5.39034,35.02592],[-5.38957,35.02564],[-5.38957,35.02515],[-5.38974,35.02487],[-5.38965,35.02458],[-5.3894,35.02437],[-5.38588,35.02395],[-5.38304,35.02487],[-5.3827,35.02479],[-5.3821,35.02458],[-5.38167,35.02416],[-5.38133,35.02416],[-5.3791,35.02451],[-5.37807,35.02458],[-5.37721,35.02451],[-5.37592,35.02409],[-5.37489,35.02325],[-5.37394,35.0229],[-5.37352,35.0224],[-5.37291,35.02114],[-5.37283,35.02009],[-5.37249,35.01945],[-5.3712,35.01819],[-5.37077,35.01734],[-5.37017,35.01678],[-5.36991,35.01671],[-5.3694,35.01706],[-5.36897,35.01756],[-5.36854,35.01777],[-5.36777,35.01756],[-5.36759,35.01734],[-5.36751,35.01657],[-5.36674,35.01587],[-5.36588,35.01524],[-5.36519,35.01488],[-5.3633,35.01517],[-5.36279,35.01517],[-5.36253,35.01488],[-5.36262,35.01404],[-5.36382,35.0132],[-5.36373,35.01299],[-5.3633,35.01277],[-5.36159,35.01214],[-5.36056,35.01158],[-5.36021,35.01151],[-5.3591,35.01179],[-5.3585,35.01179],[-5.35686,35.01172],[-5.35669,35.0113],[-5.35678,35.01109],[-5.35738,35.01095],[-5.35867,35.01109],[-5.35884,35.01102],[-5.35893,35.01067],[-5.35858,35.01031],[-5.35807,35.0087],[-5.35669,35.00736],[-5.35678,35.00694],[-5.35721,35.00666],[-5.35747,35.00624],[-5.35626,35.00469],[-5.35601,35.0035],[-5.35541,35.00328],[-5.35515,35.00286],[-5.35566,35.00153],[-5.35541,35.00111],[-5.35463,35.00111],[-5.3542,35.00075],[-5.35515,34.99977],[-5.35523,34.99928],[-5.35438,34.99864],[-5.35232,34.99822],[-5.35266,34.99668],[-5.3524,34.99639],[-5.35206,34.99625],[-5.35111,34.99618],[-5.35017,34.99696],[-5.34923,34.99731],[-5.34897,34.99724],[-5.34871,34.99611],[-5.34837,34.9959],[-5.34631,34.99583],[-5.34579,34.99597],[-5.34562,34.99675],[-5.34511,34.99654],[-5.34468,34.99604],[-5.34442,34.99548],[-5.34288,34.99499],[-5.34279,34.99428],[-5.34253,34.99393],[-5.34064,34.99302],[-5.34021,34.99225],[-5.33918,34.99197],[-5.33867,34.99147],[-5.3385,34.99077],[-5.3379,34.99056],[-5.33738,34.99077],[-5.33669,34.99077],[-5.33627,34.99035],[-5.33609,34.98992],[-5.33566,34.98957],[-5.33472,34.98922],[-5.33395,34.98852],[-5.33283,34.98803],[-5.33266,34.98768],[-5.33275,34.9869],[-5.33318,34.9862],[-5.33197,34.98606],[-5.33009,34.98662],[-5.32949,34.98606],[-5.3294,34.98535],[-5.32974,34.98479],[-5.32966,34.98444],[-5.32931,34.98409],[-5.32871,34.98409],[-5.32845,34.98388],[-5.32665,34.98331],[-5.32579,34.98233],[-5.32536,34.98205],[-5.32502,34.98198],[-5.32476,34.98212],[-5.32433,34.98212],[-5.32399,34.98205],[-5.32373,34.98177],[-5.32373,34.98149],[-5.32391,34.98121],[-5.32382,34.981],[-5.32331,34.98071],[-5.32305,34.98092],[-5.32313,34.9817],[-5.32142,34.98015],[-5.3209,34.98015],[-5.32064,34.98029],[-5.32047,34.98022],[-5.31919,34.97867],[-5.31876,34.97804],[-5.31936,34.97776],[-5.31936,34.97755],[-5.31919,34.97727],[-5.31781,34.97699],[-5.31755,34.97671],[-5.31695,34.97537],[-5.31721,34.97467],[-5.31721,34.97389],[-5.31635,34.97389],[-5.31627,34.97347],[-5.31644,34.97298],[-5.31618,34.97255],[-5.31489,34.97255],[-5.31489,34.97213],[-5.31506,34.97171],[-5.31481,34.97143],[-5.31215,34.97192],[-5.31198,34.97171],[-5.31198,34.97129],[-5.31223,34.97073],[-5.31206,34.97009],[-5.3118,34.97002],[-5.31129,34.97037],[-5.31077,34.97031],[-5.31043,34.97002],[-5.30957,34.96974],[-5.30914,34.96925],[-5.30837,34.9689],[-5.30794,34.96897],[-5.30665,34.96939],[-5.30631,34.96967],[-5.30562,34.96981],[-5.30528,34.96974],[-5.30528,34.96939],[-5.30597,34.96925],[-5.3064,34.9689],[-5.30631,34.96876],[-5.30434,34.96834],[-5.30391,34.96791],[-5.30451,34.96714],[-5.30434,34.96665],[-5.30365,34.96644],[-5.30331,34.96601],[-5.30339,34.96503],[-5.30314,34.96468],[-5.30219,34.96433],[-5.30245,34.96376],[-5.30245,34.96362],[-5.30125,34.96327],[-5.30099,34.96236],[-5.30022,34.96151],[-5.30013,34.96081],[-5.29996,34.96046],[-5.2985,34.96032],[-5.29764,34.95975],[-5.2967,34.95799],[-5.29601,34.95821],[-5.29584,34.95842],[-5.2955,34.95842],[-5.29524,34.95743],[-5.2949,34.95715],[-5.29378,34.95722],[-5.29344,34.95701],[-5.29309,34.95666],[-5.29249,34.95631],[-5.29232,34.95596],[-5.29241,34.9556],[-5.29223,34.95532],[-5.29181,34.95525],[-5.29112,34.95574],[-5.28915,34.95596],[-5.28846,34.95589],[-5.28812,34.95567],[-5.28768,34.95567],[-5.28726,34.95574],[-5.28631,34.95624],[-5.28468,34.95631],[-5.28262,34.95617],[-5.28176,34.95567],[-5.28151,34.9556],[-5.28116,34.95525],[-5.28073,34.95525],[-5.28073,34.95511],[-5.2809,34.9542],[-5.28048,34.95399],[-5.28022,34.95335],[-5.28013,34.95258],[-5.27979,34.95202],[-5.28005,34.95195],[-5.2803,34.95199],[-5.28031,34.95199],[-5.28048,34.95202],[-5.28065,34.95173],[-5.28056,34.95138],[-5.28013,34.95138],[-5.28016,34.95133],[-5.28013,34.95131],[-5.28035,34.95099],[-5.28056,34.95061],[-5.28048,34.95012],[-5.28036,34.94988],[-5.2803,34.94975],[-5.27987,34.94885],[-5.28034,34.94748],[-5.2809,34.94702],[-5.2809,34.94653],[-5.28082,34.94639],[-5.28031,34.94645],[-5.2803,34.94645],[-5.27962,34.94653],[-5.27927,34.94632],[-5.27842,34.94639],[-5.27756,34.94625],[-5.27721,34.94646],[-5.27653,34.94554],[-5.27601,34.94526],[-5.27601,34.9447],[-5.27576,34.94428],[-5.27481,34.94364],[-5.27438,34.94315],[-5.2743,34.94259],[-5.27481,34.94203],[-5.27473,34.94167],[-5.27361,34.9409],[-5.27344,34.94048],[-5.27327,34.93991],[-5.27327,34.93921],[-5.27344,34.93872],[-5.27378,34.9378],[-5.27378,34.93717],[-5.27344,34.93696],[-5.27266,34.93612],[-5.27215,34.93612],[-5.27198,34.9359],[-5.27103,34.93555],[-5.2706,34.93562],[-5.26949,34.93534],[-5.26949,34.93506],[-5.26889,34.93471],[-5.26863,34.93443],[-5.2688,34.93443],[-5.26872,34.93422],[-5.26803,34.93372],[-5.26794,34.93337],[-5.26777,34.93316],[-5.26743,34.93309],[-5.26709,34.9333],[-5.26666,34.93337],[-5.26657,34.93334],[-5.26656,34.93333],[-5.26649,34.9333],[-5.26614,34.93295],[-5.2652,34.93288],[-5.26468,34.93225],[-5.26425,34.9321],[-5.26382,34.93035],[-5.26322,34.93028],[-5.26271,34.92985],[-5.26194,34.92978],[-5.26168,34.92943],[-5.26142,34.92936],[-5.26116,34.92873],[-5.25996,34.92802],[-5.25953,34.92788],[-5.2585,34.92802],[-5.25782,34.9276],[-5.25765,34.9276],[-5.25747,34.92739],[-5.25747,34.92683],[-5.25704,34.92697],[-5.25679,34.9269],[-5.25619,34.92654],[-5.25498,34.92633],[-5.25464,34.92612],[-5.25421,34.92563],[-5.25361,34.92556],[-5.25335,34.92535],[-5.25335,34.92486],[-5.25318,34.92457],[-5.25275,34.92472],[-5.25181,34.92451],[-5.25138,34.92422],[-5.25001,34.9238],[-5.24992,34.92359],[-5.25018,34.92331],[-5.25009,34.92317],[-5.24958,34.9231],[-5.24949,34.92289],[-5.24949,34.92267],[-5.2488,34.92218],[-5.24803,34.92134],[-5.24795,34.92092],[-5.24777,34.92063],[-5.24692,34.91993],[-5.24657,34.91979],[-5.24623,34.91944],[-5.24494,34.91895],[-5.24425,34.91831],[-5.24374,34.91803],[-5.24288,34.91803],[-5.24254,34.91782],[-5.24202,34.9174],[-5.24185,34.91662],[-5.24159,34.91634],[-5.24039,34.91571],[-5.23988,34.9155],[-5.23928,34.91486],[-5.23893,34.91479],[-5.23816,34.91507],[-5.23756,34.91514],[-5.23696,34.91486],[-5.23679,34.91472],[-5.23636,34.91345],[-5.2361,34.91331],[-5.23533,34.91353],[-5.23473,34.91353],[-5.23447,34.91331],[-5.23404,34.91247],[-5.23395,34.91219],[-5.23438,34.91184],[-5.23447,34.91155],[-5.23421,34.91113],[-5.23336,34.91106],[-5.23181,34.91148],[-5.23147,34.91148],[-5.23104,34.9112],[-5.23078,34.91036],[-5.23052,34.90994],[-5.22992,34.90951],[-5.22906,34.90916],[-5.22855,34.9086],[-5.22855,34.90832],[-5.22881,34.90775],[-5.22984,34.90691],[-5.23001,34.90628],[-5.22915,34.90543],[-5.22881,34.90452],[-5.22829,34.90431],[-5.22795,34.90423],[-5.22683,34.90423],[-5.22597,34.90409],[-5.22597,34.90423],[-5.22546,34.90416],[-5.22469,34.90438],[-5.22383,34.90423],[-5.22348,34.90402],[-5.22297,34.9036],[-5.22271,34.90311],[-5.22263,34.90248],[-5.2228,34.90184],[-5.22263,34.90135],[-5.22134,34.89973],[-5.22101,34.89909],[-5.22039,34.8979],[-5.21979,34.8972],[-5.21936,34.89691],[-5.21885,34.89677],[-5.21713,34.89727],[-5.21662,34.89705],[-5.21627,34.89663],[-5.21584,34.89536],[-5.21584,34.89353],[-5.21567,34.89304],[-5.21524,34.89297],[-5.21421,34.89332],[-5.21318,34.89353],[-5.21207,34.89325],[-5.21181,34.89311],[-5.21198,34.8929],[-5.21318,34.89199],[-5.21404,34.89156],[-5.2143,34.89114],[-5.21439,34.89058],[-5.21378,34.88896],[-5.21421,34.88762],[-5.21439,34.88642],[-5.21396,34.88593],[-5.21327,34.88565],[-5.21147,34.88509],[-5.21104,34.88466],[-5.2107,34.88403],[-5.2107,34.88311],[-5.21035,34.88178],[-5.20932,34.88128],[-5.20769,34.88072],[-5.2074,34.88056],[-5.20726,34.88051],[-5.20451,34.87903],[-5.20434,34.87861],[-5.20477,34.87776],[-5.20477,34.87741],[-5.20271,34.87727],[-5.20143,34.87685],[-5.20108,34.87621],[-5.20134,34.87509],[-5.20194,34.87375],[-5.20237,34.87319],[-5.20237,34.87255],[-5.20228,34.8722],[-5.2016,34.87192],[-5.201,34.87199],[-5.19997,34.8722],[-5.19902,34.87262],[-5.19816,34.87283],[-5.19739,34.87276],[-5.19705,34.87269],[-5.1967,34.87234],[-5.1967,34.87164],[-5.19748,34.87051],[-5.19773,34.86798],[-5.19834,34.86628],[-5.19851,34.8646],[-5.19902,34.86368],[-5.19928,34.86297],[-5.19911,34.86262],[-5.19748,34.8622],[-5.19662,34.86178],[-5.19653,34.8615],[-5.19696,34.86107],[-5.19834,34.86072],[-5.19876,34.86051],[-5.19885,34.86037],[-5.19876,34.85812],[-5.19816,34.85685],[-5.19722,34.85572],[-5.19653,34.8553],[-5.19327,34.85396],[-5.19259,34.85347],[-5.19224,34.8529],[-5.19216,34.85234],[-5.19241,34.85178],[-5.19362,34.851],[-5.19465,34.85009],[-5.19533,34.84896],[-5.19559,34.84804],[-5.1955,34.84769],[-5.19516,34.84713],[-5.19319,34.84607],[-5.19181,34.84508],[-5.19121,34.84354],[-5.1913,34.84199],[-5.19087,34.8417],[-5.19001,34.84142],[-5.19113,34.84114],[-5.19207,34.84036],[-5.19244,34.83975],[-5.19246,34.83951],[-5.1925,34.83875],[-5.19216,34.83832],[-5.1919,34.83797],[-5.19061,34.83727],[-5.18992,34.83698],[-5.18889,34.83677],[-5.18512,34.83614],[-5.1846,34.83642],[-5.18409,34.83635],[-5.18357,34.83607],[-5.18306,34.83452],[-5.18323,34.83424],[-5.18452,34.83325],[-5.18503,34.83304],[-5.18907,34.83276],[-5.1907,34.83241],[-5.19113,34.83212],[-5.1913,34.83191],[-5.1913,34.83149],[-5.19078,34.831],[-5.18726,34.82902],[-5.18615,34.82818],[-5.1858,34.82761],[-5.18469,34.8255],[-5.18435,34.82444],[-5.18435,34.82395],[-5.1846,34.82325],[-5.18632,34.82134],[-5.18623,34.82106],[-5.18632,34.8205],[-5.18572,34.81965],[-5.18417,34.81874],[-5.18289,34.81831],[-5.18048,34.81874],[-5.18005,34.81895],[-5.17885,34.82078],[-5.17877,34.82388],[-5.17782,34.82705],[-5.17713,34.82874],[-5.17636,34.82959],[-5.17576,34.82973],[-5.17516,34.82966],[-5.17387,34.82916],[-5.17207,34.82733],[-5.17104,34.8255],[-5.1695,34.82395],[-5.16881,34.82303],[-5.16829,34.82071],[-5.1689,34.82008],[-5.16984,34.81972],[-5.17104,34.81965],[-5.17293,34.81986],[-5.17379,34.81979],[-5.17516,34.81944],[-5.17576,34.81909],[-5.17619,34.81874],[-5.17679,34.81782],[-5.17671,34.8169],[-5.17619,34.81571],[-5.17259,34.81401],[-5.17104,34.81408],[-5.16984,34.81387],[-5.16907,34.81387],[-5.16769,34.81366],[-5.16555,34.81331],[-5.16426,34.81282],[-5.16452,34.81056],[-5.16503,34.80951],[-5.16615,34.80781],[-5.16744,34.8069],[-5.16838,34.80598],[-5.16855,34.80549],[-5.16855,34.80443],[-5.16847,34.80408],[-5.16787,34.8033],[-5.16718,34.80295],[-5.16572,34.80288],[-5.1634,34.80309],[-5.16289,34.80274],[-5.16254,34.80203],[-5.16254,34.80126],[-5.16272,34.80069],[-5.16392,34.79921],[-5.16615,34.79795],[-5.16692,34.79795],[-5.16838,34.79809],[-5.17061,34.79879],[-5.17241,34.7995],[-5.17396,34.79985],[-5.17508,34.80006],[-5.17585,34.80006],[-5.17705,34.80027],[-5.17765,34.80027],[-5.17808,34.80006],[-5.17842,34.79971],[-5.17859,34.79929],[-5.17782,34.79724],[-5.17851,34.79611],[-5.17971,34.79569],[-5.18031,34.79506],[-5.17997,34.79379],[-5.17962,34.79301],[-5.17954,34.79083],[-5.17919,34.78956],[-5.17859,34.78801],[-5.17739,34.78603],[-5.17593,34.78413],[-5.17362,34.78244],[-5.17233,34.7818],[-5.17087,34.78173],[-5.17018,34.78138],[-5.16924,34.77976],[-5.16855,34.7792],[-5.16641,34.7792],[-5.16426,34.77948],[-5.16272,34.77905],[-5.16023,34.7775],[-5.15885,34.77645],[-5.15508,34.77468],[-5.15362,34.77363],[-5.15224,34.77313],[-5.1489,34.77313],[-5.14778,34.77285],[-5.14744,34.77193],[-5.14732,34.77096],[-5.1495,34.77102],[-5.14958,34.77123],[-5.14941,34.77172],[-5.14941,34.77208],[-5.14967,34.77193],[-5.14984,34.77201],[-5.14993,34.77243],[-5.15087,34.77236],[-5.15121,34.77215],[-5.15233,34.77186],[-5.15233,34.7713],[-5.15302,34.77081],[-5.15345,34.77095],[-5.15388,34.77045],[-5.15379,34.77024],[-5.15396,34.76996],[-5.15422,34.76989],[-5.15473,34.77045],[-5.15516,34.77045],[-5.15533,34.77031],[-5.15508,34.76989],[-5.15559,34.7689],[-5.15688,34.76806],[-5.15731,34.7682],[-5.15739,34.76785],[-5.15765,34.7677],[-5.15765,34.76686],[-5.15808,34.76651],[-5.15799,34.76629],[-5.15817,34.76615],[-5.15774,34.76573],[-5.15791,34.7651],[-5.15825,34.76503],[-5.15791,34.76488],[-5.15817,34.76474],[-5.15817,34.76446],[-5.15851,34.76453],[-5.1586,34.76432],[-5.1592,34.76418],[-5.15945,34.76354],[-5.1598,34.76362],[-5.15937,34.76298],[-5.15963,34.76242],[-5.16005,34.76213],[-5.15997,34.76178],[-5.16023,34.76171],[-5.16031,34.76129],[-5.16014,34.76087],[-5.16091,34.76079],[-5.16134,34.76051],[-5.16117,34.76023],[-5.16143,34.75995],[-5.16177,34.75995],[-5.16177,34.75981],[-5.16117,34.7596],[-5.16108,34.75946],[-5.16143,34.75917],[-5.16151,34.75861],[-5.16177,34.75847],[-5.16143,34.75748],[-5.16177,34.75741],[-5.16229,34.7567],[-5.1616,34.75614],[-5.16117,34.75607],[-5.161,34.75586],[-5.16108,34.75529],[-5.161,34.75501],[-5.16074,34.75494],[-5.16066,34.75438],[-5.16057,34.75459],[-5.16005,34.75431],[-5.15988,34.75431],[-5.15988,34.75417],[-5.15971,34.75388],[-5.15945,34.75388],[-5.15945,34.75367],[-5.15911,34.75332],[-5.15894,34.75261],[-5.15894,34.75113],[-5.15868,34.75106],[-5.15877,34.75071],[-5.15894,34.75057],[-5.15894,34.75036],[-5.15868,34.75022],[-5.15877,34.74986],[-5.15911,34.74986],[-5.15902,34.74937],[-5.15911,34.74916],[-5.1592,34.74916],[-5.15911,34.74881],[-5.15954,34.74845],[-5.1598,34.74881],[-5.15997,34.74867],[-5.16014,34.74881],[-5.161,34.74867],[-5.16203,34.74881],[-5.16306,34.74831],[-5.1628,34.74726],[-5.16297,34.7469],[-5.16383,34.74662],[-5.164,34.74634],[-5.16452,34.74598],[-5.16478,34.74542],[-5.16521,34.7438],[-5.16503,34.74316],[-5.16512,34.74274],[-5.16555,34.74225],[-5.16778,34.74154],[-5.16855,34.74105],[-5.16915,34.7402],[-5.16932,34.73964],[-5.16993,34.73943],[-5.17053,34.73886],[-5.17104,34.73893],[-5.17164,34.73886],[-5.17241,34.73837],[-5.17422,34.7378],[-5.17508,34.73682],[-5.17628,34.73618],[-5.17636,34.73625],[-5.17739,34.73604],[-5.17748,34.73583],[-5.17774,34.73569],[-5.17782,34.73541],[-5.17834,34.73505],[-5.17877,34.73519],[-5.17945,34.7347],[-5.1804,34.73484],[-5.18134,34.73484],[-5.18143,34.73456],[-5.18134,34.73407],[-5.18177,34.7335],[-5.18168,34.73329],[-5.18186,34.73315],[-5.18177,34.73287],[-5.1828,34.73258],[-5.18314,34.73202],[-5.18314,34.73174],[-5.1834,34.73167],[-5.18409,34.7311],[-5.18435,34.73075],[-5.18443,34.73054],[-5.18495,34.73054],[-5.18529,34.73075],[-5.18529,34.73033],[-5.18572,34.73004],[-5.18623,34.7292],[-5.18649,34.72828],[-5.18675,34.72842],[-5.18692,34.728],[-5.18735,34.72765],[-5.18718,34.72751],[-5.18735,34.72708],[-5.18769,34.72701],[-5.18769,34.72687],[-5.18743,34.72673],[-5.18761,34.72645],[-5.18804,34.7261],[-5.18778,34.72525],[-5.18804,34.72497],[-5.18804,34.72483],[-5.18752,34.72475],[-5.18735,34.72454],[-5.18743,34.72341],[-5.18769,34.72285],[-5.18726,34.72257],[-5.18678,34.72183],[-5.18666,34.72165],[-5.18572,34.72193],[-5.18495,34.72179],[-5.18366,34.72087],[-5.18366,34.72045],[-5.18537,34.71904],[-5.18623,34.71798],[-5.18623,34.71664],[-5.1858,34.71572],[-5.18555,34.71424],[-5.1852,34.71354],[-5.18409,34.71234],[-5.18289,34.71191],[-5.18237,34.71156],[-5.18194,34.71156],[-5.17988,34.70987],[-5.17997,34.7086],[-5.18194,34.70747],[-5.18254,34.70726],[-5.18357,34.70768],[-5.18435,34.70839],[-5.18495,34.70867],[-5.18546,34.70867],[-5.18683,34.70747],[-5.18723,34.70671],[-5.18718,34.70458],[-5.18615,34.70239],[-5.1858,34.70197],[-5.18495,34.70133],[-5.18426,34.70119],[-5.18271,34.70168],[-5.1816,34.7019],[-5.1804,34.70133],[-5.18023,34.70027],[-5.17902,34.69794],[-5.17894,34.69738],[-5.18014,34.6959],[-5.18048,34.69519],[-5.18065,34.69371],[-5.1804,34.69223],[-5.1804,34.6918],[-5.18074,34.69166],[-5.18177,34.6918],[-5.1822,34.69152],[-5.18237,34.69039],[-5.18289,34.68884],[-5.18323,34.68842],[-5.18477,34.68708],[-5.1852,34.68588],[-5.18546,34.68496],[-5.18537,34.68425],[-5.18435,34.68305],[-5.18426,34.68235],[-5.18435,34.68143],[-5.18503,34.68115],[-5.18701,34.68086],[-5.18743,34.68051],[-5.18752,34.68002],[-5.18743,34.67853],[-5.18701,34.67719],[-5.18658,34.67663],[-5.18589,34.67621],[-5.18555,34.6755],[-5.18546,34.67472],[-5.18666,34.67282],[-5.18821,34.67119],[-5.18838,34.67063],[-5.18821,34.66943],[-5.18735,34.66759],[-5.18572,34.66526],[-5.18503,34.66364],[-5.18469,34.66216],[-5.1852,34.66089],[-5.18495,34.6594],[-5.18065,34.65707],[-5.17911,34.6551],[-5.17894,34.65256],[-5.17816,34.64903],[-5.17757,34.64663],[-5.17542,34.639],[-5.17628,34.63045],[-5.17722,34.62523],[-5.17919,34.62049],[-5.18005,34.61174],[-5.18074,34.60015],[-5.18091,34.59704],[-5.18126,34.59139],[-5.18108,34.59005],[-5.18074,34.58913],[-5.18057,34.58906],[-5.18031,34.58828],[-5.17894,34.5868],[-5.17834,34.58581],[-5.17868,34.5851],[-5.17834,34.58454],[-5.17757,34.58432],[-5.17739,34.58312],[-5.17757,34.58192],[-5.17671,34.58121],[-5.17679,34.58058],[-5.17628,34.58044],[-5.17585,34.58044],[-5.17353,34.57789],[-5.17885,34.57909],[-5.18323,34.57973],[-5.18855,34.58086],[-5.18855,34.5781],[-5.18718,34.57662],[-5.1858,34.57556],[-5.18563,34.57492],[-5.18537,34.5745],[-5.18374,34.57309],[-5.184,34.57196],[-5.18486,34.57012],[-5.18435,34.56948],[-5.18349,34.56892],[-5.1828,34.56878],[-5.18048,34.56934],[-5.17937,34.56941],[-5.17774,34.56849],[-5.17696,34.56771],[-5.17654,34.56715],[-5.17628,34.56637],[-5.17602,34.56333],[-5.1761,34.56114],[-5.17722,34.56043],[-5.17868,34.55768],[-5.17962,34.55697],[-5.17971,34.55662],[-5.1804,34.55612],[-5.18057,34.5557],[-5.18246,34.55591],[-5.18289,34.55612],[-5.18306,34.55605],[-5.18589,34.55796],[-5.18778,34.55853],[-5.19044,34.55839],[-5.1919,34.55747],[-5.19336,34.55506],[-5.19447,34.55118],[-5.19456,34.5511],[-5.19507,34.55082],[-5.19507,34.55061],[-5.19473,34.55033],[-5.19507,34.54969],[-5.1955,34.54976],[-5.19602,34.54969],[-5.19628,34.54983],[-5.19662,34.54976],[-5.19713,34.54983],[-5.19731,34.54976],[-5.19765,34.54983],[-5.19791,34.55004],[-5.19851,34.54983],[-5.19891,34.55018],[-5.19878,34.55021],[-5.19868,34.55054],[-5.19988,34.55153],[-5.19997,34.55217],[-5.20014,34.55238],[-5.20117,34.55386],[-5.20117,34.55421],[-5.201,34.55457],[-5.20125,34.55513],[-5.20228,34.55627],[-5.20323,34.55676],[-5.20392,34.5569],[-5.20709,34.55704],[-5.20769,34.55888],[-5.20846,34.56029],[-5.20958,34.56157],[-5.21001,34.56185],[-5.21284,34.56227],[-5.21593,34.56291],[-5.21885,34.56298],[-5.21962,34.56333],[-5.22151,34.56347],[-5.2222,34.56376],[-5.22254,34.56404],[-5.22323,34.56411],[-5.22417,34.56524],[-5.22494,34.5656],[-5.22529,34.5656],[-5.227,34.56482],[-5.22786,34.56383],[-5.22872,34.56383],[-5.22966,34.56411],[-5.22992,34.56432],[-5.23095,34.56425],[-5.23095,34.56432],[-5.23121,34.56425],[-5.23138,34.56439],[-5.23147,34.56418],[-5.23138,34.56397],[-5.23181,34.56404],[-5.23164,34.56383],[-5.23172,34.56369],[-5.23189,34.56369],[-5.23198,34.56347],[-5.23267,34.5634],[-5.23336,34.56263],[-5.23378,34.56241],[-5.23378,34.56185],[-5.23404,34.56178],[-5.23421,34.56107],[-5.23438,34.56107],[-5.23507,34.56029],[-5.23507,34.55987],[-5.23533,34.55938],[-5.23524,34.55909],[-5.2355,34.55902],[-5.23541,34.55874],[-5.23559,34.55853],[-5.23619,34.55832],[-5.23687,34.55832],[-5.23687,34.55803],[-5.23722,34.55789],[-5.23747,34.55732],[-5.23808,34.55725],[-5.23885,34.55725],[-5.23902,34.55683],[-5.23936,34.55669],[-5.23962,34.55641],[-5.23996,34.55641],[-5.24005,34.55662],[-5.24031,34.55662],[-5.24125,34.55641],[-5.24417,34.55386],[-5.24443,34.554],[-5.24554,34.55429],[-5.25121,34.55443],[-5.25241,34.55379],[-5.25378,34.5533],[-5.25516,34.55287],[-5.25782,34.55273],[-5.25996,34.55209],[-5.26159,34.55068],[-5.26228,34.54969],[-5.26365,34.54693],[-5.26391,34.54566],[-5.26348,34.54347],[-5.26314,34.54276],[-5.26331,34.54234],[-5.26297,34.54071],[-5.26219,34.5393],[-5.25936,34.53576],[-5.25876,34.53456],[-5.25863,34.53392],[-5.2585,34.53329],[-5.25773,34.53145],[-5.25988,34.53046],[-5.26322,34.52855],[-5.26382,34.52912],[-5.26408,34.5289],[-5.26365,34.52862],[-5.26374,34.52834],[-5.264,34.5282],[-5.26434,34.52827],[-5.2646,34.5282],[-5.26503,34.5277],[-5.26563,34.52749],[-5.26614,34.52707],[-5.26588,34.52664],[-5.26606,34.5265],[-5.26623,34.52657],[-5.26649,34.52643],[-5.26657,34.52629],[-5.26571,34.52579],[-5.26571,34.52551],[-5.26623,34.52523],[-5.26631,34.52487],[-5.26657,34.52462],[-5.26657,34.52459],[-5.26662,34.52457],[-5.26674,34.52445],[-5.26829,34.52395],[-5.26854,34.52353],[-5.26889,34.52346],[-5.26932,34.5236],[-5.26906,34.52417],[-5.26923,34.52438],[-5.26992,34.52473],[-5.27,34.52452],[-5.26975,34.52367],[-5.26992,34.52325],[-5.26957,34.52304],[-5.26975,34.52275],[-5.26992,34.52289],[-5.27018,34.52275],[-5.2706,34.52282],[-5.27078,34.52268],[-5.27078,34.5224],[-5.27112,34.52204],[-5.27146,34.52204],[-5.27172,34.52212],[-5.27181,34.52226],[-5.27163,34.52268],[-5.27163,34.52296],[-5.27181,34.52304],[-5.27206,34.52296],[-5.27232,34.52247],[-5.27266,34.52212],[-5.27266,34.52197],[-5.27284,34.52197],[-5.27327,34.52162],[-5.27301,34.52148],[-5.27318,34.52098],[-5.2737,34.5207],[-5.27387,34.52105],[-5.27404,34.52105],[-5.27447,34.52084],[-5.27455,34.52028],[-5.27533,34.52035],[-5.27533,34.52014],[-5.27558,34.52014],[-5.27584,34.52021],[-5.2761,34.51999],[-5.27653,34.52007],[-5.27704,34.51985],[-5.27721,34.51964],[-5.27764,34.51978],[-5.27799,34.51971],[-5.27816,34.51992],[-5.27876,34.52007],[-5.27927,34.52007],[-5.27927,34.51957],[-5.27936,34.51964],[-5.27953,34.51943],[-5.27945,34.51936],[-5.27945,34.51915],[-5.2797,34.51915],[-5.2797,34.51872],[-5.28022,34.51752],[-5.2803,34.51741],[-5.28236,34.51469],[-5.28451,34.51292],[-5.28674,34.51221],[-5.28734,34.50939],[-5.2882,34.50719],[-5.29189,34.50571],[-5.2949,34.50493],[-5.29901,34.50507],[-5.30399,34.5062],[-5.30846,34.50861],[-5.31129,34.51066],[-5.31378,34.51158],[-5.31344,34.51172],[-5.31403,34.51398],[-5.31678,34.51427],[-5.31833,34.51455],[-5.31876,34.51519],[-5.3197,34.51568],[-5.3215,34.51617],[-5.32253,34.5166],[-5.32691,34.51731],[-5.32845,34.51716],[-5.32983,34.51745],[-5.33129,34.5183],[-5.33309,34.51992],[-5.33584,34.5212],[-5.33669,34.52197],[-5.33979,34.52325],[-5.34227,34.52466],[-5.3439,34.52586],[-5.34553,34.52777],[-5.35189,34.52982],[-5.35807,34.53364],[-5.35987,34.53527],[-5.36184,34.53675],[-5.36682,34.53626],[-5.37017,34.53619],[-5.37214,34.53795],[-5.37446,34.53887],[-5.37678,34.53831],[-5.37961,34.53739],[-5.38021,34.53732],[-5.38047,34.53682],[-5.38073,34.53704],[-5.38098,34.53697],[-5.38133,34.5376],[-5.38236,34.53859],[-5.38424,34.54022],[-5.38519,34.54071],[-5.38811,34.54114],[-5.39257,34.54135],[-5.39463,34.5417],[-5.39626,34.54234],[-5.39781,34.5434],[-5.39935,34.54375],[-5.39995,34.54361],[-5.40167,34.54375],[-5.40296,34.54425],[-5.40433,34.54552],[-5.4051,34.54601],[-5.40536,34.54637],[-5.40673,34.54616],[-5.40742,34.54707],[-5.40939,34.54722],[-5.41051,34.547],[-5.41094,34.54679],[-5.41137,34.54623],[-5.41188,34.54601],[-5.41265,34.54531],[-5.41308,34.54446],[-5.41343,34.54418],[-5.41386,34.54361],[-5.41446,34.54227],[-5.41454,34.54156],[-5.41514,34.54121],[-5.41583,34.54057],[-5.41669,34.54008],[-5.41772,34.53986],[-5.41823,34.53958],[-5.41952,34.53937],[-5.42081,34.53887],[-5.42132,34.53831],[-5.42227,34.53795],[-5.4227,34.53753],[-5.42313,34.53746],[-5.42338,34.53767],[-5.42433,34.53725],[-5.42519,34.53654],[-5.42587,34.53633],[-5.42613,34.53647],[-5.4263,34.53704],[-5.42742,34.53739],[-5.4281,34.53831],[-5.42828,34.53916],[-5.42931,34.53972],[-5.42965,34.54015],[-5.42982,34.54064],[-5.42965,34.54092],[-5.42879,34.54128],[-5.42853,34.54198],[-5.42862,34.54213],[-5.42905,34.54213],[-5.42948,34.54248],[-5.42982,34.54248],[-5.42991,34.54269],[-5.43051,34.54312],[-5.43188,34.54361],[-5.43214,34.54382],[-5.43205,34.54418],[-5.43162,34.54425],[-5.43162,34.54474],[-5.43145,34.54503],[-5.43085,34.54538],[-5.43077,34.54552],[-5.43077,34.54715],[-5.43111,34.54807],[-5.43094,34.5487],[-5.43068,34.54884],[-5.43034,34.54884],[-5.42999,34.5487],[-5.42939,34.54807],[-5.42896,34.54821],[-5.42896,34.54842],[-5.42905,34.54856],[-5.42888,34.54927],[-5.42888,34.54962],[-5.42948,34.55004],[-5.42973,34.54997],[-5.42973,34.54955],[-5.43008,34.54955],[-5.43059,34.5499],[-5.43051,34.55018],[-5.43137,34.55068],[-5.43119,34.55103],[-5.43059,34.55132],[-5.43025,34.55132],[-5.42973,34.55103],[-5.42948,34.5511],[-5.42931,34.55153],[-5.42948,34.55224],[-5.42982,34.55273],[-5.43008,34.55287],[-5.43068,34.55301],[-5.43154,34.55273],[-5.43188,34.55287],[-5.4324,34.55337],[-5.43283,34.55351],[-5.43325,34.5533],[-5.43325,34.55301],[-5.4336,34.55259],[-5.4342,34.55245],[-5.43549,34.55252],[-5.43591,34.55266],[-5.43591,34.55308],[-5.4354,34.55337],[-5.4348,34.55358],[-5.4354,34.5545],[-5.43677,34.55535],[-5.43755,34.55627],[-5.43755,34.55648],[-5.43737,34.55662],[-5.43686,34.55683],[-5.4372,34.55711],[-5.43772,34.55676],[-5.43875,34.55697],[-5.439,34.55711],[-5.43943,34.55725],[-5.43959,34.55789],[-5.44012,34.55832],[-5.44055,34.55874],[-5.44064,34.55902],[-5.44038,34.55938],[-5.43986,34.55945],[-5.43858,34.55909],[-5.43815,34.5593],[-5.43806,34.55952],[-5.43806,34.55994],[-5.43789,34.56022],[-5.43746,34.56043],[-5.43686,34.56051],[-5.43583,34.56043],[-5.43566,34.56051],[-5.4348,34.56157],[-5.43454,34.56249],[-5.43394,34.56241],[-5.4336,34.5615],[-5.433,34.56107],[-5.43248,34.56121],[-5.43188,34.56164],[-5.43008,34.56213],[-5.43008,34.56241],[-5.43042,34.56298],[-5.43051,34.56347],[-5.43051,34.56397],[-5.43016,34.56404],[-5.43008,34.56432],[-5.43042,34.56475],[-5.43077,34.56496],[-5.43111,34.56461],[-5.43137,34.56453],[-5.43171,34.56453],[-5.43205,34.56468],[-5.43205,34.56517],[-5.43162,34.56552],[-5.43171,34.56616],[-5.43197,34.56637],[-5.43265,34.56602],[-5.433,34.56609],[-5.433,34.56644],[-5.43351,34.56722],[-5.43351,34.56743],[-5.43308,34.56736],[-5.43291,34.5675],[-5.43291,34.56814],[-5.4336,34.56821],[-5.43386,34.56828],[-5.43446,34.56934],[-5.43437,34.56941],[-5.43386,34.56934],[-5.43291,34.56899],[-5.43248,34.56856],[-5.43222,34.5692],[-5.43162,34.56962],[-5.43119,34.57026],[-5.43094,34.57033],[-5.43059,34.57012],[-5.43034,34.57026],[-5.43042,34.57132],[-5.43085,34.5716],[-5.43094,34.5721],[-5.43068,34.57259],[-5.43042,34.5728],[-5.43051,34.57351],[-5.43068,34.574],[-5.43051,34.57436],[-5.43016,34.5745],[-5.42956,34.57415],[-5.42931,34.57408],[-5.42913,34.57415],[-5.42905,34.57443],[-5.42862,34.57443],[-5.42828,34.57471],[-5.4287,34.57549],[-5.42973,34.57627],[-5.42973,34.57711],[-5.42956,34.57711],[-5.42922,34.57683],[-5.42853,34.57726],[-5.42845,34.57747],[-5.42888,34.57832],[-5.42948,34.57874],[-5.42948,34.57888],[-5.42922,34.57952],[-5.42931,34.57994],[-5.42896,34.58008],[-5.42836,34.58001],[-5.42733,34.57952],[-5.4263,34.57931],[-5.42587,34.57874],[-5.4257,34.57867],[-5.42536,34.57888],[-5.4251,34.57938],[-5.42424,34.58015],[-5.42416,34.58051],[-5.42381,34.58058],[-5.42347,34.58044],[-5.42321,34.58065],[-5.4233,34.58086],[-5.42416,34.58157],[-5.42424,34.58206],[-5.42416,34.58227],[-5.42381,34.58241],[-5.4233,34.58234],[-5.42287,34.58213],[-5.42253,34.58185],[-5.4221,34.58178],[-5.4221,34.5815],[-5.42253,34.58114],[-5.42253,34.58093],[-5.42235,34.58072],[-5.42201,34.58093],[-5.42167,34.58093],[-5.42158,34.58114],[-5.42107,34.581],[-5.42064,34.58178],[-5.42064,34.58199],[-5.42021,34.58227],[-5.41969,34.58227],[-5.41883,34.58192],[-5.41806,34.58171],[-5.4172,34.5822],[-5.41626,34.5822],[-5.416,34.58234],[-5.416,34.58284],[-5.41635,34.58425],[-5.41609,34.58461],[-5.41557,34.58496],[-5.41497,34.58475],[-5.41454,34.58489],[-5.41231,34.58609],[-5.41154,34.58673],[-5.41111,34.58842],[-5.4112,34.58899],[-5.4118,34.58991],[-5.41203,34.59139],[-5.41205,34.59139],[-5.41204,34.59144],[-5.41205,34.59153],[-5.41197,34.59174],[-5.41137,34.59231],[-5.41154,34.59266],[-5.41145,34.59379],[-5.41162,34.59464],[-5.41102,34.59499],[-5.41085,34.59563],[-5.41128,34.59662],[-5.41068,34.59704],[-5.41051,34.59732],[-5.41068,34.59761],[-5.41205,34.59761],[-5.41326,34.5981],[-5.41351,34.59853],[-5.41337,34.59862],[-5.41334,34.59874],[-5.41291,34.59902],[-5.41272,34.59905],[-5.41265,34.59909],[-5.41188,34.59916],[-5.41102,34.59994],[-5.41102,34.60036],[-5.41137,34.60135],[-5.41162,34.6017],[-5.41223,34.60233],[-5.41248,34.60241],[-5.41343,34.60185],[-5.41429,34.6022],[-5.41463,34.60213],[-5.41497,34.60255],[-5.4154,34.60255],[-5.41568,34.60269],[-5.41609,34.6029],[-5.41772,34.60312],[-5.41841,34.60354],[-5.41926,34.60305],[-5.42055,34.60269],[-5.42039,34.60274],[-5.42184,34.60149],[-5.42278,34.60121],[-5.42304,34.60093],[-5.42596,34.601],[-5.42716,34.60347],[-5.42862,34.60884],[-5.43025,34.60884],[-5.43291,34.60849],[-5.43308,34.60891],[-5.43325,34.60983],[-5.43394,34.61061],[-5.43463,34.61103],[-5.43523,34.61188],[-5.43557,34.61202],[-5.43634,34.61223],[-5.436,34.61258],[-5.43686,34.61421],[-5.43737,34.61576],[-5.43806,34.61661],[-5.43918,34.6176],[-5.4421,34.6183],[-5.44313,34.61873],[-5.4445,34.61887],[-5.44501,34.61901],[-5.44536,34.62007],[-5.4463,34.62141],[-5.44699,34.62212],[-5.44716,34.62283],[-5.44716,34.6236],[-5.44802,34.62459],[-5.44742,34.62593],[-5.44767,34.62608],[-5.44853,34.62593],[-5.44862,34.62664],[-5.45059,34.62643],[-5.45076,34.62664],[-5.45085,34.62735],[-5.45171,34.62777],[-5.45188,34.62841],[-5.45351,34.62855],[-5.45428,34.62947],[-5.45471,34.62982],[-5.45548,34.63038],[-5.456,34.63045],[-5.45677,34.63179],[-5.45746,34.63236],[-5.45746,34.6325],[-5.4578,34.63271],[-5.45875,34.63285],[-5.45909,34.63278],[-5.46244,34.63243],[-5.46329,34.63201],[-5.46372,34.63201],[-5.46596,34.63271],[-5.46681,34.63278],[-5.46827,34.63356],[-5.46879,34.63363],[-5.4693,34.63413],[-5.46965,34.63391],[-5.47136,34.63363],[-5.47205,34.633],[-5.47214,34.63264],[-5.47248,34.63236],[-5.47291,34.63158],[-5.47291,34.6313],[-5.4736,34.63102],[-5.47368,34.63081],[-5.47462,34.63024],[-5.47497,34.63038],[-5.47531,34.6301],[-5.47608,34.6301],[-5.47617,34.63038],[-5.47643,34.63017],[-5.47677,34.63038],[-5.47703,34.63038],[-5.47771,34.63059],[-5.47883,34.63165],[-5.47926,34.63179],[-5.48029,34.63187],[-5.48072,34.63102],[-5.48132,34.63109],[-5.48166,34.63158],[-5.48243,34.63158],[-5.48278,34.63144],[-5.48329,34.63194],[-5.48346,34.63236],[-5.48398,34.63257],[-5.4851,34.63173],[-5.48561,34.63179],[-5.48613,34.63208],[-5.48664,34.63208],[-5.48716,34.63194],[-5.4875,34.63137],[-5.48741,34.63116],[-5.48759,34.63123],[-5.48801,34.63123],[-5.48862,34.63095],[-5.48896,34.63059],[-5.48956,34.63081],[-5.49016,34.63067],[-5.49076,34.63088],[-5.49076,34.63137],[-5.49119,34.63144],[-5.49153,34.6313],[-5.49188,34.63165],[-5.49205,34.63151],[-5.49222,34.63173],[-5.49273,34.63165],[-5.49316,34.63173],[-5.49368,34.63229],[-5.49479,34.63194],[-5.49522,34.63215],[-5.49514,34.63236],[-5.4954,34.63229],[-5.49548,34.63278],[-5.49582,34.63278],[-5.496,34.63257],[-5.49608,34.63271],[-5.49608,34.63307],[-5.49643,34.63314],[-5.4966,34.63356],[-5.49651,34.63399],[-5.49625,34.6342],[-5.49634,34.63469],[-5.4966,34.6349],[-5.4966,34.63518],[-5.49617,34.63561],[-5.49617,34.63582],[-5.49643,34.63596],[-5.49608,34.63625],[-5.49565,34.63632],[-5.49531,34.63681],[-5.49488,34.63695],[-5.49497,34.63716],[-5.49479,34.63744],[-5.49514,34.63766],[-5.49522,34.63787],[-5.49488,34.63822],[-5.49505,34.63879],[-5.49479,34.63893],[-5.49437,34.63956],[-5.49445,34.63978],[-5.49419,34.64034],[-5.49497,34.64105],[-5.49531,34.64119],[-5.49651,34.6426],[-5.49677,34.64345],[-5.49737,34.64366],[-5.49746,34.64394],[-5.49943,34.64458],[-5.50312,34.64543],[-5.50561,34.64592],[-5.50595,34.64585],[-5.50896,34.64437],[-5.51084,34.64366],[-5.5117,34.64359],[-5.51222,34.64345],[-5.51265,34.64345],[-5.51316,34.64366],[-5.51436,34.64359],[-5.51488,34.64338],[-5.51754,34.64189],[-5.5202,34.64105],[-5.52123,34.64126],[-5.52441,34.64168],[-5.52578,34.64726],[-5.52587,34.64903],[-5.52655,34.64917],[-5.52595,34.64959],[-5.52535,34.65178],[-5.52501,34.6539],[-5.52501,34.65496],[-5.52527,34.65552],[-5.52466,34.65573],[-5.52475,34.65905],[-5.52372,34.65983],[-5.52346,34.66308],[-5.52363,34.6659],[-5.52398,34.6666],[-5.52475,34.66774],[-5.5263,34.66766],[-5.5305,34.66689],[-5.53325,34.6671],[-5.53548,34.66745],[-5.53608,34.66689],[-5.53728,34.66646],[-5.53925,34.66618],[-5.54028,34.66562],[-5.54114,34.66526],[-5.54295,34.66505],[-5.54372,34.66519],[-5.54372,34.66632],[-5.54441,34.66837],[-5.54561,34.66879],[-5.54689,34.66872],[-5.54827,34.67028],[-5.54895,34.67042],[-5.55007,34.67035],[-5.55101,34.66964],[-5.55179,34.67028],[-5.55247,34.67056],[-5.5523,34.67126],[-5.55196,34.67148],[-5.55041,34.67141],[-5.55024,34.67183],[-5.55041,34.67268],[-5.55016,34.67289],[-5.54921,34.67268],[-5.54852,34.67289],[-5.54818,34.67317],[-5.54818,34.67366],[-5.54852,34.67409],[-5.54895,34.67416],[-5.54904,34.67437],[-5.5487,34.67472],[-5.5499,34.67649],[-5.55119,34.67924],[-5.55333,34.68588],[-5.55385,34.6906],[-5.55625,34.6906],[-5.55694,34.69067],[-5.55865,34.69173],[-5.55934,34.69293],[-5.56063,34.69279],[-5.56217,34.69399],[-5.56449,34.69505],[-5.56672,34.69575],[-5.57084,34.69646],[-5.57436,34.69512],[-5.57462,34.69575],[-5.57419,34.69632],[-5.57376,34.6971],[-5.57367,34.6983],[-5.57376,34.69879],[-5.5741,34.69907],[-5.57402,34.69935],[-5.57419,34.69957],[-5.57419,34.69935],[-5.57453,34.69935],[-5.57453,34.69957],[-5.5747,34.69978],[-5.57462,34.69999],[-5.57445,34.69978],[-5.57436,34.69985],[-5.57445,34.7002],[-5.5741,34.70013],[-5.57385,34.70034],[-5.5741,34.70077],[-5.57436,34.70077],[-5.57436,34.70105],[-5.57462,34.70098],[-5.57453,34.70077],[-5.57487,34.70084],[-5.5753,34.70147],[-5.57513,34.70211],[-5.57539,34.70239],[-5.57556,34.70211],[-5.5759,34.70204],[-5.5759,34.70267],[-5.57573,34.70295],[-5.57548,34.70302],[-5.57556,34.70352],[-5.57539,34.70366],[-5.57513,34.70359],[-5.57479,34.7038],[-5.57453,34.70366],[-5.57419,34.70366],[-5.57419,34.70401],[-5.57462,34.70429],[-5.57427,34.70472],[-5.57402,34.70451],[-5.57385,34.70458],[-5.57385,34.70486],[-5.57367,34.70479],[-5.57359,34.70507],[-5.57385,34.70528],[-5.57402,34.70528],[-5.57402,34.70507],[-5.57419,34.70493],[-5.57419,34.70507],[-5.57453,34.705],[-5.5747,34.70521],[-5.5747,34.70507],[-5.57487,34.70521],[-5.57505,34.70514],[-5.57487,34.70535],[-5.57505,34.70556],[-5.57556,34.70564],[-5.57556,34.70571],[-5.57513,34.70592],[-5.57539,34.7062],[-5.57556,34.70606],[-5.57582,34.70613],[-5.57625,34.70662],[-5.5759,34.70662],[-5.5759,34.70676],[-5.57625,34.7069],[-5.57616,34.70697],[-5.57573,34.70697],[-5.57608,34.70726],[-5.57599,34.70733],[-5.57548,34.70719],[-5.57548,34.70824],[-5.57616,34.7086],[-5.57633,34.70888],[-5.57659,34.70881],[-5.57659,34.70846],[-5.57685,34.70888],[-5.57702,34.70888],[-5.57693,34.70909],[-5.57659,34.70909],[-5.57668,34.70945],[-5.57625,34.70952],[-5.57625,34.70973],[-5.57651,34.70973],[-5.57651,34.7098],[-5.57668,34.7098],[-5.57676,34.71008],[-5.57633,34.71008],[-5.57633,34.7105],[-5.57599,34.71064],[-5.57573,34.71156],[-5.57556,34.71177],[-5.5753,34.71177],[-5.57496,34.71205],[-5.57496,34.71227],[-5.57462,34.71241],[-5.57436,34.71318],[-5.57453,34.71347],[-5.57453,34.71424],[-5.57522,34.71445],[-5.57796,34.71594],[-5.58251,34.71812],[-5.585,34.71946],[-5.58577,34.71989],[-5.58577,34.72334],[-5.58689,34.72362],[-5.58706,34.72377],[-5.58732,34.72468],[-5.5911,34.72779],[-5.59341,34.72877],[-5.59539,34.72863],[-5.59547,34.72821],[-5.59599,34.72751],[-5.59607,34.72666],[-5.59582,34.72617],[-5.59607,34.7261],[-5.59642,34.7256],[-5.59616,34.72546],[-5.59642,34.72539],[-5.59685,34.72567],[-5.59745,34.72518],[-5.59753,34.72483],[-5.59753,34.72461],[-5.5971,34.72447],[-5.59693,34.72391],[-5.5971,34.72334],[-5.5965,34.72285],[-5.5965,34.72257],[-5.59702,34.7225],[-5.59702,34.72264],[-5.59719,34.72264],[-5.59728,34.72243],[-5.59745,34.72243],[-5.59762,34.72228],[-5.59719,34.72193],[-5.59728,34.72179],[-5.59771,34.722],[-5.59796,34.72193],[-5.59805,34.72207],[-5.59839,34.722],[-5.59865,34.72165],[-5.59865,34.72123],[-5.59908,34.72095],[-5.59874,34.7208],[-5.59899,34.72066],[-5.59891,34.72031],[-5.59865,34.72031],[-5.59874,34.72003],[-5.59925,34.71989],[-5.59994,34.71946],[-5.60037,34.71953],[-5.60037,34.71932],[-5.60071,34.71932],[-5.60165,34.7189],[-5.60183,34.71848],[-5.6014,34.71848],[-5.60157,34.71791],[-5.60191,34.71728],[-5.6026,34.71749],[-5.60294,34.71826],[-5.6026,34.71883],[-5.6026,34.71911],[-5.60286,34.71932],[-5.60286,34.71946],[-5.60226,34.72038],[-5.60183,34.72151],[-5.60183,34.72228],[-5.60208,34.72271],[-5.60208,34.72313],[-5.60234,34.72377],[-5.60311,34.72391],[-5.60371,34.72475],[-5.60371,34.72511],[-5.60423,34.72511],[-5.60534,34.72483],[-5.60655,34.72412],[-5.60672,34.72285],[-5.60775,34.72165],[-5.60835,34.72158],[-5.60878,34.72179],[-5.60886,34.7225],[-5.60904,34.72264],[-5.60998,34.72334],[-5.61092,34.72362],[-5.61101,34.72398],[-5.61084,34.72426],[-5.61118,34.72489],[-5.61178,34.72581],[-5.61384,34.72765],[-5.61384,34.72793],[-5.61367,34.72835],[-5.61367,34.72885],[-5.61307,34.73011],[-5.61315,34.73075],[-5.6135,34.73117],[-5.61367,34.73181],[-5.61427,34.73096],[-5.61487,34.73061],[-5.6153,34.72976],[-5.61607,34.72934],[-5.6171,34.7292],[-5.61736,34.72906],[-5.61745,34.72814],[-5.6171,34.72736],[-5.61736,34.72715],[-5.61736,34.72687],[-5.61813,34.72687],[-5.61848,34.7268],[-5.61882,34.72645],[-5.61908,34.72638],[-5.62097,34.72638],[-5.62139,34.72645],[-5.62174,34.7268],[-5.62208,34.72652],[-5.6226,34.72666],[-5.6226,34.7268],[-5.62217,34.72687],[-5.62208,34.72708],[-5.62217,34.72722],[-5.62242,34.72736],[-5.62234,34.72758],[-5.62328,34.72687],[-5.62354,34.72701],[-5.6238,34.72701],[-5.62474,34.72673],[-5.62491,34.72652],[-5.62466,34.72631],[-5.625,34.72631],[-5.62543,34.72624],[-5.62586,34.72602],[-5.62637,34.72602],[-5.62629,34.72581],[-5.62637,34.72574],[-5.6268,34.72588],[-5.62732,34.72595],[-5.62732,34.72617],[-5.62775,34.72617],[-5.62809,34.72631],[-5.62835,34.72617],[-5.62852,34.72652],[-5.62886,34.72645],[-5.62929,34.72666],[-5.62938,34.72652],[-5.62912,34.72617],[-5.62946,34.72617],[-5.62946,34.72631],[-5.62981,34.72638],[-5.63015,34.72624],[-5.63024,34.7261],[-5.63075,34.72617],[-5.63075,34.72588],[-5.63101,34.72581],[-5.63112,34.72598],[-5.63161,34.72638],[-5.63169,34.72617],[-5.63187,34.7261],[-5.63204,34.72617],[-5.63221,34.7261],[-5.63204,34.72595],[-5.63221,34.72567],[-5.63247,34.72546],[-5.63264,34.72553],[-5.63187,34.72702],[-5.63187,34.72703],[-5.63024,34.73019],[-5.63041,34.73033],[-5.62998,34.73146],[-5.63049,34.73195],[-5.63461,34.7347],[-5.63573,34.73519],[-5.63633,34.73583],[-5.64217,34.73992],[-5.64225,34.73971],[-5.64285,34.73971],[-5.64817,34.74048],[-5.66534,34.73696],[-5.66894,34.73414],[-5.67075,34.73378],[-5.6704,34.72997],[-5.66903,34.72172],[-5.6686,34.71833],[-5.6686,34.71572],[-5.66843,34.71453],[-5.6698,34.71424],[-5.67221,34.71417],[-5.67212,34.71297],[-5.67229,34.70994],[-5.68234,34.69851],[-5.68294,34.69696],[-5.68414,34.69632],[-5.68482,34.69575],[-5.68817,34.69385],[-5.69015,34.69336],[-5.69839,34.68962],[-5.70148,34.68891],[-5.70439,34.68856],[-5.70834,34.68962],[-5.711,34.6918],[-5.71461,34.69568],[-5.71555,34.69639],[-5.71572,34.69597],[-5.71598,34.69667],[-5.71641,34.69717],[-5.71744,34.6978],[-5.72164,34.70041],[-5.72216,34.70105],[-5.72216,34.7026],[-5.72353,34.70373],[-5.72413,34.70458],[-5.72448,34.70613],[-5.72456,34.70916],[-5.72473,34.70966],[-5.72748,34.71304],[-5.72825,34.71311],[-5.72894,34.71361],[-5.72963,34.71389],[-5.73049,34.71389],[-5.73074,34.71396],[-5.73143,34.71495],[-5.73169,34.71594],[-5.73143,34.71805],[-5.731,34.71904],[-5.73126,34.72059],[-5.73117,34.72207],[-5.74087,34.72278],[-5.74276,34.72419],[-5.74285,34.72518],[-5.74396,34.72588],[-5.74671,34.7268],[-5.74997,34.72751],[-5.75332,34.72765],[-5.75606,34.72751],[-5.75984,34.72624],[-5.7607,34.72659],[-5.75984,34.72779],[-5.75898,34.72927],[-5.75907,34.72948],[-5.76344,34.73117],[-5.77366,34.73576],[-5.77409,34.73689],[-5.77289,34.73816],[-5.77229,34.739],[-5.77194,34.73985],[-5.77117,34.74126],[-5.77048,34.74366],[-5.77031,34.74521],[-5.7704,34.74606],[-5.76988,34.74697],[-5.76945,34.74838],[-5.76851,34.75008],[-5.76748,34.75057],[-5.76671,34.75127],[-5.76602,34.75219],[-5.76619,34.75339],[-5.76602,34.75409],[-5.76533,34.75487],[-5.76387,34.75558],[-5.76293,34.75692],[-5.76096,34.75931],[-5.7595,34.76051],[-5.75907,34.76171],[-5.75812,34.76242],[-5.75769,34.76383],[-5.75778,34.76467],[-5.75744,34.76608],[-5.75769,34.76693],[-5.75666,34.76904],[-5.75641,34.77052],[-5.75649,34.77151],[-5.76096,34.7744],[-5.7625,34.77574],[-5.76387,34.77729],[-5.76533,34.77835],[-5.77031,34.78046],[-5.77091,34.78061],[-5.77168,34.78103],[-5.77683,34.78272],[-5.77812,34.78307],[-5.77975,34.78441],[-5.7807,34.78603],[-5.78336,34.79294],[-5.78344,34.79435],[-5.78293,34.79555],[-5.78207,34.79696],[-5.7801,34.7995],[-5.78516,34.8026],[-5.78722,34.80337],[-5.78499,34.80528],[-5.78516,34.80549],[-5.78516,34.80605],[-5.78482,34.8069],[-5.78507,34.80774],[-5.78499,34.80887],[-5.78465,34.80936],[-5.78422,34.80958],[-5.78439,34.81035],[-5.78413,34.81112],[-5.78379,34.81162],[-5.78447,34.81246],[-5.78473,34.81253],[-5.78499,34.8131],[-5.78559,34.81275],[-5.78593,34.81197],[-5.78602,34.81204],[-5.78602,34.8126],[-5.78628,34.8126],[-5.78636,34.81289],[-5.78679,34.81282],[-5.78696,34.81296],[-5.78696,34.81394],[-5.78782,34.81451],[-5.78739,34.81528],[-5.78808,34.81627],[-5.78808,34.81648],[-5.78859,34.81669],[-5.78971,34.81669],[-5.78971,34.81655],[-5.79014,34.81655],[-5.79048,34.81712],[-5.79022,34.81754],[-5.79048,34.81789],[-5.791,34.8174],[-5.79151,34.81754],[-5.79177,34.81747],[-5.79228,34.81775],[-5.79374,34.81972],[-5.79512,34.82233],[-5.79598,34.82353],[-5.79769,34.82515],[-5.79778,34.82578],[-5.79743,34.82613],[-5.79709,34.82628],[-5.79718,34.82606],[-5.79718,34.82592],[-5.79701,34.82592],[-5.79701,34.82628],[-5.7964,34.82635],[-5.79623,34.82663],[-5.79572,34.82677],[-5.79555,34.8267],[-5.79555,34.82684],[-5.79452,34.82705],[-5.79426,34.82684],[-5.79392,34.82733],[-5.79331,34.82726],[-5.79254,34.82776],[-5.79194,34.8286],[-5.79168,34.82923],[-5.79134,34.82952],[-5.791,34.82952],[-5.79048,34.8305],[-5.79005,34.83071],[-5.78997,34.83114],[-5.78954,34.83135],[-5.78928,34.83219],[-5.78937,34.83269],[-5.78894,34.83311],[-5.78902,34.83381],[-5.78825,34.83473],[-5.78868,34.83473],[-5.78894,34.83459],[-5.78919,34.83466],[-5.78928,34.83515],[-5.78979,34.83508],[-5.79022,34.83593],[-5.79108,34.83663],[-5.79108,34.83684],[-5.79134,34.83691],[-5.7916,34.83755],[-5.79177,34.8386],[-5.79031,34.84008],[-5.78868,34.84079],[-5.78765,34.8422],[-5.78705,34.84262],[-5.78619,34.84375],[-5.78568,34.8448],[-5.78507,34.84558],[-5.78422,34.84642],[-5.78327,34.84699],[-5.78259,34.84769],[-5.78078,34.84826],[-5.7801,34.84868],[-5.77984,34.84903],[-5.78138,34.85058],[-5.78147,34.85149],[-5.78181,34.85248],[-5.7807,34.8541],[-5.77855,34.85804],[-5.77786,34.86016],[-5.77761,34.86178],[-5.77752,34.86347],[-5.77752,34.86445],[-5.77795,34.86558],[-5.77769,34.86762],[-5.77804,34.8684],[-5.78164,34.8741],[-5.78198,34.87431],[-5.78216,34.87481],[-5.78267,34.87481],[-5.78336,34.87537],[-5.78353,34.87544],[-5.7825,34.87762],[-5.78181,34.87973],[-5.78018,34.88283],[-5.77812,34.88593],[-5.77735,34.88734],[-5.7764,34.88938],[-5.7761,34.89156],[-5.7761,34.89157],[-5.77589,34.89304],[-5.77598,34.89403],[-5.7764,34.89473],[-5.77683,34.89586],[-5.77709,34.89705],[-5.77735,34.90304],[-5.77786,34.90494],[-5.77778,34.9105],[-5.77752,34.91141],[-5.77477,34.91226],[-5.77332,34.9131],[-5.771,34.91345],[-5.77065,34.91416],[-5.77057,34.91514],[-5.76937,34.91578],[-5.76928,34.91634],[-5.76825,34.91754],[-5.76748,34.91747],[-5.76568,34.91655],[-5.75993,34.91733],[-5.75469,34.92429],[-5.74757,34.92641],[-5.7419,34.92648],[-5.73521,34.92626],[-5.73126,34.92866],[-5.72748,34.934],[-5.72697,34.93443],[-5.72619,34.93443],[-5.72328,34.93576],[-5.72096,34.93626],[-5.71615,34.93682],[-5.70765,34.9397],[-5.69933,34.9485],[-5.69761,34.95392],[-5.69847,34.96193],[-5.69109,34.9639],[-5.6856,34.96791],[-5.68474,34.97368],[-5.68628,34.97881],[-5.68482,34.98156],[-5.68328,34.98458],[-5.68105,34.98507],[-5.66766,34.99077],[-5.65453,34.99154],[-5.65092,34.98985],[-5.64663,34.98929],[-5.64637,34.98943],[-5.64569,34.98943],[-5.645,34.98929],[-5.6432,34.9895],[-5.64105,34.9895],[-5.63873,34.98964],[-5.63805,34.98992],[-5.63744,34.99049],[-5.63633,34.99098],[-5.63539,34.99197],[-5.6353,34.99393],[-5.63556,34.99618],[-5.6359,34.99731],[-5.63813,34.99935],[-5.63891,35.00153],[-5.63882,35.00237],[-5.6395,35.00385],[-5.63976,35.00476],[-5.64122,35.00764],[-5.64191,35.00933],[-5.64165,35.01053],[-5.64156,35.01249],[-5.64114,35.0139],[-5.64062,35.01531],[-5.64019,35.01608],[-5.63959,35.01678],[-5.63719,35.01833],[-5.63667,35.01875],[-5.63582,35.01931],[-5.63521,35.02016],[-5.63496,35.02072],[-5.63478,35.02346],[-5.63453,35.02395],[-5.63461,35.02451],[-5.63521,35.0255],[-5.63573,35.02704],[-5.63573,35.02775],[-5.6365,35.03035],[-5.63642,35.03161],[-5.63607,35.03239],[-5.63564,35.03309],[-5.63513,35.03344],[-5.63401,35.034],[-5.63255,35.034],[-5.63187,35.03393],[-5.63075,35.03358],[-5.63024,35.03302],[-5.62886,35.03218],[-5.62809,35.0307],[-5.62792,35.02986],[-5.62706,35.02803],[-5.62603,35.02402],[-5.62594,35.02226],[-5.62526,35.0191],[-5.625,35.01868],[-5.62363,35.01671],[-5.62277,35.01594],[-5.62191,35.01545],[-5.62114,35.01488],[-5.62011,35.0139],[-5.61959,35.01306],[-5.61959,35.0127],[-5.61873,35.01179],[-5.61813,35.0115],[-5.61685,35.01088],[-5.61307,35.01144],[-5.60989,35.01242],[-5.60689,35.01383],[-5.605,35.01503],[-5.60483,35.01699],[-5.60492,35.01875],[-5.60552,35.021],[-5.60595,35.02177],[-5.60603,35.0229],[-5.60483,35.02466],[-5.6044,35.02508],[-5.60311,35.0255],[-5.6014,35.02508],[-5.60037,35.02494],[-5.60002,35.02479],[-5.59736,35.02444],[-5.59539,35.02381],[-5.59427,35.02395],[-5.59333,35.02381],[-5.59178,35.02416],[-5.59101,35.02444],[-5.59058,35.02466],[-5.59024,35.02522],[-5.58929,35.02543],[-5.58844,35.02501],[-5.58663,35.02346],[-5.58638,35.02262],[-5.58552,35.02184],[-5.58449,35.02142],[-5.58329,35.02079],[-5.58148,35.02058],[-5.57925,35.02065],[-5.57796,35.02023],[-5.57642,35.01959],[-5.57599,35.01924],[-5.57548,35.01861],[-5.5747,35.01734],[-5.57427,35.01678],[-5.57402,35.01629],[-5.57402,35.01573],[-5.5747,35.01474],[-5.5753,35.01418],[-5.57745,35.01299],[-5.58011,35.01116],[-5.58106,35.01038],[-5.58183,35.0094],[-5.58371,35.008],[-5.5844,35.00729],[-5.58535,35.00525],[-5.58535,35.00441],[-5.58483,35.00314],[-5.58226,34.99998],[-5.5826,34.99907],[-5.58337,34.99815],[-5.5838,34.9971],[-5.5838,34.99654],[-5.58312,34.9959],[-5.58277,34.99541],[-5.58277,34.99492],[-5.58303,34.99457],[-5.58183,34.99435],[-5.5808,34.994],[-5.57985,34.99358],[-5.57917,34.99309],[-5.57659,34.99225],[-5.57659,34.99295],[-5.57685,34.99478],[-5.57625,34.99534],[-5.57445,34.99632],[-5.57273,34.99661],[-5.57187,34.99661],[-5.56947,34.99639],[-5.56663,34.99534],[-5.56569,34.99562],[-5.56509,34.99928],[-5.56509,35.0049],[-5.56449,35.00729],[-5.56363,35.00785],[-5.55453,35.00891],[-5.5523,35.0087],[-5.5499,35.00785],[-5.54947,35.00687],[-5.54921,35.00589],[-5.54947,35.00413],[-5.54998,35.00314],[-5.55058,35.00125],[-5.5505,35.00054],[-5.55007,34.9997],[-5.5493,34.99885],[-5.5481,34.99801],[-5.54664,34.99583],[-5.54604,34.9952]]]]},"properties":{"territoire_id":9,"nom":"Ouezzane"}}]}