{"type": "FeatureCollection", "features": [{"type": "Feature", "geometry": {"type": "MultiPolygon", "coordinates": [[[[-6.008921, 35.529991], [-6.006689, 35.539001], [-6.007204, 35.540817], [-6.004887, 35.54808], [-6.002312, 35.561068], [-6.000938, 35.566165], [-5.998278, 35.567911], [-5.996647, 35.569796], [-5.996733, 35.570494], [-5.996389, 35.576288], [-5.996046, 35.578871], [-5.993557, 35.586201], [-5.992527, 35.59004], [-5.990381, 35.596182], [-5.989952, 35.598694], [-5.982828, 35.622489], [-5.981283, 35.626675], [-5.978451, 35.637], [-5.978107, 35.640557], [-5.976563, 35.645998], [-5.974073, 35.657157], [-5.972443, 35.666222], [-5.972185, 35.666292], [-5.966263, 35.68191], [-5.955534, 35.708747], [-5.949011, 35.728677], [-5.948153, 35.730419], [-5.945921, 35.73446], [-5.943346, 35.742263], [-5.943174, 35.74289], [-5.943346, 35.743308], [-5.942831, 35.745189], [-5.942488, 35.745467], [-5.94223, 35.746512], [-5.942059, 35.749368], [-5.940256, 35.755219], [-5.939226, 35.757448], [-5.939226, 35.758284], [-5.939655, 35.759607], [-5.939655, 35.760374], [-5.939398, 35.760931], [-5.938454, 35.761488], [-5.936995, 35.765527], [-5.936136, 35.769497], [-5.935535, 35.770751], [-5.935707, 35.771934], [-5.934591, 35.773327], [-5.933733, 35.774024], [-5.933819, 35.774441], [-5.934763, 35.775277], [-5.932875, 35.775416], [-5.932016, 35.777505], [-5.931416, 35.779316], [-5.931416, 35.78043], [-5.93236, 35.781683], [-5.93236, 35.782171], [-5.932188, 35.782519], [-5.931587, 35.782797], [-5.930815, 35.783424], [-5.930729, 35.784747], [-5.9303, 35.785791], [-5.930214, 35.786766], [-5.9303, 35.787323], [-5.929527, 35.78788], [-5.929699, 35.788159], [-5.929613, 35.788646], [-5.92927, 35.788646], [-5.928669, 35.789412], [-5.926867, 35.790735], [-5.925922, 35.791849], [-5.924549, 35.792127], [-5.921717, 35.792475], [-5.920601, 35.793102], [-5.919571, 35.794077], [-5.918112, 35.794982], [-5.916309, 35.795678], [-5.916138, 35.795956], [-5.915709, 35.796513], [-5.915194, 35.796792], [-5.912876, 35.797418], [-5.912189, 35.797488], [-5.911417, 35.797836], [-5.909872, 35.799646], [-5.909872, 35.800203], [-5.909357, 35.80062], [-5.908585, 35.80062], [-5.907984, 35.800829], [-5.90764, 35.801317], [-5.902748, 35.800203], [-5.901461, 35.800133], [-5.90086, 35.800412], [-5.89571, 35.800481], [-5.89159, 35.800412], [-5.890217, 35.801177], [-5.88953, 35.801317], [-5.889015, 35.800551], [-5.888243, 35.799715], [-5.887213, 35.799576], [-5.886784, 35.799298], [-5.885582, 35.799507], [-5.884466, 35.799089], [-5.883865, 35.799507], [-5.88335, 35.799298], [-5.882664, 35.798254], [-5.881462, 35.797975], [-5.88026, 35.798114], [-5.878544, 35.797766], [-5.873652, 35.797279], [-5.872192, 35.797697], [-5.870733, 35.798323], [-5.869875, 35.798323], [-5.867214, 35.797557], [-5.863094, 35.795887], [-5.862579, 35.795956], [-5.862236, 35.796165], [-5.861721, 35.796792], [-5.861292, 35.797], [-5.861034, 35.797279], [-5.860176, 35.797418], [-5.86009, 35.797697], [-5.859747, 35.797836], [-5.858116, 35.797418], [-5.855713, 35.797766], [-5.854769, 35.797627], [-5.852795, 35.797905], [-5.851851, 35.797697], [-5.851421, 35.797975], [-5.851078, 35.797905], [-5.850735, 35.797905], [-5.849962, 35.79888], [-5.848932, 35.799298], [-5.849018, 35.799785], [-5.848675, 35.799994], [-5.848589, 35.800412], [-5.84816, 35.80062], [-5.848074, 35.800899], [-5.84816, 35.801247], [-5.847988, 35.801525], [-5.847216, 35.800899], [-5.846872, 35.801108], [-5.846443, 35.800342], [-5.845671, 35.800064], [-5.84507, 35.798741], [-5.844812, 35.798393], [-5.842581, 35.797766], [-5.841036, 35.798323], [-5.841208, 35.797488], [-5.840263, 35.797209], [-5.839834, 35.797418], [-5.839405, 35.797349], [-5.839062, 35.797488], [-5.838461, 35.796861], [-5.838118, 35.796652], [-5.837603, 35.796583], [-5.837259, 35.796304], [-5.836058, 35.794703], [-5.835457, 35.794425], [-5.83271, 35.794285], [-5.832882, 35.794494], [-5.831852, 35.795121], [-5.830564, 35.79526], [-5.829363, 35.795817], [-5.827045, 35.795399], [-5.826702, 35.795469], [-5.825415, 35.79533], [-5.824814, 35.795051], [-5.824556, 35.794425], [-5.824213, 35.794216], [-5.823698, 35.794077], [-5.823183, 35.793868], [-5.822582, 35.793241], [-5.818892, 35.792127], [-5.817604, 35.791988], [-5.815029, 35.791222], [-5.814428, 35.791152], [-5.813055, 35.790804], [-5.812712, 35.792336], [-5.812111, 35.793032], [-5.80945, 35.79352], [-5.807991, 35.79345], [-5.803528, 35.793589], [-5.803442, 35.793241], [-5.803785, 35.793102], [-5.804043, 35.793241], [-5.805759, 35.793241], [-5.805759, 35.793032], [-5.810823, 35.792893], [-5.811253, 35.792754], [-5.811596, 35.791222], [-5.811424, 35.791222], [-5.811253, 35.792127], [-5.811338, 35.791222], [-5.811167, 35.791152], [-5.810995, 35.791152], [-5.810823, 35.792058], [-5.810909, 35.791152], [-5.810394, 35.791013], [-5.810137, 35.792197], [-5.810051, 35.792266], [-5.810308, 35.791083], [-5.809708, 35.790944], [-5.80945, 35.792336], [-5.809364, 35.792336], [-5.809622, 35.790944], [-5.809021, 35.790874], [-5.808764, 35.792336], [-5.808678, 35.792266], [-5.808935, 35.790804], [-5.808077, 35.790735], [-5.807905, 35.791988], [-5.807734, 35.791988], [-5.807476, 35.791222], [-5.805588, 35.791501], [-5.805502, 35.792058], [-5.805073, 35.792197], [-5.805073, 35.791709], [-5.804815, 35.791361], [-5.804214, 35.791222], [-5.803013, 35.79164], [-5.801296, 35.791988], [-5.79546, 35.79164], [-5.793142, 35.791361], [-5.793228, 35.791013], [-5.794516, 35.791152], [-5.794601, 35.791013], [-5.80121, 35.791361], [-5.80267, 35.791083], [-5.803957, 35.790526], [-5.803871, 35.790317], [-5.804129, 35.790247], [-5.803785, 35.789342], [-5.801983, 35.78976], [-5.801983, 35.78969], [-5.803699, 35.789203], [-5.803442, 35.788716], [-5.803614, 35.788437], [-5.802326, 35.787254], [-5.802412, 35.787184], [-5.803528, 35.788228], [-5.803871, 35.788298], [-5.804901, 35.787462], [-5.805159, 35.787671], [-5.806532, 35.787671], [-5.806532, 35.787462], [-5.806875, 35.787462], [-5.806875, 35.787671], [-5.807819, 35.787671], [-5.807991, 35.787393], [-5.807991, 35.786975], [-5.807819, 35.786836], [-5.806532, 35.786766], [-5.806446, 35.785304], [-5.807562, 35.785304], [-5.807476, 35.784468], [-5.806446, 35.78412], [-5.804987, 35.786627], [-5.802326, 35.785722], [-5.797863, 35.788368], [-5.796661, 35.787045], [-5.796833, 35.786975], [-5.795374, 35.785374], [-5.794773, 35.783494], [-5.794945, 35.783563], [-5.79546, 35.785025], [-5.795631, 35.785304], [-5.795803, 35.785234], [-5.797091, 35.786627], [-5.797262, 35.786557], [-5.797091, 35.786348], [-5.797348, 35.786209], [-5.797434, 35.786209], [-5.797606, 35.78607], [-5.797863, 35.786209], [-5.797691, 35.786], [-5.797863, 35.785861], [-5.798035, 35.786], [-5.79915, 35.785374], [-5.79855, 35.784677], [-5.798635, 35.784608], [-5.799236, 35.785304], [-5.804901, 35.781962], [-5.804729, 35.781753], [-5.804815, 35.781683], [-5.8043, 35.781266], [-5.804214, 35.781335], [-5.803785, 35.780987], [-5.803442, 35.780848], [-5.803442, 35.780639], [-5.803185, 35.7805], [-5.80267, 35.780778], [-5.802498, 35.780917], [-5.803013, 35.781614], [-5.802412, 35.780917], [-5.80224, 35.781057], [-5.802841, 35.781683], [-5.802155, 35.781057], [-5.801983, 35.781266], [-5.801811, 35.781405], [-5.80224, 35.782031], [-5.801725, 35.781405], [-5.801468, 35.781544], [-5.801468, 35.781614], [-5.801125, 35.781753], [-5.801725, 35.78238], [-5.801039, 35.781753], [-5.800867, 35.781892], [-5.801296, 35.782588], [-5.800695, 35.781962], [-5.800352, 35.782101], [-5.800352, 35.782171], [-5.799923, 35.78238], [-5.800524, 35.783076], [-5.799837, 35.782449], [-5.799408, 35.782728], [-5.800009, 35.783494], [-5.799837, 35.783563], [-5.799236, 35.782797], [-5.79855, 35.783215], [-5.799065, 35.783911], [-5.798979, 35.783981], [-5.798378, 35.783285], [-5.797949, 35.783563], [-5.798035, 35.783842], [-5.797606, 35.784051], [-5.797434, 35.783842], [-5.797348, 35.783911], [-5.79752, 35.78412], [-5.797348, 35.78419], [-5.797176, 35.783981], [-5.797091, 35.784051], [-5.797262, 35.78426], [-5.796919, 35.784468], [-5.796833, 35.784329], [-5.796661, 35.784399], [-5.796232, 35.783563], [-5.798721, 35.782101], [-5.797949, 35.7805], [-5.796232, 35.778898], [-5.794859, 35.778202], [-5.792713, 35.777575], [-5.787306, 35.77653], [-5.785418, 35.776461], [-5.783615, 35.77653], [-5.783701, 35.77667], [-5.782413, 35.776879], [-5.782413, 35.776948], [-5.781641, 35.777157], [-5.779839, 35.777575], [-5.774603, 35.779734], [-5.769968, 35.781823], [-5.769024, 35.78238], [-5.769711, 35.783354], [-5.768166, 35.78412], [-5.765762, 35.785931], [-5.765505, 35.785582], [-5.76396, 35.786627], [-5.76293, 35.787741], [-5.763617, 35.788368], [-5.763531, 35.788576], [-5.762243, 35.787532], [-5.762072, 35.787602], [-5.76087, 35.788298], [-5.759153, 35.78983], [-5.758982, 35.790317], [-5.759068, 35.790526], [-5.758896, 35.790804], [-5.758209, 35.791013], [-5.757608, 35.791709], [-5.757351, 35.792197], [-5.757351, 35.792893], [-5.755377, 35.795538], [-5.755205, 35.796026], [-5.754862, 35.796304], [-5.753403, 35.797], [-5.752802, 35.797697], [-5.751944, 35.799228], [-5.750313, 35.801525], [-5.750227, 35.802152], [-5.749884, 35.802222], [-5.749884, 35.80243], [-5.750141, 35.80257], [-5.750141, 35.802709], [-5.749884, 35.803266], [-5.749454, 35.803475], [-5.74894, 35.804171], [-5.74851, 35.804867], [-5.748339, 35.805284], [-5.74851, 35.805702], [-5.748854, 35.805911], [-5.74851, 35.807094], [-5.748425, 35.808626], [-5.74851, 35.809113], [-5.748768, 35.809391], [-5.748682, 35.810018], [-5.748081, 35.810366], [-5.748167, 35.811201], [-5.74851, 35.811758], [-5.748768, 35.811897], [-5.749111, 35.811827], [-5.749454, 35.812036], [-5.750055, 35.812732], [-5.75057, 35.81315], [-5.750828, 35.813776], [-5.75057, 35.814751], [-5.750141, 35.815168], [-5.750141, 35.815586], [-5.750313, 35.815725], [-5.750484, 35.8167], [-5.750484, 35.817396], [-5.749884, 35.817952], [-5.749369, 35.818161], [-5.749111, 35.818092], [-5.746794, 35.818509], [-5.744991, 35.819275], [-5.744047, 35.819414], [-5.743961, 35.819205], [-5.741472, 35.818718], [-5.740786, 35.8183], [-5.739584, 35.818092], [-5.738726, 35.818788], [-5.738468, 35.819692], [-5.736322, 35.820179], [-5.735292, 35.819762], [-5.734005, 35.819901], [-5.732374, 35.821432], [-5.72937, 35.822894], [-5.726023, 35.82345], [-5.724821, 35.824355], [-5.72422, 35.824077], [-5.722246, 35.825747], [-5.721696279528024, 35.82689058538496], [-5.720873, 35.825956], [-5.720701, 35.82526], [-5.718212, 35.820319], [-5.717697, 35.818927], [-5.717783, 35.817674], [-5.718298, 35.81663], [-5.718126, 35.816004], [-5.71847, 35.815656], [-5.718555, 35.815099], [-5.71847, 35.81496], [-5.718555, 35.81489], [-5.718384, 35.814612], [-5.718641, 35.814055], [-5.719242, 35.814264], [-5.722418, 35.816004], [-5.723963, 35.816352], [-5.724993, 35.816421], [-5.726452, 35.816212], [-5.72731, 35.816212], [-5.727911, 35.816004], [-5.728254, 35.815656], [-5.728769, 35.814472], [-5.729542, 35.813916], [-5.730486, 35.813776], [-5.731859, 35.813916], [-5.732374, 35.813637], [-5.733747, 35.812663], [-5.736408, 35.812663], [-5.737009, 35.812523], [-5.737953, 35.812106], [-5.738554, 35.811479], [-5.740099, 35.808486], [-5.74173, 35.807582], [-5.742159, 35.807164], [-5.742416, 35.806677], [-5.74276, 35.804588], [-5.743961, 35.802848], [-5.744047, 35.802222], [-5.743618, 35.802639], [-5.742588, 35.802639], [-5.741301, 35.801804], [-5.740356, 35.801595], [-5.740099, 35.801108], [-5.739241, 35.800342], [-5.739155, 35.800064], [-5.739498, 35.799367], [-5.739412, 35.799019], [-5.739155, 35.79881], [-5.739584, 35.796652], [-5.740356, 35.795747], [-5.741816, 35.794494], [-5.740013, 35.792406], [-5.739584, 35.792127], [-5.739584, 35.791918], [-5.740099, 35.790944], [-5.744047, 35.788576], [-5.744648, 35.78795], [-5.743618, 35.787532], [-5.742416, 35.787323], [-5.741816, 35.786418], [-5.740786, 35.786488], [-5.73967, 35.786209], [-5.739584, 35.785582], [-5.738554, 35.785443], [-5.737524, 35.785513], [-5.736237, 35.785165], [-5.735207, 35.784468], [-5.734262, 35.783494], [-5.73452, 35.783006], [-5.734434, 35.78231], [-5.734005, 35.781683], [-5.733576, 35.778341], [-5.73349, 35.773049], [-5.73246, 35.7727], [-5.731859, 35.772631], [-5.730228, 35.773258], [-5.729971, 35.773049], [-5.729542, 35.771934], [-5.729198, 35.771447], [-5.726538, 35.770124], [-5.725937, 35.770333], [-5.724821, 35.770402], [-5.723276, 35.770263], [-5.723534, 35.770124], [-5.722761, 35.768522], [-5.720959, 35.760304], [-5.720873, 35.759468], [-5.721731, 35.757588], [-5.721989, 35.756682], [-5.722075, 35.755637], [-5.722332, 35.754941], [-5.722589, 35.753896], [-5.721989, 35.753199], [-5.720959, 35.752433], [-5.720756129928512, 35.75210403746778], [-5.720744389587072, 35.752085], [-5.720272, 35.751319], [-5.719156, 35.750344], [-5.71907, 35.749368], [-5.719156, 35.74902], [-5.720358, 35.748323], [-5.721817, 35.748532], [-5.723019, 35.74909], [-5.723963, 35.74902], [-5.72422, 35.748741], [-5.724392, 35.748323], [-5.724993, 35.748184], [-5.726109, 35.74895], [-5.726709, 35.748881], [-5.726881, 35.748532], [-5.728168, 35.748532], [-5.727396, 35.747836], [-5.726366, 35.747418], [-5.72628, 35.746512], [-5.725937, 35.745955], [-5.72525, 35.745258], [-5.724821, 35.744492], [-5.72422, 35.743656], [-5.723534, 35.742054], [-5.723534, 35.74073], [-5.723705, 35.737734], [-5.723362, 35.735853], [-5.723619, 35.734321], [-5.72319, 35.732161], [-5.722675, 35.730558], [-5.722246, 35.729792], [-5.72216, 35.728468], [-5.722246, 35.728259], [-5.722675, 35.72812], [-5.722847, 35.727841], [-5.722933, 35.727562], [-5.722675, 35.727423], [-5.722675, 35.727074], [-5.723019, 35.726447], [-5.723019, 35.72596], [-5.723362, 35.725542], [-5.723276, 35.725193], [-5.723448, 35.725123], [-5.723791, 35.725123], [-5.724564, 35.724496], [-5.72525, 35.724078], [-5.725336, 35.7238], [-5.72525, 35.723312], [-5.72628, 35.722963], [-5.727568, 35.722894], [-5.730057, 35.723033], [-5.731001, 35.723381], [-5.731773, 35.723939], [-5.733061, 35.723521], [-5.734091, 35.723869], [-5.734863, 35.724009], [-5.735207, 35.72366], [-5.735464, 35.72366], [-5.735807, 35.7238], [-5.736237, 35.724078], [-5.736666, 35.724218], [-5.73761, 35.724148], [-5.737953, 35.724218], [-5.738297, 35.724636], [-5.738983, 35.724218], [-5.739069, 35.724078], [-5.739326, 35.724357], [-5.739756, 35.723242], [-5.741215, 35.721639], [-5.741301, 35.720734], [-5.74173, 35.720455], [-5.741901, 35.720176], [-5.74173, 35.719061], [-5.741472, 35.718782], [-5.741129, 35.718782], [-5.740099, 35.717458], [-5.740528, 35.716971], [-5.740786, 35.716971], [-5.740957, 35.716692], [-5.741215, 35.716692], [-5.741386, 35.716065], [-5.742416, 35.715856], [-5.742931, 35.715298], [-5.743189, 35.714671], [-5.743017, 35.713347], [-5.743275, 35.71272], [-5.743103, 35.712162], [-5.743189, 35.709932], [-5.743017, 35.709514], [-5.744133, 35.708468], [-5.745249, 35.70798], [-5.747051, 35.707911], [-5.747995, 35.708259], [-5.749712, 35.709444], [-5.751171, 35.710002], [-5.751686, 35.710489], [-5.751944, 35.710489], [-5.752373, 35.710141], [-5.753317, 35.709862], [-5.755291, 35.711953], [-5.757351, 35.71258], [-5.754776, 35.708747], [-5.754776, 35.708538], [-5.754347, 35.708399], [-5.754604, 35.707423], [-5.752373, 35.706586], [-5.752115, 35.706099], [-5.752201, 35.70582], [-5.7516, 35.704774], [-5.750828, 35.704496], [-5.750656, 35.703868], [-5.747824, 35.701986], [-5.746965, 35.700035], [-5.746708, 35.699895], [-5.74645, 35.699477], [-5.746536, 35.699268], [-5.746279, 35.699059], [-5.746021, 35.69871], [-5.74585, 35.697804], [-5.745935, 35.697595], [-5.745506, 35.697247], [-5.745764, 35.696898], [-5.74585, 35.695783], [-5.746279, 35.695365], [-5.746365, 35.695295], [-5.746107, 35.695156], [-5.746622, 35.694877], [-5.746622, 35.694528], [-5.746536, 35.69404], [-5.745678, 35.693692], [-5.74585, 35.693134], [-5.746279, 35.692158], [-5.74585, 35.689718], [-5.74585, 35.689091], [-5.745764, 35.688882], [-5.745335, 35.688951], [-5.74482, 35.688254], [-5.744133, 35.687906], [-5.743961, 35.687278], [-5.74439, 35.686721], [-5.744219, 35.685745], [-5.743704, 35.685117], [-5.742502, 35.683932], [-5.741129, 35.682886], [-5.740871, 35.681771], [-5.741043, 35.681283], [-5.740442, 35.679679], [-5.740016154858487, 35.67912609616825], [-5.73981823447327, 35.67918691489976], [-5.738897, 35.67947], [-5.737696, 35.678843], [-5.734606, 35.678355], [-5.730143, 35.678215], [-5.727482, 35.678006], [-5.726452, 35.678773], [-5.726023, 35.6794], [-5.723877, 35.680237], [-5.723448, 35.680725], [-5.723104, 35.681492], [-5.722675, 35.681771], [-5.721903, 35.681701], [-5.720959, 35.681283], [-5.720186, 35.680377], [-5.720272, 35.680098], [-5.719843, 35.67961], [-5.720959, 35.678494], [-5.722847, 35.673892], [-5.721903, 35.671801], [-5.721731, 35.668454], [-5.720186, 35.665386], [-5.718126, 35.660434], [-5.715895, 35.657087], [-5.713491, 35.653251], [-5.713234, 35.649276], [-5.713406, 35.646765], [-5.715036, 35.646277], [-5.716839, 35.646067], [-5.718555, 35.64523], [-5.719585, 35.644045], [-5.720272, 35.64251], [-5.719414, 35.641255], [-5.71847, 35.640836], [-5.710402, 35.638116], [-5.708427, 35.637697], [-5.706539, 35.637627], [-5.704737, 35.637627], [-5.702763, 35.638185], [-5.701475, 35.638325], [-5.700531, 35.637837], [-5.700102, 35.637209], [-5.699415, 35.634488], [-5.698557, 35.631837], [-5.695724, 35.628907], [-5.691433, 35.628628], [-5.692034, 35.625977], [-5.691261, 35.623815], [-5.69066, 35.621512], [-5.693579, 35.621931], [-5.700016, 35.624791], [-5.70199, 35.626326], [-5.702848, 35.629186], [-5.705252, 35.630024], [-5.707912, 35.631279], [-5.71023, 35.63114], [-5.712891, 35.630024], [-5.714865, 35.627861], [-5.716238, 35.62528], [-5.714521, 35.623954], [-5.711861, 35.616489], [-5.716727926923065, 35.61301080209264], [-5.716152, 35.611674], [-5.715036, 35.610139], [-5.714951, 35.60972], [-5.714865, 35.609371], [-5.715208, 35.608953], [-5.715551, 35.608185], [-5.715551, 35.607696], [-5.714693, 35.606161], [-5.714693, 35.605114], [-5.715036, 35.604556], [-5.715036, 35.604137], [-5.714951, 35.603928], [-5.713663, 35.60323], [-5.713491, 35.602532], [-5.713491, 35.602114], [-5.713749, 35.601835], [-5.715122, 35.600997], [-5.715723, 35.60016], [-5.715809, 35.599322], [-5.715208, 35.598554], [-5.713577, 35.598275], [-5.713062, 35.597926], [-5.712719, 35.5966], [-5.712805, 35.595553], [-5.712461, 35.594995], [-5.712547, 35.594576], [-5.713148, 35.593599], [-5.713148, 35.593111], [-5.712633, 35.592133], [-5.712805, 35.591436], [-5.712461, 35.590947], [-5.711946, 35.590947], [-5.711174, 35.590389], [-5.711002, 35.590179], [-5.711002, 35.589691], [-5.711346, 35.588295], [-5.71126, 35.587946], [-5.710831, 35.587457], [-5.71023, 35.587457], [-5.709972, 35.587248], [-5.709887, 35.587038], [-5.710058, 35.58641], [-5.709887, 35.585921], [-5.709972, 35.585433], [-5.711002, 35.584874], [-5.710917, 35.584665], [-5.710316, 35.584456], [-5.710316, 35.583967], [-5.710831, 35.583409], [-5.711517, 35.583409], [-5.712118, 35.583199], [-5.712032, 35.58278], [-5.711689, 35.582082], [-5.711346, 35.581943], [-5.710487, 35.582012], [-5.71023, 35.581803], [-5.710402, 35.580407], [-5.710917, 35.580128], [-5.711002, 35.579848], [-5.710402, 35.579081], [-5.709629, 35.578941], [-5.708771, 35.57936], [-5.708256, 35.57936], [-5.707741, 35.57922], [-5.707312, 35.578243], [-5.706625, 35.578173], [-5.706282, 35.579081], [-5.706024, 35.57922], [-5.705166, 35.578801], [-5.704737, 35.578801], [-5.703878, 35.578313], [-5.704222, 35.577894], [-5.704737, 35.577545], [-5.704565, 35.576567], [-5.705252, 35.57573], [-5.70508, 35.574962], [-5.705423, 35.574543], [-5.705509, 35.574194], [-5.705338, 35.573984], [-5.704651, 35.573775], [-5.704565, 35.573496], [-5.705338, 35.573217], [-5.705938, 35.572239], [-5.706196, 35.57203], [-5.705681, 35.570773], [-5.705166, 35.570284], [-5.703964, 35.569865], [-5.701904, 35.569447], [-5.700274, 35.569028], [-5.698643, 35.56833], [-5.697269, 35.565816], [-5.696497, 35.563442], [-5.696497, 35.561976], [-5.695724, 35.559393], [-5.694609, 35.558834], [-5.693665, 35.55639], [-5.693321, 35.554295], [-5.69375, 35.553387], [-5.694094, 35.552061], [-5.694523, 35.551362], [-5.694351, 35.550524], [-5.694695, 35.549337], [-5.69478, 35.548499], [-5.69521, 35.547591], [-5.695124, 35.547242], [-5.694695, 35.546963], [-5.694609, 35.546614], [-5.695295, 35.546474], [-5.695553, 35.546264], [-5.695381, 35.545845], [-5.694866, 35.545706], [-5.69478, 35.545496], [-5.695124, 35.54403], [-5.695467, 35.543611], [-5.695896, 35.542842], [-5.696068, 35.542144], [-5.696325, 35.541795], [-5.69684, 35.541515], [-5.698814, 35.541166], [-5.698986, 35.53956], [-5.698557, 35.538792], [-5.698471, 35.537744], [-5.699844, 35.537185], [-5.700445, 35.535858], [-5.702934, 35.535579], [-5.702934, 35.53488], [-5.703449, 35.534042], [-5.70405, 35.534252], [-5.704823, 35.532925], [-5.704908, 35.532156], [-5.705767, 35.531039], [-5.706797, 35.53034], [-5.70714, 35.530201], [-5.708513, 35.53027], [-5.7092, 35.529991], [-5.709887, 35.529921], [-5.710402, 35.529991], [-5.710917, 35.53048], [-5.711861, 35.53062], [-5.713062, 35.53062], [-5.714951, 35.530201], [-5.71538, 35.529921], [-5.715208, 35.529083], [-5.715551, 35.528594], [-5.716667, 35.528384], [-5.717525, 35.527826], [-5.71847, 35.527826], [-5.719242, 35.527127], [-5.719843, 35.526219], [-5.720186, 35.525171], [-5.720873, 35.523774], [-5.722504, 35.523076], [-5.725679, 35.522796], [-5.728168, 35.522796], [-5.730057, 35.523076], [-5.730743, 35.522656], [-5.732203, 35.522517], [-5.734262, 35.523076], [-5.736494, 35.523914], [-5.737267, 35.523844], [-5.739326, 35.523285], [-5.740871, 35.524054], [-5.743103, 35.523774], [-5.744305, 35.524193], [-5.74482, 35.524612], [-5.749884, 35.524752], [-5.753403, 35.52566], [-5.754175, 35.52573], [-5.755033, 35.52566], [-5.755806, 35.525451], [-5.758038, 35.524193], [-5.758982, 35.523914], [-5.765076, 35.524263], [-5.76602, 35.524123], [-5.767221, 35.523565], [-5.770655, 35.520072], [-5.770998, 35.519513], [-5.771255, 35.518465], [-5.771427, 35.516718], [-5.77117, 35.515671], [-5.7706547770193835, 35.51483213695292], [-5.76808, 35.51064], [-5.767736, 35.509872], [-5.767651, 35.509383], [-5.776834, 35.51057], [-5.779324, 35.51057], [-5.781555, 35.508963], [-5.782328, 35.507985], [-5.780439, 35.504073], [-5.780611, 35.503793], [-5.781813, 35.503863], [-5.783787, 35.503653], [-5.783873, 35.502465], [-5.78413, 35.502605], [-5.784388, 35.502046], [-5.784817, 35.501557], [-5.786104, 35.500719], [-5.786362, 35.500369], [-5.786276, 35.49995], [-5.786533, 35.49974], [-5.786448, 35.499321], [-5.786791, 35.499042], [-5.786963, 35.498413], [-5.786877, 35.498203], [-5.786619, 35.497993], [-5.786619, 35.497714], [-5.787134, 35.497434], [-5.78722, 35.497225], [-5.786877, 35.496875], [-5.786705, 35.496107], [-5.786877, 35.495827], [-5.786533, 35.495198], [-5.786791, 35.49422], [-5.786877, 35.493661], [-5.786619, 35.493451], [-5.786877, 35.492403], [-5.786791, 35.491914], [-5.786362, 35.490446], [-5.785847, 35.489887], [-5.785847, 35.489538], [-5.791683, 35.483947], [-5.792198, 35.483877], [-5.792542, 35.483737], [-5.793915, 35.482549], [-5.795116, 35.48185], [-5.795374, 35.48157], [-5.795546, 35.481151], [-5.79546, 35.480382], [-5.795631, 35.479963], [-5.796146, 35.479334], [-5.796833, 35.478775], [-5.797863, 35.478216], [-5.79958, 35.477656], [-5.800009, 35.477027], [-5.799751, 35.476468], [-5.801897, 35.477307], [-5.803013, 35.477447], [-5.804386, 35.478285], [-5.805759, 35.479613], [-5.805931, 35.479054], [-5.805845, 35.478635], [-5.806017, 35.478006], [-5.806446, 35.477377], [-5.807219, 35.476818], [-5.807734, 35.476119], [-5.809021, 35.47514], [-5.809965, 35.47486], [-5.811253, 35.47514], [-5.811424, 35.474791], [-5.812197, 35.474301], [-5.812969, 35.474022], [-5.813484, 35.473393], [-5.814257, 35.472973], [-5.814171, 35.472624], [-5.814342, 35.472484], [-5.8146, 35.472484], [-5.815287, 35.471785], [-5.81563, 35.471575], [-5.815973, 35.470876], [-5.815973, 35.470527], [-5.816317, 35.470387], [-5.817862, 35.471715], [-5.818806, 35.472833], [-5.81975, 35.473113], [-5.822153, 35.474651], [-5.821981, 35.475], [-5.822411, 35.47535], [-5.822496, 35.475839], [-5.822067, 35.476398], [-5.822239, 35.476957], [-5.822926, 35.477517], [-5.823355, 35.478076], [-5.825071, 35.478076], [-5.825672, 35.478565], [-5.826101, 35.479474], [-5.826101, 35.480033], [-5.825071, 35.480941], [-5.8255, 35.482479], [-5.825415, 35.482968], [-5.824986, 35.483597], [-5.8249, 35.484086], [-5.825415, 35.483737], [-5.826359, 35.483527], [-5.827389, 35.483597], [-5.827818, 35.484086], [-5.828676, 35.484506], [-5.828934, 35.484855], [-5.829878, 35.485344], [-5.830908, 35.486113], [-5.832624, 35.485135], [-5.839062, 35.483038], [-5.840349, 35.482409], [-5.842066, 35.481291], [-5.842409, 35.481361], [-5.842752, 35.480941], [-5.842924, 35.480452], [-5.84301, 35.480382], [-5.843267, 35.480592], [-5.843353, 35.480312], [-5.843611, 35.480312], [-5.843525, 35.479963], [-5.843697, 35.479893], [-5.844126, 35.480103], [-5.84507, 35.479334], [-5.845413, 35.478635], [-5.845928, 35.478495], [-5.847044, 35.477726], [-5.847216, 35.477447], [-5.847044, 35.476748], [-5.847301, 35.476189], [-5.847731, 35.475909], [-5.848761, 35.47549], [-5.849361, 35.474791], [-5.849447, 35.474441], [-5.849791, 35.474162], [-5.850992, 35.473532], [-5.851370910984089, 35.47348922321822], [-5.852022, 35.473253], [-5.852537, 35.472833], [-5.853052, 35.471366], [-5.852966, 35.470457], [-5.853138, 35.469548], [-5.852966, 35.469199], [-5.853052, 35.468709], [-5.852795, 35.4678], [-5.852795, 35.466682], [-5.852758474907256, 35.466266208537256], [-5.852748821958356, 35.465699735282726], [-5.852709, 35.465214], [-5.853138, 35.464725], [-5.853395, 35.463746], [-5.85288, 35.463536], [-5.85228, 35.462977], [-5.851765, 35.462068], [-5.850477, 35.46102], [-5.850306, 35.46067], [-5.849619, 35.459481], [-5.848417, 35.46067], [-5.847645, 35.461649], [-5.846786, 35.461858], [-5.846443, 35.461579], [-5.8461, 35.46067], [-5.845842, 35.46039], [-5.845585, 35.46032], [-5.845242, 35.46039], [-5.844984, 35.46067], [-5.844555, 35.461159], [-5.843182, 35.461789], [-5.842066, 35.461369], [-5.841465, 35.46067], [-5.84095, 35.46025], [-5.840607, 35.459132], [-5.840263, 35.458503], [-5.839577, 35.457873], [-5.839148, 35.457664], [-5.837946, 35.457594], [-5.836744, 35.457244], [-5.837688, 35.456405], [-5.837755019999997, 35.45630363364393], [-5.837946, 35.456126], [-5.838158083646518, 35.45569400826175], [-5.838289, 35.455496], [-5.838356557482344, 35.45528973825441], [-5.8383613047034695, 35.45528006867196], [-5.838426236233609, 35.455077], [-5.83842960429343, 35.45506671687704], [-5.839663, 35.451301], [-5.839663, 35.450672], [-5.838976, 35.445918], [-5.840349, 35.445918], [-5.840349, 35.445638], [-5.840693, 35.445218], [-5.840349, 35.444589], [-5.840521, 35.444379], [-5.841122, 35.444449], [-5.841894, 35.444939], [-5.842581, 35.445148], [-5.843611, 35.445009], [-5.843868, 35.445148], [-5.845242, 35.445078], [-5.846186, 35.445288], [-5.846529, 35.445009], [-5.847473, 35.444869], [-5.850048, 35.44403], [-5.850391, 35.4441], [-5.851936, 35.44354], [-5.853052, 35.445009], [-5.853567, 35.445078], [-5.85494, 35.445638], [-5.858631, 35.451022], [-5.859404, 35.450882], [-5.860004, 35.450952], [-5.860519, 35.450742], [-5.861549, 35.451651], [-5.861721, 35.451651], [-5.862322, 35.451162], [-5.863094, 35.451301], [-5.864468, 35.451162], [-5.865412, 35.451232], [-5.86627, 35.451022], [-5.867815, 35.451511], [-5.870476, 35.452071], [-5.87142, 35.45249], [-5.871592, 35.453049], [-5.87245, 35.45284], [-5.874252, 35.453329], [-5.874681, 35.453679], [-5.875711, 35.453818], [-5.877771, 35.45277], [-5.878716, 35.45214], [-5.880175, 35.451511], [-5.88026, 35.450882], [-5.881634, 35.450043], [-5.882578, 35.449763], [-5.882921, 35.449344], [-5.883608, 35.449484], [-5.884895, 35.448784], [-5.888844, 35.447176], [-5.889874, 35.447036], [-5.891418, 35.445638], [-5.892191, 35.444589], [-5.892363, 35.44326], [-5.892534, 35.442491], [-5.893135, 35.441792], [-5.892963, 35.441163], [-5.892963, 35.440044], [-5.893049, 35.439694], [-5.893822, 35.438645], [-5.894423, 35.438296], [-5.894766, 35.437736], [-5.894594, 35.437037], [-5.895023, 35.435219], [-5.896225, 35.434309], [-5.89674, 35.43368], [-5.896912, 35.433121], [-5.897684, 35.432771], [-5.89777, 35.432141], [-5.898371, 35.431162], [-5.899401, 35.431023], [-5.898886, 35.430603], [-5.899658, 35.430533], [-5.899916, 35.429834], [-5.900517, 35.429274], [-5.901976, 35.428785], [-5.906353, 35.424658], [-5.907211, 35.425777], [-5.90764, 35.425427], [-5.907984, 35.425847], [-5.907984, 35.426057], [-5.9091, 35.426966], [-5.909443, 35.426966], [-5.909529, 35.426896], [-5.910473, 35.427526], [-5.91073, 35.427386], [-5.911245, 35.427735], [-5.911417, 35.427666], [-5.913305, 35.428924], [-5.912447, 35.430043], [-5.912962, 35.430673], [-5.913734, 35.431023], [-5.914078, 35.431652], [-5.915365, 35.432841], [-5.917597, 35.430603], [-5.918112, 35.430253], [-5.919142, 35.430603], [-5.919914, 35.429764], [-5.920515, 35.429904], [-5.921373, 35.429064], [-5.923262, 35.427596], [-5.924721, 35.426267], [-5.92721, 35.427875], [-5.927124, 35.427596], [-5.927467, 35.427246], [-5.927639, 35.426826], [-5.927553, 35.426616], [-5.92824, 35.425218], [-5.928926, 35.425288], [-5.92927, 35.425497], [-5.930214, 35.425427], [-5.930386, 35.425218], [-5.9303, 35.424938], [-5.930471, 35.424728], [-5.931244, 35.424378], [-5.931501, 35.424588], [-5.931759, 35.424308], [-5.931931, 35.424798], [-5.933218, 35.425497], [-5.933561, 35.425987], [-5.93339, 35.426756], [-5.933561, 35.427176], [-5.933733, 35.427386], [-5.93442, 35.427596], [-5.935535, 35.427456], [-5.936222, 35.426826], [-5.938454, 35.425567], [-5.93914, 35.425078], [-5.939913, 35.424099], [-5.940342, 35.424029], [-5.940685, 35.424238], [-5.9412, 35.424798], [-5.9412, 35.426267], [-5.942059, 35.427596], [-5.94223, 35.427036], [-5.942402, 35.426896], [-5.942917, 35.426826], [-5.944033, 35.427526], [-5.944891, 35.427666], [-5.945578, 35.427596], [-5.946951, 35.426966], [-5.947895, 35.425917], [-5.948153, 35.425358], [-5.948153, 35.424518], [-5.947895, 35.423399], [-5.947552, 35.42284], [-5.947208, 35.42249], [-5.94738, 35.421581], [-5.947294, 35.421091], [-5.947723, 35.420671], [-5.948067, 35.419412], [-5.949354, 35.419202], [-5.950727, 35.418573], [-5.951328, 35.418503], [-5.953903, 35.418713], [-5.953989, 35.419272], [-5.954762, 35.419412], [-5.954933, 35.420042], [-5.956478, 35.42235], [-5.956907, 35.423469], [-5.957508, 35.423889], [-5.957079, 35.42193], [-5.957508, 35.420252], [-5.957851, 35.419832], [-5.959396, 35.419133], [-5.960855, 35.418083], [-5.960512, 35.417524], [-5.959997, 35.417034], [-5.959997, 35.416684], [-5.958796, 35.416125], [-5.958023, 35.415355], [-5.95768, 35.414446], [-5.957336, 35.413117], [-5.957336, 35.411788], [-5.956993, 35.410808], [-5.957079, 35.40843], [-5.956736, 35.40773], [-5.956478, 35.405982], [-5.956821, 35.404442], [-5.957766, 35.402204], [-5.957937, 35.400385], [-5.958366, 35.400105], [-5.958881, 35.399405], [-5.95871, 35.398286], [-5.958881, 35.396677], [-5.959139, 35.395907], [-5.959053, 35.394997], [-5.959139, 35.394158], [-5.95562, 35.393248], [-5.953474, 35.392898], [-5.95356, 35.391989], [-5.953217, 35.391429], [-5.952272, 35.391429], [-5.951929, 35.391219], [-5.951157, 35.391149], [-5.950727, 35.391289], [-5.950127, 35.391009], [-5.948839, 35.39017], [-5.948496, 35.38968], [-5.948153, 35.38954], [-5.947895, 35.38891], [-5.945663, 35.38828], [-5.944977, 35.38814], [-5.94223, 35.38786], [-5.941372, 35.38793], [-5.938883, 35.387231], [-5.93708, 35.387021], [-5.935278, 35.386391], [-5.932446, 35.383942], [-5.932274, 35.383452], [-5.93236, 35.382402], [-5.929098, 35.381703], [-5.925751, 35.381493], [-5.924892, 35.381633], [-5.923777, 35.382122], [-5.922747, 35.382962], [-5.920429, 35.385761], [-5.916052, 35.38905], [-5.91588, 35.3894], [-5.915451, 35.38968], [-5.914164, 35.39003], [-5.913305, 35.38989], [-5.913477, 35.38905], [-5.914249, 35.38884], [-5.913734, 35.387511], [-5.91382, 35.386881], [-5.913906, 35.386671], [-5.915537, 35.386041], [-5.915794, 35.385481], [-5.91588, 35.384292], [-5.91794, 35.382752], [-5.919056, 35.382052], [-5.919828, 35.382262], [-5.920429, 35.382262], [-5.921545, 35.381563], [-5.922575, 35.379953], [-5.922403, 35.379043], [-5.92412, 35.377294], [-5.924206, 35.376804], [-5.924549, 35.376524], [-5.925236, 35.376454], [-5.926781, 35.375894], [-5.927982, 35.375754], [-5.928669, 35.374704], [-5.928154, 35.373655], [-5.927382, 35.373025], [-5.926266, 35.372955], [-5.925837, 35.372675], [-5.92515, 35.371485], [-5.924463, 35.371135], [-5.923948, 35.370365], [-5.92412, 35.369665], [-5.925579, 35.369595], [-5.926523, 35.367496], [-5.927896, 35.367146], [-5.929098, 35.366446], [-5.930214, 35.366516], [-5.93133, 35.364626], [-5.931244, 35.363716], [-5.930643, 35.363016], [-5.930128, 35.362946], [-5.929699, 35.362036], [-5.929871, 35.361686], [-5.929441, 35.361546], [-5.929441, 35.361266], [-5.929871, 35.360636], [-5.929956, 35.360146], [-5.929871, 35.359026], [-5.930386, 35.358326], [-5.931673, 35.357416], [-5.93339, 35.356786], [-5.933132, 35.356366], [-5.932789, 35.356226], [-5.933218, 35.355036], [-5.933218, 35.354686], [-5.932789, 35.353566], [-5.932789, 35.353146], [-5.933218, 35.352586], [-5.933819, 35.351396], [-5.933819, 35.350976], [-5.933561, 35.350276], [-5.93442, 35.349856], [-5.934248, 35.349366], [-5.933561, 35.349296], [-5.933218, 35.348876], [-5.932875, 35.347756], [-5.9303, 35.346425], [-5.929956, 35.345725], [-5.929871, 35.344745], [-5.929613, 35.344535], [-5.930557, 35.344045], [-5.929871, 35.341805], [-5.928411, 35.341665], [-5.926352, 35.340544], [-5.926008, 35.340054], [-5.926695, 35.339494], [-5.927124, 35.339004], [-5.925322, 35.337184], [-5.924377, 35.337464], [-5.922318, 35.337604], [-5.920687, 35.336484], [-5.920258, 35.336414], [-5.920944, 35.335643], [-5.921459, 35.334593], [-5.92309, 35.332913], [-5.923948, 35.331652], [-5.92412, 35.331092], [-5.923605, 35.330882], [-5.923176, 35.330462], [-5.921116, 35.330252], [-5.919228, 35.330602], [-5.918455, 35.330602], [-5.918026, 35.329762], [-5.915365, 35.32458], [-5.914764, 35.323739], [-5.913563, 35.322409], [-5.914507, 35.320518], [-5.915537, 35.319047], [-5.915022, 35.317857], [-5.914764, 35.316456], [-5.915194, 35.315966], [-5.915279, 35.315615], [-5.915194, 35.314495], [-5.915194, 35.313724], [-5.915537, 35.313374], [-5.915623, 35.312884], [-5.914936, 35.309872], [-5.915194, 35.309102], [-5.915794, 35.308612], [-5.916481, 35.308331], [-5.916739, 35.307701], [-5.917425, 35.307421], [-5.918026, 35.30686], [-5.918541, 35.307001], [-5.919142, 35.30672], [-5.920687, 35.30651], [-5.921288, 35.30623], [-5.922403, 35.30616], [-5.922661, 35.30602], [-5.923519, 35.30623], [-5.924892, 35.305319], [-5.925837, 35.30553], [-5.926437, 35.30553], [-5.926695, 35.30539], [-5.927124, 35.30539], [-5.927124, 35.30609], [-5.926867, 35.30637], [-5.927038, 35.30686], [-5.927725, 35.307001], [-5.92824, 35.307701], [-5.92927, 35.308191], [-5.930128, 35.308471], [-5.930986, 35.308612], [-5.931158, 35.308892], [-5.932617, 35.309802], [-5.933561, 35.309522], [-5.93399, 35.309802], [-5.934677, 35.309662], [-5.935106, 35.309172], [-5.935879, 35.309102], [-5.93648, 35.309452], [-5.936737, 35.309872], [-5.937853, 35.310643], [-5.938883, 35.310923], [-5.940685, 35.312184], [-5.942059, 35.311903], [-5.943775, 35.311763], [-5.944033, 35.311903], [-5.944633, 35.311483], [-5.946093, 35.311623], [-5.94635, 35.311763], [-5.94738, 35.311833], [-5.948582, 35.312254], [-5.949268, 35.313024], [-5.949955, 35.313234], [-5.9515, 35.314705], [-5.951929, 35.315265], [-5.952187, 35.316456], [-5.952616, 35.317787], [-5.953989, 35.315685], [-5.954418, 35.314425], [-5.955105, 35.314145], [-5.956993, 35.312534], [-5.958796, 35.311973], [-5.962572, 35.310082], [-5.963602, 35.309662], [-5.964117, 35.311063], [-5.964804, 35.312324], [-5.967979, 35.317016], [-5.969696, 35.31935089773463], [-5.969696, 35.319397], [-5.971069, 35.321218], [-5.973473, 35.32521], [-5.974159, 35.32472], [-5.97476, 35.323949], [-5.975275, 35.323669], [-5.975447, 35.323179], [-5.976563, 35.321848], [-5.977507, 35.320798], [-5.97785, 35.321078], [-5.978537, 35.320798], [-5.97888, 35.320868], [-5.979052, 35.321148], [-5.979395, 35.321078], [-5.979652, 35.320798], [-5.97991, 35.321008], [-5.979996, 35.321568], [-5.980425, 35.321428], [-5.98094, 35.321988], [-5.981455, 35.321848], [-5.98197, 35.321988], [-5.982313, 35.321918], [-5.982485, 35.322199], [-5.983, 35.322059], [-5.983086, 35.322479], [-5.983429, 35.322514000000005], [-5.983432534624897, 35.32251436067602], [-5.983772, 35.322549], [-5.98403, 35.322479], [-5.984373, 35.322549], [-5.984459, 35.322829], [-5.985146, 35.322619], [-5.98712, 35.323389], [-5.987549, 35.322899], [-5.987892, 35.322899], [-5.988407, 35.323249], [-5.989008, 35.323529], [-5.989866, 35.323319], [-5.990553, 35.324159], [-5.99081, 35.324229], [-5.991497, 35.323879], [-5.991755, 35.323949], [-5.991755, 35.324229], [-5.991497, 35.32451], [-5.991411, 35.32472], [-5.991926, 35.32465], [-5.992527, 35.32528], [-5.99227, 35.3257], [-5.992012, 35.32598], [-5.992184, 35.32619], [-5.993814, 35.32675], [-5.993986, 35.327381], [-5.994759, 35.327661], [-5.99493, 35.327871], [-5.994844, 35.328151], [-5.994501, 35.328361], [-5.994673, 35.328851], [-5.994158, 35.328851], [-5.993557, 35.329201], [-5.9939, 35.329411], [-5.994501, 35.329201], [-5.99493, 35.329481], [-5.995188, 35.329902], [-5.994759, 35.330112], [-5.994759, 35.330182], [-5.998449, 35.329481], [-5.998878, 35.329271], [-5.999136, 35.328991], [-5.999222, 35.328081], [-5.999651, 35.327661], [-6.000397130327354, 35.328472851651526], [-6.000423, 35.328501], [-6.002226, 35.329832], [-6.006002, 35.332212], [-6.006432, 35.332562], [-6.010289597890992, 35.33179246958021], [-6.01141, 35.331512], [-6.012526, 35.331022], [-6.013126, 35.330532], [-6.013899, 35.329341], [-6.015015, 35.3257], [-6.01553, 35.32486], [-6.01716, 35.32507], [-6.019907, 35.32472], [-6.020594, 35.32444], [-6.021023, 35.32458], [-6.022053, 35.324369], [-6.023083, 35.323879], [-6.0254, 35.324019], [-6.025829, 35.32451], [-6.025486, 35.32528], [-6.026173, 35.32598], [-6.02746, 35.32689], [-6.029263, 35.3264], [-6.032867, 35.32661], [-6.034327, 35.326961], [-6.036129, 35.327171], [-6.03673, 35.327591], [-6.038361, 35.327731], [-6.039476, 35.32591], [-6.040249, 35.323809], [-6.040335, 35.321638], [-6.040764, 35.320798], [-6.04291, 35.320168], [-6.043339, 35.320168], [-6.046858, 35.320938], [-6.047459, 35.320938], [-6.047974, 35.321988], [-6.049175, 35.323109], [-6.04969, 35.323879], [-6.04969, 35.32451], [-6.050119, 35.32479], [-6.050205, 35.32535], [-6.049948, 35.32584], [-6.049519, 35.32626], [-6.049433, 35.32668], [-6.04969, 35.326961], [-6.049604, 35.328221], [-6.049776, 35.328571], [-6.050549, 35.328781], [-6.051064, 35.329481], [-6.051922, 35.329972], [-6.052952, 35.329762], [-6.053467, 35.329832], [-6.05381, 35.330462], [-6.053896, 35.330952], [-6.054068, 35.331302], [-6.055613, 35.331582], [-6.056814, 35.330812], [-6.058273, 35.330882], [-6.05896, 35.329621], [-6.060247, 35.328781], [-6.060677, 35.328571], [-6.061106, 35.327451], [-6.061792, 35.327171], [-6.062651, 35.32654], [-6.063337, 35.32591], [-6.063166, 35.32556], [-6.063337, 35.32535], [-6.06411, 35.32486], [-6.065397, 35.32528], [-6.065311, 35.32486], [-6.067801, 35.32472], [-6.069174, 35.32514], [-6.071234, 35.32465], [-6.07295, 35.32528], [-6.074667, 35.32542], [-6.077499, 35.32661], [-6.078272, 35.32675], [-6.078873, 35.32654], [-6.079817, 35.32689], [-6.080332, 35.327241], [-6.081705, 35.328921], [-6.082048, 35.329131], [-6.082478, 35.329201], [-6.082735, 35.329061], [-6.083508, 35.328431], [-6.083937, 35.327661], [-6.085825, 35.32661], [-6.086254, 35.32654], [-6.088142, 35.32654], [-6.089172, 35.32584], [-6.089945, 35.32577], [-6.091747, 35.32472], [-6.092091, 35.32493], [-6.092176, 35.32465], [-6.092606, 35.325], [-6.093121, 35.32493], [-6.093979, 35.32521], [-6.094322, 35.32521], [-6.094666, 35.32507], [-6.095095, 35.325], [-6.095266, 35.32521], [-6.095781, 35.32528], [-6.09621, 35.325], [-6.096725, 35.32486], [-6.097584, 35.32493], [-6.098442, 35.32507], [-6.099558, 35.3257], [-6.100159, 35.32577], [-6.10076, 35.32535], [-6.101274, 35.32542], [-6.101704, 35.32528], [-6.102304, 35.32493], [-6.103077, 35.32486], [-6.103764, 35.32507], [-6.10342, 35.32682], [-6.103163, 35.327381], [-6.103163, 35.328011], [-6.102991, 35.328151], [-6.102905, 35.328921], [-6.102648, 35.329341], [-6.102047, 35.331022], [-6.101875, 35.331022], [-6.101961, 35.331302], [-6.101704, 35.331582], [-6.101103, 35.332983], [-6.100931, 35.334523], [-6.100674, 35.334733], [-6.10033, 35.335993], [-6.098442, 35.340264], [-6.097755, 35.343135], [-6.096125, 35.347336], [-6.095695, 35.348176], [-6.094837, 35.351046], [-6.093979, 35.353146], [-6.093721, 35.353636], [-6.093035, 35.355876], [-6.092262, 35.356996], [-6.091919, 35.358116], [-6.09149, 35.358606], [-6.090975, 35.360356], [-6.09046, 35.361406], [-6.090288, 35.362386], [-6.089859, 35.362876], [-6.089516, 35.363576], [-6.088829, 35.365396], [-6.088657, 35.366306], [-6.0884, 35.368895], [-6.088142, 35.369665], [-6.088228, 35.370155], [-6.088142, 35.371415], [-6.087284, 35.374844], [-6.086683, 35.376034], [-6.086254, 35.378553], [-6.085653, 35.380093], [-6.085224, 35.380653], [-6.084538, 35.381283], [-6.08428, 35.381773], [-6.083679, 35.383662], [-6.082563, 35.386181], [-6.081705, 35.38905], [-6.081448, 35.38961], [-6.081362, 35.39003], [-6.081705, 35.390659], [-6.081362, 35.391219], [-6.08119, 35.393038], [-6.080933, 35.393948], [-6.08119, 35.394718], [-6.081104, 35.394927], [-6.081362, 35.395347], [-6.081533, 35.396187], [-6.081018, 35.396047], [-6.080332, 35.396187], [-6.08016, 35.396397], [-6.078701, 35.396607], [-6.078358, 35.396887], [-6.077843, 35.397936], [-6.076984, 35.399335], [-6.075354, 35.400525], [-6.074667, 35.401714], [-6.07398, 35.404372], [-6.074066, 35.404862], [-6.072865, 35.406331], [-6.072435, 35.406331], [-6.072092, 35.406611], [-6.070976, 35.40787], [-6.071062, 35.40878], [-6.070547, 35.40899], [-6.069431, 35.410039], [-6.06883, 35.410808], [-6.068659, 35.411228], [-6.067972, 35.411998], [-6.066427, 35.414446], [-6.066427, 35.414936], [-6.065912, 35.415635], [-6.065741, 35.416405], [-6.065226, 35.416894], [-6.064882, 35.417454], [-6.064625, 35.418363], [-6.064024, 35.419552], [-6.063938, 35.420112], [-6.06308, 35.421091], [-6.062565, 35.42214], [-6.06102, 35.426337], [-6.060762, 35.428295], [-6.060247, 35.429904], [-6.05999, 35.43326], [-6.05999, 35.43424], [-6.059732, 35.435428], [-6.059732, 35.436547], [-6.059046, 35.437736], [-6.058016, 35.438226], [-6.056986, 35.440323], [-6.055355, 35.44347], [-6.054153, 35.447456], [-6.053638, 35.450183], [-6.051149, 35.453958], [-6.048059, 35.457734], [-6.045828, 35.460181], [-6.045141, 35.46067], [-6.044111, 35.461509], [-6.042995, 35.462907], [-6.042652, 35.464515], [-6.041708, 35.465144], [-6.040506, 35.466263], [-6.040495789230124, 35.466263], [-6.039133, 35.467521], [-6.040421, 35.46794], [-6.040163, 35.468849], [-6.039476, 35.468989], [-6.039734, 35.468709], [-6.038704, 35.467731], [-6.037502, 35.468639], [-6.037674, 35.469059], [-6.037674, 35.469338], [-6.037159, 35.469268], [-6.037159, 35.469688], [-6.035786, 35.470667], [-6.034498, 35.469548], [-6.033554, 35.470177], [-6.033211, 35.470177], [-6.031494, 35.471505], [-6.031322, 35.472274], [-6.031494, 35.472624], [-6.032696, 35.473323], [-6.03364, 35.473532], [-6.033983, 35.473393], [-6.034069, 35.473672], [-6.03364, 35.473812], [-6.033211, 35.473672], [-6.031494, 35.472903], [-6.030979, 35.473043], [-6.029606, 35.473882], [-6.027718, 35.475839], [-6.027203, 35.476119], [-6.027718, 35.476608], [-6.025915, 35.483038], [-6.02231, 35.491425], [-6.019306, 35.497504], [-6.017504, 35.499391], [-6.015959, 35.50554], [-6.01656, 35.508055], [-6.012611, 35.517138], [-6.010723, 35.527546], [-6.009607, 35.530201], [-6.008921, 35.529991]]]]}, "properties": {"territoire_id": 2, "nom": "Tanger-Assilah"}}, {"type": "Feature", "geometry": {"type": "MultiPolygon", "coordinates": [[[[-5.448875, 35.688045], [-5.451536, 35.694946], [-5.454197, 35.699547], [-5.455656, 35.700592], [-5.456858, 35.70115], [-5.457373, 35.701568], [-5.459968204336343, 35.70221749127696], [-5.458059, 35.706029], [-5.457287, 35.708468], [-5.454884, 35.713556], [-5.452223, 35.721918], [-5.451708, 35.73021], [-5.451794, 35.731603], [-5.450678, 35.734251], [-5.449219, 35.73871], [-5.448554273905997, 35.740939], [-5.448532, 35.740939], [-5.447931, 35.743029], [-5.448189, 35.746512], [-5.448446, 35.751458], [-5.448565772283221, 35.752094822877154], [-5.448563924817519, 35.752085], [-5.449219, 35.755568], [-5.449734, 35.757239], [-5.45042, 35.758702], [-5.45248, 35.761906], [-5.453682, 35.764622], [-5.454197, 35.766294], [-5.456085, 35.773467], [-5.459175, 35.783494], [-5.460463, 35.786905], [-5.460548, 35.788368], [-5.460205, 35.789481], [-5.460463, 35.790108], [-5.461149, 35.790944], [-5.461321, 35.791292], [-5.461063, 35.791918], [-5.461235, 35.792614], [-5.460634, 35.795817], [-5.460634, 35.796374], [-5.442867, 35.796722], [-5.44158, 35.796444], [-5.438747, 35.796444], [-5.43849, 35.796165], [-5.438061, 35.796026], [-5.437975, 35.795469], [-5.438147, 35.79519], [-5.43849, 35.79526], [-5.438576, 35.795051], [-5.438232, 35.794494], [-5.437803, 35.793102], [-5.437546, 35.789551], [-5.43334, 35.790108], [-5.432053, 35.790456], [-5.427847, 35.789969], [-5.424929, 35.787741], [-5.416775, 35.786627], [-5.415058, 35.787254], [-5.410767, 35.791222], [-5.410681, 35.792127], [-5.410852, 35.792197], [-5.411797, 35.792058], [-5.413427, 35.791431], [-5.413771, 35.79157], [-5.413857, 35.792127], [-5.413685, 35.792823], [-5.413342, 35.79352], [-5.412998, 35.793311], [-5.412912, 35.794007], [-5.412483, 35.794146], [-5.411882, 35.793937], [-5.411625, 35.794007], [-5.411539, 35.794285], [-5.411367, 35.794077], [-5.411539, 35.793589], [-5.410938, 35.793589], [-5.409908, 35.794146], [-5.409565, 35.794633], [-5.409222, 35.794842], [-5.408621, 35.794982], [-5.408192, 35.794912], [-5.407677, 35.794982], [-5.407162, 35.79526], [-5.406389, 35.79526], [-5.405016, 35.795956], [-5.404758, 35.796444], [-5.404415, 35.797766], [-5.403986, 35.798254], [-5.403042, 35.798602], [-5.402888365101388, 35.79902565987193], [-5.402868491141943, 35.7990804638207], [-5.402764831586832, 35.79896159268346], [-5.402888365101388, 35.79902565987193], [-5.402868491141943, 35.7990804638207], [-5.402613, 35.799785], [-5.401754, 35.800412], [-5.400724, 35.80069], [-5.400724, 35.800899], [-5.400381, 35.800969], [-5.399523, 35.802152], [-5.399094, 35.802291], [-5.398321, 35.802709], [-5.397892, 35.803823], [-5.397978, 35.804101], [-5.398579, 35.804797], [-5.398836, 35.805772], [-5.398407, 35.808556], [-5.39875, 35.808904], [-5.399179, 35.8096], [-5.39978, 35.809948], [-5.399952, 35.810505], [-5.400381, 35.810853], [-5.400639, 35.811758], [-5.400639, 35.812315], [-5.399952, 35.812872], [-5.39978, 35.813428], [-5.399265, 35.813846], [-5.399094, 35.814472], [-5.39875, 35.81489], [-5.397892, 35.815377], [-5.397034, 35.815656], [-5.39669, 35.815656], [-5.396261, 35.815934], [-5.395575, 35.817465], [-5.39566, 35.81837], [-5.395918, 35.818579], [-5.396175, 35.819205], [-5.395918, 35.82011], [-5.39506, 35.821293], [-5.393686, 35.822059], [-5.393, 35.823102], [-5.393085, 35.82352], [-5.392227, 35.824425], [-5.39197, 35.824912], [-5.391369, 35.82526], [-5.391111, 35.825677], [-5.390682, 35.825956], [-5.390425, 35.825956], [-5.390511, 35.828739], [-5.392313, 35.830827], [-5.393858, 35.831871], [-5.397549, 35.832428], [-5.397635, 35.832636], [-5.397806, 35.833123], [-5.397635, 35.83368], [-5.396605, 35.834167], [-5.395918, 35.834863], [-5.395746, 35.835211], [-5.395746, 35.835976], [-5.396261, 35.836533], [-5.396347, 35.836811], [-5.395145, 35.837785], [-5.39403, 35.838412], [-5.393772, 35.83876], [-5.393257, 35.838899], [-5.393686, 35.839734], [-5.394115, 35.839942], [-5.39506, 35.840082], [-5.395231, 35.84036], [-5.395746, 35.840429], [-5.396433, 35.841682], [-5.39669, 35.841751], [-5.397549, 35.841404], [-5.397978, 35.841404], [-5.400124, 35.842586], [-5.401239, 35.842656], [-5.401497, 35.843213], [-5.40184, 35.843491], [-5.402184, 35.84356], [-5.40287, 35.84356], [-5.403728, 35.843978], [-5.404587, 35.843839], [-5.404758, 35.84363], [-5.404587, 35.842656], [-5.404673, 35.842308], [-5.405874, 35.842238], [-5.406647, 35.841891], [-5.406389, 35.841125], [-5.406561, 35.840847], [-5.406904, 35.840777], [-5.407419, 35.840917], [-5.407419, 35.841821], [-5.407763, 35.842099], [-5.408363, 35.84203], [-5.409393, 35.841682], [-5.410337, 35.840917], [-5.410509, 35.840917], [-5.410681, 35.841056], [-5.410423, 35.841612], [-5.410595, 35.841891], [-5.410852, 35.841891], [-5.411282, 35.841404], [-5.411625, 35.841264], [-5.412569, 35.841334], [-5.413513, 35.841612], [-5.4142, 35.841682], [-5.414629, 35.841821], [-5.415144, 35.842447], [-5.41832, 35.84523], [-5.419436, 35.846552], [-5.419779, 35.846274], [-5.419779, 35.845996], [-5.420122, 35.846135], [-5.420551, 35.846761], [-5.420637, 35.847178], [-5.420895, 35.847387], [-5.421495, 35.847596], [-5.421581, 35.847804], [-5.42347, 35.848083], [-5.423985, 35.848361], [-5.4245, 35.848431], [-5.425444, 35.848709], [-5.426474, 35.84857], [-5.428019, 35.848918], [-5.428534, 35.849126], [-5.428705, 35.849474], [-5.428705, 35.849892], [-5.429134, 35.8501], [-5.429735, 35.85017], [-5.429735, 35.850657], [-5.43025, 35.851213], [-5.43025, 35.851561], [-5.429907, 35.85177], [-5.429735, 35.852257], [-5.429993, 35.852396], [-5.430679, 35.852535], [-5.431366, 35.852814], [-5.432053, 35.85344], [-5.432396, 35.853857], [-5.432224, 35.854901], [-5.431538, 35.856361], [-5.431623, 35.85657], [-5.431366, 35.856848], [-5.430937, 35.85824], [-5.430422, 35.858587], [-5.429564, 35.858866], [-5.428104, 35.860257], [-5.426903, 35.860535], [-5.425444, 35.860187], [-5.424242, 35.860396], [-5.423813, 35.860605], [-5.422096, 35.862483], [-5.419865, 35.863804], [-5.418835, 35.864083], [-5.417204, 35.864222], [-5.416689, 35.864083], [-5.41626, 35.863735], [-5.415659, 35.8629], [-5.415144, 35.862692], [-5.412226, 35.863387], [-5.410681, 35.864222], [-5.409479, 35.865752], [-5.408878, 35.866239], [-5.40802, 35.86916], [-5.407505, 35.869856], [-5.406475, 35.870482], [-5.406046, 35.871108], [-5.406647, 35.871247], [-5.407591, 35.871108], [-5.40802, 35.871525], [-5.407848, 35.871942], [-5.407162, 35.871942], [-5.407505, 35.872638], [-5.40699, 35.872916], [-5.40699, 35.873055], [-5.407763, 35.872916], [-5.409994, 35.873264], [-5.412912, 35.872986], [-5.415316, 35.872568], [-5.417805, 35.872429], [-5.418234, 35.871873], [-5.418663, 35.872221], [-5.418406, 35.872499], [-5.419178, 35.872499], [-5.420036, 35.871942], [-5.420637, 35.871108], [-5.422354, 35.870343], [-5.422869, 35.870482], [-5.423126, 35.870899], [-5.42347, 35.871177], [-5.424242, 35.871386], [-5.424671, 35.871734], [-5.4251, 35.871942], [-5.425358, 35.87229], [-5.426044, 35.872429], [-5.42716, 35.87236], [-5.427761, 35.872221], [-5.428619, 35.871734], [-5.429392, 35.871595], [-5.430336, 35.871525], [-5.431967, 35.871803], [-5.426731, 35.87535], [-5.419865, 35.881192], [-5.412226, 35.891136], [-5.410681, 35.893917], [-5.401669, 35.900175], [-5.404243, 35.901009], [-5.406818, 35.901009], [-5.421753, 35.900106], [-5.422611, 35.900245], [-5.432568, 35.904903], [-5.434885, 35.906571], [-5.436516, 35.909213], [-5.436773, 35.909769], [-5.436687, 35.909769], [-5.436602, 35.910117], [-5.43643, 35.910047], [-5.436586679750696, 35.90944281252273], [-5.435143, 35.908031], [-5.434284, 35.907753], [-5.433855, 35.907684], [-5.433598, 35.907823], [-5.433254, 35.907753], [-5.432653, 35.907405], [-5.432224, 35.907266], [-5.430336, 35.907475], [-5.429478, 35.907962], [-5.429134, 35.908101], [-5.427675, 35.907684], [-5.426731, 35.907753], [-5.425444, 35.908796], [-5.424671, 35.908935], [-5.423985, 35.909561], [-5.423813, 35.909908], [-5.421753, 35.90963], [-5.419607, 35.909561], [-5.419092, 35.90963], [-5.418577, 35.910047], [-5.418062, 35.910117], [-5.416946, 35.909769], [-5.41626, 35.909769], [-5.414886, 35.910812], [-5.412655, 35.911924], [-5.410852, 35.913384], [-5.410252, 35.913732], [-5.40905, 35.915261], [-5.407848, 35.916164], [-5.406818, 35.917763], [-5.406389, 35.91818], [-5.40596, 35.91825], [-5.40493, 35.919779], [-5.404501, 35.919918], [-5.4039, 35.920683], [-5.4039, 35.921169], [-5.403385, 35.921864], [-5.40287, 35.922281], [-5.402527, 35.922142], [-5.402184, 35.92242], [-5.401497, 35.922559], [-5.401325, 35.92249], [-5.401497, 35.922142], [-5.401497, 35.921447], [-5.401239, 35.921378], [-5.401068, 35.920544], [-5.400467, 35.920127], [-5.399351, 35.918736], [-5.398149, 35.918111], [-5.397291, 35.917485], [-5.396948, 35.917138], [-5.397635, 35.915956], [-5.39875, 35.914774], [-5.399008, 35.914149], [-5.399437, 35.91394], [-5.39978, 35.913592], [-5.39978, 35.913523], [-5.399523, 35.913314], [-5.399008, 35.913245], [-5.398922, 35.912897], [-5.398321, 35.91255], [-5.398235, 35.912202], [-5.397978, 35.911855], [-5.397635, 35.911785], [-5.397549, 35.911507], [-5.396433, 35.910951], [-5.395231, 35.910464], [-5.394802, 35.909908], [-5.392141, 35.909213], [-5.391884, 35.909352], [-5.391283, 35.909074], [-5.390167, 35.909074], [-5.387163, 35.910395], [-5.386133, 35.910673], [-5.385962, 35.910812], [-5.385876, 35.911368], [-5.385704, 35.911507], [-5.38476, 35.911646], [-5.382099, 35.912689], [-5.381413, 35.911785], [-5.380554, 35.911577], [-5.380039, 35.91102], [-5.379868, 35.910395], [-5.379782, 35.909004], [-5.37961, 35.908935], [-5.378838, 35.908796], [-5.378494, 35.908518], [-5.378408, 35.908031], [-5.37858, 35.906919], [-5.378151, 35.906363], [-5.37755, 35.906154], [-5.377293, 35.905737], [-5.376949, 35.904833], [-5.376692, 35.903165], [-5.376778, 35.902887], [-5.37755, 35.902747], [-5.377893, 35.902191], [-5.377722, 35.900801], [-5.377293, 35.900175], [-5.377207, 35.898924], [-5.377893, 35.897811], [-5.378408, 35.897603], [-5.378838, 35.896699], [-5.377979, 35.896351], [-5.377979, 35.896003], [-5.377464, 35.895308], [-5.377121, 35.895169], [-5.376692, 35.895239], [-5.375576, 35.894543], [-5.37549, 35.894265], [-5.375147, 35.894057], [-5.375147, 35.893292], [-5.374804, 35.892318], [-5.375147, 35.891345], [-5.375147, 35.890858], [-5.375748, 35.889815], [-5.375748, 35.888981], [-5.375319, 35.887937], [-5.374718, 35.887312], [-5.374546, 35.886338], [-5.373688, 35.885782], [-5.373602, 35.885504], [-5.373774, 35.884669], [-5.373516, 35.884321], [-5.373173, 35.88307], [-5.372829, 35.882792], [-5.372572, 35.882653], [-5.372057, 35.881609], [-5.371199, 35.881123], [-5.370940005813566, 35.88086099425326], [-5.370855, 35.880775], [-5.371009867480759, 35.88076280963479], [-5.370940005813566, 35.88086099425326], [-5.370855, 35.880775], [-5.369654, 35.880636], [-5.369482, 35.880497], [-5.369396, 35.880079], [-5.368624, 35.879384], [-5.368195, 35.879245], [-5.367079, 35.879523], [-5.363131, 35.87841], [-5.360641, 35.877019], [-5.360041, 35.875768], [-5.359697, 35.875489], [-5.359011, 35.875211], [-5.359097, 35.874724], [-5.358925, 35.874446], [-5.357037, 35.874307], [-5.356436, 35.873403], [-5.355835, 35.872916], [-5.355234, 35.872916], [-5.354118, 35.873472], [-5.35223, 35.872847], [-5.351801, 35.872777], [-5.351372, 35.873194], [-5.351286, 35.873751], [-5.350943, 35.874238], [-5.350599, 35.87535], [-5.350342, 35.875628], [-5.349998, 35.875698], [-5.349398, 35.87542], [-5.348797, 35.874585], [-5.348196, 35.87229], [-5.343304, 35.870899], [-5.343904, 35.869786], [-5.344248, 35.868813], [-5.344591, 35.865752], [-5.344677, 35.865404], [-5.344934, 35.865335], [-5.345106, 35.865057], [-5.345106, 35.864709], [-5.345278, 35.864361], [-5.345707, 35.862274], [-5.345793, 35.8613], [-5.346136, 35.860953], [-5.346308, 35.858518], [-5.346479, 35.85817], [-5.346737, 35.857196], [-5.346737, 35.856222], [-5.346394, 35.855387], [-5.346737, 35.854274], [-5.347166, 35.853857], [-5.347424, 35.853648], [-5.34811, 35.85344], [-5.348625, 35.852883], [-5.34914, 35.852674], [-5.349398, 35.852327], [-5.350513, 35.85184], [-5.351286, 35.850726], [-5.351458, 35.850657], [-5.351973, 35.85017], [-5.352745, 35.848083], [-5.352917, 35.847317], [-5.352917, 35.843073], [-5.352745, 35.842586], [-5.352058, 35.842517], [-5.351715, 35.842238], [-5.351543, 35.84196], [-5.351629, 35.841125], [-5.351715, 35.840986], [-5.351973, 35.841056], [-5.351887, 35.841891], [-5.351973, 35.842169], [-5.352316, 35.842378], [-5.353432, 35.842378], [-5.353518, 35.841821], [-5.353689, 35.841751], [-5.353689, 35.841612], [-5.352659, 35.841612], [-5.352573, 35.841682], [-5.352402, 35.841543], [-5.352831, 35.841195], [-5.353088, 35.841195], [-5.35326, 35.841056], [-5.353432, 35.840638], [-5.353518, 35.839873], [-5.352831, 35.838133], [-5.35223, 35.834237], [-5.352573, 35.833123], [-5.352402, 35.832706], [-5.352573, 35.830757], [-5.352316, 35.828531], [-5.352402, 35.827208], [-5.351286, 35.817813], [-5.351114, 35.814194], [-5.349655, 35.798393], [-5.349398, 35.792893], [-5.34914, 35.791431], [-5.34914, 35.789969], [-5.348969, 35.789203], [-5.348711, 35.78614], [-5.348539, 35.785443], [-5.348539, 35.783494], [-5.348196, 35.78231], [-5.348282, 35.781405], [-5.347939, 35.779316], [-5.347509, 35.778062], [-5.347939, 35.777854], [-5.347939, 35.777645], [-5.347338, 35.776322], [-5.346823, 35.775695], [-5.345707, 35.775068], [-5.344849, 35.774093], [-5.345449, 35.773954], [-5.346308, 35.773397], [-5.346565, 35.772422], [-5.346651, 35.771726], [-5.346222, 35.77082], [-5.345106, 35.763577], [-5.343819, 35.757309], [-5.341244, 35.75717], [-5.340729, 35.756961], [-5.339699, 35.756195], [-5.338926, 35.75515], [-5.338669, 35.754384], [-5.338326, 35.752782], [-5.338242747222222, 35.752085], [-5.33824, 35.752085], [-5.338068, 35.750622], [-5.338411, 35.750552], [-5.338497, 35.750761], [-5.338326, 35.75104], [-5.338669, 35.752433], [-5.3403, 35.752155], [-5.340385, 35.752085], [-5.3403, 35.752085], [-5.340385, 35.751179], [-5.340471, 35.75111], [-5.340471, 35.751249], [-5.340643, 35.751319], [-5.340986, 35.751249], [-5.341798528089181, 35.75026053451316], [-5.342102, 35.74909], [-5.342016, 35.747836], [-5.341759, 35.746512], [-5.341158, 35.742332], [-5.340986345994716, 35.74177462464018], [-5.340815, 35.741357], [-5.339441, 35.734739], [-5.339184, 35.734181], [-5.339012, 35.732788], [-5.338326, 35.729653], [-5.337982, 35.728956], [-5.337553, 35.726587], [-5.336523, 35.722615], [-5.33618, 35.72157], [-5.335579, 35.720943], [-5.334978, 35.721012], [-5.33412, 35.721361], [-5.333862, 35.721221], [-5.333519, 35.719828], [-5.333691, 35.719479], [-5.334549, 35.718782], [-5.334892, 35.718573], [-5.335579, 35.718504], [-5.335493, 35.718016], [-5.334377, 35.714183], [-5.331717, 35.705959], [-5.328026, 35.69648], [-5.326395, 35.693134], [-5.324421, 35.689788], [-5.322189, 35.686442], [-5.319786, 35.683584], [-5.319357, 35.683235], [-5.318756, 35.683026], [-5.31764, 35.683026], [-5.317812, 35.683723], [-5.317469, 35.683793], [-5.317297, 35.683584], [-5.317383, 35.683374], [-5.317554, 35.683374], [-5.317554, 35.683096], [-5.316696, 35.683096], [-5.316525, 35.683444], [-5.316439, 35.683932], [-5.316181, 35.684281], [-5.313864, 35.68449], [-5.313778, 35.684281], [-5.31395, 35.684141], [-5.314293, 35.684211], [-5.314465, 35.684002], [-5.315323, 35.683862], [-5.315323, 35.684002], [-5.316095, 35.683862], [-5.31601, 35.683305], [-5.315838, 35.683096], [-5.314207, 35.683235], [-5.314121, 35.683514], [-5.31395, 35.683584], [-5.313864, 35.683096], [-5.31292, 35.683235], [-5.312748, 35.683026], [-5.31292, 35.682886], [-5.31395, 35.682817], [-5.313864, 35.682329], [-5.311203, 35.681701], [-5.310173, 35.682329], [-5.31146, 35.683653], [-5.311804, 35.683444], [-5.312147, 35.683444], [-5.312147, 35.683653], [-5.31189, 35.683862], [-5.312061, 35.684211], [-5.312233, 35.684281], [-5.311975, 35.68435], [-5.313091, 35.685117], [-5.31352, 35.685117], [-5.31352, 35.685326], [-5.313435, 35.685466], [-5.313177, 35.685466], [-5.311975, 35.684838], [-5.309658, 35.682677], [-5.3088, 35.682259], [-5.307941, 35.682189], [-5.306311, 35.682677], [-5.305109, 35.682817], [-5.30468, 35.683026], [-5.304165, 35.683444], [-5.302963, 35.684141], [-5.300388, 35.68449], [-5.299358, 35.684838], [-5.298414, 35.685326], [-5.29747, 35.685396], [-5.294294, 35.686024], [-5.293436, 35.686651], [-5.293007, 35.687418], [-5.292578, 35.687348], [-5.29232, 35.68693], [-5.291891, 35.68686], [-5.290604, 35.687418], [-5.28923, 35.687557], [-5.288715, 35.687766], [-5.288115, 35.687557], [-5.287428, 35.68686], [-5.286999, 35.686721], [-5.28614, 35.68686], [-5.285282, 35.68679], [-5.283651, 35.686163], [-5.282879, 35.686024], [-5.280733, 35.686302], [-5.280304, 35.6862325], [-5.280304, 35.686233], [-5.279875, 35.686163], [-5.279617, 35.685814], [-5.279274, 35.685745], [-5.278931, 35.685884], [-5.278673, 35.685814], [-5.277472, 35.686581], [-5.277128, 35.686651], [-5.276871, 35.686581], [-5.277214, 35.686233], [-5.277042, 35.685884], [-5.274639, 35.686372], [-5.273695, 35.686233], [-5.273437, 35.685884], [-5.273094, 35.68449], [-5.273352, 35.684072], [-5.273437, 35.683026], [-5.273609, 35.682468], [-5.274382, 35.681771], [-5.275068, 35.680586], [-5.276184, 35.679261], [-5.276871, 35.678843], [-5.277472, 35.678145], [-5.279362542266619, 35.67660951699367], [-5.279748607556396, 35.6762324508948], [-5.280304, 35.675008], [-5.280476, 35.67452], [-5.280304, 35.674436400000005], [-5.280304, 35.67445], [-5.280046, 35.674311], [-5.280046, 35.674032], [-5.280132, 35.674241], [-5.280304, 35.674241], [-5.280304, 35.674276000000006], [-5.280476, 35.674311], [-5.280733, 35.673335], [-5.28142, 35.672568], [-5.281334, 35.671382], [-5.281935, 35.671103], [-5.282364, 35.670615], [-5.282536, 35.670127], [-5.28245, 35.669151], [-5.282621, 35.668733], [-5.283051, 35.668523], [-5.283308, 35.668175], [-5.283222, 35.667687], [-5.282536, 35.667059], [-5.282621, 35.66692], [-5.28312131577373, 35.66755850615383], [-5.284081, 35.66685], [-5.284424, 35.665874], [-5.283222, 35.661969], [-5.280304, 35.65114042695214], [-5.280304, 35.651229], [-5.278759, 35.645858], [-5.277987, 35.643766], [-5.277643, 35.641464], [-5.276699, 35.639371], [-5.276613, 35.638395], [-5.276012, 35.637488], [-5.275927, 35.636581], [-5.275497, 35.635604], [-5.275412, 35.635256], [-5.274553, 35.632884], [-5.273437, 35.629745], [-5.272837, 35.627931], [-5.272579, 35.626675], [-5.271463, 35.623745], [-5.27112, 35.62207], [-5.270176, 35.619419], [-5.269833, 35.617675], [-5.269403, 35.616698], [-5.269146, 35.615302], [-5.268717, 35.614116], [-5.268373, 35.613558], [-5.26803, 35.612372], [-5.267601, 35.611813], [-5.266228, 35.612023], [-5.266142, 35.611953], [-5.266228, 35.611813], [-5.266571, 35.611757299145296], [-5.266571, 35.611744], [-5.267773, 35.611465], [-5.266571, 35.607836], [-5.266571, 35.60771380243161], [-5.265284, 35.604347], [-5.2644846054971985, 35.60398484537444], [-5.268202, 35.603649], [-5.270777, 35.602812], [-5.273438, 35.602323], [-5.280304, 35.600857], [-5.280304, 35.60083406292077], [-5.281162, 35.600648], [-5.283995, 35.599322], [-5.284424, 35.599252], [-5.284939, 35.598764], [-5.28511, 35.598903], [-5.28554, 35.60009], [-5.285711, 35.601346], [-5.286827, 35.601765], [-5.287514, 35.602253], [-5.290174, 35.605254], [-5.290861, 35.605882], [-5.293093, 35.606371], [-5.294724, 35.60644], [-5.298586, 35.606091], [-5.300045, 35.607348], [-5.303907, 35.608813], [-5.306997, 35.60972], [-5.31249, 35.610906], [-5.324421, 35.603928], [-5.328197, 35.602183], [-5.329056, 35.6033], [-5.33, 35.604068], [-5.33103, 35.604626], [-5.331631, 35.605812], [-5.331717, 35.606371], [-5.332232, 35.606999], [-5.332489, 35.607906], [-5.333261, 35.608324], [-5.333862, 35.609022], [-5.333862, 35.60972], [-5.334206, 35.610069], [-5.333433, 35.611325], [-5.332232, 35.615442], [-5.330944, 35.616977], [-5.330257, 35.618442], [-5.329657, 35.619907], [-5.327339, 35.625349], [-5.326481, 35.629047], [-5.319443, 35.654855], [-5.318928, 35.659179], [-5.319099, 35.659179], [-5.319357, 35.662248], [-5.320129, 35.663851], [-5.319872, 35.664479], [-5.319185, 35.665316], [-5.319614, 35.665595], [-5.320044, 35.666292], [-5.321331, 35.666292], [-5.322704, 35.66671], [-5.326309, 35.668733], [-5.326395, 35.6695], [-5.326052, 35.669918], [-5.325966, 35.670476], [-5.326052, 35.670894], [-5.326481, 35.671313], [-5.326395, 35.671801], [-5.335836, 35.675845], [-5.336008, 35.675914], [-5.336008, 35.676193], [-5.336437, 35.676333], [-5.336952, 35.676333], [-5.337296, 35.676472], [-5.337038, 35.677727], [-5.337553, 35.677867], [-5.337896, 35.678145], [-5.339355, 35.677867], [-5.339956, 35.677448], [-5.3403, 35.677309], [-5.340815, 35.677657], [-5.34236, 35.677379], [-5.342875, 35.677867], [-5.34339, 35.678006], [-5.343904, 35.678355], [-5.347595, 35.676681], [-5.34811, 35.676193], [-5.348368, 35.676681], [-5.349312, 35.67696], [-5.349312, 35.677169], [-5.348969, 35.677448], [-5.349398, 35.678215], [-5.351458, 35.677936], [-5.351629, 35.678006], [-5.35223, 35.678634], [-5.352917, 35.677518], [-5.353088, 35.677448], [-5.354204, 35.678494], [-5.354376, 35.678982], [-5.356178, 35.678634], [-5.356693, 35.678424], [-5.356693, 35.678773], [-5.357037, 35.679261], [-5.357294, 35.67947], [-5.358496, 35.6794], [-5.359612, 35.678843], [-5.360727, 35.678634], [-5.361843, 35.678843], [-5.36253, 35.678773], [-5.363216, 35.678982], [-5.365534, 35.678773], [-5.366306, 35.67947], [-5.366564, 35.679819], [-5.366907, 35.681213], [-5.36725, 35.681631], [-5.367422, 35.681771], [-5.36828, 35.68191], [-5.368452, 35.68205], [-5.368624, 35.682329], [-5.368538, 35.683026], [-5.370255, 35.683026], [-5.372229, 35.683444], [-5.373173, 35.68435], [-5.373602, 35.685396], [-5.374117, 35.68456], [-5.37446, 35.683653], [-5.375061, 35.683514], [-5.376005, 35.683584], [-5.375662, 35.682747], [-5.375834, 35.682189], [-5.375404, 35.681841], [-5.37549, 35.681562], [-5.37652, 35.681841], [-5.37652, 35.681422], [-5.378494, 35.680307], [-5.377636, 35.678912], [-5.376692, 35.677936], [-5.376263, 35.677239], [-5.376005, 35.676612], [-5.377636, 35.676542], [-5.378752, 35.676124], [-5.379009, 35.675635], [-5.378838, 35.675357], [-5.377636, 35.675287], [-5.377893, 35.674938], [-5.377893, 35.67438], [-5.377293, 35.673544], [-5.376949, 35.673265], [-5.376348, 35.673265], [-5.376692, 35.672498], [-5.376692, 35.672149], [-5.375834, 35.671661], [-5.376348, 35.670546], [-5.376263, 35.669918], [-5.375748, 35.669639], [-5.376005, 35.66943], [-5.377035, 35.6695], [-5.377207, 35.669081], [-5.375662, 35.667756], [-5.376949, 35.667617], [-5.37755, 35.667338], [-5.379009, 35.666292], [-5.37961, 35.665386], [-5.379524, 35.664967], [-5.380125, 35.664409], [-5.380211, 35.664409], [-5.38064, 35.664897], [-5.380554, 35.665246], [-5.380812, 35.665525], [-5.381155, 35.665176], [-5.381327, 35.665176], [-5.381498, 35.665386], [-5.381155, 35.666153], [-5.379868, 35.667268], [-5.379953, 35.667617], [-5.379868, 35.667826], [-5.379095, 35.668384], [-5.378666, 35.670824], [-5.378666, 35.671522], [-5.378923, 35.67201], [-5.379868, 35.672986], [-5.379696, 35.673195], [-5.380211, 35.673683], [-5.380383, 35.673474], [-5.380726, 35.673474], [-5.382013, 35.67459], [-5.382528, 35.674032], [-5.382786, 35.673962], [-5.383558, 35.67459], [-5.38373, 35.67445], [-5.383816, 35.672707], [-5.3827, 35.671591], [-5.382786, 35.671313], [-5.384417, 35.66936], [-5.38682, 35.668245], [-5.387249, 35.668314], [-5.38785, 35.668802], [-5.388365, 35.668802], [-5.390425, 35.668454], [-5.391884, 35.668802], [-5.392742, 35.6695], [-5.393171, 35.66943], [-5.393257, 35.669848], [-5.3936, 35.670057], [-5.393858, 35.669918], [-5.393686, 35.66929], [-5.393858, 35.668942], [-5.393429, 35.668802], [-5.394287, 35.667687], [-5.394802, 35.667129], [-5.394373, 35.665176], [-5.394802, 35.665386], [-5.394888, 35.665874], [-5.395575, 35.666362], [-5.396862, 35.666362], [-5.399609, 35.665734], [-5.400381, 35.665246], [-5.399952, 35.663782], [-5.400038, 35.663642], [-5.400295, 35.663642], [-5.401239, 35.664479], [-5.40081, 35.663224], [-5.401239, 35.662875], [-5.400896, 35.662108], [-5.401068, 35.66169], [-5.403385, 35.660992], [-5.404415, 35.660992], [-5.405102, 35.660923], [-5.406733, 35.660295], [-5.413771, 35.663084], [-5.415401, 35.662875], [-5.42819, 35.663642], [-5.436001, 35.664549], [-5.437546, 35.669221], [-5.438919, 35.671034], [-5.442095, 35.675984], [-5.446472, 35.683514], [-5.448875, 35.687976], [-5.448875, 35.688045]]]]}, "properties": {"territoire_id": 3, "nom": "M'diq-Fnideq"}}, {"type": "Feature", "geometry": {"type": "MultiPolygon", "coordinates": [[[[-5.591869, 35.621163], [-5.590925, 35.620814], [-5.589209, 35.619907], [-5.58732, 35.618442], [-5.586462, 35.618303], [-5.585861, 35.617954], [-5.58526, 35.616977], [-5.584831, 35.616628], [-5.5848554557855214, 35.61635904357104], [-5.584867321389724, 35.61622854968316], [-5.583887, 35.615233], [-5.582342, 35.614325], [-5.58157, 35.614046], [-5.579424, 35.614395], [-5.578651, 35.614395], [-5.580025, 35.617116], [-5.580711, 35.618931], [-5.581141, 35.622001], [-5.58054, 35.623187], [-5.579767, 35.623745], [-5.578823, 35.624233], [-5.578737, 35.624512], [-5.578051, 35.625001], [-5.577707, 35.626117], [-5.577106, 35.626675], [-5.576334, 35.627094], [-5.575733, 35.627233], [-5.575647, 35.627442], [-5.57539, 35.627512], [-5.573587, 35.627373], [-5.571785, 35.627861], [-5.570755, 35.627791], [-5.570412, 35.629117], [-5.57024, 35.630582], [-5.569983, 35.631698], [-5.569983, 35.632256], [-5.570583, 35.632675], [-5.570927, 35.633163], [-5.571098, 35.634209], [-5.571871, 35.635046], [-5.572386, 35.635465], [-5.572386, 35.635744], [-5.572128, 35.636232], [-5.572214, 35.63686], [-5.571785, 35.637279], [-5.571785, 35.637558], [-5.571957, 35.637976], [-5.5723, 35.638325], [-5.572729, 35.639511], [-5.572643, 35.640487], [-5.572128, 35.641882], [-5.570755, 35.643208], [-5.570154, 35.643905], [-5.570154, 35.644324], [-5.570412, 35.644951], [-5.570326, 35.645509], [-5.570755, 35.646277], [-5.570755, 35.646974], [-5.57127, 35.647183], [-5.57127, 35.647323], [-5.570927, 35.648369], [-5.57024, 35.649555], [-5.570412, 35.649764], [-5.570755, 35.649834], [-5.570755, 35.650043], [-5.570154, 35.650531], [-5.569553, 35.650601], [-5.567493, 35.651577], [-5.565691, 35.652205], [-5.564489, 35.652345], [-5.562515, 35.652484], [-5.559254, 35.651996], [-5.558567, 35.651647], [-5.557795, 35.651577], [-5.556593, 35.651717], [-5.555048, 35.651508], [-5.553417, 35.651577], [-5.551958, 35.652205], [-5.550671, 35.652066], [-5.550413, 35.652135], [-5.542946, 35.644045], [-5.538139, 35.637139], [-5.53299, 35.63686], [-5.530071, 35.635535], [-5.529642, 35.635465], [-5.529385, 35.635465], [-5.528955, 35.635674], [-5.527668, 35.635814], [-5.526638, 35.636302], [-5.525694, 35.636581], [-5.524235, 35.636372], [-5.523205, 35.636372], [-5.52269, 35.636232], [-5.522175, 35.636232], [-5.521917, 35.636093], [-5.521746, 35.635535], [-5.52063, 35.634837], [-5.520458, 35.633721], [-5.520201, 35.633372], [-5.518827, 35.632535], [-5.518227, 35.632396], [-5.517797, 35.632117], [-5.517282, 35.632186], [-5.517111, 35.632117], [-5.517197, 35.631349], [-5.517111, 35.63107], [-5.515909, 35.630442], [-5.514879, 35.629326], [-5.514364, 35.628907], [-5.513849, 35.628768], [-5.512648, 35.628838], [-5.511961, 35.628768], [-5.511532, 35.62814], [-5.510416, 35.62807], [-5.509987, 35.62821], [-5.509644, 35.627791], [-5.508528, 35.627442], [-5.507584, 35.627442], [-5.506382, 35.627652], [-5.50518, 35.627442], [-5.504494, 35.627233], [-5.503206, 35.627233], [-5.502605, 35.627094], [-5.502434, 35.626675], [-5.502777, 35.625838], [-5.502605, 35.624512], [-5.502434, 35.624233], [-5.501747, 35.623884], [-5.50106, 35.623187], [-5.499773, 35.623535], [-5.499687, 35.623884], [-5.499773, 35.624094], [-5.500288, 35.624303], [-5.500374, 35.624512], [-5.499516, 35.625001], [-5.499344, 35.625349], [-5.499516, 35.625908], [-5.499001, 35.626605], [-5.497885, 35.627373], [-5.497456, 35.627442], [-5.496769, 35.627373], [-5.496082, 35.627721], [-5.496067526011561, 35.62781508092486], [-5.495396, 35.62814], [-5.496082, 35.627721], [-5.496067526011561, 35.62781508092486], [-5.495996, 35.62828], [-5.495567, 35.628698], [-5.495481, 35.629256], [-5.495653, 35.629745], [-5.49531, 35.630442], [-5.494452, 35.631], [-5.494194, 35.63107], [-5.494108, 35.631419], [-5.493593, 35.631768], [-5.493422, 35.632465], [-5.493164, 35.632675], [-5.492735, 35.632744], [-5.492563, 35.632884], [-5.49222, 35.633651], [-5.491791, 35.633721], [-5.491619, 35.633512], [-5.490932, 35.633372], [-5.489988, 35.633512], [-5.489902, 35.633861], [-5.489302, 35.634558], [-5.489044, 35.635325], [-5.488615, 35.635604], [-5.488014, 35.635814], [-5.487843, 35.636302], [-5.488272, 35.636721], [-5.488443, 35.637279], [-5.488958, 35.637976], [-5.488873, 35.638185], [-5.4881, 35.638255], [-5.487928, 35.638464], [-5.487928, 35.638883], [-5.488014, 35.639581], [-5.488615, 35.63965], [-5.488958, 35.639371], [-5.489216, 35.639581], [-5.489902, 35.63979], [-5.490589, 35.639929], [-5.491276, 35.640487], [-5.491791, 35.640418], [-5.493164, 35.640418], [-5.49428, 35.640766], [-5.495052, 35.640836], [-5.495567, 35.641255], [-5.496168, 35.641534], [-5.497541, 35.641255], [-5.497885, 35.64258], [-5.497799, 35.642789], [-5.497026, 35.643208], [-5.496855, 35.643487], [-5.49634, 35.647672], [-5.496254, 35.649067], [-5.496769, 35.651298], [-5.503635, 35.659458], [-5.503721, 35.660086], [-5.502348, 35.665664], [-5.497627, 35.671243], [-5.495567, 35.676612], [-5.496168, 35.681701], [-5.494623, 35.682329], [-5.493937, 35.68205], [-5.492649, 35.682189], [-5.492134, 35.68198], [-5.49119, 35.68191], [-5.49016, 35.681492], [-5.488014, 35.681771], [-5.487413, 35.682189], [-5.486641, 35.682259], [-5.485783, 35.68205], [-5.484581, 35.682119], [-5.481577, 35.682747], [-5.480289, 35.682677], [-5.479431, 35.682119], [-5.477972, 35.682607], [-5.476685, 35.682538], [-5.475311, 35.682956], [-5.474539, 35.683444], [-5.473509, 35.683723], [-5.472994, 35.684072], [-5.472565, 35.684629], [-5.471106, 35.685466], [-5.469561, 35.686651], [-5.468702, 35.686721], [-5.468359, 35.68693], [-5.467415, 35.687], [-5.466471, 35.687], [-5.466299, 35.687139], [-5.466299, 35.687418], [-5.466127, 35.687766], [-5.465527, 35.688254], [-5.464411, 35.688463], [-5.462952, 35.688463], [-5.46278, 35.688673], [-5.463037, 35.689649], [-5.462608, 35.690694], [-5.462608, 35.69411], [-5.462179, 35.695016], [-5.461407, 35.695434], [-5.461063, 35.697735], [-5.460978, 35.697944], [-5.459948, 35.699129], [-5.459347, 35.699547], [-5.459175, 35.699826], [-5.459968204336343, 35.70221749127696], [-5.457373, 35.701568], [-5.456858, 35.70115], [-5.455656, 35.700592], [-5.454197, 35.699547], [-5.451536, 35.694946], [-5.448875, 35.688045], [-5.448875, 35.687976], [-5.446472, 35.683514], [-5.442095, 35.675984], [-5.438919, 35.671034], [-5.437546, 35.669221], [-5.436001, 35.664549], [-5.42819, 35.663642], [-5.415401, 35.662875], [-5.413771, 35.663084], [-5.406733, 35.660295], [-5.405102, 35.660923], [-5.404415, 35.660992], [-5.403385, 35.660992], [-5.401068, 35.66169], [-5.400896, 35.662108], [-5.401239, 35.662875], [-5.40081, 35.663224], [-5.401239, 35.664479], [-5.400295, 35.663642], [-5.400038, 35.663642], [-5.399952, 35.663782], [-5.400381, 35.665246], [-5.399609, 35.665734], [-5.396862, 35.666362], [-5.395575, 35.666362], [-5.394888, 35.665874], [-5.394802, 35.665386], [-5.394373, 35.665176], [-5.394802, 35.667129], [-5.394287, 35.667687], [-5.393429, 35.668802], [-5.393858, 35.668942], [-5.393686, 35.66929], [-5.393858, 35.669918], [-5.3936, 35.670057], [-5.393257, 35.669848], [-5.393171, 35.66943], [-5.392742, 35.6695], [-5.391884, 35.668802], [-5.390425, 35.668454], [-5.388365, 35.668802], [-5.38785, 35.668802], [-5.387249, 35.668314], [-5.38682, 35.668245], [-5.384417, 35.66936], [-5.382786, 35.671313], [-5.3827, 35.671591], [-5.383816, 35.672707], [-5.38373, 35.67445], [-5.383558, 35.67459], [-5.382786, 35.673962], [-5.382528, 35.674032], [-5.382013, 35.67459], [-5.380726, 35.673474], [-5.380383, 35.673474], [-5.380211, 35.673683], [-5.379696, 35.673195], [-5.379868, 35.672986], [-5.378923, 35.67201], [-5.378666, 35.671522], [-5.378666, 35.670824], [-5.379095, 35.668384], [-5.379868, 35.667826], [-5.379953, 35.667617], [-5.379868, 35.667268], [-5.381155, 35.666153], [-5.381498, 35.665386], [-5.381327, 35.665176], [-5.381155, 35.665176], [-5.380812, 35.665525], [-5.380554, 35.665246], [-5.38064, 35.664897], [-5.380211, 35.664409], [-5.380125, 35.664409], [-5.379524, 35.664967], [-5.37961, 35.665386], [-5.379009, 35.666292], [-5.37755, 35.667338], [-5.376949, 35.667617], [-5.375662, 35.667756], [-5.377207, 35.669081], [-5.377035, 35.6695], [-5.376005, 35.66943], [-5.375748, 35.669639], [-5.376263, 35.669918], [-5.376348, 35.670546], [-5.375834, 35.671661], [-5.376692, 35.672149], [-5.376692, 35.672498], [-5.376348, 35.673265], [-5.376949, 35.673265], [-5.377293, 35.673544], [-5.377893, 35.67438], [-5.377893, 35.674938], [-5.377636, 35.675287], [-5.378838, 35.675357], [-5.379009, 35.675635], [-5.378752, 35.676124], [-5.377636, 35.676542], [-5.376005, 35.676612], [-5.376263, 35.677239], [-5.376692, 35.677936], [-5.377636, 35.678912], [-5.378494, 35.680307], [-5.37652, 35.681422], [-5.37652, 35.681841], [-5.37549, 35.681562], [-5.375404, 35.681841], [-5.375834, 35.682189], [-5.375662, 35.682747], [-5.376005, 35.683584], [-5.375061, 35.683514], [-5.37446, 35.683653], [-5.374117, 35.68456], [-5.373602, 35.685396], [-5.373173, 35.68435], [-5.372229, 35.683444], [-5.370255, 35.683026], [-5.368538, 35.683026], [-5.368624, 35.682329], [-5.368452, 35.68205], [-5.36828, 35.68191], [-5.367422, 35.681771], [-5.36725, 35.681631], [-5.366907, 35.681213], [-5.366564, 35.679819], [-5.366306, 35.67947], [-5.365534, 35.678773], [-5.363216, 35.678982], [-5.36253, 35.678773], [-5.361843, 35.678843], [-5.360727, 35.678634], [-5.359612, 35.678843], [-5.358496, 35.6794], [-5.357294, 35.67947], [-5.357037, 35.679261], [-5.356693, 35.678773], [-5.356693, 35.678424], [-5.356178, 35.678634], [-5.354376, 35.678982], [-5.354204, 35.678494], [-5.353088, 35.677448], [-5.352917, 35.677518], [-5.35223, 35.678634], [-5.351629, 35.678006], [-5.351458, 35.677936], [-5.349398, 35.678215], [-5.348969, 35.677448], [-5.349312, 35.677169], [-5.349312, 35.67696], [-5.348368, 35.676681], [-5.34811, 35.676193], [-5.347595, 35.676681], [-5.343904, 35.678355], [-5.34339, 35.678006], [-5.342875, 35.677867], [-5.34236, 35.677379], [-5.340815, 35.677657], [-5.3403, 35.677309], [-5.339956, 35.677448], [-5.339355, 35.677867], [-5.337896, 35.678145], [-5.337553, 35.677867], [-5.337038, 35.677727], [-5.337296, 35.676472], [-5.336952, 35.676333], [-5.336437, 35.676333], [-5.336008, 35.676193], [-5.336008, 35.675914], [-5.335836, 35.675845], [-5.326395, 35.671801], [-5.326481, 35.671313], [-5.326052, 35.670894], [-5.325966, 35.670476], [-5.326052, 35.669918], [-5.326395, 35.6695], [-5.326309, 35.668733], [-5.322704, 35.66671], [-5.321331, 35.666292], [-5.320044, 35.666292], [-5.319614, 35.665595], [-5.319185, 35.665316], [-5.319872, 35.664479], [-5.320129, 35.663851], [-5.319357, 35.662248], [-5.319099, 35.659179], [-5.318928, 35.659179], [-5.319443, 35.654855], [-5.326481, 35.629047], [-5.327339, 35.625349], [-5.329657, 35.619907], [-5.330257, 35.618442], [-5.330944, 35.616977], [-5.332232, 35.615442], [-5.333433, 35.611325], [-5.334206, 35.610069], [-5.333862, 35.60972], [-5.333862, 35.609022], [-5.333261, 35.608324], [-5.332489, 35.607906], [-5.332232, 35.606999], [-5.331717, 35.606371], [-5.331631, 35.605812], [-5.33103, 35.604626], [-5.33, 35.604068], [-5.329056, 35.6033], [-5.328197, 35.602183], [-5.324421, 35.603928], [-5.31249, 35.610906], [-5.306997, 35.60972], [-5.303907, 35.608813], [-5.300045, 35.607348], [-5.298586, 35.606091], [-5.294724, 35.60644], [-5.293093, 35.606371], [-5.290861, 35.605882], [-5.290174, 35.605254], [-5.287514, 35.602253], [-5.286827, 35.601765], [-5.285711, 35.601346], [-5.28554, 35.60009], [-5.28511, 35.598903], [-5.284939, 35.598764], [-5.290775, 35.59325], [-5.28511, 35.598903], [-5.284939, 35.598764], [-5.284424, 35.599252], [-5.283995, 35.599322], [-5.281162, 35.600648], [-5.280304, 35.60083406292077], [-5.280304, 35.600857], [-5.273438, 35.602323], [-5.270777, 35.602812], [-5.268202, 35.603649], [-5.2644846054971985, 35.60398484537444], [-5.264339, 35.603998], [-5.264082, 35.601486], [-5.263395, 35.598275], [-5.26228, 35.595972], [-5.26125, 35.593041], [-5.258074, 35.586201], [-5.25773, 35.585223], [-5.257645, 35.584386], [-5.256872, 35.582571], [-5.256014, 35.581524], [-5.254726, 35.580686], [-5.253439, 35.579639], [-5.25301, 35.57915], [-5.25301, 35.578801], [-5.253181, 35.577615], [-5.253181, 35.576009], [-5.252581, 35.574334], [-5.252066, 35.571401], [-5.251207, 35.570075], [-5.249748, 35.566514], [-5.248718, 35.563372], [-5.248117, 35.562884], [-5.244684, 35.555971], [-5.242968, 35.553318], [-5.240993, 35.550804], [-5.239706, 35.549547], [-5.23756, 35.54801], [-5.236788, 35.547591], [-5.236187, 35.547521], [-5.2349, 35.547033], [-5.23387, 35.546823], [-5.233526, 35.546893], [-5.233097, 35.547102], [-5.232925, 35.547591], [-5.231895, 35.548429], [-5.231466, 35.548918], [-5.22975, 35.549826], [-5.228376, 35.549896], [-5.227089, 35.550524], [-5.226402, 35.550454], [-5.225973, 35.550524], [-5.225458, 35.549966], [-5.225029, 35.549826], [-5.224686, 35.549547], [-5.223398, 35.547731], [-5.223484, 35.547312], [-5.223312, 35.547033], [-5.219107, 35.542423], [-5.216274, 35.539839], [-5.214214, 35.538373], [-5.213785, 35.538163], [-5.211639, 35.537744], [-5.210438, 35.537604], [-5.209665, 35.537674], [-5.207949, 35.538442], [-5.206404, 35.539769], [-5.205288, 35.540398], [-5.204859, 35.541027], [-5.204601, 35.541236], [-5.203142, 35.541655], [-5.202456, 35.541446], [-5.200911, 35.541585], [-5.200481, 35.541446], [-5.200138, 35.541446], [-5.199451, 35.540747], [-5.197992, 35.540049], [-5.195589, 35.537185], [-5.19413, 35.535788], [-5.193186, 35.535369], [-5.192499, 35.53523], [-5.190268, 35.535299], [-5.18898, 35.535649], [-5.187006, 35.536627], [-5.185804, 35.536557], [-5.184774, 35.536417], [-5.184002, 35.536068], [-5.183229, 35.535369], [-5.182629, 35.53523], [-5.181084, 35.534391], [-5.17602, 35.532925], [-5.173273, 35.531598], [-5.173187, 35.531388], [-5.173016, 35.531388], [-5.173273, 35.531179], [-5.173445, 35.530759], [-5.169325, 35.523565], [-5.169067, 35.523215], [-5.166836, 35.522237], [-5.166492, 35.521888], [-5.165462, 35.521539], [-5.164862, 35.52105], [-5.163918, 35.519722], [-5.162888, 35.519024], [-5.162544, 35.518255], [-5.161257, 35.517207], [-5.16057, 35.516299], [-5.159025, 35.514553], [-5.157223, 35.511828], [-5.156622, 35.510151], [-5.154476, 35.506588], [-5.153532, 35.50533], [-5.15233, 35.504212], [-5.151558, 35.503793], [-5.15027, 35.503374], [-5.148468, 35.501627], [-5.147524, 35.501278], [-5.146837, 35.500649], [-5.146236, 35.500369], [-5.144091, 35.498692], [-5.142632, 35.496875], [-5.142535797717667, 35.49682439496382], [-5.142808939477653, 35.496826806367956], [-5.142632, 35.496875], [-5.142535797717667, 35.49682439496382], [-5.141172, 35.496107], [-5.140829, 35.496037], [-5.140228, 35.496107], [-5.138941, 35.495827], [-5.138254, 35.495478], [-5.13628, 35.495128], [-5.135765, 35.494849], [-5.135078, 35.49415], [-5.134649, 35.493801], [-5.133104, 35.493381], [-5.131474, 35.493102], [-5.131044, 35.492892], [-5.130529, 35.492543], [-5.129328, 35.491075], [-5.128727, 35.490656], [-5.127182, 35.490306], [-5.126495, 35.489608], [-5.125208, 35.488979], [-5.124693, 35.488489], [-5.123749, 35.488], [-5.122976, 35.487301], [-5.121689, 35.486672], [-5.120831, 35.485904], [-5.119801, 35.485135], [-5.118771, 35.484086], [-5.116625, 35.481501], [-5.116024, 35.481221], [-5.115423, 35.481151], [-5.115252, 35.480941], [-5.114651, 35.480522], [-5.112848, 35.478355], [-5.11096, 35.476748], [-5.110102, 35.476398], [-5.109415, 35.476328], [-5.107098, 35.477167], [-5.106239, 35.476888], [-5.099829146750523, 35.466263], [-5.099716, 35.466263], [-5.096455, 35.46067], [-5.093794, 35.456265], [-5.093193, 35.455077], [-5.093197758228663, 35.455077], [-5.090103, 35.449763], [-5.081778, 35.436827], [-5.081263, 35.436337], [-5.080833, 35.435988], [-5.080708948989272, 35.435231008534885], [-5.0806669937896265, 35.43509457282751], [-5.08049, 35.434519], [-5.080833, 35.4334], [-5.080662, 35.432351], [-5.08049, 35.429484], [-5.080404, 35.429064], [-5.080748, 35.427945], [-5.081177, 35.427386], [-5.082464, 35.427106], [-5.083923, 35.426337], [-5.086069, 35.424728], [-5.087013, 35.423819], [-5.087872, 35.423539], [-5.088215, 35.423469], [-5.08873, 35.423609], [-5.089417, 35.424518], [-5.08976, 35.424728], [-5.091133, 35.424798], [-5.093279, 35.425847], [-5.094566, 35.427596], [-5.094652, 35.428295], [-5.094481, 35.428505], [-5.094051, 35.428994], [-5.093794, 35.429554], [-5.093279, 35.429973], [-5.09182, 35.430253], [-5.091133, 35.430743], [-5.090361, 35.430883], [-5.089931, 35.431092], [-5.089931, 35.431722], [-5.090361, 35.432281], [-5.090961, 35.432631], [-5.093794, 35.432211], [-5.095425, 35.432072], [-5.097313, 35.432421], [-5.098858, 35.432281], [-5.099287, 35.432491], [-5.099974, 35.433191], [-5.10066, 35.43333], [-5.102634, 35.432911], [-5.103064, 35.432561], [-5.103922, 35.430743], [-5.103579, 35.429834], [-5.103235, 35.429274], [-5.103321, 35.428994], [-5.104351, 35.427735], [-5.105381, 35.426966], [-5.105553, 35.426686], [-5.105467, 35.426337], [-5.105038, 35.425427], [-5.105124, 35.425288], [-5.105381, 35.425288], [-5.105639, 35.425148], [-5.105724, 35.424868], [-5.105639, 35.424308], [-5.105724, 35.424169], [-5.106754, 35.423609], [-5.107613, 35.423609], [-5.108299, 35.423259], [-5.108728, 35.423189], [-5.111303, 35.42291], [-5.112333, 35.423399], [-5.113277, 35.422979], [-5.114822, 35.42235], [-5.115767, 35.421581], [-5.116968, 35.420392], [-5.118427, 35.419622], [-5.119715, 35.419133], [-5.122204, 35.418643], [-5.12392, 35.418643], [-5.125208, 35.418153], [-5.125809, 35.417384], [-5.125809, 35.416684], [-5.125465, 35.415985], [-5.125551, 35.414586], [-5.124521, 35.412417], [-5.124779, 35.411088], [-5.125208, 35.410249], [-5.125551, 35.409829], [-5.127611, 35.40885], [-5.128641, 35.40864], [-5.12907, 35.40864], [-5.129671, 35.40843], [-5.129929, 35.40822], [-5.129585, 35.407101], [-5.129757, 35.406051], [-5.129499, 35.405702], [-5.130186, 35.405422], [-5.131645, 35.405212], [-5.131903, 35.404862], [-5.131817, 35.404512], [-5.132074, 35.404233], [-5.132246, 35.404093], [-5.133276, 35.403953], [-5.133619, 35.403393], [-5.134392, 35.403113], [-5.134306, 35.402344], [-5.135336, 35.401224], [-5.136108, 35.399545], [-5.138512, 35.396257], [-5.138769, 35.396257], [-5.138941, 35.396117], [-5.140057, 35.396047], [-5.141773, 35.395277], [-5.142202, 35.394857], [-5.142632, 35.394228], [-5.144434, 35.392898], [-5.14555, 35.391429], [-5.145721, 35.391569], [-5.146236, 35.391289], [-5.146837, 35.391149], [-5.148382, 35.391219], [-5.149155, 35.391429], [-5.150099, 35.392129], [-5.15173, 35.392688], [-5.152845, 35.392828], [-5.154305, 35.392688], [-5.155077, 35.392339], [-5.155249, 35.391989], [-5.155678, 35.391779], [-5.157137, 35.391289], [-5.158682, 35.390449], [-5.160313, 35.38891], [-5.160999, 35.38807], [-5.161171, 35.387231], [-5.161085, 35.386881], [-5.160913, 35.386391], [-5.160313, 35.385551], [-5.159197, 35.384921], [-5.155935, 35.383522], [-5.153618, 35.381982], [-5.150871, 35.380373], [-5.149927, 35.380023], [-5.148211, 35.379673], [-5.147352, 35.379113], [-5.147009, 35.378343], [-5.147181, 35.377924], [-5.147867, 35.377224], [-5.14864, 35.376944], [-5.14967, 35.375684], [-5.150185, 35.375474], [-5.150871, 35.375474], [-5.151901, 35.374984], [-5.15379, 35.375474], [-5.154562, 35.375824], [-5.155764, 35.375824], [-5.156794, 35.375544], [-5.159626, 35.374144], [-5.159969, 35.373655], [-5.160141, 35.372605], [-5.160398, 35.372395], [-5.160999, 35.372185], [-5.161858, 35.372255], [-5.163488, 35.372815], [-5.164347, 35.373375], [-5.164862, 35.374284], [-5.165377, 35.374634], [-5.166235, 35.374984], [-5.167179, 35.375194], [-5.168638, 35.375544], [-5.169754, 35.376104], [-5.167179, 35.375194], [-5.168638, 35.375544], [-5.169668, 35.375614], [-5.171127, 35.375544], [-5.171986, 35.375264], [-5.172672, 35.374704], [-5.17396, 35.372885], [-5.17499, 35.370225], [-5.176535, 35.368055], [-5.176706, 35.367636], [-5.176706, 35.367076], [-5.176535, 35.366236], [-5.176105, 35.365396], [-5.176191, 35.364766], [-5.177393, 35.362806], [-5.177908, 35.360566], [-5.179195, 35.359586], [-5.179281, 35.359306], [-5.179195, 35.359026], [-5.178852, 35.358676], [-5.177135, 35.357486], [-5.17662, 35.356716], [-5.176191, 35.355736], [-5.176277, 35.355246], [-5.176535, 35.354616], [-5.17765, 35.353916], [-5.178251, 35.353146], [-5.179195, 35.352096], [-5.179539, 35.352026], [-5.180054, 35.352376], [-5.18074, 35.353006], [-5.181942, 35.353636], [-5.1828, 35.353706], [-5.184088, 35.353636], [-5.185118, 35.353426], [-5.185719, 35.353146], [-5.186491, 35.352446], [-5.186234, 35.352096], [-5.186491, 35.351536], [-5.187263, 35.351256], [-5.187435, 35.350976], [-5.186749, 35.349156], [-5.187006, 35.348806], [-5.18692, 35.347896], [-5.187178, 35.347266], [-5.187607, 35.346776], [-5.187607, 35.346355], [-5.187263, 35.346285], [-5.187006, 35.346635], [-5.186577, 35.346495], [-5.186319, 35.345375], [-5.186405, 35.344395], [-5.186663, 35.343905], [-5.187778, 35.343485], [-5.188894, 35.343275], [-5.189323, 35.343275], [-5.189838, 35.343555], [-5.190525, 35.343555], [-5.190954, 35.343415], [-5.191298, 35.342925], [-5.191298, 35.342365], [-5.191469, 35.341875], [-5.191383, 35.341385], [-5.19104, 35.340965], [-5.190611, 35.340895], [-5.190096, 35.340334], [-5.189753, 35.339214], [-5.189838, 35.339004], [-5.190182, 35.338864], [-5.190525, 35.338304], [-5.190783, 35.338094], [-5.19104, 35.337464], [-5.191813, 35.336343], [-5.192585, 35.333893], [-5.192499, 35.332142], [-5.192327, 35.331232], [-5.191383, 35.329201], [-5.190954, 35.328851], [-5.190697, 35.328081], [-5.190954, 35.32689], [-5.191641, 35.32577], [-5.192671, 35.322969], [-5.193529, 35.321918], [-5.194988, 35.320798], [-5.19619, 35.320168], [-5.196705, 35.319677], [-5.19722, 35.318837], [-5.198593, 35.317436], [-5.200653, 35.316666], [-5.202112, 35.314985], [-5.202885, 35.314215], [-5.2034, 35.313514], [-5.203915, 35.312114], [-5.204344, 35.311623], [-5.205374, 35.311133], [-5.206232, 35.310923], [-5.206919, 35.310993], [-5.207691, 35.310783], [-5.208549, 35.310433], [-5.207691, 35.309102], [-5.203571, 35.30651], [-5.202885, 35.30567], [-5.204, 35.296774], [-5.205545, 35.296493], [-5.206575, 35.296493], [-5.207176, 35.296774], [-5.207949, 35.297544], [-5.208549, 35.297614], [-5.209494, 35.297334], [-5.210438, 35.297404], [-5.212154, 35.298315], [-5.213013, 35.298595], [-5.213184, 35.295933], [-5.213528, 35.295022], [-5.214386, 35.290048], [-5.214472, 35.285424], [-5.216274, 35.283392], [-5.216789, 35.283322], [-5.217476, 35.282762], [-5.217991, 35.281711], [-5.217991, 35.28045], [-5.217562, 35.277437], [-5.216875, 35.275685], [-5.215588, 35.274143], [-5.211983, 35.269519], [-5.210009, 35.267206], [-5.20503, 35.26181], [-5.20503, 35.261319], [-5.205545, 35.260618], [-5.206146, 35.260268], [-5.207005, 35.260128], [-5.207777, 35.260128], [-5.210438, 35.260618], [-5.215244, 35.259777], [-5.216274, 35.259777], [-5.217991, 35.260408], [-5.218935, 35.260969], [-5.219107, 35.26167], [-5.219364, 35.26181], [-5.220737, 35.26202], [-5.220566, 35.259357], [-5.220652, 35.258306], [-5.220823, 35.258025], [-5.220823, 35.256553], [-5.221338, 35.256133], [-5.221853, 35.255432], [-5.223312, 35.254521], [-5.22357, 35.25382], [-5.224514, 35.253189], [-5.224857, 35.252488], [-5.224943, 35.252208], [-5.224771, 35.251367], [-5.225286, 35.250035], [-5.225286, 35.248914], [-5.225544, 35.247512], [-5.225372, 35.24646], [-5.225801, 35.245479], [-5.225973, 35.245199], [-5.226917, 35.245058], [-5.227089, 35.244638], [-5.227089, 35.244147], [-5.227175, 35.243867], [-5.227518, 35.243656], [-5.228033, 35.243446], [-5.228634, 35.242745], [-5.229063, 35.241834], [-5.230265, 35.240922], [-5.23181, 35.23917], [-5.233097, 35.236997], [-5.234985, 35.23286], [-5.236273, 35.228584], [-5.236359, 35.227742], [-5.238075, 35.226621], [-5.23962, 35.225779], [-5.24065, 35.225289], [-5.252495, 35.225218], [-5.256615, 35.225359], [-5.265799, 35.225499], [-5.268459, 35.225849], [-5.273438, 35.225779], [-5.274467, 35.225779], [-5.274725, 35.225359], [-5.274725, 35.224938], [-5.277815, 35.22592], [-5.278673, 35.22592], [-5.280304, 35.2262], [-5.280304, 35.22623920782852], [-5.280819, 35.22634], [-5.281334, 35.226761], [-5.283394, 35.226761], [-5.285282, 35.226971], [-5.286055, 35.226831], [-5.287857, 35.226901], [-5.288458, 35.227111], [-5.28923, 35.227672], [-5.290689, 35.227742], [-5.292063, 35.228163], [-5.29232, 35.228093], [-5.292664, 35.227742], [-5.29644, 35.227672], [-5.299873, 35.227813], [-5.30468, 35.228514], [-5.305281, 35.228724], [-5.306396, 35.229565], [-5.307255, 35.229916], [-5.307856, 35.230407], [-5.308628, 35.230477], [-5.3088, 35.230617], [-5.309916, 35.23251], [-5.31086, 35.234753], [-5.311375, 35.235595], [-5.311804, 35.236085], [-5.313263, 35.237067], [-5.314379, 35.237487], [-5.315237, 35.237838], [-5.317984, 35.238399], [-5.318413, 35.238399], [-5.318413, 35.237417], [-5.318842, 35.235875], [-5.319185, 35.235454], [-5.319958, 35.234964], [-5.320129, 35.234613], [-5.320816, 35.234403], [-5.321074, 35.234473], [-5.321932, 35.235244], [-5.323048, 35.235525], [-5.323992, 35.235525], [-5.324078, 35.234613], [-5.324678, 35.234683], [-5.324936, 35.233562], [-5.325193, 35.232931], [-5.326138, 35.233141], [-5.327082, 35.233842], [-5.327339, 35.234122], [-5.327339, 35.234543], [-5.32794, 35.235034], [-5.328026, 35.236226], [-5.328541, 35.236506], [-5.328798, 35.236366], [-5.328798, 35.235805], [-5.328884, 35.235665], [-5.329657, 35.235104], [-5.330515, 35.235174], [-5.331202, 35.234964], [-5.331802, 35.235314], [-5.332403, 35.235454], [-5.332575, 35.235314], [-5.33309, 35.235244], [-5.333605, 35.234894], [-5.334978, 35.235104], [-5.335751, 35.234543], [-5.336008, 35.233772], [-5.336437, 35.233842], [-5.336695, 35.233982], [-5.338926, 35.234403], [-5.339355, 35.234333], [-5.339956, 35.234052], [-5.340729, 35.233912], [-5.342102, 35.233702], [-5.344162, 35.233702], [-5.345192, 35.233562], [-5.345621, 35.233351], [-5.34605, 35.23279], [-5.346308, 35.23258], [-5.346737, 35.231458], [-5.34708, 35.231178], [-5.347767, 35.231178], [-5.348883, 35.230547], [-5.349312, 35.230056], [-5.350084, 35.229916], [-5.349998, 35.229285], [-5.350428, 35.228864], [-5.350599, 35.227742], [-5.350342, 35.22606], [-5.350428, 35.225499], [-5.351372, 35.223746], [-5.351458, 35.222834], [-5.352058, 35.222063], [-5.35223, 35.221502], [-5.352573, 35.221082], [-5.353003, 35.220871], [-5.353346, 35.221572], [-5.353088, 35.221783], [-5.353088, 35.221923], [-5.353689, 35.221923], [-5.353861, 35.222624], [-5.354204, 35.222694], [-5.35429, 35.222975], [-5.354633, 35.223115], [-5.354805, 35.223606], [-5.35429, 35.223676], [-5.354118, 35.224097], [-5.354462, 35.224447], [-5.354462, 35.224868], [-5.354633, 35.225078], [-5.355148, 35.225429], [-5.355492, 35.22634], [-5.355749, 35.226551], [-5.356522, 35.226691], [-5.357037, 35.226551], [-5.357552, 35.22613], [-5.358152, 35.225779], [-5.358925, 35.225499], [-5.359268, 35.225289], [-5.359869, 35.224728], [-5.359697, 35.224447], [-5.359869, 35.224167], [-5.360727, 35.223816], [-5.360899, 35.223466], [-5.361242, 35.223255], [-5.361757, 35.223115], [-5.36253, 35.223255], [-5.363302, 35.222975], [-5.363731, 35.222905], [-5.364161, 35.223045], [-5.364847, 35.222975], [-5.365963, 35.222764], [-5.366564, 35.222203], [-5.368538, 35.222274], [-5.370169, 35.222484], [-5.373602, 35.221572], [-5.374203, 35.221292], [-5.375233, 35.220521], [-5.375919, 35.219609], [-5.377378, 35.219188], [-5.378151, 35.218487], [-5.379438, 35.217716], [-5.379953, 35.216804], [-5.380898, 35.216804], [-5.382614, 35.216384], [-5.385017, 35.216524], [-5.386734, 35.216454], [-5.387506, 35.216804], [-5.388365, 35.216944], [-5.390253, 35.216874], [-5.391541, 35.216454], [-5.393085, 35.215682], [-5.395403, 35.213789], [-5.404844, 35.21421], [-5.409479, 35.215121], [-5.414286, 35.216384], [-5.416603, 35.217225], [-5.418233751300748, 35.21869727546925], [-5.419865, 35.22017], [-5.421839, 35.222975], [-5.423126, 35.225289], [-5.424585, 35.228724], [-5.426903, 35.235104], [-5.427332, 35.238399], [-5.427418, 35.242114], [-5.428534, 35.241694], [-5.430079, 35.241483], [-5.431623, 35.240852], [-5.433426, 35.240642], [-5.434971, 35.240151], [-5.436516, 35.240011], [-5.43849, 35.240292], [-5.4457, 35.240712], [-5.453854, 35.240782], [-5.458832, 35.240852], [-5.462866, 35.241063], [-5.476685, 35.240712], [-5.479002, 35.240782], [-5.482607, 35.241273], [-5.48913, 35.241764], [-5.493593, 35.242675], [-5.494194, 35.243096], [-5.494452, 35.243797], [-5.494452, 35.247932], [-5.494022, 35.250105], [-5.494022, 35.252138], [-5.49222, 35.257044], [-5.491447, 35.258025], [-5.490074, 35.260268], [-5.489216, 35.26216], [-5.488529, 35.263001], [-5.487757, 35.264823], [-5.483637, 35.27043], [-5.479946, 35.275195], [-5.47883, 35.276316], [-5.478058, 35.276666], [-5.476685, 35.278838], [-5.472651, 35.283953], [-5.468187, 35.288437], [-5.467672, 35.291449], [-5.466728, 35.294392], [-5.466042, 35.297964], [-5.465355, 35.300136], [-5.464153, 35.311903], [-5.463724, 35.311623], [-5.459518, 35.311693], [-5.458317, 35.311553], [-5.456343, 35.311763], [-5.455742, 35.312044], [-5.46278, 35.321008], [-5.466299, 35.32682], [-5.467415, 35.328221], [-5.468359, 35.330182], [-5.469046, 35.331022], [-5.469646, 35.332212], [-5.469904, 35.332983], [-5.470076, 35.332842], [-5.471449, 35.333543], [-5.472565, 35.333753], [-5.476856, 35.333123], [-5.482521, 35.332492], [-5.482864, 35.332562], [-5.483208, 35.332913], [-5.485268, 35.335993], [-5.492306, 35.347966], [-5.492735, 35.352166], [-5.493507, 35.356156], [-5.483465, 35.359026], [-5.482779, 35.359306], [-5.482435, 35.359726], [-5.481577, 35.360006], [-5.480289, 35.360636], [-5.478916, 35.360846], [-5.478573, 35.361196], [-5.477457, 35.361266], [-5.47677, 35.361966], [-5.47574, 35.362456], [-5.47514, 35.362456], [-5.47471, 35.362876], [-5.474195, 35.363086], [-5.473337, 35.362666], [-5.47308, 35.362316], [-5.471449, 35.361896], [-5.470076, 35.361686], [-5.468359, 35.361686], [-5.465956, 35.362106], [-5.463381, 35.363296], [-5.461922, 35.364626], [-5.460806, 35.366306], [-5.465269, 35.370365], [-5.473337, 35.375684], [-5.479774, 35.376314], [-5.480547, 35.376664], [-5.482178, 35.377714], [-5.482178, 35.377924], [-5.482006, 35.378134], [-5.481234, 35.378204], [-5.480547, 35.378623], [-5.480375, 35.379183], [-5.480375, 35.380023], [-5.47986, 35.381283], [-5.479946, 35.381912], [-5.480633, 35.382752], [-5.481319, 35.384432], [-5.482779, 35.386741], [-5.483208, 35.386671], [-5.484152, 35.386181], [-5.485096, 35.386251], [-5.485783, 35.386461], [-5.489302, 35.38828], [-5.490675, 35.3894], [-5.491018, 35.38989], [-5.493336, 35.38863], [-5.494881, 35.388], [-5.495653, 35.388], [-5.497198, 35.38849], [-5.49737, 35.38877], [-5.497627, 35.38954], [-5.498228, 35.38982], [-5.501232, 35.38989], [-5.502348, 35.39003], [-5.503721, 35.392269], [-5.504065, 35.392479], [-5.504751, 35.392688], [-5.505524, 35.392618], [-5.507069, 35.391919], [-5.508614, 35.392339], [-5.509043, 35.392269], [-5.509729, 35.391919], [-5.510588, 35.391009], [-5.512047, 35.390799], [-5.512991, 35.38996], [-5.513763, 35.38954], [-5.514364, 35.38961], [-5.515223, 35.3901], [-5.515738, 35.3901], [-5.516338, 35.38989], [-5.516682, 35.38926], [-5.517197, 35.38926], [-5.518656, 35.39017], [-5.519772, 35.390519], [-5.520372, 35.390589], [-5.521402, 35.390589], [-5.521746, 35.390379], [-5.522175, 35.38982], [-5.522346, 35.38982], [-5.523462, 35.390379], [-5.523806, 35.391079], [-5.524235, 35.391429], [-5.525007, 35.391499], [-5.525866, 35.391849], [-5.528097, 35.392199], [-5.529041, 35.392199], [-5.529642, 35.392828], [-5.545607, 35.398706], [-5.553246, 35.400874], [-5.55728, 35.402484], [-5.557795, 35.402344], [-5.558653, 35.401854], [-5.559511, 35.401504], [-5.560455, 35.401154], [-5.560799, 35.401224], [-5.561056, 35.401154], [-5.562773, 35.400105], [-5.563116, 35.399615], [-5.563803, 35.399545], [-5.564747, 35.398985], [-5.565691, 35.398146], [-5.566635, 35.397796], [-5.567236, 35.397656], [-5.567751, 35.398076], [-5.568266, 35.398356], [-5.568523, 35.398706], [-5.569382, 35.398636], [-5.569639, 35.398985], [-5.569553, 35.399265], [-5.567751, 35.401084], [-5.567493, 35.401714], [-5.57024, 35.403183], [-5.570927, 35.403183], [-5.57127, 35.402833], [-5.572128, 35.403043], [-5.572472, 35.403393], [-5.572557, 35.403603], [-5.572386, 35.404932], [-5.576849, 35.403183], [-5.578051, 35.402973], [-5.588779, 35.401714], [-5.590582, 35.401784], [-5.594873, 35.402134], [-5.604315, 35.397936], [-5.60519771834068, 35.39741813308904], [-5.606461, 35.396677], [-5.619428054968245, 35.38740963212302], [-5.625, 35.383662], [-5.62706, 35.382332], [-5.631866, 35.378483], [-5.631866, 35.378470644376904], [-5.632982, 35.377574], [-5.634527, 35.376174], [-5.636845, 35.373795], [-5.637875, 35.372395], [-5.638046, 35.372605], [-5.63796, 35.373865], [-5.638218, 35.374214], [-5.638905, 35.374634], [-5.639935, 35.374844], [-5.640535, 35.374774], [-5.641136, 35.375054], [-5.642424, 35.375964], [-5.642767, 35.375964], [-5.643368, 35.375544], [-5.644999, 35.375894], [-5.646629, 35.375754], [-5.64723, 35.376104], [-5.647659, 35.376174], [-5.648346, 35.377084], [-5.649118, 35.377364], [-5.649376, 35.377644], [-5.650406, 35.378483], [-5.650578, 35.378973], [-5.651436, 35.379533], [-5.652294, 35.379603], [-5.65238, 35.379743], [-5.65238, 35.380023], [-5.652723, 35.380443], [-5.653152, 35.380863], [-5.653753, 35.381213], [-5.654011, 35.382122], [-5.653839, 35.382402], [-5.653152, 35.382752], [-5.653152, 35.383102], [-5.653324, 35.383242], [-5.653667, 35.383312], [-5.654097, 35.383032], [-5.654697, 35.383242], [-5.655985, 35.383172], [-5.6565, 35.383522], [-5.657187, 35.383592], [-5.657616, 35.383872], [-5.658388, 35.383732], [-5.658646, 35.384012], [-5.661135, 35.383732], [-5.661821, 35.384082], [-5.662508, 35.384082], [-5.663366, 35.383872], [-5.66431, 35.383732], [-5.664911, 35.383102], [-5.665169, 35.382962], [-5.66534, 35.381842], [-5.666027, 35.381003], [-5.667658, 35.380303], [-5.668602, 35.379603], [-5.669718, 35.379113], [-5.671692, 35.379043], [-5.672379, 35.378833], [-5.673409, 35.377994], [-5.675039, 35.377294], [-5.676327, 35.377154], [-5.677185, 35.377364], [-5.677958, 35.377714], [-5.678301, 35.378553], [-5.678558, 35.378693], [-5.678988, 35.378623], [-5.680447, 35.378204], [-5.681047, 35.378204], [-5.681734, 35.377994], [-5.683022, 35.376944], [-5.684223, 35.376594], [-5.684738, 35.376594], [-5.684824, 35.376944], [-5.685081, 35.377224], [-5.686798, 35.377644], [-5.687485, 35.377644], [-5.688343, 35.377084], [-5.689545, 35.375684], [-5.69109, 35.375194], [-5.692034, 35.374704], [-5.692463, 35.374634], [-5.694351, 35.374844], [-5.696239, 35.374564], [-5.697012, 35.374214], [-5.698214, 35.373515], [-5.69993, 35.372885], [-5.700703, 35.372955], [-5.701475, 35.373515], [-5.701046, 35.373585], [-5.702763, 35.374214], [-5.704136, 35.375404], [-5.70611, 35.376524], [-5.710144, 35.376174], [-5.711174, 35.376314], [-5.711689, 35.376454], [-5.713491, 35.377854], [-5.713749, 35.378204], [-5.713921, 35.378833], [-5.71435, 35.379323], [-5.714865, 35.379463], [-5.715551, 35.379393], [-5.715981, 35.379673], [-5.716496, 35.380303], [-5.716839, 35.380373], [-5.71744, 35.380233], [-5.717783, 35.379603], [-5.718126, 35.379393], [-5.719328, 35.380023], [-5.7201, 35.380093], [-5.720444, 35.379813], [-5.720787, 35.378973], [-5.72113, 35.378623], [-5.72156, 35.378273], [-5.722933, 35.377644], [-5.723362, 35.377714], [-5.723791, 35.377924], [-5.724134, 35.379253], [-5.724564, 35.379813], [-5.724993, 35.380093], [-5.725679, 35.380093], [-5.727224, 35.379603], [-5.727911, 35.379323], [-5.728512, 35.378903], [-5.729027, 35.378973], [-5.729628, 35.379323], [-5.730228, 35.380163], [-5.730743, 35.381353], [-5.731602, 35.382612], [-5.732374, 35.383592], [-5.73349, 35.384502], [-5.734005, 35.385201], [-5.734262, 35.385831], [-5.734262, 35.386881], [-5.734692, 35.387371], [-5.735207, 35.387651], [-5.735807, 35.387581], [-5.736322, 35.386671], [-5.737867, 35.385621], [-5.738983, 35.385621], [-5.740442, 35.386041], [-5.740786, 35.386111], [-5.741472, 35.386041], [-5.74276, 35.385551], [-5.74379, 35.385551], [-5.744991, 35.386811], [-5.746622, 35.387511], [-5.747137, 35.38786], [-5.747309, 35.38863], [-5.747137, 35.38926], [-5.74748, 35.38982], [-5.747738, 35.39003], [-5.749197, 35.390659], [-5.749454, 35.391289], [-5.750227, 35.391989], [-5.750828, 35.391919], [-5.751772, 35.391359], [-5.752287, 35.391219], [-5.752974, 35.391219], [-5.753918, 35.391569], [-5.754347, 35.391639], [-5.755463, 35.391639], [-5.756149, 35.391429], [-5.757265, 35.392618], [-5.758123, 35.392898], [-5.761299, 35.393318], [-5.763788, 35.393178], [-5.764389, 35.393388], [-5.765419, 35.394228], [-5.765934, 35.394997], [-5.765848, 35.395627], [-5.764904, 35.396817], [-5.76499, 35.397306], [-5.765505, 35.397586], [-5.766621, 35.397586], [-5.76705, 35.397726], [-5.767393, 35.398216], [-5.767565, 35.399195], [-5.76808, 35.399685], [-5.768766, 35.399965], [-5.77323, 35.401644], [-5.774435049735474, 35.40170954272065], [-5.774517, 35.401714], [-5.773315, 35.402554], [-5.774435049735474, 35.40170954272065], [-5.774517, 35.401714], [-5.775204, 35.401574], [-5.778894, 35.401784], [-5.781641, 35.401574], [-5.782757, 35.401924], [-5.7831, 35.402414], [-5.783272, 35.403463], [-5.783014, 35.405912], [-5.782328, 35.407031], [-5.781641, 35.40913], [-5.780268, 35.411158], [-5.780096, 35.411718], [-5.780354, 35.412627], [-5.780783, 35.412977], [-5.781898, 35.413607], [-5.783615, 35.414166], [-5.784388, 35.414306], [-5.785246, 35.414236], [-5.786533, 35.413746], [-5.787134, 35.413677], [-5.787306, 35.414796], [-5.787821, 35.415285], [-5.789108, 35.414936], [-5.790825, 35.414726], [-5.792198, 35.414866], [-5.7934, 35.415076], [-5.793915, 35.415495], [-5.794001, 35.416055], [-5.794258, 35.416475], [-5.795202, 35.417314], [-5.795717, 35.417524], [-5.799322, 35.417734], [-5.801039, 35.417594], [-5.802584, 35.417174], [-5.803442, 35.416475], [-5.805674, 35.415915], [-5.806789, 35.415915], [-5.806961, 35.416265], [-5.806875, 35.416405], [-5.804815, 35.418503], [-5.803614, 35.420741], [-5.802841, 35.421511], [-5.802412, 35.42172], [-5.801125, 35.422], [-5.800781, 35.42221], [-5.800524, 35.42256], [-5.800438, 35.423119], [-5.801039, 35.424448], [-5.801554, 35.424728], [-5.802412, 35.424798], [-5.804815, 35.424169], [-5.805244, 35.424238], [-5.805588, 35.424448], [-5.805845, 35.424938], [-5.805931, 35.426546], [-5.80636, 35.427666], [-5.806789, 35.428365], [-5.807991, 35.429414], [-5.808249, 35.429973], [-5.808249, 35.430393], [-5.807304, 35.431023], [-5.807219, 35.431582], [-5.807734, 35.432211], [-5.808249, 35.432491], [-5.809364, 35.432421], [-5.810051, 35.432771], [-5.810308, 35.433051], [-5.810308, 35.43354], [-5.80945, 35.43424], [-5.809021, 35.434939], [-5.808764, 35.435918], [-5.808764, 35.437456], [-5.808249, 35.438365], [-5.808506, 35.438715], [-5.809107, 35.439135], [-5.810223, 35.439275], [-5.811682, 35.439764], [-5.812111, 35.439764], [-5.812969, 35.438785], [-5.813999, 35.437876], [-5.814772, 35.437736], [-5.814943, 35.438016], [-5.815029, 35.439344], [-5.815887, 35.441023], [-5.815973, 35.442421], [-5.814857, 35.44361], [-5.814342, 35.44396], [-5.81357, 35.444239], [-5.812969, 35.444799], [-5.812283, 35.445009], [-5.811768, 35.444729], [-5.811424, 35.444799], [-5.810566, 35.445568], [-5.810394, 35.446057], [-5.810652, 35.446477], [-5.811081, 35.446617], [-5.812368, 35.446966], [-5.813656, 35.447036], [-5.814171, 35.447526], [-5.814171, 35.448295], [-5.814257, 35.448505], [-5.814686, 35.448644], [-5.815887, 35.448644], [-5.817518, 35.449064], [-5.818806, 35.449763], [-5.819321, 35.450532], [-5.819321, 35.451441], [-5.818806, 35.45228], [-5.818033, 35.45235], [-5.816231, 35.45214], [-5.815372, 35.451791], [-5.814772, 35.451721], [-5.813398, 35.45256], [-5.813656, 35.452979], [-5.813656, 35.453329], [-5.813227, 35.453958], [-5.812712, 35.454518], [-5.812626, 35.454867], [-5.813055, 35.455007], [-5.814342, 35.454657], [-5.815115, 35.455007], [-5.81563, 35.455077], [-5.816145, 35.455636], [-5.81675329196165, 35.456069861806704], [-5.817152437971948, 35.45682862674667], [-5.817233531196337, 35.457191188895244], [-5.817184585987261, 35.457469493630576], [-5.817143319118755, 35.45755346690951], [-5.8168141359824235, 35.4578596455671], [-5.816500343558284, 35.458083], [-5.816145, 35.458083], [-5.815802, 35.458013], [-5.815544, 35.457734], [-5.815201, 35.457664], [-5.814857, 35.457943], [-5.814857, 35.458852], [-5.8146, 35.459481], [-5.8146, 35.459831], [-5.815029, 35.46039], [-5.816059, 35.461229], [-5.816317, 35.461789], [-5.817175, 35.462977], [-5.818462, 35.463466], [-5.819235, 35.463536], [-5.819407, 35.463746], [-5.819664, 35.464445], [-5.81981448463188, 35.46579061258041], [-5.819764390166534, 35.46615758366376], [-5.819578, 35.466612], [-5.819063, 35.467241], [-5.818892, 35.4678], [-5.821123, 35.466682], [-5.8223731451942715, 35.466263], [-5.822252547134853, 35.46630341977454], [-5.822582, 35.466193], [-5.824041, 35.465773], [-5.82756, 35.465424], [-5.828333, 35.465144], [-5.829449, 35.464585], [-5.830564, 35.463956], [-5.830994, 35.463536], [-5.832539, 35.46067], [-5.833397, 35.459831], [-5.836744, 35.457244], [-5.837946, 35.457594], [-5.839148, 35.457664], [-5.839577, 35.457873], [-5.840263, 35.458503], [-5.840607, 35.459132], [-5.84095, 35.46025], [-5.841465, 35.46067], [-5.842066, 35.461369], [-5.843182, 35.461789], [-5.844555, 35.461159], [-5.844984, 35.46067], [-5.845242, 35.46039], [-5.845585, 35.46032], [-5.845842, 35.46039], [-5.8461, 35.46067], [-5.846443, 35.461579], [-5.846786, 35.461858], [-5.847645, 35.461649], [-5.848417, 35.46067], [-5.849619, 35.459481], [-5.850306, 35.46067], [-5.850477, 35.46102], [-5.851765, 35.462068], [-5.85228, 35.462977], [-5.85288, 35.463536], [-5.853395, 35.463746], [-5.853138, 35.464725], [-5.852709, 35.465214], [-5.852748821958356, 35.465699735282726], [-5.852758474907256, 35.466266208537256], [-5.852795, 35.466682], [-5.852795, 35.4678], [-5.853052, 35.468709], [-5.852966, 35.469199], [-5.853138, 35.469548], [-5.852966, 35.470457], [-5.853052, 35.471366], [-5.852537, 35.472833], [-5.852022, 35.473253], [-5.851370910984089, 35.47348922321822], [-5.851118831176265, 35.47358068091755], [-5.850992, 35.473532], [-5.849791, 35.474162], [-5.849447, 35.474441], [-5.849361, 35.474791], [-5.848761, 35.47549], [-5.847731, 35.475909], [-5.847301, 35.476189], [-5.847044, 35.476748], [-5.847216, 35.477447], [-5.847044, 35.477726], [-5.845928, 35.478495], [-5.845413, 35.478635], [-5.84507, 35.479334], [-5.844126, 35.480103], [-5.843697, 35.479893], [-5.843525, 35.479963], [-5.843611, 35.480312], [-5.843353, 35.480312], [-5.843267, 35.480592], [-5.84301, 35.480382], [-5.842924, 35.480452], [-5.842752, 35.480941], [-5.842409, 35.481361], [-5.842066, 35.481291], [-5.840349, 35.482409], [-5.839062, 35.483038], [-5.832624, 35.485135], [-5.830908, 35.486113], [-5.829878, 35.485344], [-5.828934, 35.484855], [-5.828676, 35.484506], [-5.827818, 35.484086], [-5.827389, 35.483597], [-5.826359, 35.483527], [-5.825415, 35.483737], [-5.8249, 35.484086], [-5.824986, 35.483597], [-5.825415, 35.482968], [-5.8255, 35.482479], [-5.825071, 35.480941], [-5.826101, 35.480033], [-5.826101, 35.479474], [-5.825672, 35.478565], [-5.825071, 35.478076], [-5.823355, 35.478076], [-5.822926, 35.477517], [-5.822239, 35.476957], [-5.822067, 35.476398], [-5.822496, 35.475839], [-5.822411, 35.47535], [-5.821981, 35.475], [-5.822153, 35.474651], [-5.81975, 35.473113], [-5.818806, 35.472833], [-5.817862, 35.471715], [-5.816317, 35.470387], [-5.815973, 35.470527], [-5.815973, 35.470876], [-5.81563, 35.471575], [-5.815287, 35.471785], [-5.8146, 35.472484], [-5.814342, 35.472484], [-5.814171, 35.472624], [-5.814257, 35.472973], [-5.813484, 35.473393], [-5.812969, 35.474022], [-5.812197, 35.474301], [-5.811424, 35.474791], [-5.811253, 35.47514], [-5.809965, 35.47486], [-5.809021, 35.47514], [-5.807734, 35.476119], [-5.807219, 35.476818], [-5.806446, 35.477377], [-5.806017, 35.478006], [-5.805845, 35.478635], [-5.805931, 35.479054], [-5.805759, 35.479613], [-5.804386, 35.478285], [-5.803013, 35.477447], [-5.801897, 35.477307], [-5.799751, 35.476468], [-5.800009, 35.477027], [-5.79958, 35.477656], [-5.797863, 35.478216], [-5.796833, 35.478775], [-5.796146, 35.479334], [-5.795631, 35.479963], [-5.79546, 35.480382], [-5.795546, 35.481151], [-5.795374, 35.48157], [-5.795116, 35.48185], [-5.793915, 35.482549], [-5.792542, 35.483737], [-5.792198, 35.483877], [-5.791683, 35.483947], [-5.785847, 35.489538], [-5.785847, 35.489887], [-5.786362, 35.490446], [-5.786791, 35.491914], [-5.786877, 35.492403], [-5.786619, 35.493451], [-5.786877, 35.493661], [-5.786791, 35.49422], [-5.786533, 35.495198], [-5.786877, 35.495827], [-5.786705, 35.496107], [-5.786877, 35.496875], [-5.78722, 35.497225], [-5.787134, 35.497434], [-5.786619, 35.497714], [-5.786619, 35.497993], [-5.786877, 35.498203], [-5.786963, 35.498413], [-5.786791, 35.499042], [-5.786448, 35.499321], [-5.786533, 35.49974], [-5.786276, 35.49995], [-5.786362, 35.500369], [-5.786104, 35.500719], [-5.784817, 35.501557], [-5.784388, 35.502046], [-5.78413, 35.502605], [-5.783873, 35.502465], [-5.783787, 35.503653], [-5.781813, 35.503863], [-5.780611, 35.503793], [-5.780439, 35.504073], [-5.782328, 35.507985], [-5.781555, 35.508963], [-5.779324, 35.51057], [-5.776834, 35.51057], [-5.767651, 35.509383], [-5.767736, 35.509872], [-5.76808, 35.51064], [-5.7706547770193835, 35.51483213695292], [-5.77117, 35.515671], [-5.771427, 35.516718], [-5.771255, 35.518465], [-5.770998, 35.519513], [-5.770655, 35.520072], [-5.767221, 35.523565], [-5.76602, 35.524123], [-5.765076, 35.524263], [-5.758982, 35.523914], [-5.758038, 35.524193], [-5.755806, 35.525451], [-5.755033, 35.52566], [-5.754175, 35.52573], [-5.753403, 35.52566], [-5.749884, 35.524752], [-5.74482, 35.524612], [-5.744305, 35.524193], [-5.743103, 35.523774], [-5.740871, 35.524054], [-5.739326, 35.523285], [-5.737267, 35.523844], [-5.736494, 35.523914], [-5.734262, 35.523076], [-5.732203, 35.522517], [-5.730743, 35.522656], [-5.730057, 35.523076], [-5.728168, 35.522796], [-5.725679, 35.522796], [-5.722504, 35.523076], [-5.720873, 35.523774], [-5.720186, 35.525171], [-5.719843, 35.526219], [-5.719242, 35.527127], [-5.71847, 35.527826], [-5.717525, 35.527826], [-5.716667, 35.528384], [-5.715551, 35.528594], [-5.715208, 35.529083], [-5.71538, 35.529921], [-5.714951, 35.530201], [-5.713062, 35.53062], [-5.711861, 35.53062], [-5.710917, 35.53048], [-5.710402, 35.529991], [-5.709887, 35.529921], [-5.7092, 35.529991], [-5.708513, 35.53027], [-5.70714, 35.530201], [-5.706797, 35.53034], [-5.705767, 35.531039], [-5.704908, 35.532156], [-5.704823, 35.532925], [-5.70405, 35.534252], [-5.703449, 35.534042], [-5.702934, 35.53488], [-5.702934, 35.535579], [-5.700445, 35.535858], [-5.699844, 35.537185], [-5.698471, 35.537744], [-5.698557, 35.538792], [-5.698986, 35.53956], [-5.698814, 35.541166], [-5.69684, 35.541515], [-5.696325, 35.541795], [-5.696068, 35.542144], [-5.695896, 35.542842], [-5.695467, 35.543611], [-5.695124, 35.54403], [-5.69478, 35.545496], [-5.694866, 35.545706], [-5.695381, 35.545845], [-5.695553, 35.546264], [-5.695295, 35.546474], [-5.694609, 35.546614], [-5.694695, 35.546963], [-5.695124, 35.547242], [-5.69521, 35.547591], [-5.69478, 35.548499], [-5.694695, 35.549337], [-5.694351, 35.550524], [-5.694523, 35.551362], [-5.694094, 35.552061], [-5.69375, 35.553387], [-5.693321, 35.554295], [-5.693665, 35.55639], [-5.694609, 35.558834], [-5.695724, 35.559393], [-5.696497, 35.561976], [-5.696497, 35.563442], [-5.697269, 35.565816], [-5.698643, 35.56833], [-5.700274, 35.569028], [-5.701904, 35.569447], [-5.703964, 35.569865], [-5.705166, 35.570284], [-5.705681, 35.570773], [-5.706196, 35.57203], [-5.705938, 35.572239], [-5.705338, 35.573217], [-5.704565, 35.573496], [-5.704651, 35.573775], [-5.705338, 35.573984], [-5.705509, 35.574194], [-5.705423, 35.574543], [-5.70508, 35.574962], [-5.705252, 35.57573], [-5.704565, 35.576567], [-5.704737, 35.577545], [-5.704222, 35.577894], [-5.703878, 35.578313], [-5.704737, 35.578801], [-5.705166, 35.578801], [-5.706024, 35.57922], [-5.706282, 35.579081], [-5.706625, 35.578173], [-5.707312, 35.578243], [-5.707741, 35.57922], [-5.708256, 35.57936], [-5.708771, 35.57936], [-5.709629, 35.578941], [-5.710402, 35.579081], [-5.711002, 35.579848], [-5.710917, 35.580128], [-5.710402, 35.580407], [-5.71023, 35.581803], [-5.710487, 35.582012], [-5.711346, 35.581943], [-5.711689, 35.582082], [-5.712032, 35.58278], [-5.712118, 35.583199], [-5.711517, 35.583409], [-5.710831, 35.583409], [-5.710316, 35.583967], [-5.710316, 35.584456], [-5.710917, 35.584665], [-5.711002, 35.584874], [-5.709972, 35.585433], [-5.709887, 35.585921], [-5.710058, 35.58641], [-5.709887, 35.587038], [-5.709972, 35.587248], [-5.71023, 35.587457], [-5.710831, 35.587457], [-5.71126, 35.587946], [-5.711346, 35.588295], [-5.711002, 35.589691], [-5.711002, 35.590179], [-5.711174, 35.590389], [-5.711946, 35.590947], [-5.712461, 35.590947], [-5.712805, 35.591436], [-5.712633, 35.592133], [-5.713148, 35.593111], [-5.713148, 35.593599], [-5.712547, 35.594576], [-5.712461, 35.594995], [-5.712805, 35.595553], [-5.712719, 35.5966], [-5.713062, 35.597926], [-5.713577, 35.598275], [-5.715208, 35.598554], [-5.715809, 35.599322], [-5.715723, 35.60016], [-5.715122, 35.600997], [-5.713749, 35.601835], [-5.713491, 35.602114], [-5.713491, 35.602532], [-5.713663, 35.60323], [-5.714951, 35.603928], [-5.715036, 35.604137], [-5.715036, 35.604556], [-5.714693, 35.605114], [-5.714693, 35.606161], [-5.715551, 35.607696], [-5.715551, 35.608185], [-5.715208, 35.608953], [-5.714865, 35.609371], [-5.714951, 35.60972], [-5.714521, 35.609581], [-5.712891, 35.609581], [-5.712461, 35.609232], [-5.712118, 35.609092], [-5.711603, 35.609092], [-5.710917, 35.608743], [-5.709543, 35.608673], [-5.708342, 35.608185], [-5.705595, 35.607766], [-5.702934, 35.606999], [-5.700359, 35.607068], [-5.700445, 35.60644], [-5.699844, 35.605812], [-5.699072, 35.605254], [-5.698299, 35.605114], [-5.697098, 35.604556], [-5.696239, 35.604347], [-5.69521, 35.604347], [-5.694351, 35.604068], [-5.693407, 35.60316], [-5.692034, 35.603021], [-5.691433, 35.602602], [-5.690403, 35.602602], [-5.689373, 35.601904], [-5.68903, 35.601346], [-5.687656, 35.600648], [-5.687399, 35.600369], [-5.687227, 35.59988], [-5.686712, 35.599671], [-5.684309, 35.599462], [-5.683107, 35.599531], [-5.682507, 35.599392], [-5.681305, 35.599601], [-5.679846, 35.599392], [-5.67873, 35.599392], [-5.677786, 35.599183], [-5.677357, 35.599252], [-5.675983, 35.599043], [-5.675468, 35.598973], [-5.674868, 35.597717], [-5.674524, 35.598903], [-5.671692, 35.601765], [-5.66843, 35.60316], [-5.666714, 35.603649], [-5.666027, 35.604137], [-5.662336, 35.604626], [-5.660706, 35.604347], [-5.657101, 35.604417], [-5.655298, 35.604975], [-5.651608, 35.606929], [-5.651007, 35.606789], [-5.650063, 35.606859], [-5.646973, 35.606231], [-5.645599, 35.606022], [-5.642252, 35.606301], [-5.640707, 35.60658], [-5.638475, 35.60644], [-5.631866, 35.607316345364744], [-5.630579, 35.607487], [-5.627146, 35.608185], [-5.625, 35.609092], [-5.619593, 35.612511], [-5.618129839936904, 35.61327099090656], [-5.618134000000003, 35.613268830097084], [-5.616503, 35.614116], [-5.614443, 35.615721], [-5.612383, 35.616768], [-5.603542, 35.618233], [-5.602512, 35.618233], [-5.601568, 35.618512], [-5.598993, 35.619349], [-5.592985, 35.62214], [-5.591869, 35.621163]]]]}, "properties": {"territoire_id": 4, "nom": "Tétouan"}}, {"type": "Feature", "geometry": {"type": "MultiPolygon", "coordinates": [[[[-5.496769, 35.627373], [-5.497456, 35.627442], [-5.497885, 35.627373], [-5.499001, 35.626605], [-5.499516, 35.625908], [-5.499344, 35.625349], [-5.499516, 35.625001], [-5.500374, 35.624512], [-5.500288, 35.624303], [-5.499773, 35.624094], [-5.499687, 35.623884], [-5.499773, 35.623535], [-5.50106, 35.623187], [-5.501747, 35.623884], [-5.502434, 35.624233], [-5.502605, 35.624512], [-5.502777, 35.625838], [-5.502434, 35.626675], [-5.502605, 35.627094], [-5.503206, 35.627233], [-5.504494, 35.627233], [-5.50518, 35.627442], [-5.506382, 35.627652], [-5.507584, 35.627442], [-5.508528, 35.627442], [-5.509644, 35.627791], [-5.509987, 35.62821], [-5.510416, 35.62807], [-5.511532, 35.62814], [-5.511961, 35.628768], [-5.512648, 35.628838], [-5.513849, 35.628768], [-5.514364, 35.628907], [-5.514879, 35.629326], [-5.515909, 35.630442], [-5.517111, 35.63107], [-5.517197, 35.631349], [-5.517111, 35.632117], [-5.517282, 35.632186], [-5.517797, 35.632117], [-5.518227, 35.632396], [-5.518827, 35.632535], [-5.520201, 35.633372], [-5.520458, 35.633721], [-5.52063, 35.634837], [-5.521746, 35.635535], [-5.521917, 35.636093], [-5.522175, 35.636232], [-5.52269, 35.636232], [-5.523205, 35.636372], [-5.524235, 35.636372], [-5.525694, 35.636581], [-5.526638, 35.636302], [-5.527668, 35.635814], [-5.528955, 35.635674], [-5.529385, 35.635465], [-5.529642, 35.635465], [-5.530071, 35.635535], [-5.53299, 35.63686], [-5.538139, 35.637139], [-5.542946, 35.644045], [-5.550413, 35.652135], [-5.550671, 35.652066], [-5.551958, 35.652205], [-5.553417, 35.651577], [-5.555048, 35.651508], [-5.556593, 35.651717], [-5.557795, 35.651577], [-5.558567, 35.651647], [-5.559254, 35.651996], [-5.562515, 35.652484], [-5.564489, 35.652345], [-5.565691, 35.652205], [-5.567493, 35.651577], [-5.569553, 35.650601], [-5.570154, 35.650531], [-5.570755, 35.650043], [-5.570755, 35.649834], [-5.571184, 35.650043], [-5.570755, 35.650043], [-5.570755, 35.649834], [-5.570412, 35.649764], [-5.57024, 35.649555], [-5.570927, 35.648369], [-5.57127, 35.647323], [-5.57127, 35.647183], [-5.570755, 35.646974], [-5.570755, 35.646277], [-5.570326, 35.645509], [-5.570412, 35.644951], [-5.570154, 35.644324], [-5.570154, 35.643905], [-5.570755, 35.643208], [-5.572128, 35.641882], [-5.572643, 35.640487], [-5.572729, 35.639511], [-5.5723, 35.638325], [-5.571957, 35.637976], [-5.571785, 35.637558], [-5.571785, 35.637279], [-5.572214, 35.63686], [-5.572128, 35.636232], [-5.572386, 35.635744], [-5.572386, 35.635465], [-5.571871, 35.635046], [-5.571098, 35.634209], [-5.570927, 35.633163], [-5.570583, 35.632675], [-5.569983, 35.632256], [-5.569983, 35.631698], [-5.57024, 35.630582], [-5.570412, 35.629117], [-5.570755, 35.627791], [-5.571785, 35.627861], [-5.573587, 35.627373], [-5.57539, 35.627512], [-5.575647, 35.627442], [-5.575733, 35.627233], [-5.576334, 35.627094], [-5.577106, 35.626675], [-5.577707, 35.626117], [-5.578051, 35.625001], [-5.578737, 35.624512], [-5.578823, 35.624233], [-5.579767, 35.623745], [-5.58054, 35.623187], [-5.581141, 35.622001], [-5.580711, 35.618931], [-5.580025, 35.617116], [-5.578651, 35.614395], [-5.579424, 35.614395], [-5.58157, 35.614046], [-5.582342, 35.614325], [-5.583887, 35.615233], [-5.584867321389724, 35.61622854968316], [-5.584917, 35.616279], [-5.5848554557855214, 35.61635904357104], [-5.584831, 35.616628], [-5.58526, 35.616977], [-5.585861, 35.617954], [-5.586462, 35.618303], [-5.58732, 35.618442], [-5.589209, 35.619907], [-5.590925, 35.620814], [-5.591869, 35.621163], [-5.592985, 35.62214], [-5.598993, 35.619349], [-5.601568, 35.618512], [-5.602512, 35.618233], [-5.603542, 35.618233], [-5.612383, 35.616768], [-5.614443, 35.615721], [-5.616503, 35.614116], [-5.618129839936904, 35.61327099090656], [-5.618134000000003, 35.613268830097084], [-5.619593, 35.612511], [-5.625, 35.609092], [-5.627146, 35.608185], [-5.630579, 35.607487], [-5.631866, 35.607316345364744], [-5.638475, 35.60644], [-5.640707, 35.60658], [-5.642252, 35.606301], [-5.645599, 35.606022], [-5.646973, 35.606231], [-5.650063, 35.606859], [-5.651007, 35.606789], [-5.651608, 35.606929], [-5.655298, 35.604975], [-5.657101, 35.604417], [-5.660706, 35.604347], [-5.662336, 35.604626], [-5.666027, 35.604137], [-5.666714, 35.603649], [-5.66843, 35.60316], [-5.671692, 35.601765], [-5.674524, 35.598903], [-5.674868, 35.597717], [-5.675468, 35.598973], [-5.675983, 35.599043], [-5.677357, 35.599252], [-5.677786, 35.599183], [-5.67873, 35.599392], [-5.679846, 35.599392], [-5.681305, 35.599601], [-5.682507, 35.599392], [-5.683107, 35.599531], [-5.684309, 35.599462], [-5.686712, 35.599671], [-5.687227, 35.59988], [-5.687399, 35.600369], [-5.687656, 35.600648], [-5.68903, 35.601346], [-5.689373, 35.601904], [-5.690403, 35.602602], [-5.691433, 35.602602], [-5.692034, 35.603021], [-5.693407, 35.60316], [-5.694351, 35.604068], [-5.69521, 35.604347], [-5.696239, 35.604347], [-5.697098, 35.604556], [-5.698299, 35.605114], [-5.699072, 35.605254], [-5.699844, 35.605812], [-5.700445, 35.60644], [-5.700359, 35.607068], [-5.702934, 35.606999], [-5.705595, 35.607766], [-5.708342, 35.608185], [-5.709543, 35.608673], [-5.710917, 35.608743], [-5.711603, 35.609092], [-5.712118, 35.609092], [-5.712461, 35.609232], [-5.712891, 35.609581], [-5.714521, 35.609581], [-5.714951, 35.60972], [-5.715036, 35.610139], [-5.716152, 35.611674], [-5.716727926923065, 35.61301080209264], [-5.716753, 35.613069], [-5.711861, 35.616489], [-5.714521, 35.623954], [-5.716238, 35.62528], [-5.714865, 35.627861], [-5.712891, 35.630024], [-5.71023, 35.63114], [-5.707912, 35.631279], [-5.705252, 35.630024], [-5.702848, 35.629186], [-5.70199, 35.626326], [-5.700016, 35.624791], [-5.693579, 35.621931], [-5.69066, 35.621512], [-5.691261, 35.623815], [-5.692034, 35.625977], [-5.691433, 35.628628], [-5.695724, 35.628907], [-5.698557, 35.631837], [-5.699415, 35.634488], [-5.700102, 35.637209], [-5.700531, 35.637837], [-5.701475, 35.638325], [-5.702763, 35.638185], [-5.704737, 35.637627], [-5.706539, 35.637627], [-5.708427, 35.637697], [-5.710402, 35.638116], [-5.71847, 35.640836], [-5.719414, 35.641255], [-5.720272, 35.64251], [-5.719585, 35.644045], [-5.718555, 35.64523], [-5.716839, 35.646067], [-5.715036, 35.646277], [-5.713406, 35.646765], [-5.713234, 35.649276], [-5.713491, 35.653251], [-5.715895, 35.657087], [-5.718126, 35.660434], [-5.720186, 35.665386], [-5.721731, 35.668454], [-5.721903, 35.671801], [-5.722847, 35.673892], [-5.720959, 35.678494], [-5.719843, 35.67961], [-5.720272, 35.680098], [-5.720186, 35.680377], [-5.720959, 35.681283], [-5.721903, 35.681701], [-5.722675, 35.681771], [-5.723104, 35.681492], [-5.723448, 35.680725], [-5.723877, 35.680237], [-5.726023, 35.6794], [-5.726452, 35.678773], [-5.727482, 35.678006], [-5.730143, 35.678215], [-5.734606, 35.678355], [-5.737696, 35.678843], [-5.738897, 35.67947], [-5.73981823447327, 35.67918691489976], [-5.740013, 35.679122], [-5.740016154858487, 35.67912609616825], [-5.740442, 35.679679], [-5.741043, 35.681283], [-5.740871, 35.681771], [-5.741129, 35.682886], [-5.742502, 35.683932], [-5.743704, 35.685117], [-5.744219, 35.685745], [-5.74439, 35.686721], [-5.743961, 35.687278], [-5.744133, 35.687906], [-5.74482, 35.688254], [-5.745335, 35.688951], [-5.745764, 35.688882], [-5.74585, 35.689091], [-5.74585, 35.689718], [-5.746279, 35.692158], [-5.74585, 35.693134], [-5.745678, 35.693692], [-5.746536, 35.69404], [-5.746622, 35.694528], [-5.746622, 35.694877], [-5.746107, 35.695156], [-5.746365, 35.695295], [-5.746279, 35.695365], [-5.74585, 35.695783], [-5.745764, 35.696898], [-5.745506, 35.697247], [-5.745935, 35.697595], [-5.74585, 35.697804], [-5.746021, 35.69871], [-5.746279, 35.699059], [-5.746536, 35.699268], [-5.74645, 35.699477], [-5.746708, 35.699895], [-5.746965, 35.700035], [-5.747824, 35.701986], [-5.750656, 35.703868], [-5.750828, 35.704496], [-5.7516, 35.704774], [-5.752201, 35.70582], [-5.752115, 35.706099], [-5.752373, 35.706586], [-5.754604, 35.707423], [-5.754347, 35.708399], [-5.754776, 35.708538], [-5.754776, 35.708747], [-5.757351, 35.71258], [-5.755291, 35.711953], [-5.753317, 35.709862], [-5.752373, 35.710141], [-5.751944, 35.710489], [-5.751686, 35.710489], [-5.751171, 35.710002], [-5.749712, 35.709444], [-5.747995, 35.708259], [-5.747051, 35.707911], [-5.745249, 35.70798], [-5.744133, 35.708468], [-5.743017, 35.709514], [-5.743189, 35.709932], [-5.743103, 35.712162], [-5.743275, 35.71272], [-5.743017, 35.713347], [-5.743189, 35.714671], [-5.742931, 35.715298], [-5.742416, 35.715856], [-5.741386, 35.716065], [-5.741215, 35.716692], [-5.740957, 35.716692], [-5.740786, 35.716971], [-5.740528, 35.716971], [-5.740099, 35.717458], [-5.741129, 35.718782], [-5.741472, 35.718782], [-5.74173, 35.719061], [-5.741901, 35.720176], [-5.74173, 35.720455], [-5.741301, 35.720734], [-5.741215, 35.721639], [-5.739756, 35.723242], [-5.739326, 35.724357], [-5.739069, 35.724078], [-5.738983, 35.724218], [-5.738297, 35.724636], [-5.737953, 35.724218], [-5.73761, 35.724148], [-5.736666, 35.724218], [-5.736237, 35.724078], [-5.735807, 35.7238], [-5.735464, 35.72366], [-5.735207, 35.72366], [-5.734863, 35.724009], [-5.734091, 35.723869], [-5.733061, 35.723521], [-5.731773, 35.723939], [-5.731001, 35.723381], [-5.730057, 35.723033], [-5.727568, 35.722894], [-5.72628, 35.722963], [-5.72525, 35.723312], [-5.725336, 35.7238], [-5.72525, 35.724078], [-5.724564, 35.724496], [-5.723791, 35.725123], [-5.723448, 35.725123], [-5.723276, 35.725193], [-5.723362, 35.725542], [-5.723019, 35.72596], [-5.723019, 35.726447], [-5.722675, 35.727074], [-5.722675, 35.727423], [-5.722933, 35.727562], [-5.722847, 35.727841], [-5.722675, 35.72812], [-5.722246, 35.728259], [-5.72216, 35.728468], [-5.722246, 35.729792], [-5.722675, 35.730558], [-5.72319, 35.732161], [-5.723619, 35.734321], [-5.723362, 35.735853], [-5.723705, 35.737734], [-5.723534, 35.74073], [-5.723534, 35.742054], [-5.72422, 35.743656], [-5.724821, 35.744492], [-5.72525, 35.745258], [-5.725937, 35.745955], [-5.72628, 35.746512], [-5.726366, 35.747418], [-5.727396, 35.747836], [-5.728168, 35.748532], [-5.726881, 35.748532], [-5.726709, 35.748881], [-5.726109, 35.74895], [-5.724993, 35.748184], [-5.724392, 35.748323], [-5.72422, 35.748741], [-5.723963, 35.74902], [-5.723019, 35.74909], [-5.721817, 35.748532], [-5.720358, 35.748323], [-5.719156, 35.74902], [-5.71907, 35.749368], [-5.719156, 35.750344], [-5.720272, 35.751319], [-5.720756129928512, 35.75210403746778], [-5.720744389587072, 35.752085], [-5.720959, 35.752433], [-5.721989, 35.753199], [-5.722589, 35.753896], [-5.722332, 35.754941], [-5.722075, 35.755637], [-5.721989, 35.756682], [-5.721731, 35.757588], [-5.720873, 35.759468], [-5.720959, 35.760304], [-5.722761, 35.768522], [-5.723534, 35.770124], [-5.723276, 35.770263], [-5.724821, 35.770402], [-5.725937, 35.770333], [-5.726538, 35.770124], [-5.729198, 35.771447], [-5.729542, 35.771934], [-5.729971, 35.773049], [-5.730228, 35.773258], [-5.731859, 35.772631], [-5.73246, 35.7727], [-5.73349, 35.773049], [-5.733576, 35.778341], [-5.734005, 35.781683], [-5.734434, 35.78231], [-5.73452, 35.783006], [-5.734262, 35.783494], [-5.735207, 35.784468], [-5.736237, 35.785165], [-5.737524, 35.785513], [-5.738554, 35.785443], [-5.739584, 35.785582], [-5.73967, 35.786209], [-5.740786, 35.786488], [-5.741816, 35.786418], [-5.742416, 35.787323], [-5.743618, 35.787532], [-5.744648, 35.78795], [-5.744047, 35.788576], [-5.740099, 35.790944], [-5.739584, 35.791918], [-5.739584, 35.792127], [-5.740013, 35.792406], [-5.741816, 35.794494], [-5.740356, 35.795747], [-5.739584, 35.796652], [-5.739155, 35.79881], [-5.739412, 35.799019], [-5.739498, 35.799367], [-5.739155, 35.800064], [-5.739241, 35.800342], [-5.740099, 35.801108], [-5.740356, 35.801595], [-5.741301, 35.801804], [-5.742588, 35.802639], [-5.743618, 35.802639], [-5.744047, 35.802222], [-5.743961, 35.802848], [-5.74276, 35.804588], [-5.742416, 35.806677], [-5.742159, 35.807164], [-5.74173, 35.807582], [-5.740099, 35.808486], [-5.738554, 35.811479], [-5.737953, 35.812106], [-5.737009, 35.812523], [-5.736408, 35.812663], [-5.733747, 35.812663], [-5.732374, 35.813637], [-5.731859, 35.813916], [-5.730486, 35.813776], [-5.729542, 35.813916], [-5.728769, 35.814472], [-5.728254, 35.815656], [-5.727911, 35.816004], [-5.72731, 35.816212], [-5.726452, 35.816212], [-5.724993, 35.816421], [-5.723963, 35.816352], [-5.722418, 35.816004], [-5.719242, 35.814264], [-5.718641, 35.814055], [-5.718384, 35.814612], [-5.718555, 35.81489], [-5.71847, 35.81496], [-5.718555, 35.815099], [-5.71847, 35.815656], [-5.718126, 35.816004], [-5.718298, 35.81663], [-5.717783, 35.817674], [-5.717697, 35.818927], [-5.718212, 35.820319], [-5.720701, 35.82526], [-5.720873, 35.825956], [-5.721696279528024, 35.82689058538496], [-5.72113, 35.828252], [-5.721474, 35.829227], [-5.721045, 35.829922], [-5.720358, 35.830479], [-5.719843, 35.830618], [-5.719156, 35.830966], [-5.718727, 35.830897], [-5.717268, 35.829505], [-5.716496, 35.829157], [-5.715809, 35.829296], [-5.715981, 35.829714], [-5.715723, 35.829505], [-5.714865, 35.829644], [-5.714006, 35.829574], [-5.713491, 35.829644], [-5.713148, 35.829922], [-5.713062, 35.830131], [-5.713062, 35.830479], [-5.713234, 35.830618], [-5.712891, 35.830618], [-5.711689, 35.830062], [-5.711174, 35.829922], [-5.710402, 35.829992], [-5.709543, 35.830549], [-5.709372, 35.830479], [-5.709457, 35.830131], [-5.710144, 35.829644], [-5.709972, 35.829435], [-5.709801, 35.829435], [-5.7092, 35.830131], [-5.709286, 35.829714], [-5.708771, 35.829574], [-5.707912, 35.829644], [-5.70611, 35.830549], [-5.705166, 35.831662], [-5.704308, 35.83194], [-5.703964, 35.832149], [-5.703192, 35.832149], [-5.702763, 35.831801], [-5.701389, 35.831801], [-5.700274, 35.83201], [-5.698729, 35.832636], [-5.698128, 35.832984], [-5.697098, 35.834098], [-5.696411, 35.834306], [-5.696154, 35.834585], [-5.694523, 35.834933], [-5.693064, 35.835768], [-5.692892, 35.836185], [-5.692549, 35.836533], [-5.691948, 35.83702], [-5.691261, 35.837159], [-5.691261, 35.837368], [-5.689974, 35.838133], [-5.689888, 35.838272], [-5.689631, 35.838481], [-5.689459, 35.838829], [-5.688429, 35.83869], [-5.687914, 35.838481], [-5.687141, 35.838551], [-5.686283, 35.838203], [-5.686026, 35.837855], [-5.685167, 35.838272], [-5.685081, 35.838272], [-5.684652, 35.838064], [-5.684395, 35.837785], [-5.684309, 35.837298], [-5.683622, 35.837368], [-5.681992, 35.837855], [-5.680618, 35.837577], [-5.678644, 35.83695], [-5.678129, 35.836324], [-5.677872, 35.835698], [-5.677271, 35.835072], [-5.676842, 35.834098], [-5.675983, 35.833402], [-5.675039, 35.833054], [-5.672464, 35.832775], [-5.671434, 35.832984], [-5.670834, 35.832775], [-5.670147, 35.832149], [-5.669374, 35.83208], [-5.668173, 35.831384], [-5.666113, 35.830757], [-5.664482, 35.830757], [-5.663538, 35.830549], [-5.662766, 35.830688], [-5.662079, 35.830618], [-5.662165, 35.830201], [-5.661736, 35.830131], [-5.660963, 35.829853], [-5.659847, 35.829505], [-5.658731, 35.829018], [-5.657701, 35.828043], [-5.656586, 35.827348], [-5.653238, 35.827069], [-5.652122, 35.827139], [-5.648689, 35.828043], [-5.646629, 35.828948], [-5.644226, 35.830409], [-5.64311, 35.830688], [-5.641994, 35.831384], [-5.640364, 35.831523], [-5.638132, 35.831592], [-5.637016, 35.832358], [-5.6359, 35.832636], [-5.633497, 35.83375], [-5.631866, 35.834631215048546], [-5.631866, 35.834654], [-5.631696915215528, 35.83472257008015], [-5.631437, 35.834863], [-5.629807, 35.835489], [-5.62809, 35.835628], [-5.626287, 35.835559], [-5.625687, 35.83542], [-5.625, 35.835489], [-5.624142, 35.835628], [-5.623283, 35.835559], [-5.620193, 35.834933], [-5.618134, 35.833402], [-5.618134, 35.83339174943971], [-5.617962, 35.833263], [-5.617104, 35.832984], [-5.615473, 35.832706], [-5.613842, 35.832845], [-5.611439, 35.832775], [-5.610924, 35.832984], [-5.609722, 35.832775], [-5.608349, 35.83208], [-5.607662, 35.83194], [-5.60586, 35.830757], [-5.605087, 35.830479], [-5.60483, 35.830201], [-5.604486, 35.830131], [-5.601053, 35.83034], [-5.599337, 35.830897], [-5.597963, 35.831732], [-5.597363, 35.831871], [-5.596333, 35.831662], [-5.595646, 35.831732], [-5.593758, 35.832497], [-5.592299, 35.832497], [-5.588865, 35.833263], [-5.588179, 35.83361], [-5.587234, 35.834237], [-5.586548, 35.834515], [-5.585432, 35.834585], [-5.582085, 35.836324], [-5.581055, 35.83695], [-5.579681, 35.838133], [-5.57951, 35.83876], [-5.579081, 35.839455], [-5.578651, 35.839525], [-5.578136, 35.839038], [-5.577621, 35.839107], [-5.577021, 35.839595], [-5.577879, 35.840777], [-5.577965, 35.841473], [-5.577793, 35.842169], [-5.577364, 35.842865], [-5.571012, 35.846343], [-5.570412, 35.846622], [-5.570154, 35.846622], [-5.569811, 35.846274], [-5.569897, 35.845996], [-5.57024, 35.845787], [-5.570498, 35.845787], [-5.570583, 35.845926], [-5.574789, 35.843769], [-5.574617, 35.84356], [-5.576506, 35.842517], [-5.576849, 35.841612], [-5.576591, 35.841264], [-5.576506, 35.841195], [-5.574617, 35.842169], [-5.57436, 35.841751], [-5.576077, 35.840917], [-5.575905, 35.840708], [-5.576077, 35.840499], [-5.575218, 35.839525], [-5.573673, 35.84029], [-5.573158, 35.839664], [-5.570927, 35.840777], [-5.571356, 35.841334], [-5.572987, 35.840499], [-5.573072, 35.840708], [-5.570498, 35.84203], [-5.571012, 35.842656], [-5.570841, 35.842726], [-5.571012, 35.843073], [-5.570841, 35.843213], [-5.569639, 35.841682], [-5.568266, 35.841891], [-5.567493, 35.842586], [-5.566292, 35.843143], [-5.565605, 35.84523], [-5.565262, 35.845717], [-5.564747, 35.846135], [-5.563974, 35.846343], [-5.563459, 35.846691], [-5.563202, 35.847526], [-5.562773, 35.848152], [-5.561914, 35.848709], [-5.561485, 35.848639], [-5.56097, 35.848361], [-5.559855, 35.8485], [-5.559769, 35.848222], [-5.560455, 35.848152], [-5.560455, 35.847665], [-5.560713, 35.847596], [-5.560627, 35.847457], [-5.560713, 35.846343], [-5.560284, 35.845996], [-5.560284, 35.845648], [-5.560026, 35.845369], [-5.559254, 35.845022], [-5.557795, 35.844604], [-5.556335, 35.844743], [-5.553675, 35.845509], [-5.55213, 35.846343], [-5.550327, 35.847735], [-5.55007, 35.848222], [-5.548782, 35.849822], [-5.545864, 35.851561], [-5.543976, 35.852883], [-5.543461, 35.853022], [-5.54286, 35.85344], [-5.542088, 35.85337], [-5.54286, 35.853857], [-5.542173, 35.854344], [-5.541401, 35.854622], [-5.541143, 35.85504], [-5.547323, 35.860674], [-5.547667, 35.860396], [-5.547838, 35.860605], [-5.546894, 35.861579], [-5.546379, 35.862274], [-5.540628, 35.873472], [-5.540028, 35.874307], [-5.534792, 35.879662], [-5.533762, 35.88147], [-5.533419, 35.881401], [-5.534534, 35.879384], [-5.538483, 35.87535], [-5.537624, 35.874724], [-5.537624, 35.874585], [-5.537796, 35.874516], [-5.53874, 35.875142], [-5.539341, 35.874585], [-5.539255, 35.874446], [-5.540285, 35.873264], [-5.54595, 35.861857], [-5.546379, 35.8613], [-5.546379, 35.860396], [-5.544577, 35.858796], [-5.543633, 35.857892], [-5.543375, 35.8581], [-5.543461, 35.85817], [-5.543289, 35.858309], [-5.541229, 35.856361], [-5.540972, 35.85657], [-5.5408, 35.856431], [-5.540113, 35.857127], [-5.543203, 35.859283], [-5.532732, 35.86916], [-5.53299, 35.869369], [-5.532131, 35.870273], [-5.531788, 35.870064], [-5.528698, 35.872777], [-5.527496, 35.874098], [-5.522861, 35.87841], [-5.522861, 35.879106], [-5.524664, 35.881123], [-5.528097, 35.879245], [-5.530071, 35.877576], [-5.5305, 35.877019], [-5.530758, 35.87695], [-5.53093, 35.877228], [-5.52844, 35.879454], [-5.523548, 35.882096], [-5.522604, 35.882861], [-5.522346, 35.884182], [-5.522003, 35.884252], [-5.522003, 35.884113], [-5.522518, 35.878202], [-5.521231, 35.876394], [-5.521059, 35.876394], [-5.522003, 35.878063], [-5.522175, 35.878132], [-5.522175, 35.878271], [-5.522003, 35.878202], [-5.521059, 35.876602], [-5.520716, 35.876741], [-5.52063, 35.876602], [-5.520458, 35.876672], [-5.519514, 35.876602], [-5.5196, 35.876811], [-5.519257, 35.87688], [-5.519943, 35.87848], [-5.519857, 35.878619], [-5.519171, 35.87688], [-5.518827, 35.87695], [-5.518742, 35.876811], [-5.517969, 35.877019], [-5.517025, 35.877576], [-5.517197, 35.877784], [-5.516939, 35.877854], [-5.517712, 35.879036], [-5.517969, 35.879175], [-5.517883, 35.879314], [-5.517797, 35.879314], [-5.516768, 35.877924], [-5.51651, 35.878063], [-5.516424, 35.877993], [-5.515652, 35.878341], [-5.515137, 35.878758], [-5.514622, 35.879523], [-5.514793, 35.879593], [-5.514708, 35.879801], [-5.516338, 35.880079], [-5.516424, 35.880219], [-5.516338, 35.880288], [-5.514622, 35.87994], [-5.514536, 35.880219], [-5.514364, 35.880149], [-5.514193, 35.880983], [-5.514536, 35.881609], [-5.514793, 35.881609], [-5.514793, 35.881818], [-5.516939, 35.881748], [-5.517025, 35.881888], [-5.514622, 35.881957], [-5.514622, 35.882096], [-5.516253, 35.882166], [-5.517626, 35.882096], [-5.518742, 35.881818], [-5.518999, 35.881818], [-5.519085, 35.881957], [-5.518999, 35.882096], [-5.517883, 35.882374], [-5.516167, 35.882513], [-5.511961, 35.882513], [-5.510759, 35.882653], [-5.510073, 35.882931], [-5.50827, 35.883974], [-5.50724, 35.885573], [-5.507154, 35.885851], [-5.507498, 35.88613], [-5.506983, 35.889815], [-5.505867, 35.892179], [-5.504923, 35.893431], [-5.503893, 35.894335], [-5.503979, 35.894474], [-5.495911, 35.899966], [-5.49428, 35.900384], [-5.49428, 35.900175], [-5.495739, 35.899688], [-5.497026, 35.898854], [-5.496941, 35.898715], [-5.496769, 35.898854], [-5.496683, 35.898785], [-5.496769, 35.898645], [-5.497627, 35.898089], [-5.497713, 35.898228], [-5.497541, 35.898367], [-5.497627, 35.898437], [-5.499516, 35.897185], [-5.499258, 35.897046], [-5.500031, 35.89649], [-5.500202, 35.896699], [-5.501232, 35.896003], [-5.501232, 35.895308], [-5.501661, 35.894821], [-5.501404, 35.894613], [-5.501146, 35.89496], [-5.500975, 35.894891], [-5.50106, 35.894682], [-5.501146, 35.894682], [-5.501146, 35.894613], [-5.504665, 35.890788], [-5.504408, 35.89058], [-5.504494, 35.89051], [-5.503807, 35.889954], [-5.503635, 35.890093], [-5.50312, 35.889745], [-5.501575, 35.891275], [-5.501318, 35.891067], [-5.500803, 35.891623], [-5.500631, 35.891553], [-5.501232, 35.891067], [-5.500975, 35.890858], [-5.50252, 35.889328], [-5.502005, 35.888981], [-5.50209, 35.888841], [-5.501575, 35.888355], [-5.500288, 35.88752], [-5.487585, 35.898298], [-5.488358, 35.898993], [-5.490503, 35.89802], [-5.490847, 35.898228], [-5.491276, 35.897811], [-5.491533, 35.897811], [-5.492048, 35.897185], [-5.49222, 35.897324], [-5.491619, 35.898089], [-5.491447, 35.898089], [-5.490332, 35.898924], [-5.488701, 35.89941], [-5.4881, 35.89948], [-5.487499, 35.899341], [-5.48707, 35.899132], [-5.486898, 35.899966], [-5.486727, 35.899966], [-5.486555, 35.901287], [-5.486212, 35.902678], [-5.484753, 35.90386], [-5.484324, 35.905111], [-5.483551, 35.905806], [-5.482864, 35.907197], [-5.483294, 35.908448], [-5.482349, 35.908726], [-5.482006, 35.908587], [-5.481834, 35.908309], [-5.480633, 35.907266], [-5.480547, 35.90678], [-5.480032, 35.906432], [-5.479174, 35.906154], [-5.477028, 35.905806], [-5.475054, 35.906015], [-5.474195, 35.906293], [-5.473595, 35.906641], [-5.47308, 35.907197], [-5.473166, 35.907475], [-5.472994, 35.907475], [-5.472736, 35.907058], [-5.472136, 35.907266], [-5.472136, 35.907405], [-5.472736, 35.907475], [-5.472136, 35.907475], [-5.472136, 35.907614], [-5.472736, 35.907684], [-5.472136, 35.907684], [-5.47205, 35.907753], [-5.47205, 35.907892], [-5.472479, 35.907892], [-5.472565, 35.908031], [-5.473938, 35.907614], [-5.474024, 35.907684], [-5.474024, 35.907823], [-5.472136, 35.908379], [-5.471535, 35.908379], [-5.470934, 35.909004], [-5.47102, 35.909213], [-5.470591, 35.909282], [-5.470247, 35.909422], [-5.469818, 35.910047], [-5.469303, 35.911159], [-5.469131, 35.910812], [-5.468016, 35.91102], [-5.467415, 35.911438], [-5.467157, 35.911785], [-5.467329, 35.912133], [-5.467072, 35.91255], [-5.466471, 35.913036], [-5.466557, 35.913175], [-5.465612, 35.913732], [-5.465355, 35.914427], [-5.464754, 35.914635], [-5.463982, 35.914427], [-5.463381, 35.914218], [-5.463123, 35.91394], [-5.462008, 35.913662], [-5.460548, 35.91394], [-5.459776, 35.914496], [-5.458059, 35.914705], [-5.456686, 35.914427], [-5.454884, 35.912758], [-5.45454, 35.913314], [-5.453253, 35.913106], [-5.452995, 35.913245], [-5.451193, 35.912411], [-5.450935, 35.912133], [-5.451107, 35.911368], [-5.45085, 35.910464], [-5.45085, 35.909839], [-5.451279, 35.909422], [-5.451365, 35.908796], [-5.451107, 35.907336], [-5.450077, 35.906154], [-5.44939, 35.905737], [-5.448618, 35.905528], [-5.44733, 35.904764], [-5.446644, 35.904625], [-5.442524, 35.904207], [-5.441751, 35.904277], [-5.441494, 35.904625], [-5.441236, 35.905598], [-5.440636, 35.906085], [-5.440207, 35.907823], [-5.439949, 35.908101], [-5.439692, 35.909074], [-5.438833, 35.909491], [-5.438919, 35.9097], [-5.438318, 35.909908], [-5.438147, 35.909769], [-5.436773, 35.909769], [-5.436687, 35.909769], [-5.436586679750696, 35.90944281252273], [-5.436516, 35.909213], [-5.434885, 35.906571], [-5.432568, 35.904903], [-5.422611, 35.900245], [-5.421753, 35.900106], [-5.406818, 35.901009], [-5.404243, 35.901009], [-5.401669, 35.900175], [-5.410681, 35.893917], [-5.412226, 35.891136], [-5.419865, 35.881192], [-5.426731, 35.87535], [-5.431967, 35.871803], [-5.430336, 35.871525], [-5.429392, 35.871595], [-5.428619, 35.871734], [-5.427761, 35.872221], [-5.42716, 35.87236], [-5.426044, 35.872429], [-5.425358, 35.87229], [-5.4251, 35.871942], [-5.424671, 35.871734], [-5.424242, 35.871386], [-5.42347, 35.871177], [-5.423126, 35.870899], [-5.422869, 35.870482], [-5.422354, 35.870343], [-5.420637, 35.871108], [-5.420036, 35.871942], [-5.419178, 35.872499], [-5.418406, 35.872499], [-5.418663, 35.872221], [-5.418234, 35.871873], [-5.417805, 35.872429], [-5.415316, 35.872568], [-5.412912, 35.872986], [-5.409994, 35.873264], [-5.407763, 35.872916], [-5.40699, 35.873055], [-5.40699, 35.872916], [-5.407505, 35.872638], [-5.407162, 35.871942], [-5.407848, 35.871942], [-5.40802, 35.871525], [-5.407591, 35.871108], [-5.406647, 35.871247], [-5.406046, 35.871108], [-5.406475, 35.870482], [-5.407505, 35.869856], [-5.40802, 35.86916], [-5.408878, 35.866239], [-5.409479, 35.865752], [-5.410681, 35.864222], [-5.412226, 35.863387], [-5.415144, 35.862692], [-5.415659, 35.8629], [-5.41626, 35.863735], [-5.416689, 35.864083], [-5.417204, 35.864222], [-5.418835, 35.864083], [-5.419865, 35.863804], [-5.422096, 35.862483], [-5.423813, 35.860605], [-5.424242, 35.860396], [-5.425444, 35.860187], [-5.426903, 35.860535], [-5.428104, 35.860257], [-5.429564, 35.858866], [-5.430422, 35.858587], [-5.430937, 35.85824], [-5.431366, 35.856848], [-5.431623, 35.85657], [-5.431538, 35.856361], [-5.432224, 35.854901], [-5.432396, 35.853857], [-5.432053, 35.85344], [-5.431366, 35.852814], [-5.430679, 35.852535], [-5.429993, 35.852396], [-5.429735, 35.852257], [-5.429907, 35.85177], [-5.43025, 35.851561], [-5.43025, 35.851213], [-5.429735, 35.850657], [-5.429735, 35.85017], [-5.429134, 35.8501], [-5.428705, 35.849892], [-5.428705, 35.849474], [-5.428534, 35.849126], [-5.428019, 35.848918], [-5.426474, 35.84857], [-5.425444, 35.848709], [-5.4245, 35.848431], [-5.423985, 35.848361], [-5.42347, 35.848083], [-5.421581, 35.847804], [-5.421495, 35.847596], [-5.420895, 35.847387], [-5.420637, 35.847178], [-5.420551, 35.846761], [-5.420122, 35.846135], [-5.419779, 35.845996], [-5.419779, 35.846274], [-5.419436, 35.846552], [-5.41832, 35.84523], [-5.415144, 35.842447], [-5.414629, 35.841821], [-5.4142, 35.841682], [-5.413513, 35.841612], [-5.412569, 35.841334], [-5.411625, 35.841264], [-5.411282, 35.841404], [-5.410852, 35.841891], [-5.410595, 35.841891], [-5.410423, 35.841612], [-5.410681, 35.841056], [-5.410509, 35.840917], [-5.410337, 35.840917], [-5.409393, 35.841682], [-5.408363, 35.84203], [-5.407763, 35.842099], [-5.407419, 35.841821], [-5.407419, 35.840917], [-5.406904, 35.840777], [-5.406561, 35.840847], [-5.406389, 35.841125], [-5.406647, 35.841891], [-5.405874, 35.842238], [-5.404673, 35.842308], [-5.404587, 35.842656], [-5.404758, 35.84363], [-5.404587, 35.843839], [-5.403728, 35.843978], [-5.40287, 35.84356], [-5.402184, 35.84356], [-5.40184, 35.843491], [-5.401497, 35.843213], [-5.401239, 35.842656], [-5.400124, 35.842586], [-5.397978, 35.841404], [-5.397549, 35.841404], [-5.39669, 35.841751], [-5.396433, 35.841682], [-5.395746, 35.840429], [-5.395231, 35.84036], [-5.39506, 35.840082], [-5.394115, 35.839942], [-5.393686, 35.839734], [-5.393257, 35.838899], [-5.393772, 35.83876], [-5.39403, 35.838412], [-5.395145, 35.837785], [-5.396347, 35.836811], [-5.396261, 35.836533], [-5.395746, 35.835976], [-5.395746, 35.835211], [-5.395918, 35.834863], [-5.396605, 35.834167], [-5.397635, 35.83368], [-5.397806, 35.833123], [-5.397635, 35.832636], [-5.397549, 35.832428], [-5.393858, 35.831871], [-5.392313, 35.830827], [-5.390511, 35.828739], [-5.390425, 35.825956], [-5.390682, 35.825956], [-5.391111, 35.825677], [-5.391369, 35.82526], [-5.39197, 35.824912], [-5.392227, 35.824425], [-5.393085, 35.82352], [-5.393, 35.823102], [-5.393686, 35.822059], [-5.39506, 35.821293], [-5.395918, 35.82011], [-5.396175, 35.819205], [-5.395918, 35.818579], [-5.39566, 35.81837], [-5.395575, 35.817465], [-5.396261, 35.815934], [-5.39669, 35.815656], [-5.397034, 35.815656], [-5.397892, 35.815377], [-5.39875, 35.81489], [-5.399094, 35.814472], [-5.399265, 35.813846], [-5.39978, 35.813428], [-5.399952, 35.812872], [-5.400639, 35.812315], [-5.400639, 35.811758], [-5.400381, 35.810853], [-5.399952, 35.810505], [-5.39978, 35.809948], [-5.399179, 35.8096], [-5.39875, 35.808904], [-5.398407, 35.808556], [-5.398836, 35.805772], [-5.398579, 35.804797], [-5.397978, 35.804101], [-5.397892, 35.803823], [-5.398321, 35.802709], [-5.399094, 35.802291], [-5.399523, 35.802152], [-5.400381, 35.800969], [-5.400724, 35.800899], [-5.400724, 35.80069], [-5.401754, 35.800412], [-5.402613, 35.799785], [-5.402868491141943, 35.7990804638207], [-5.402888365101388, 35.79902565987193], [-5.403042, 35.798602], [-5.403986, 35.798254], [-5.404415, 35.797766], [-5.404758, 35.796444], [-5.405016, 35.795956], [-5.406389, 35.79526], [-5.407162, 35.79526], [-5.407677, 35.794982], [-5.408192, 35.794912], [-5.408621, 35.794982], [-5.409222, 35.794842], [-5.409565, 35.794633], [-5.409908, 35.794146], [-5.410938, 35.793589], [-5.411539, 35.793589], [-5.411367, 35.794077], [-5.411539, 35.794285], [-5.411625, 35.794007], [-5.411882, 35.793937], [-5.412483, 35.794146], [-5.412912, 35.794007], [-5.412998, 35.793311], [-5.413342, 35.79352], [-5.413685, 35.792823], [-5.413857, 35.792127], [-5.413771, 35.79157], [-5.413427, 35.791431], [-5.411797, 35.792058], [-5.410852, 35.792197], [-5.410681, 35.792127], [-5.410767, 35.791222], [-5.415058, 35.787254], [-5.416775, 35.786627], [-5.424929, 35.787741], [-5.427847, 35.789969], [-5.432053, 35.790456], [-5.43334, 35.790108], [-5.437546, 35.789551], [-5.437803, 35.793102], [-5.438232, 35.794494], [-5.438576, 35.795051], [-5.43849, 35.79526], [-5.438147, 35.79519], [-5.437975, 35.795469], [-5.438061, 35.796026], [-5.43849, 35.796165], [-5.438747, 35.796444], [-5.44158, 35.796444], [-5.442867, 35.796722], [-5.460634, 35.796374], [-5.460634, 35.795817], [-5.461235, 35.792614], [-5.461063, 35.791918], [-5.461321, 35.791292], [-5.461149, 35.790944], [-5.460463, 35.790108], [-5.460205, 35.789481], [-5.460548, 35.788368], [-5.460463, 35.786905], [-5.459175, 35.783494], [-5.456085, 35.773467], [-5.454197, 35.766294], [-5.453682, 35.764622], [-5.45248, 35.761906], [-5.45042, 35.758702], [-5.449734, 35.757239], [-5.449219, 35.755568], [-5.448565772283221, 35.752094822877154], [-5.448563924817519, 35.752085], [-5.448446, 35.751458], [-5.448189, 35.746512], [-5.447931, 35.743029], [-5.448532, 35.740939], [-5.448554273905997, 35.740939], [-5.449219, 35.73871], [-5.450678, 35.734251], [-5.451794, 35.731603], [-5.451708, 35.73021], [-5.452223, 35.721918], [-5.454884, 35.713556], [-5.457287, 35.708468], [-5.458059, 35.706029], [-5.459968204336343, 35.70221749127696], [-5.459175, 35.699826], [-5.459347, 35.699547], [-5.459948, 35.699129], [-5.460978, 35.697944], [-5.461063, 35.697735], [-5.461407, 35.695434], [-5.462179, 35.695016], [-5.462608, 35.69411], [-5.462608, 35.690694], [-5.463037, 35.689649], [-5.46278, 35.688673], [-5.462952, 35.688463], [-5.464411, 35.688463], [-5.465527, 35.688254], [-5.466127, 35.687766], [-5.466299, 35.687418], [-5.466299, 35.687139], [-5.466471, 35.687], [-5.467415, 35.687], [-5.468359, 35.68693], [-5.468702, 35.686721], [-5.469561, 35.686651], [-5.471106, 35.685466], [-5.472565, 35.684629], [-5.472994, 35.684072], [-5.473509, 35.683723], [-5.474539, 35.683444], [-5.475311, 35.682956], [-5.476685, 35.682538], [-5.477972, 35.682607], [-5.479431, 35.682119], [-5.480289, 35.682677], [-5.481577, 35.682747], [-5.484581, 35.682119], [-5.485783, 35.68205], [-5.486641, 35.682259], [-5.487413, 35.682189], [-5.488014, 35.681771], [-5.49016, 35.681492], [-5.49119, 35.68191], [-5.492134, 35.68198], [-5.492649, 35.682189], [-5.493937, 35.68205], [-5.494623, 35.682329], [-5.496168, 35.681701], [-5.495567, 35.676612], [-5.497627, 35.671243], [-5.502348, 35.665664], [-5.503721, 35.660086], [-5.503635, 35.659458], [-5.496769, 35.651298], [-5.496254, 35.649067], [-5.49634, 35.647672], [-5.496855, 35.643487], [-5.497026, 35.643208], [-5.497799, 35.642789], [-5.497885, 35.64258], [-5.497541, 35.641255], [-5.496168, 35.641534], [-5.495567, 35.641255], [-5.495052, 35.640836], [-5.49428, 35.640766], [-5.493164, 35.640418], [-5.491791, 35.640418], [-5.491276, 35.640487], [-5.490589, 35.639929], [-5.489902, 35.63979], [-5.489216, 35.639581], [-5.488958, 35.639371], [-5.488615, 35.63965], [-5.488014, 35.639581], [-5.487928, 35.638883], [-5.487928, 35.638464], [-5.4881, 35.638255], [-5.488873, 35.638185], [-5.488958, 35.637976], [-5.488443, 35.637279], [-5.488272, 35.636721], [-5.487843, 35.636302], [-5.488014, 35.635814], [-5.488615, 35.635604], [-5.489044, 35.635325], [-5.489302, 35.634558], [-5.489902, 35.633861], [-5.489988, 35.633512], [-5.490932, 35.633372], [-5.491619, 35.633512], [-5.491791, 35.633721], [-5.49222, 35.633651], [-5.492563, 35.632884], [-5.492735, 35.632744], [-5.493164, 35.632675], [-5.493422, 35.632465], [-5.493593, 35.631768], [-5.494108, 35.631419], [-5.494194, 35.63107], [-5.494452, 35.631], [-5.49531, 35.630442], [-5.495653, 35.629745], [-5.495481, 35.629256], [-5.495567, 35.628698], [-5.495996, 35.62828], [-5.496067526011561, 35.62781508092486], [-5.496082, 35.627721], [-5.496769, 35.627373]]]]}, "properties": {"territoire_id": 5, "nom": "Fahs-Anjra"}}, {"type": "Feature", "geometry": {"type": "MultiPolygon", "coordinates": [[[[-5.81981448463188, 35.46579061258041], [-5.819664, 35.464445], [-5.819407, 35.463746], [-5.819235, 35.463536], [-5.818462, 35.463466], [-5.817175, 35.462977], [-5.816317, 35.461789], [-5.816059, 35.461229], [-5.815029, 35.46039], [-5.8146, 35.459831], [-5.8146, 35.459481], [-5.814857, 35.458852], [-5.814857, 35.457943], [-5.815201, 35.457664], [-5.815544, 35.457734], [-5.815802, 35.458013], [-5.816145, 35.458083], [-5.816500343558284, 35.458083], [-5.8168141359824235, 35.4578596455671], [-5.817143319118755, 35.45755346690951], [-5.817184585987261, 35.457469493630576], [-5.817233531196337, 35.457191188895244], [-5.817152437971948, 35.45682862674667], [-5.81675329196165, 35.456069861806704], [-5.816145, 35.455636], [-5.81563, 35.455077], [-5.815115, 35.455007], [-5.814342, 35.454657], [-5.813055, 35.455007], [-5.812626, 35.454867], [-5.812712, 35.454518], [-5.813227, 35.453958], [-5.813656, 35.453329], [-5.813656, 35.452979], [-5.813398, 35.45256], [-5.814772, 35.451721], [-5.815372, 35.451791], [-5.816231, 35.45214], [-5.818033, 35.45235], [-5.818806, 35.45228], [-5.819321, 35.451441], [-5.819321, 35.450532], [-5.818806, 35.449763], [-5.817518, 35.449064], [-5.815887, 35.448644], [-5.814686, 35.448644], [-5.814257, 35.448505], [-5.814171, 35.448295], [-5.814171, 35.447526], [-5.813656, 35.447036], [-5.812368, 35.446966], [-5.811081, 35.446617], [-5.810652, 35.446477], [-5.810394, 35.446057], [-5.810566, 35.445568], [-5.811424, 35.444799], [-5.811768, 35.444729], [-5.812283, 35.445009], [-5.812969, 35.444799], [-5.81357, 35.444239], [-5.814342, 35.44396], [-5.814857, 35.44361], [-5.815973, 35.442421], [-5.815887, 35.441023], [-5.815029, 35.439344], [-5.814943, 35.438016], [-5.814772, 35.437736], [-5.813999, 35.437876], [-5.812969, 35.438785], [-5.812111, 35.439764], [-5.811682, 35.439764], [-5.810223, 35.439275], [-5.809107, 35.439135], [-5.808506, 35.438715], [-5.808249, 35.438365], [-5.808764, 35.437456], [-5.808764, 35.435918], [-5.809021, 35.434939], [-5.80945, 35.43424], [-5.810308, 35.43354], [-5.810308, 35.433051], [-5.810051, 35.432771], [-5.809364, 35.432421], [-5.808249, 35.432491], [-5.807734, 35.432211], [-5.807219, 35.431582], [-5.807304, 35.431023], [-5.808249, 35.430393], [-5.808249, 35.429973], [-5.807991, 35.429414], [-5.806789, 35.428365], [-5.80636, 35.427666], [-5.805931, 35.426546], [-5.805845, 35.424938], [-5.805588, 35.424448], [-5.805244, 35.424238], [-5.804815, 35.424169], [-5.802412, 35.424798], [-5.801554, 35.424728], [-5.801039, 35.424448], [-5.800438, 35.423119], [-5.800524, 35.42256], [-5.800781, 35.42221], [-5.801125, 35.422], [-5.802412, 35.42172], [-5.802841, 35.421511], [-5.803614, 35.420741], [-5.804815, 35.418503], [-5.806875, 35.416405], [-5.806961, 35.416265], [-5.806789, 35.415915], [-5.805674, 35.415915], [-5.803442, 35.416475], [-5.802584, 35.417174], [-5.801039, 35.417594], [-5.799322, 35.417734], [-5.795717, 35.417524], [-5.795202, 35.417314], [-5.794258, 35.416475], [-5.794001, 35.416055], [-5.793915, 35.415495], [-5.7934, 35.415076], [-5.792198, 35.414866], [-5.790825, 35.414726], [-5.789108, 35.414936], [-5.787821, 35.415285], [-5.787306, 35.414796], [-5.787134, 35.413677], [-5.786533, 35.413746], [-5.785246, 35.414236], [-5.784388, 35.414306], [-5.783615, 35.414166], [-5.781898, 35.413607], [-5.780783, 35.412977], [-5.780354, 35.412627], [-5.780096, 35.411718], [-5.780268, 35.411158], [-5.781641, 35.40913], [-5.782328, 35.407031], [-5.783014, 35.405912], [-5.783272, 35.403463], [-5.7831, 35.402414], [-5.782757, 35.401924], [-5.781641, 35.401574], [-5.778894, 35.401784], [-5.775204, 35.401574], [-5.774517, 35.401714], [-5.774435049735474, 35.40170954272065], [-5.77323, 35.401644], [-5.768766, 35.399965], [-5.76808, 35.399685], [-5.767565, 35.399195], [-5.767393, 35.398216], [-5.76705, 35.397726], [-5.766621, 35.397586], [-5.765505, 35.397586], [-5.76499, 35.397306], [-5.764904, 35.396817], [-5.765848, 35.395627], [-5.765934, 35.394997], [-5.765419, 35.394228], [-5.764389, 35.393388], [-5.763788, 35.393178], [-5.761299, 35.393318], [-5.758123, 35.392898], [-5.757265, 35.392618], [-5.756149, 35.391429], [-5.755463, 35.391639], [-5.754347, 35.391639], [-5.753918, 35.391569], [-5.752974, 35.391219], [-5.752287, 35.391219], [-5.751772, 35.391359], [-5.750828, 35.391919], [-5.750227, 35.391989], [-5.749454, 35.391289], [-5.749197, 35.390659], [-5.747738, 35.39003], [-5.74748, 35.38982], [-5.747137, 35.38926], [-5.747309, 35.38863], [-5.747137, 35.38786], [-5.746622, 35.387511], [-5.744991, 35.386811], [-5.74379, 35.385551], [-5.74276, 35.385551], [-5.741472, 35.386041], [-5.740786, 35.386111], [-5.740442, 35.386041], [-5.738983, 35.385621], [-5.737867, 35.385621], [-5.736322, 35.386671], [-5.735807, 35.387581], [-5.735207, 35.387651], [-5.734692, 35.387371], [-5.734262, 35.386881], [-5.734262, 35.385831], [-5.734005, 35.385201], [-5.73349, 35.384502], [-5.732374, 35.383592], [-5.731602, 35.382612], [-5.730743, 35.381353], [-5.730228, 35.380163], [-5.729628, 35.379323], [-5.729027, 35.378973], [-5.728512, 35.378903], [-5.727911, 35.379323], [-5.727224, 35.379603], [-5.725679, 35.380093], [-5.724993, 35.380093], [-5.724564, 35.379813], [-5.724134, 35.379253], [-5.723791, 35.377924], [-5.723362, 35.377714], [-5.722933, 35.377644], [-5.72156, 35.378273], [-5.72113, 35.378623], [-5.720787, 35.378973], [-5.720444, 35.379813], [-5.7201, 35.380093], [-5.719328, 35.380023], [-5.718126, 35.379393], [-5.717783, 35.379603], [-5.71744, 35.380233], [-5.716839, 35.380373], [-5.716496, 35.380303], [-5.715981, 35.379673], [-5.715551, 35.379393], [-5.714865, 35.379463], [-5.71435, 35.379323], [-5.713921, 35.378833], [-5.713749, 35.378204], [-5.713491, 35.377854], [-5.711689, 35.376454], [-5.711174, 35.376314], [-5.710144, 35.376174], [-5.70611, 35.376524], [-5.704136, 35.375404], [-5.702763, 35.374214], [-5.701046, 35.373585], [-5.701475, 35.373515], [-5.700703, 35.372955], [-5.69993, 35.372885], [-5.698214, 35.373515], [-5.697012, 35.374214], [-5.696239, 35.374564], [-5.694351, 35.374844], [-5.692463, 35.374634], [-5.692034, 35.374704], [-5.69109, 35.375194], [-5.689545, 35.375684], [-5.688343, 35.377084], [-5.687485, 35.377644], [-5.686798, 35.377644], [-5.685081, 35.377224], [-5.684824, 35.376944], [-5.684738, 35.376594], [-5.684223, 35.376594], [-5.683022, 35.376944], [-5.681734, 35.377994], [-5.681047, 35.378204], [-5.680447, 35.378204], [-5.678988, 35.378623], [-5.678558, 35.378693], [-5.678301, 35.378553], [-5.677958, 35.377714], [-5.677185, 35.377364], [-5.676327, 35.377154], [-5.675039, 35.377294], [-5.673409, 35.377994], [-5.672379, 35.378833], [-5.671692, 35.379043], [-5.669718, 35.379113], [-5.668602, 35.379603], [-5.667658, 35.380303], [-5.666027, 35.381003], [-5.66534, 35.381842], [-5.665169, 35.382962], [-5.664911, 35.383102], [-5.66431, 35.383732], [-5.663366, 35.383872], [-5.662508, 35.384082], [-5.661821, 35.384082], [-5.661135, 35.383732], [-5.658646, 35.384012], [-5.658388, 35.383732], [-5.657616, 35.383872], [-5.657187, 35.383592], [-5.6565, 35.383522], [-5.655985, 35.383172], [-5.654697, 35.383242], [-5.654097, 35.383032], [-5.653667, 35.383312], [-5.653324, 35.383242], [-5.653152, 35.383102], [-5.653152, 35.382752], [-5.653839, 35.382402], [-5.654011, 35.382122], [-5.653753, 35.381213], [-5.653152, 35.380863], [-5.652723, 35.380443], [-5.65238, 35.380023], [-5.65238, 35.379743], [-5.652294, 35.379603], [-5.651436, 35.379533], [-5.650578, 35.378973], [-5.650406, 35.378483], [-5.649376, 35.377644], [-5.649118, 35.377364], [-5.648346, 35.377084], [-5.647659, 35.376174], [-5.64723, 35.376104], [-5.646629, 35.375754], [-5.644999, 35.375894], [-5.643368, 35.375544], [-5.642767, 35.375964], [-5.642424, 35.375964], [-5.641136, 35.375054], [-5.640535, 35.374774], [-5.639935, 35.374844], [-5.638905, 35.374634], [-5.638218, 35.374214], [-5.63796, 35.373865], [-5.638046, 35.372605], [-5.637875, 35.372395], [-5.636845, 35.373795], [-5.634527, 35.376174], [-5.632982, 35.377574], [-5.631866, 35.378470644376904], [-5.631866, 35.378483], [-5.62706, 35.382332], [-5.625, 35.383662], [-5.619428054968245, 35.38740963212302], [-5.606461, 35.396677], [-5.60519771834068, 35.39741813308904], [-5.604315, 35.397936], [-5.594873, 35.402134], [-5.590582, 35.401784], [-5.588779, 35.401714], [-5.578051, 35.402973], [-5.576849, 35.403183], [-5.572386, 35.404932], [-5.572557, 35.403603], [-5.572472, 35.403393], [-5.572128, 35.403043], [-5.57127, 35.402833], [-5.570927, 35.403183], [-5.57024, 35.403183], [-5.567493, 35.401714], [-5.567751, 35.401084], [-5.569553, 35.399265], [-5.569639, 35.398985], [-5.569382, 35.398636], [-5.568523, 35.398706], [-5.568266, 35.398356], [-5.567751, 35.398076], [-5.567236, 35.397656], [-5.566635, 35.397796], [-5.565691, 35.398146], [-5.564747, 35.398985], [-5.563803, 35.399545], [-5.563116, 35.399615], [-5.562773, 35.400105], [-5.561056, 35.401154], [-5.560799, 35.401224], [-5.560455, 35.401154], [-5.559511, 35.401504], [-5.558653, 35.401854], [-5.557795, 35.402344], [-5.55728, 35.402484], [-5.553246, 35.400874], [-5.545607, 35.398706], [-5.529642, 35.392828], [-5.529041, 35.392199], [-5.528097, 35.392199], [-5.525866, 35.391849], [-5.525007, 35.391499], [-5.524235, 35.391429], [-5.523806, 35.391079], [-5.523462, 35.390379], [-5.522346, 35.38982], [-5.522175, 35.38982], [-5.521746, 35.390379], [-5.521402, 35.390589], [-5.520372, 35.390589], [-5.519772, 35.390519], [-5.518656, 35.39017], [-5.517197, 35.38926], [-5.516682, 35.38926], [-5.516338, 35.38989], [-5.515738, 35.3901], [-5.515223, 35.3901], [-5.514364, 35.38961], [-5.513763, 35.38954], [-5.512991, 35.38996], [-5.512047, 35.390799], [-5.510588, 35.391009], [-5.509729, 35.391919], [-5.509043, 35.392269], [-5.508614, 35.392339], [-5.507069, 35.391919], [-5.505524, 35.392618], [-5.504751, 35.392688], [-5.504065, 35.392479], [-5.503721, 35.392269], [-5.502348, 35.39003], [-5.501232, 35.38989], [-5.498228, 35.38982], [-5.497627, 35.38954], [-5.49737, 35.38877], [-5.497198, 35.38849], [-5.495653, 35.388], [-5.494881, 35.388], [-5.493336, 35.38863], [-5.491018, 35.38989], [-5.490675, 35.3894], [-5.489302, 35.38828], [-5.485783, 35.386461], [-5.485096, 35.386251], [-5.484152, 35.386181], [-5.483208, 35.386671], [-5.482779, 35.386741], [-5.481319, 35.384432], [-5.480633, 35.382752], [-5.479946, 35.381912], [-5.47986, 35.381283], [-5.480375, 35.380023], [-5.480375, 35.379183], [-5.480547, 35.378623], [-5.481234, 35.378204], [-5.482006, 35.378134], [-5.482178, 35.377924], [-5.482178, 35.377714], [-5.480547, 35.376664], [-5.479774, 35.376314], [-5.473337, 35.375684], [-5.465269, 35.370365], [-5.460806, 35.366306], [-5.461922, 35.364626], [-5.463381, 35.363296], [-5.465956, 35.362106], [-5.468359, 35.361686], [-5.470076, 35.361686], [-5.471449, 35.361896], [-5.47308, 35.362316], [-5.473337, 35.362666], [-5.474195, 35.363086], [-5.47471, 35.362876], [-5.47514, 35.362456], [-5.47574, 35.362456], [-5.47677, 35.361966], [-5.477457, 35.361266], [-5.478573, 35.361196], [-5.478916, 35.360846], [-5.480289, 35.360636], [-5.481577, 35.360006], [-5.482435, 35.359726], [-5.482779, 35.359306], [-5.483465, 35.359026], [-5.493507, 35.356156], [-5.492735, 35.352166], [-5.492306, 35.347966], [-5.485268, 35.335993], [-5.483208, 35.332913], [-5.482864, 35.332562], [-5.482521, 35.332492], [-5.476856, 35.333123], [-5.472565, 35.333753], [-5.471449, 35.333543], [-5.470076, 35.332842], [-5.469904, 35.332983], [-5.469646, 35.332212], [-5.469046, 35.331022], [-5.468359, 35.330182], [-5.467415, 35.328221], [-5.466299, 35.32682], [-5.46278, 35.321008], [-5.455742, 35.312044], [-5.456343, 35.311763], [-5.458317, 35.311553], [-5.459518, 35.311693], [-5.463724, 35.311623], [-5.464153, 35.311903], [-5.465355, 35.300136], [-5.466042, 35.297964], [-5.466728, 35.294392], [-5.467672, 35.291449], [-5.468187, 35.288437], [-5.472651, 35.283953], [-5.476685, 35.278838], [-5.478058, 35.276666], [-5.47883, 35.276316], [-5.479946, 35.275195], [-5.483637, 35.27043], [-5.487757, 35.264823], [-5.488529, 35.263001], [-5.489216, 35.26216], [-5.490074, 35.260268], [-5.491447, 35.258025], [-5.49222, 35.257044], [-5.494022, 35.252138], [-5.494022, 35.250105], [-5.494452, 35.247932], [-5.494452, 35.243797], [-5.494194, 35.243096], [-5.493593, 35.242675], [-5.493078, 35.241343], [-5.49737, 35.244427], [-5.503206, 35.239871], [-5.520372, 35.224377], [-5.521231, 35.223746], [-5.522604, 35.223746], [-5.523033, 35.223255], [-5.523891, 35.223325], [-5.524235, 35.222414], [-5.525007, 35.221572], [-5.526466, 35.221082], [-5.527496, 35.221152], [-5.527754, 35.220801], [-5.527925, 35.219048], [-5.528612, 35.218838], [-5.529556, 35.217646], [-5.529556, 35.216313], [-5.530415, 35.215612], [-5.531874, 35.215121], [-5.533419, 35.214981], [-5.535564, 35.212947], [-5.536594, 35.212947], [-5.538998, 35.211194], [-5.539942, 35.211194], [-5.54183, 35.210844], [-5.544147, 35.211124], [-5.547409, 35.211264], [-5.546207, 35.210493], [-5.542431, 35.20334], [-5.540628, 35.200394], [-5.540028, 35.193801], [-5.539083, 35.187558], [-5.538912, 35.184893], [-5.538998, 35.18384], [-5.538826, 35.182928], [-5.538998, 35.181034], [-5.540714, 35.179842], [-5.543461, 35.17914], [-5.54389, 35.178509], [-5.54389, 35.178018], [-5.543633, 35.177106], [-5.543718, 35.176474], [-5.5437590895337605, 35.176381906888], [-5.543804, 35.176124], [-5.544062, 35.175703], [-5.544147, 35.17451], [-5.54492, 35.173808], [-5.545006, 35.173598], [-5.54492, 35.173528], [-5.544405, 35.173317], [-5.544062, 35.172966], [-5.544062, 35.172124], [-5.543804, 35.171914], [-5.543758465991316, 35.17172707091172], [-5.543633, 35.171563], [-5.543633, 35.171212], [-5.543375, 35.171002], [-5.543118, 35.169739], [-5.543203, 35.168757], [-5.543432496676165, 35.168195], [-5.543436570439721, 35.16818502401622], [-5.543633, 35.167704], [-5.543547, 35.167283], [-5.54286, 35.166932], [-5.542088, 35.166301], [-5.542688, 35.16602], [-5.542946, 35.165669], [-5.54286, 35.165459], [-5.542173, 35.165249], [-5.541487, 35.165529], [-5.540543, 35.166301], [-5.539598, 35.16602], [-5.537968, 35.16581], [-5.536079, 35.16581], [-5.535307, 35.165669], [-5.534792, 35.164898], [-5.534878, 35.164687], [-5.535479, 35.164477], [-5.535736, 35.164056], [-5.535393, 35.162231], [-5.535736, 35.16153], [-5.536337, 35.161319], [-5.537109, 35.1616], [-5.537453, 35.162091], [-5.537882, 35.162301], [-5.538311, 35.162231], [-5.538654, 35.162091], [-5.538998, 35.16174], [-5.539598, 35.160828], [-5.539684, 35.160547], [-5.539083, 35.160477], [-5.538483, 35.160056], [-5.537796, 35.159284], [-5.537796, 35.159003], [-5.538397, 35.1576], [-5.538998, 35.157811], [-5.539598, 35.157811], [-5.539942, 35.1576], [-5.540113, 35.157179], [-5.538654, 35.156337], [-5.538139, 35.155846], [-5.538139, 35.155495], [-5.538483, 35.155425], [-5.539942, 35.155635], [-5.541229, 35.155495], [-5.54183, 35.155144], [-5.542002, 35.154723], [-5.541744, 35.154302], [-5.541573, 35.15346], [-5.540972, 35.152758], [-5.540028, 35.152267], [-5.538912, 35.152126], [-5.538054, 35.151565], [-5.539255, 35.14946], [-5.538912, 35.148196], [-5.538054, 35.147495], [-5.534449, 35.147424], [-5.534105, 35.146652], [-5.535307, 35.145249], [-5.535822, 35.144196], [-5.535479, 35.143845], [-5.53256, 35.144126], [-5.532131, 35.143915], [-5.531702, 35.142582], [-5.532045, 35.14181], [-5.53256, 35.141318], [-5.53256, 35.140687], [-5.530415, 35.140195], [-5.530758, 35.138651], [-5.5299, 35.137669], [-5.5305, 35.135984], [-5.531445, 35.135352], [-5.531788, 35.134089], [-5.531015, 35.133387], [-5.530672, 35.132194], [-5.533247, 35.131702], [-5.533161, 35.13086], [-5.533676, 35.129737], [-5.53299, 35.129316], [-5.532303, 35.128473], [-5.53196, 35.127561], [-5.531359, 35.127069], [-5.5305, 35.125735], [-5.529213, 35.124963], [-5.528355, 35.125314], [-5.52784, 35.126297], [-5.525436, 35.126788], [-5.525007, 35.125876], [-5.523634, 35.124261], [-5.52269, 35.123489], [-5.521402, 35.122506], [-5.520115, 35.121944], [-5.519428, 35.121804], [-5.517454, 35.122647], [-5.516253, 35.123559], [-5.515051, 35.12391], [-5.514708, 35.12377], [-5.514622, 35.123278], [-5.515308, 35.122225], [-5.516596, 35.120681], [-5.526209, 35.11366], [-5.531359, 35.110852], [-5.52784, 35.104111], [-5.524492, 35.096386], [-5.525265, 35.093929], [-5.526981, 35.085782], [-5.525866, 35.084869], [-5.524406, 35.083253], [-5.522947, 35.081146], [-5.520029, 35.077985], [-5.508871, 35.066395], [-5.508184, 35.063585], [-5.50561, 35.06232], [-5.504923, 35.061617], [-5.504494, 35.060142], [-5.504236, 35.059861], [-5.501232, 35.058175], [-5.503035, 35.056489], [-5.499687, 35.053959], [-5.497459889325516, 35.051496482478484], [-5.497815984433384, 35.05124678215811], [-5.498034623174294, 35.05111672758425], [-5.4980401991406636, 35.051113034137124], [-5.501318, 35.049673], [-5.502348, 35.04876], [-5.502348, 35.047144], [-5.501318, 35.046089], [-5.500889, 35.045035], [-5.499773, 35.043771], [-5.497713, 35.042154], [-5.495224, 35.041241], [-5.492477, 35.039695], [-5.490417, 35.038078], [-5.489988, 35.03604], [-5.491018, 35.035057], [-5.491877, 35.033651], [-5.491877, 35.031964], [-5.491276, 35.028591], [-5.492477, 35.02599], [-5.493765, 35.024374], [-5.493593, 35.024374], [-5.493937, 35.024022], [-5.495996, 35.022898], [-5.498142, 35.022054], [-5.499172, 35.021351], [-5.499945, 35.020578], [-5.500717, 35.019172], [-5.50106, 35.017555], [-5.501232, 35.015587], [-5.500889, 35.012354], [-5.500288, 35.010666], [-5.49943, 35.00926], [-5.499601, 35.007081], [-5.504665, 35.004339], [-5.510244, 35.002792], [-5.514278, 35.000965], [-5.520544, 34.995129], [-5.523891, 34.994496], [-5.525694, 34.991683], [-5.529299, 34.989644], [-5.534878, 34.989644], [-5.538654, 34.991191], [-5.542088, 34.992949], [-5.545607, 34.995058], [-5.546036, 34.995199], [-5.546637, 34.995832], [-5.548096, 34.998012], [-5.549297, 34.998855], [-5.55007, 34.999699], [-5.550499, 35.000543], [-5.550585, 35.001246], [-5.549984, 35.003144], [-5.549469, 35.004128], [-5.549212, 35.005886], [-5.549469, 35.00687], [-5.549898, 35.007854], [-5.552301, 35.008698], [-5.554533, 35.008909], [-5.563631, 35.007854], [-5.564489, 35.007292], [-5.56509, 35.004902], [-5.56509, 34.999277], [-5.565691, 34.995621], [-5.566635, 34.99534], [-5.569468, 34.996394], [-5.571871, 34.996605], [-5.572729, 34.996605], [-5.574446, 34.996324], [-5.576248, 34.99534], [-5.576849, 34.994777], [-5.576591, 34.992949], [-5.576591, 34.992246], [-5.579166, 34.99309], [-5.579853, 34.993582], [-5.580797, 34.994004], [-5.581827, 34.994355], [-5.583029, 34.994566], [-5.582771, 34.994918], [-5.582771, 34.99541], [-5.583115, 34.995902], [-5.583801, 34.996535], [-5.583801, 34.997097], [-5.583372, 34.998152], [-5.5826, 34.999066], [-5.582256, 34.99998], [-5.584831, 35.003144], [-5.585346, 35.004409], [-5.585346, 35.005253], [-5.584402, 35.007292], [-5.583715, 35.007995], [-5.581827, 35.009401], [-5.581055, 35.010385], [-5.580111, 35.011158], [-5.57745, 35.012986], [-5.575304, 35.014181], [-5.574703, 35.014744], [-5.574017, 35.015728], [-5.574017, 35.01629], [-5.574274, 35.016782], [-5.574703, 35.017345], [-5.575476, 35.01861], [-5.575991, 35.019242], [-5.57642, 35.019594], [-5.577965, 35.020227], [-5.579252, 35.020648], [-5.581484, 35.020578], [-5.583286, 35.020789], [-5.584488, 35.021421], [-5.585518, 35.021843], [-5.586376, 35.022616], [-5.586634, 35.02346], [-5.588436, 35.025006], [-5.589294, 35.025428], [-5.590239, 35.025217], [-5.590582, 35.024655], [-5.591011, 35.024444], [-5.591784, 35.024163], [-5.593328, 35.023811], [-5.594273, 35.023952], [-5.595388, 35.023811], [-5.597363, 35.024444], [-5.600023, 35.024795], [-5.600367, 35.024936], [-5.601397, 35.025076], [-5.603113, 35.025498], [-5.604401, 35.025076], [-5.60483, 35.024655], [-5.606031, 35.022898], [-5.605946, 35.021773], [-5.605516, 35.021], [-5.604916, 35.01875], [-5.60483, 35.016993], [-5.605001, 35.015025], [-5.60689, 35.01383], [-5.609894, 35.012424], [-5.61307, 35.01144], [-5.616846, 35.010877], [-5.618134, 35.01150053389831], [-5.618734, 35.011791], [-5.619593, 35.012705], [-5.619593, 35.013057], [-5.620108, 35.0139], [-5.621138, 35.014884], [-5.62191, 35.015447], [-5.622768, 35.015939], [-5.623627, 35.016712], [-5.625, 35.01868], [-5.625257, 35.019102], [-5.625944, 35.022265], [-5.62603, 35.024022], [-5.62706, 35.028028], [-5.627918, 35.029856], [-5.62809, 35.030699], [-5.628862, 35.032175], [-5.630236, 35.033018], [-5.630751, 35.033581], [-5.631866, 35.033932], [-5.632553, 35.034002], [-5.634012, 35.034002], [-5.635128, 35.03344], [-5.635643, 35.033089], [-5.636072, 35.032386], [-5.636415, 35.031613], [-5.636501, 35.030348], [-5.635729, 35.027747], [-5.635729, 35.027044], [-5.635214, 35.025498], [-5.634613, 35.024514], [-5.634527, 35.023952], [-5.634785, 35.02346], [-5.634956, 35.020719], [-5.635214, 35.020156], [-5.635815, 35.019313], [-5.636673, 35.01875], [-5.637188, 35.018329], [-5.639591, 35.016782], [-5.640192, 35.016079], [-5.640621, 35.015306], [-5.641136, 35.0139], [-5.641565, 35.012494], [-5.641651, 35.010526], [-5.641909, 35.009331], [-5.641222, 35.007643], [-5.639763, 35.004761], [-5.639505, 35.003847], [-5.638819, 35.002371], [-5.638905, 35.001527], [-5.638132, 34.999347], [-5.6359, 34.997308], [-5.635557, 34.996183], [-5.6353, 34.993933], [-5.635386, 34.991965], [-5.63633, 34.99098], [-5.637445, 34.990488], [-5.638046, 34.989925], [-5.638733, 34.989644], [-5.64105, 34.989504], [-5.643196, 34.989504], [-5.644999, 34.989293], [-5.645685, 34.989433], [-5.646372, 34.989433], [-5.646629, 34.989293], [-5.650921, 34.989855], [-5.654526, 34.991543], [-5.667658, 34.990769], [-5.681047, 34.985073], [-5.683279, 34.984581], [-5.684824, 34.981557], [-5.686283, 34.978815], [-5.684738, 34.973681], [-5.685596, 34.967913], [-5.69109, 34.963904], [-5.698471, 34.961935], [-5.697613, 34.953915], [-5.699329, 34.948498], [-5.707655, 34.939704], [-5.716152, 34.936819], [-5.720959, 34.936256], [-5.723276, 34.935763], [-5.726194, 34.934427], [-5.726967, 34.934427], [-5.727482, 34.934004], [-5.731258, 34.928656], [-5.735207, 34.926264], [-5.741901, 34.926475], [-5.747566, 34.926405], [-5.75469, 34.924293], [-5.759926, 34.917326], [-5.765505, 34.919789], [-5.769968, 34.924434], [-5.770483, 34.925701], [-5.770311, 34.926545], [-5.771513, 34.930697], [-5.7722, 34.931682], [-5.77426, 34.931612], [-5.777864, 34.930838], [-5.779581, 34.93323], [-5.783186, 34.934286], [-5.784988, 34.93316], [-5.783615, 34.927742], [-5.784473, 34.926897], [-5.785675, 34.926405], [-5.788422, 34.926968], [-5.790739, 34.930134], [-5.79237, 34.933371], [-5.792027, 34.936608], [-5.792971, 34.938437], [-5.794945, 34.938648], [-5.797005, 34.93696], [-5.797262, 34.935975], [-5.797091, 34.934919], [-5.798464, 34.932808], [-5.799408, 34.934427], [-5.804043, 34.937241], [-5.808592, 34.937945], [-5.809364, 34.937804], [-5.811081, 34.939915], [-5.813828, 34.941252], [-5.817261, 34.941041], [-5.824299, 34.938859], [-5.825071, 34.937241], [-5.830736, 34.937663], [-5.829878, 34.941533], [-5.830564, 34.943081], [-5.83271, 34.943996], [-5.84095, 34.941814], [-5.84507, 34.939704], [-5.850391, 34.938789], [-5.852451, 34.938296], [-5.853825, 34.937804], [-5.854855, 34.938085], [-5.855541, 34.939], [-5.856485, 34.938578], [-5.856657, 34.937804], [-5.856228, 34.937452], [-5.855713, 34.937593], [-5.855885, 34.93703], [-5.855284, 34.937171], [-5.855026, 34.93703], [-5.855198, 34.936678], [-5.855885, 34.936819], [-5.855885, 34.936467], [-5.855541, 34.935904], [-5.855198, 34.935693], [-5.854855, 34.935904], [-5.854511, 34.935904], [-5.855026, 34.934708], [-5.854769, 34.934427], [-5.854769, 34.934004], [-5.85494, 34.933864], [-5.856485, 34.933371], [-5.857, 34.93316], [-5.857, 34.932667], [-5.857172, 34.932386], [-5.85743, 34.932034], [-5.858288, 34.931401], [-5.858631, 34.930838], [-5.858545, 34.930205], [-5.859318, 34.929782], [-5.859318, 34.929501], [-5.85906, 34.928938], [-5.859232, 34.928234], [-5.861378, 34.928586], [-5.861807, 34.928516], [-5.861979, 34.928656], [-5.86318, 34.928586], [-5.863438, 34.929079], [-5.864038, 34.929079], [-5.86421, 34.929149], [-5.864468, 34.929008], [-5.865068, 34.929501], [-5.864983, 34.929712], [-5.865498, 34.929853], [-5.865583, 34.930064], [-5.865755, 34.930134], [-5.865755, 34.930275], [-5.866356, 34.930205], [-5.866528, 34.930345], [-5.866785, 34.930275], [-5.867128, 34.930556], [-5.867386, 34.930275], [-5.869188, 34.929923], [-5.86936, 34.930275], [-5.869532, 34.930275], [-5.869789, 34.930486], [-5.871162, 34.930767], [-5.871077, 34.93126], [-5.871506, 34.93703], [-5.873308, 34.936397], [-5.875711, 34.932386], [-5.879145, 34.933371], [-5.881376, 34.933864], [-5.885668, 34.93513], [-5.887299, 34.936678], [-5.887985, 34.93696], [-5.889874, 34.937171], [-5.89056, 34.937452], [-5.891333, 34.938015], [-5.892534, 34.938085], [-5.89365, 34.937734], [-5.894766, 34.937804], [-5.895195, 34.937663], [-5.895538, 34.937663], [-5.896225, 34.937452], [-5.897255, 34.937663], [-5.897427, 34.937523], [-5.898199, 34.937734], [-5.899744, 34.937663], [-5.899916, 34.937874], [-5.900688, 34.938085], [-5.901375, 34.938508], [-5.901632, 34.938859], [-5.90189, 34.938859], [-5.902147, 34.939], [-5.902491, 34.939493], [-5.902748, 34.940056], [-5.903091, 34.940407], [-5.903349, 34.94097], [-5.904551, 34.942166], [-5.904894, 34.942799], [-5.904636, 34.945403], [-5.905151, 34.945543], [-5.904636, 34.947021], [-5.905495, 34.947654], [-5.906096, 34.94892], [-5.906439, 34.949202], [-5.90661, 34.949835], [-5.906782, 34.950116], [-5.9097, 34.949554], [-5.911846, 34.949413], [-5.913219, 34.948498], [-5.914764, 34.94878], [-5.915279, 34.948709], [-5.916052, 34.948428], [-5.916481, 34.949061], [-5.917854, 34.949131], [-5.91794, 34.94878], [-5.919142, 34.949061], [-5.920773, 34.950046], [-5.921116, 34.950609], [-5.921459, 34.950327], [-5.921631, 34.950398], [-5.92206, 34.949835], [-5.92309, 34.950116], [-5.923262, 34.949624], [-5.923862, 34.949694], [-5.926523, 34.949554], [-5.929098, 34.949976], [-5.929356, 34.949624], [-5.929785, 34.949272], [-5.9303, 34.949272], [-5.931072, 34.949413], [-5.932703, 34.94892], [-5.933046, 34.949202], [-5.933218, 34.949624], [-5.933905, 34.949905], [-5.933905, 34.950961], [-5.934076, 34.951805], [-5.934935, 34.952579], [-5.93502, 34.952649], [-5.93811, 34.95279], [-5.938883, 34.951664], [-5.938883, 34.951172], [-5.939398, 34.950187], [-5.939913, 34.949694], [-5.939827, 34.949202], [-5.940256, 34.94885], [-5.940857, 34.94878], [-5.941458, 34.948569], [-5.941887, 34.948428], [-5.942659, 34.948287], [-5.943775, 34.948358], [-5.945578, 34.948217], [-5.947466, 34.947795], [-5.949097, 34.947091], [-5.951328, 34.945473], [-5.952702, 34.945262], [-5.954762, 34.944699], [-5.955105, 34.944277], [-5.956049, 34.942448], [-5.956736, 34.942096], [-5.957251, 34.941955], [-5.957594, 34.941955], [-5.957937, 34.942166], [-5.958195, 34.942588], [-5.958452, 34.942729], [-5.958023, 34.943081], [-5.957851, 34.943503], [-5.957508, 34.945121], [-5.957594, 34.945966], [-5.956736, 34.948569], [-5.956049, 34.949483], [-5.956135, 34.949765], [-5.955191, 34.951031], [-5.954247, 34.951523], [-5.953903, 34.951945], [-5.953989, 34.95286], [-5.953045, 34.953563], [-5.952358, 34.953775], [-5.952787, 34.954478], [-5.95253, 34.956026], [-5.953131, 34.956307], [-5.953302, 34.95701], [-5.953474, 34.957292], [-5.953646, 34.957292], [-5.953646, 34.957714], [-5.955019, 34.959191], [-5.954504, 34.959684], [-5.953302, 34.960176], [-5.952187, 34.960879], [-5.951843, 34.961442], [-5.951328, 34.961653], [-5.950556, 34.961653], [-5.950041, 34.961864], [-5.949183, 34.962849], [-5.948753, 34.962919], [-5.948668, 34.96313], [-5.949697, 34.96313], [-5.950642, 34.963341], [-5.950985, 34.963693], [-5.951929, 34.964045], [-5.952702, 34.964537], [-5.953302, 34.964467], [-5.954676, 34.964678], [-5.955276, 34.964326], [-5.956392, 34.964818], [-5.956821, 34.9651], [-5.956993, 34.965451], [-5.961628, 34.967773], [-5.961628, 34.967913], [-5.960169, 34.968687], [-5.959826, 34.969883], [-5.960684, 34.970164], [-5.959654, 34.97136], [-5.959911, 34.97143], [-5.96077, 34.972204], [-5.960598, 34.974384], [-5.96077, 34.976002], [-5.956736, 34.977619], [-5.956049, 34.97987], [-5.956478, 34.981768], [-5.955537496366719, 34.98183842726978], [-5.955791, 34.983386], [-5.956821, 34.983175], [-5.957251, 34.983948], [-5.957594, 34.985003], [-5.957508, 34.985777], [-5.958538, 34.986128], [-5.958881, 34.986058], [-5.95974, 34.986972], [-5.959911, 34.987042], [-5.959654, 34.987886], [-5.960941, 34.987324], [-5.961285, 34.987675], [-5.963259, 34.989011], [-5.964546, 34.989222], [-5.964718, 34.988941], [-5.966434, 34.989152], [-5.966864, 34.989293], [-5.966778, 34.989925], [-5.966434, 34.989925], [-5.966434, 34.991402], [-5.966005, 34.991754], [-5.965061, 34.992035], [-5.967121, 34.992527], [-5.967121, 34.992246], [-5.967464, 34.992035], [-5.967979, 34.992035], [-5.968409, 34.991754], [-5.968666, 34.992246], [-5.968924, 34.992246], [-5.969353, 34.992668], [-5.969752822274876, 34.99325794755244], [-5.970125, 34.993441], [-5.970211, 34.994144], [-5.970039, 34.994496], [-5.971413, 34.994988], [-5.971241, 34.99541], [-5.970898, 34.995762], [-5.971413, 34.995902], [-5.97064, 34.997801], [-5.971413, 34.998433], [-5.972443, 34.997379], [-5.973301, 34.997801], [-5.97373, 34.997871], [-5.973816, 34.998012], [-5.973644, 34.998293], [-5.974073, 34.998504], [-5.974588, 34.999629], [-5.975103, 35.000402], [-5.973816, 35.000894], [-5.972185, 35.000683], [-5.972013, 35.000824], [-5.972099, 35.001035], [-5.972786, 35.000965], [-5.974073, 35.001457], [-5.974674, 35.001808], [-5.975275, 35.001738], [-5.976562, 35.000894], [-5.97785, 35.000472], [-5.979309, 34.999699], [-5.980597, 35.000965], [-5.981541, 35.000683], [-5.982656, 35.000191], [-5.983429, 35.00005], [-5.984287, 34.999699], [-5.985231, 34.999136], [-5.985832, 34.998996], [-5.986519, 34.998433], [-5.987034, 34.998222], [-5.990295, 34.996535], [-5.991068, 34.996535], [-5.991497, 34.996746], [-5.992184, 34.996605], [-5.993042, 34.996254], [-5.993471, 34.996254], [-5.994844, 34.995551], [-5.995617, 34.99534], [-5.996046, 34.994988], [-5.997934, 34.994285], [-5.998964, 34.993582], [-5.999479, 34.993441], [-5.999651, 34.99316], [-6.001883, 34.991894], [-6.002054, 34.991543], [-6.002655, 34.991402], [-6.004715, 34.989363], [-6.004801, 34.988449], [-6.005058, 34.987816], [-6.005573, 34.987464], [-6.007805, 34.986761], [-6.008148, 34.986831], [-6.008492, 34.986761], [-6.010895, 34.985777], [-6.012354, 34.984089], [-6.012697, 34.983948], [-6.016903, 34.983456], [-6.019907, 34.981909], [-6.020679, 34.981698], [-6.021538, 34.981065], [-6.022139, 34.980291], [-6.022739, 34.980291], [-6.023426, 34.97994], [-6.024555539811521, 34.98025583976821], [-6.024713242623875, 34.98064330168295], [-6.025027366106656, 34.98075278826209], [-6.024799, 34.980854], [-6.024799, 34.981417], [-6.0254, 34.981979], [-6.025658, 34.982612], [-6.025829, 34.982682], [-6.044111, 34.983737], [-6.045313, 34.983597], [-6.058788, 34.976986], [-6.059732, 34.977549], [-6.060076, 34.977619], [-6.061106, 34.977408], [-6.061192, 34.977549], [-6.062307, 34.97776], [-6.064196, 34.977408], [-6.066256, 34.977971], [-6.067286, 34.978182], [-6.066856, 34.977689], [-6.067371, 34.977549], [-6.067715, 34.977267], [-6.067801, 34.976845], [-6.06823, 34.976423], [-6.069002, 34.976072], [-6.069431, 34.97565], [-6.070118, 34.975439], [-6.071234, 34.975298], [-6.071491, 34.975158], [-6.072435, 34.975087], [-6.07295, 34.974525], [-6.073723, 34.974103], [-6.074409, 34.973118], [-6.074667, 34.972977], [-6.075525, 34.972977], [-6.076212, 34.972626], [-6.076899, 34.972133], [-6.077242, 34.9715], [-6.077242, 34.972344], [-6.07707, 34.972555], [-6.077156, 34.973048], [-6.076984, 34.97361], [-6.076469, 34.974736], [-6.074753, 34.976916], [-6.074495, 34.977478], [-6.074495, 34.97783], [-6.074839, 34.978182], [-6.07501, 34.978604], [-6.075354, 34.978955], [-6.075697, 34.978955], [-6.075954, 34.979377], [-6.076469, 34.979307], [-6.076384, 34.979799], [-6.076469, 34.98008], [-6.076469, 34.980362], [-6.077156, 34.980995], [-6.077156, 34.981839], [-6.077757, 34.983878], [-6.078272, 34.984441], [-6.078787, 34.985355], [-6.078529, 34.986621], [-6.078787, 34.987113], [-6.079473, 34.987464], [-6.080503, 34.987535], [-6.081362, 34.987675], [-6.08222, 34.988168], [-6.082478, 34.989222], [-6.082392, 34.990699], [-6.081448, 34.997168], [-6.080332, 35.001808], [-6.080332, 35.002441], [-6.081448, 35.00448], [-6.093206, 35.013408], [-6.096382, 35.01158], [-6.10090501866951, 35.01715621082124], [-6.10754, 35.013549], [-6.111317, 35.017907], [-6.117926, 35.014252], [-6.119728, 35.01629], [-6.125221, 35.01636], [-6.125393, 35.01629], [-6.125565, 35.015447], [-6.126509, 35.015587], [-6.126423, 35.01615], [-6.126509, 35.01615], [-6.12711, 35.015868], [-6.128139, 35.014955], [-6.129513, 35.012986], [-6.131744, 35.004902], [-6.135092, 35.005113], [-6.136723, 35.001527], [-6.138182, 35.000894], [-6.139212, 34.99991], [-6.144705, 34.996746], [-6.145735, 34.997941], [-6.149769, 34.99541], [-6.157494, 34.991191], [-6.157751, 34.991543], [-6.161613, 34.989222], [-6.163673, 34.989785], [-6.165733, 34.989293], [-6.170712, 34.989574], [-6.171913, 34.989363], [-6.18041, 34.990629], [-6.179638, 34.992246], [-6.180496, 34.992387], [-6.184616, 34.992668], [-6.186934, 34.991402], [-6.192255, 34.992316], [-6.192942, 34.992738], [-6.193972, 34.993863], [-6.195774, 34.996113], [-6.196547, 34.997379], [-6.19689, 34.997168], [-6.197748, 34.998152], [-6.203585, 34.994848], [-6.205044, 34.997379], [-6.20616, 34.996746], [-6.206589, 34.996746], [-6.210194, 35.000965], [-6.210966, 35.000824], [-6.211739, 35.000332], [-6.213284, 35.000683], [-6.213884, 34.998715], [-6.213026, 34.996465], [-6.21397, 34.996183], [-6.215086, 34.995551], [-6.216116, 34.99534], [-6.217661, 34.994285], [-6.222811, 34.996183], [-6.226759, 34.997168], [-6.242294, 35.001808], [-6.241007, 35.005253], [-6.240063, 35.008417], [-6.239462, 35.009682], [-6.239119, 35.011369], [-6.237659, 35.014322], [-6.235428, 35.020227], [-6.233454, 35.024233], [-6.232595, 35.027466], [-6.228991, 35.036884], [-6.228991, 35.037376], [-6.227961, 35.039062], [-6.227531, 35.040398], [-6.225214, 35.045879], [-6.223755, 35.050657], [-6.222296, 35.054732], [-6.222382, 35.057402], [-6.221437, 35.058737], [-6.220236, 35.065622], [-6.220579, 35.066746], [-6.218863, 35.069767], [-6.217489, 35.073771], [-6.21706, 35.075738], [-6.214914, 35.080795], [-6.21397, 35.084728], [-6.211481, 35.092383], [-6.210794, 35.092664], [-6.210108, 35.093999], [-6.209936, 35.09435], [-6.209249, 35.095193], [-6.208563, 35.095684], [-6.209593, 35.095895], [-6.208649, 35.098634], [-6.207876, 35.099266], [-6.207705, 35.100881], [-6.207104, 35.101723], [-6.20676, 35.103198], [-6.205387, 35.105585], [-6.205387, 35.106007], [-6.20573, 35.106568], [-6.205301, 35.107762], [-6.203671, 35.109447], [-6.203671, 35.111554], [-6.202469, 35.11373], [-6.201611, 35.114994], [-6.20101, 35.1171], [-6.198778, 35.12026], [-6.194916, 35.126648], [-6.194572, 35.128894], [-6.195173, 35.131702], [-6.193972, 35.132545], [-6.192427, 35.132755], [-6.192427, 35.13465], [-6.191053, 35.135493], [-6.191053, 35.136826], [-6.189508, 35.14188], [-6.190023, 35.142652], [-6.189766, 35.143494], [-6.189337, 35.143705], [-6.188478, 35.143494], [-6.188135, 35.143634], [-6.187878, 35.144547], [-6.187277, 35.145179], [-6.187277, 35.14567], [-6.186848, 35.146231], [-6.186848, 35.147705], [-6.186247, 35.148267], [-6.18556, 35.14946], [-6.185389, 35.149951], [-6.185732, 35.150653], [-6.185646, 35.151144], [-6.184444, 35.152267], [-6.184444, 35.153249], [-6.183586, 35.153811], [-6.182899, 35.154793], [-6.1835, 35.155354], [-6.183414, 35.155916], [-6.184015, 35.156197], [-6.185303, 35.15739], [-6.185217, 35.157951], [-6.184959, 35.158372], [-6.183929, 35.158582], [-6.183329, 35.159074], [-6.182213, 35.159144], [-6.181526, 35.159635], [-6.18144, 35.159916], [-6.18247, 35.159986], [-6.181955, 35.160688], [-6.18187, 35.161179], [-6.181698, 35.160968], [-6.181183, 35.160968], [-6.180582, 35.162161], [-6.179981, 35.164056], [-6.179123, 35.165108], [-6.178951, 35.167634], [-6.17835, 35.168616], [-6.177664, 35.169248], [-6.177406, 35.169809], [-6.17732, 35.171002], [-6.177063, 35.171283], [-6.176634, 35.172405], [-6.176805, 35.173037], [-6.176548, 35.173808], [-6.176462, 35.174931], [-6.176033, 35.174931], [-6.175604, 35.175211], [-6.175861, 35.175562], [-6.175947, 35.176053], [-6.175776, 35.176334], [-6.175346, 35.176404], [-6.175346, 35.176615], [-6.174746, 35.177176], [-6.174059, 35.178789], [-6.174059, 35.179421], [-6.174059, 35.180403], [-6.17363, 35.181104], [-6.173286, 35.182227], [-6.173201, 35.183139], [-6.172428, 35.184121], [-6.172171, 35.185103], [-6.172171, 35.185454], [-6.171827, 35.185664], [-6.171398, 35.186576], [-6.171055, 35.187488], [-6.171227, 35.188119], [-6.170969, 35.188821], [-6.170626, 35.188961], [-6.16951, 35.191977], [-6.169596, 35.19331], [-6.168308, 35.194432], [-6.166677, 35.194713], [-6.165991, 35.194643], [-6.165905, 35.195134], [-6.165476, 35.195625], [-6.163673, 35.195134], [-6.163244, 35.194853], [-6.162815, 35.194783], [-6.161785, 35.194362], [-6.161613, 35.194082], [-6.160498, 35.195765], [-6.160583, 35.196747], [-6.158695, 35.197028], [-6.158352, 35.196817], [-6.157751, 35.196677], [-6.157322, 35.197028], [-6.156034, 35.196817], [-6.154404, 35.197729], [-6.153803, 35.198571], [-6.153717, 35.198851], [-6.153889, 35.199482], [-6.153803, 35.199833], [-6.153631, 35.200114], [-6.152515, 35.200464], [-6.15346, 35.201166], [-6.15449, 35.201376], [-6.154661, 35.201236], [-6.154833, 35.201516], [-6.156549, 35.20348], [-6.156378, 35.203831], [-6.1514, 35.203761], [-6.149168, 35.20895], [-6.147537, 35.211615], [-6.144447, 35.219188], [-6.142559, 35.223255], [-6.138697, 35.233982], [-6.136208, 35.240993], [-6.131487, 35.252699], [-6.130714, 35.25382], [-6.12977, 35.256624], [-6.117239, 35.285634], [-6.114836, 35.2925], [-6.113205, 35.294812], [-6.113806, 35.295162], [-6.109428, 35.308682], [-6.107368, 35.316456], [-6.10651, 35.318207], [-6.103764, 35.32507], [-6.103077, 35.32486], [-6.102304, 35.32493], [-6.101704, 35.32528], [-6.101274, 35.32542], [-6.10076, 35.32535], [-6.100159, 35.32577], [-6.099558, 35.3257], [-6.098442, 35.32507], [-6.097584, 35.32493], [-6.096725, 35.32486], [-6.09621, 35.325], [-6.095781, 35.32528], [-6.095266, 35.32521], [-6.095095, 35.325], [-6.094666, 35.32507], [-6.094322, 35.32521], [-6.093979, 35.32521], [-6.093121, 35.32493], [-6.092606, 35.325], [-6.092176, 35.32465], [-6.092091, 35.32493], [-6.091747, 35.32472], [-6.089945, 35.32577], [-6.089172, 35.32584], [-6.088142, 35.32654], [-6.086254, 35.32654], [-6.085825, 35.32661], [-6.083937, 35.327661], [-6.083508, 35.328431], [-6.082735, 35.329061], [-6.082478, 35.329201], [-6.082048, 35.329131], [-6.081705, 35.328921], [-6.080332, 35.327241], [-6.079817, 35.32689], [-6.078873, 35.32654], [-6.078272, 35.32675], [-6.077499, 35.32661], [-6.074667, 35.32542], [-6.07295, 35.32528], [-6.071234, 35.32465], [-6.069174, 35.32514], [-6.067801, 35.32472], [-6.065311, 35.32486], [-6.065397, 35.32528], [-6.06411, 35.32486], [-6.063337, 35.32535], [-6.063166, 35.32556], [-6.063337, 35.32591], [-6.062651, 35.32654], [-6.061792, 35.327171], [-6.061106, 35.327451], [-6.060677, 35.328571], [-6.060247, 35.328781], [-6.05896, 35.329621], [-6.058273, 35.330882], [-6.056814, 35.330812], [-6.055613, 35.331582], [-6.054068, 35.331302], [-6.053896, 35.330952], [-6.05381, 35.330462], [-6.053467, 35.329832], [-6.052952, 35.329762], [-6.051922, 35.329972], [-6.051064, 35.329481], [-6.050549, 35.328781], [-6.049776, 35.328571], [-6.049604, 35.328221], [-6.04969, 35.326961], [-6.049433, 35.32668], [-6.049519, 35.32626], [-6.049948, 35.32584], [-6.050205, 35.32535], [-6.050119, 35.32479], [-6.04969, 35.32451], [-6.04969, 35.323879], [-6.049175, 35.323109], [-6.047974, 35.321988], [-6.047459, 35.320938], [-6.046858, 35.320938], [-6.043339, 35.320168], [-6.04291, 35.320168], [-6.040764, 35.320798], [-6.040335, 35.321638], [-6.040249, 35.323809], [-6.039476, 35.32591], [-6.038361, 35.327731], [-6.03673, 35.327591], [-6.036129, 35.327171], [-6.034327, 35.326961], [-6.032867, 35.32661], [-6.029263, 35.3264], [-6.02746, 35.32689], [-6.026173, 35.32598], [-6.025486, 35.32528], [-6.025829, 35.32451], [-6.0254, 35.324019], [-6.023083, 35.323879], [-6.022053, 35.324369], [-6.021023, 35.32458], [-6.020594, 35.32444], [-6.019907, 35.32472], [-6.01716, 35.32507], [-6.01553, 35.32486], [-6.015015, 35.3257], [-6.013899, 35.329341], [-6.013126, 35.330532], [-6.012526, 35.331022], [-6.01141, 35.331512], [-6.010289597890992, 35.33179246958021], [-6.006432, 35.332562], [-6.006002, 35.332212], [-6.002226, 35.329832], [-6.000423, 35.328501], [-6.000585027030309, 35.328482630313815], [-6.000397130327354, 35.328472851651526], [-6.000423, 35.328501], [-5.999651, 35.327661], [-5.999222, 35.328081], [-5.999136, 35.328991], [-5.998878, 35.329271], [-5.998449, 35.329481], [-5.994759, 35.330182], [-5.994759, 35.330112], [-5.995188, 35.329902], [-5.99493, 35.329481], [-5.994501, 35.329201], [-5.9939, 35.329411], [-5.993557, 35.329201], [-5.994158, 35.328851], [-5.994673, 35.328851], [-5.994501, 35.328361], [-5.994844, 35.328151], [-5.99493, 35.327871], [-5.994759, 35.327661], [-5.993986, 35.327381], [-5.993814, 35.32675], [-5.992184, 35.32619], [-5.992012, 35.32598], [-5.99227, 35.3257], [-5.992527, 35.32528], [-5.991926, 35.32465], [-5.991411, 35.32472], [-5.991497, 35.32451], [-5.991755, 35.324229], [-5.991755, 35.323949], [-5.991497, 35.323879], [-5.99081, 35.324229], [-5.990553, 35.324159], [-5.989866, 35.323319], [-5.989008, 35.323529], [-5.988407, 35.323249], [-5.987892, 35.322899], [-5.987549, 35.322899], [-5.98712, 35.323389], [-5.985146, 35.322619], [-5.984459, 35.322829], [-5.984373, 35.322549], [-5.98403, 35.322479], [-5.983772, 35.322549], [-5.983429, 35.322514000000005], [-5.983432534624897, 35.32251436067602], [-5.983086, 35.322479], [-5.983, 35.322059], [-5.982485, 35.322199], [-5.982313, 35.321918], [-5.98197, 35.321988], [-5.981455, 35.321848], [-5.98094, 35.321988], [-5.980425, 35.321428], [-5.979996, 35.321568], [-5.97991, 35.321008], [-5.979652, 35.320798], [-5.979395, 35.321078], [-5.979052, 35.321148], [-5.97888, 35.320868], [-5.978537, 35.320798], [-5.97785, 35.321078], [-5.977507, 35.320798], [-5.976563, 35.321848], [-5.975447, 35.323179], [-5.975275, 35.323669], [-5.97476, 35.323949], [-5.974159, 35.32472], [-5.973473, 35.32521], [-5.971069, 35.321218], [-5.969696, 35.319397], [-5.969696, 35.31935089773463], [-5.967979, 35.317016], [-5.964804, 35.312324], [-5.964117, 35.311063], [-5.963602, 35.309662], [-5.962572, 35.310082], [-5.958796, 35.311973], [-5.956993, 35.312534], [-5.955105, 35.314145], [-5.954418, 35.314425], [-5.953989, 35.315685], [-5.952616, 35.317787], [-5.952187, 35.316456], [-5.951929, 35.315265], [-5.9515, 35.314705], [-5.949955, 35.313234], [-5.949268, 35.313024], [-5.948582, 35.312254], [-5.94738, 35.311833], [-5.94635, 35.311763], [-5.946093, 35.311623], [-5.944633, 35.311483], [-5.944033, 35.311903], [-5.943775, 35.311763], [-5.942059, 35.311903], [-5.940685, 35.312184], [-5.938883, 35.310923], [-5.937853, 35.310643], [-5.936737, 35.309872], [-5.93648, 35.309452], [-5.935879, 35.309102], [-5.935106, 35.309172], [-5.934677, 35.309662], [-5.93399, 35.309802], [-5.933561, 35.309522], [-5.932617, 35.309802], [-5.931158, 35.308892], [-5.930986, 35.308612], [-5.930128, 35.308471], [-5.92927, 35.308191], [-5.92824, 35.307701], [-5.927725, 35.307001], [-5.927038, 35.30686], [-5.926867, 35.30637], [-5.927124, 35.30609], [-5.927124, 35.30539], [-5.926695, 35.30539], [-5.926437, 35.30553], [-5.925837, 35.30553], [-5.924892, 35.305319], [-5.923519, 35.30623], [-5.922661, 35.30602], [-5.922403, 35.30616], [-5.921288, 35.30623], [-5.920687, 35.30651], [-5.919142, 35.30672], [-5.918541, 35.307001], [-5.918026, 35.30686], [-5.917425, 35.307421], [-5.916739, 35.307701], [-5.916481, 35.308331], [-5.915794, 35.308612], [-5.915194, 35.309102], [-5.914936, 35.309872], [-5.915623, 35.312884], [-5.915537, 35.313374], [-5.915194, 35.313724], [-5.915194, 35.314495], [-5.915279, 35.315615], [-5.915194, 35.315966], [-5.914764, 35.316456], [-5.915022, 35.317857], [-5.915537, 35.319047], [-5.914507, 35.320518], [-5.913563, 35.322409], [-5.914764, 35.323739], [-5.915365, 35.32458], [-5.918026, 35.329762], [-5.918455, 35.330602], [-5.919228, 35.330602], [-5.921116, 35.330252], [-5.923176, 35.330462], [-5.923605, 35.330882], [-5.92412, 35.331092], [-5.923948, 35.331652], [-5.92309, 35.332913], [-5.921459, 35.334593], [-5.920944, 35.335643], [-5.920258, 35.336414], [-5.920687, 35.336484], [-5.922318, 35.337604], [-5.924377, 35.337464], [-5.925322, 35.337184], [-5.927124, 35.339004], [-5.926695, 35.339494], [-5.926008, 35.340054], [-5.926352, 35.340544], [-5.928411, 35.341665], [-5.929871, 35.341805], [-5.930557, 35.344045], [-5.929613, 35.344535], [-5.929871, 35.344745], [-5.929956, 35.345725], [-5.9303, 35.346425], [-5.932875, 35.347756], [-5.933218, 35.348876], [-5.933561, 35.349296], [-5.934248, 35.349366], [-5.93442, 35.349856], [-5.933561, 35.350276], [-5.933819, 35.350976], [-5.933819, 35.351396], [-5.933218, 35.352586], [-5.932789, 35.353146], [-5.932789, 35.353566], [-5.933218, 35.354686], [-5.933218, 35.355036], [-5.932789, 35.356226], [-5.933132, 35.356366], [-5.93339, 35.356786], [-5.931673, 35.357416], [-5.930386, 35.358326], [-5.929871, 35.359026], [-5.929956, 35.360146], [-5.929871, 35.360636], [-5.929441, 35.361266], [-5.929441, 35.361546], [-5.929871, 35.361686], [-5.929699, 35.362036], [-5.930128, 35.362946], [-5.930643, 35.363016], [-5.931244, 35.363716], [-5.93133, 35.364626], [-5.930214, 35.366516], [-5.929098, 35.366446], [-5.927896, 35.367146], [-5.926523, 35.367496], [-5.925579, 35.369595], [-5.92412, 35.369665], [-5.923948, 35.370365], [-5.924463, 35.371135], [-5.92515, 35.371485], [-5.925837, 35.372675], [-5.926266, 35.372955], [-5.927382, 35.373025], [-5.928154, 35.373655], [-5.928669, 35.374704], [-5.927982, 35.375754], [-5.926781, 35.375894], [-5.925236, 35.376454], [-5.924549, 35.376524], [-5.924206, 35.376804], [-5.92412, 35.377294], [-5.922403, 35.379043], [-5.922575, 35.379953], [-5.921545, 35.381563], [-5.920429, 35.382262], [-5.919828, 35.382262], [-5.919056, 35.382052], [-5.91794, 35.382752], [-5.91588, 35.384292], [-5.915794, 35.385481], [-5.915537, 35.386041], [-5.913906, 35.386671], [-5.91382, 35.386881], [-5.913734, 35.387511], [-5.914249, 35.38884], [-5.913477, 35.38905], [-5.913305, 35.38989], [-5.914164, 35.39003], [-5.915451, 35.38968], [-5.91588, 35.3894], [-5.916052, 35.38905], [-5.920429, 35.385761], [-5.922747, 35.382962], [-5.923777, 35.382122], [-5.924892, 35.381633], [-5.925751, 35.381493], [-5.929098, 35.381703], [-5.93236, 35.382402], [-5.932274, 35.383452], [-5.932446, 35.383942], [-5.935278, 35.386391], [-5.93708, 35.387021], [-5.938883, 35.387231], [-5.941372, 35.38793], [-5.94223, 35.38786], [-5.944977, 35.38814], [-5.945663, 35.38828], [-5.947895, 35.38891], [-5.948153, 35.38954], [-5.948496, 35.38968], [-5.948839, 35.39017], [-5.950127, 35.391009], [-5.950727, 35.391289], [-5.951157, 35.391149], [-5.951929, 35.391219], [-5.952272, 35.391429], [-5.953217, 35.391429], [-5.95356, 35.391989], [-5.953474, 35.392898], [-5.95562, 35.393248], [-5.959139, 35.394158], [-5.959053, 35.394997], [-5.959139, 35.395907], [-5.958881, 35.396677], [-5.95871, 35.398286], [-5.958881, 35.399405], [-5.958366, 35.400105], [-5.957937, 35.400385], [-5.957766, 35.402204], [-5.956821, 35.404442], [-5.956478, 35.405982], [-5.956736, 35.40773], [-5.957079, 35.40843], [-5.956993, 35.410808], [-5.957336, 35.411788], [-5.957336, 35.413117], [-5.95768, 35.414446], [-5.958023, 35.415355], [-5.958796, 35.416125], [-5.959997, 35.416684], [-5.959997, 35.417034], [-5.960512, 35.417524], [-5.960855, 35.418083], [-5.959396, 35.419133], [-5.957851, 35.419832], [-5.957508, 35.420252], [-5.957079, 35.42193], [-5.957508, 35.423889], [-5.956907, 35.423469], [-5.956478, 35.42235], [-5.954933, 35.420042], [-5.954762, 35.419412], [-5.953989, 35.419272], [-5.953903, 35.418713], [-5.951328, 35.418503], [-5.950727, 35.418573], [-5.949354, 35.419202], [-5.948067, 35.419412], [-5.947723, 35.420671], [-5.947294, 35.421091], [-5.94738, 35.421581], [-5.947208, 35.42249], [-5.947552, 35.42284], [-5.947895, 35.423399], [-5.948153, 35.424518], [-5.948153, 35.425358], [-5.947895, 35.425917], [-5.946951, 35.426966], [-5.945578, 35.427596], [-5.944891, 35.427666], [-5.944033, 35.427526], [-5.942917, 35.426826], [-5.942402, 35.426896], [-5.94223, 35.427036], [-5.942059, 35.427596], [-5.9412, 35.426267], [-5.9412, 35.424798], [-5.940685, 35.424238], [-5.940342, 35.424029], [-5.939913, 35.424099], [-5.93914, 35.425078], [-5.938454, 35.425567], [-5.936222, 35.426826], [-5.935535, 35.427456], [-5.93442, 35.427596], [-5.933733, 35.427386], [-5.933561, 35.427176], [-5.93339, 35.426756], [-5.933561, 35.425987], [-5.933218, 35.425497], [-5.931931, 35.424798], [-5.931759, 35.424308], [-5.931501, 35.424588], [-5.931244, 35.424378], [-5.930471, 35.424728], [-5.9303, 35.424938], [-5.930386, 35.425218], [-5.930214, 35.425427], [-5.92927, 35.425497], [-5.928926, 35.425288], [-5.92824, 35.425218], [-5.927553, 35.426616], [-5.927639, 35.426826], [-5.927467, 35.427246], [-5.927124, 35.427596], [-5.92721, 35.427875], [-5.924721, 35.426267], [-5.923262, 35.427596], [-5.921373, 35.429064], [-5.920515, 35.429904], [-5.919914, 35.429764], [-5.919142, 35.430603], [-5.918112, 35.430253], [-5.917597, 35.430603], [-5.915365, 35.432841], [-5.914078, 35.431652], [-5.913734, 35.431023], [-5.912962, 35.430673], [-5.912447, 35.430043], [-5.913305, 35.428924], [-5.911417, 35.427666], [-5.911245, 35.427735], [-5.91073, 35.427386], [-5.910473, 35.427526], [-5.909529, 35.426896], [-5.909443, 35.426966], [-5.9091, 35.426966], [-5.907984, 35.426057], [-5.907984, 35.425847], [-5.90764, 35.425427], [-5.907211, 35.425777], [-5.906353, 35.424658], [-5.901976, 35.428785], [-5.900517, 35.429274], [-5.899916, 35.429834], [-5.899658, 35.430533], [-5.898886, 35.430603], [-5.899401, 35.431023], [-5.898371, 35.431162], [-5.89777, 35.432141], [-5.897684, 35.432771], [-5.896912, 35.433121], [-5.89674, 35.43368], [-5.896225, 35.434309], [-5.895023, 35.435219], [-5.894594, 35.437037], [-5.894766, 35.437736], [-5.894423, 35.438296], [-5.893822, 35.438645], [-5.893049, 35.439694], [-5.892963, 35.440044], [-5.892963, 35.441163], [-5.893135, 35.441792], [-5.892534, 35.442491], [-5.892363, 35.44326], [-5.892191, 35.444589], [-5.891418, 35.445638], [-5.889874, 35.447036], [-5.888844, 35.447176], [-5.884895, 35.448784], [-5.883608, 35.449484], [-5.882921, 35.449344], [-5.882578, 35.449763], [-5.881634, 35.450043], [-5.88026, 35.450882], [-5.880175, 35.451511], [-5.878716, 35.45214], [-5.877771, 35.45277], [-5.875711, 35.453818], [-5.874681, 35.453679], [-5.874252, 35.453329], [-5.87245, 35.45284], [-5.871592, 35.453049], [-5.87142, 35.45249], [-5.870476, 35.452071], [-5.867815, 35.451511], [-5.86627, 35.451022], [-5.865412, 35.451232], [-5.864468, 35.451162], [-5.863094, 35.451301], [-5.862322, 35.451162], [-5.861721, 35.451651], [-5.861549, 35.451651], [-5.860519, 35.450742], [-5.860004, 35.450952], [-5.859404, 35.450882], [-5.858631, 35.451022], [-5.85494, 35.445638], [-5.853567, 35.445078], [-5.853052, 35.445009], [-5.851936, 35.44354], [-5.850391, 35.4441], [-5.850048, 35.44403], [-5.847473, 35.444869], [-5.846529, 35.445009], [-5.846186, 35.445288], [-5.845242, 35.445078], [-5.843868, 35.445148], [-5.843611, 35.445009], [-5.842581, 35.445148], [-5.841894, 35.444939], [-5.841122, 35.444449], [-5.840521, 35.444379], [-5.840349, 35.444589], [-5.840693, 35.445218], [-5.840349, 35.445638], [-5.840349, 35.445918], [-5.838976, 35.445918], [-5.839663, 35.450672], [-5.839663, 35.451301], [-5.838426236233609, 35.455077], [-5.83842960429343, 35.45506671687704], [-5.8383613047034695, 35.45528006867196], [-5.838356557482344, 35.45528973825441], [-5.838289, 35.455496], [-5.838158083646518, 35.45569400826175], [-5.837946, 35.456126], [-5.837755019999997, 35.45630363364393], [-5.837688, 35.456405], [-5.836744, 35.457244], [-5.833397, 35.459831], [-5.832539, 35.46067], [-5.830994, 35.463536], [-5.830564, 35.463956], [-5.829449, 35.464585], [-5.828333, 35.465144], [-5.82756, 35.465424], [-5.824041, 35.465773], [-5.822582, 35.466193], [-5.8223731451942715, 35.466263], [-5.822252547134853, 35.46630341977454], [-5.821123, 35.466682], [-5.818892, 35.4678], [-5.819063, 35.467241], [-5.819578, 35.466612], [-5.819764390166534, 35.46615758366376], [-5.81981448463188, 35.46579061258041]]]]}, "properties": {"territoire_id": 6, "nom": "Larache"}}, {"type": "Feature", "geometry": {"type": "MultiPolygon", "coordinates": [[[[-4.614429, 34.72165], [-4.614773, 34.721721], [-4.614944, 34.722144], [-4.615459, 34.722638], [-4.61606, 34.722638], [-4.616489, 34.721932], [-4.61812, 34.72165], [-4.618292, 34.721227], [-4.618807, 34.721439], [-4.619751, 34.721086], [-4.620781, 34.721156], [-4.624128, 34.719534], [-4.624729, 34.719463], [-4.625244, 34.718617], [-4.625158, 34.718123], [-4.625244, 34.717982], [-4.625759, 34.717699], [-4.626017, 34.717206], [-4.626703, 34.716853], [-4.62842, 34.715583], [-4.629364, 34.715795], [-4.630995, 34.715795], [-4.631166, 34.715724], [-4.632196, 34.713678], [-4.63254, 34.713255], [-4.632969, 34.711491], [-4.636145, 34.710503], [-4.639492, 34.709233], [-4.642153, 34.709021], [-4.648161, 34.705141], [-4.651423, 34.70627], [-4.660177, 34.710997], [-4.66095, 34.711561], [-4.660864, 34.711914], [-4.661379, 34.712267], [-4.661551, 34.712761], [-4.662838, 34.713466], [-4.662924, 34.713749], [-4.663954, 34.71389], [-4.664469, 34.713678], [-4.664903939187998, 34.7139034521902], [-4.664984, 34.714031], [-4.664984, 34.714666], [-4.66464, 34.71523], [-4.664726, 34.715795], [-4.663095, 34.715795], [-4.663954, 34.716147], [-4.664984, 34.716853], [-4.666443, 34.717065], [-4.666872, 34.716994], [-4.66773, 34.717417], [-4.668589, 34.717206], [-4.669361, 34.717558], [-4.670391, 34.717206], [-4.670992, 34.716712], [-4.671593, 34.717699], [-4.671679, 34.718052], [-4.672279, 34.718476], [-4.672966, 34.718334], [-4.674253, 34.717699], [-4.674768, 34.71777], [-4.675283, 34.717347], [-4.67597, 34.716006], [-4.676485, 34.716006], [-4.676657, 34.715865], [-4.677, 34.715442], [-4.677086, 34.714595], [-4.677515, 34.713325], [-4.677858, 34.712761], [-4.678459, 34.712479], [-4.679232, 34.71142], [-4.679918, 34.710785], [-4.680777, 34.711068], [-4.681377, 34.710997], [-4.681721, 34.711138], [-4.681978, 34.712055], [-4.682236, 34.712408], [-4.683609, 34.712549], [-4.684639, 34.712267], [-4.685841, 34.712267], [-4.686871, 34.712761], [-4.688244, 34.712902], [-4.689016, 34.713607], [-4.689445, 34.714101], [-4.690304, 34.714666], [-4.690647, 34.715653], [-4.691334, 34.716359], [-4.691763, 34.717206], [-4.69202, 34.717206], [-4.69305, 34.717488], [-4.693737, 34.717417], [-4.694338, 34.717135], [-4.695454, 34.717206], [-4.696569, 34.717065], [-4.698629, 34.7165], [-4.699831, 34.717699], [-4.702492, 34.718334], [-4.703178, 34.718264], [-4.703865, 34.717699], [-4.704208, 34.717629], [-4.704466, 34.71777], [-4.704981, 34.718476], [-4.707727, 34.719957], [-4.710732, 34.720028], [-4.710903, 34.719957], [-4.711332, 34.720028], [-4.712105, 34.719887], [-4.712706, 34.719745], [-4.713478, 34.719816], [-4.713993, 34.71904], [-4.717083, 34.71904], [-4.718199, 34.719745], [-4.718885, 34.719675], [-4.71983, 34.720521], [-4.720173, 34.720733], [-4.721289, 34.719887], [-4.723692, 34.720098], [-4.724979, 34.71904], [-4.725151, 34.71904], [-4.725494, 34.719322], [-4.725838, 34.719463], [-4.726353, 34.719393], [-4.727898, 34.720028], [-4.728498, 34.720451], [-4.730215, 34.722497], [-4.731846, 34.724119], [-4.731932, 34.72426], [-4.734507, 34.724543], [-4.736052, 34.725036], [-4.738026, 34.726447], [-4.739141, 34.727082], [-4.739141, 34.727646], [-4.739742, 34.728846], [-4.741802, 34.728705], [-4.742489, 34.728563], [-4.742832, 34.729551], [-4.744463, 34.730186], [-4.744549, 34.73068], [-4.744205, 34.730821], [-4.743605, 34.73075], [-4.744034, 34.731315], [-4.745493, 34.73202], [-4.745922, 34.732725], [-4.746008, 34.733219], [-4.747896, 34.733924], [-4.751587, 34.7347], [-4.754162, 34.734771], [-4.755878, 34.734489], [-4.757423, 34.733995], [-4.761457, 34.73202], [-4.761801, 34.732937], [-4.762917, 34.733995], [-4.764633, 34.734418], [-4.766779, 34.735124], [-4.767637, 34.736675], [-4.768667, 34.737522], [-4.770212, 34.737804], [-4.77107, 34.738509], [-4.773474, 34.741189], [-4.774332, 34.741965], [-4.775534, 34.744222], [-4.775362, 34.744927], [-4.774332, 34.746126], [-4.771929, 34.748454], [-4.7715, 34.7493], [-4.775534, 34.753743], [-4.776735, 34.753249], [-4.780512, 34.753672], [-4.783258, 34.753249], [-4.783859, 34.753461], [-4.78446, 34.753461], [-4.785404, 34.753884], [-4.785147, 34.754659], [-4.785404, 34.755788], [-4.785318, 34.75614], [-4.785061, 34.756352], [-4.785147, 34.756846], [-4.784288, 34.758467], [-4.783602, 34.759031], [-4.783258, 34.759384], [-4.783859, 34.760089], [-4.783859, 34.760653], [-4.784203, 34.761076], [-4.784374, 34.761429], [-4.784203, 34.762839], [-4.784889, 34.763333], [-4.785233, 34.763826], [-4.785147, 34.765519], [-4.785233, 34.76573], [-4.785404, 34.765801], [-4.785833, 34.765448], [-4.786005, 34.766083], [-4.785318, 34.766647], [-4.78446, 34.767845], [-4.783773, 34.768057], [-4.783859, 34.769326], [-4.784031, 34.769467], [-4.78446, 34.769397], [-4.785233, 34.769044], [-4.785833, 34.769256], [-4.785662, 34.769679], [-4.785833, 34.769749], [-4.787292, 34.770525], [-4.787722, 34.770877], [-4.787893, 34.770736], [-4.788237, 34.770736], [-4.787979, 34.771653], [-4.787807, 34.772569], [-4.787979, 34.77271], [-4.788065, 34.772569], [-4.789181, 34.772851], [-4.790039, 34.77271], [-4.789009, 34.773838], [-4.789524, 34.774261], [-4.788322, 34.776235], [-4.787807, 34.777222], [-4.787893, 34.77835], [-4.786091, 34.783637], [-4.786606, 34.784554], [-4.78652, 34.784977], [-4.786263, 34.785259], [-4.786263, 34.785823], [-4.785318, 34.786387], [-4.784803, 34.786175], [-4.784632, 34.787233], [-4.784718, 34.787585], [-4.785147, 34.787867], [-4.785147, 34.78836], [-4.784889, 34.788501], [-4.786692, 34.792308], [-4.787292, 34.794563], [-4.788408, 34.796255], [-4.789095, 34.798228], [-4.789352, 34.800272], [-4.789181, 34.80429], [-4.789524, 34.804642], [-4.789867, 34.804712], [-4.790125, 34.804853], [-4.790297, 34.805558], [-4.790726, 34.805981], [-4.791241, 34.809293], [-4.790897, 34.81028], [-4.791069, 34.812535], [-4.791327, 34.812676], [-4.79167, 34.81331], [-4.792442, 34.813803], [-4.793901, 34.814226], [-4.794846, 34.81486], [-4.797077, 34.815283], [-4.797506, 34.815776], [-4.79785, 34.815988], [-4.798365, 34.816058], [-4.798622, 34.816904], [-4.799051, 34.817679], [-4.799652, 34.817961], [-4.800253, 34.818736], [-4.800339, 34.819088], [-4.800596, 34.819441], [-4.800339, 34.820075], [-4.800854, 34.820357], [-4.800768, 34.820779], [-4.801197, 34.820991], [-4.801455, 34.820991], [-4.801712, 34.82085], [-4.802399, 34.821061], [-4.802399, 34.822048], [-4.802828, 34.823034], [-4.802742, 34.823386], [-4.803171, 34.824443], [-4.802914, 34.824937], [-4.802828, 34.825712], [-4.80257, 34.826205], [-4.802999, 34.827403], [-4.802656, 34.827614], [-4.80197, 34.8286], [-4.801798, 34.829093], [-4.801798, 34.829446], [-4.800682, 34.830643], [-4.79558315133706, 34.83947153625218], [-4.795354151225529, 34.83986804454651], [-4.795189, 34.840154], [-4.794674, 34.842408], [-4.797249, 34.846353], [-4.798365, 34.84748], [-4.79948, 34.848044], [-4.799995, 34.848607], [-4.80094, 34.849945], [-4.802227, 34.851143], [-4.80257, 34.851847], [-4.802828, 34.852763], [-4.803085, 34.853045], [-4.804373, 34.853397], [-4.804888, 34.85389], [-4.804802, 34.853045], [-4.809694, 34.850579], [-4.810295, 34.851847], [-4.810638, 34.85227], [-4.810896, 34.853045], [-4.811411, 34.853467], [-4.81184, 34.854101], [-4.81184, 34.854665], [-4.812527, 34.856214], [-4.812183, 34.856566], [-4.812269, 34.856918], [-4.813557, 34.857623], [-4.813814, 34.857623], [-4.814844, 34.858538], [-4.815187, 34.859102], [-4.816303, 34.860017], [-4.816904, 34.861215], [-4.816818, 34.861426], [-4.817848, 34.862764], [-4.81802, 34.86368], [-4.818878, 34.863539], [-4.818964, 34.86368], [-4.818621, 34.864102], [-4.818277, 34.864313], [-4.818192, 34.864595], [-4.81802, 34.864736], [-4.817848, 34.865299], [-4.817162, 34.866004], [-4.816647, 34.866356], [-4.816217, 34.866356], [-4.815702, 34.866144], [-4.815187, 34.866356], [-4.814672, 34.866919], [-4.81493, 34.867342], [-4.81493, 34.867764], [-4.814243, 34.868187], [-4.813986, 34.86882], [-4.812269, 34.870018], [-4.812183, 34.870229], [-4.812527, 34.870158], [-4.812613, 34.87037], [-4.811583, 34.871356], [-4.81081, 34.873257], [-4.80978, 34.874806], [-4.808922, 34.875158], [-4.808407, 34.875862], [-4.806776, 34.876848], [-4.805918, 34.877623], [-4.805145, 34.878115], [-4.804373, 34.878256], [-4.803944, 34.878186], [-4.803686, 34.877904], [-4.802914, 34.877975], [-4.802313, 34.877693], [-4.802055, 34.877693], [-4.801798, 34.878045], [-4.79785, 34.869736], [-4.796047, 34.868398], [-4.796047, 34.867975], [-4.795446, 34.867553], [-4.794588, 34.867412], [-4.794245, 34.866426], [-4.793558, 34.865229], [-4.791842, 34.863609], [-4.791327, 34.862201], [-4.790297, 34.861285], [-4.789095, 34.861074], [-4.787807, 34.859876], [-4.786606, 34.859243], [-4.786091, 34.858186], [-4.785919, 34.857411], [-4.785576, 34.856918], [-4.785061, 34.856637], [-4.784288, 34.856496], [-4.783087, 34.856566], [-4.782486, 34.856425], [-4.781971, 34.856073], [-4.780684, 34.855721], [-4.780426, 34.855017], [-4.77931, 34.853819], [-4.777937, 34.853397], [-4.777508, 34.852974], [-4.776735, 34.852692], [-4.776564, 34.852692], [-4.776134, 34.853045], [-4.77519, 34.853115], [-4.773817, 34.854172], [-4.77313, 34.854312], [-4.772272, 34.854101], [-4.771671, 34.854735], [-4.770041, 34.854876], [-4.769697, 34.855439], [-4.769526, 34.856003], [-4.769268, 34.856214], [-4.76944, 34.857341], [-4.768925, 34.858257], [-4.767466, 34.859454], [-4.765749, 34.860229], [-4.765577, 34.860229], [-4.764462, 34.861778], [-4.764118, 34.861848], [-4.764118, 34.86213], [-4.76326, 34.862553], [-4.761972, 34.862834], [-4.760427, 34.863891], [-4.757252, 34.864595], [-4.756222, 34.865229], [-4.753389, 34.866637], [-4.750214, 34.867412], [-4.748669, 34.867342], [-4.747982, 34.867482], [-4.746866, 34.867342], [-4.74618, 34.867623], [-4.745836, 34.868116], [-4.745922, 34.86868], [-4.74618, 34.868327], [-4.746523, 34.868187], [-4.747896, 34.86875], [-4.748068, 34.868961], [-4.748583, 34.870229], [-4.750214, 34.871074], [-4.751501, 34.87213], [-4.753132, 34.873116], [-4.752703, 34.875017], [-4.753819, 34.877623], [-4.754248, 34.879594], [-4.754505, 34.880017], [-4.754584232786885, 34.880298], [-4.754591, 34.880298], [-4.754763, 34.880932], [-4.755621, 34.88227], [-4.755363, 34.883326], [-4.754248, 34.884452], [-4.753046, 34.885016], [-4.751844, 34.885931], [-4.74987, 34.887269], [-4.749441, 34.888395], [-4.749269, 34.890296], [-4.748669, 34.89093], [-4.747639, 34.891563], [-4.747615635658914, 34.891563], [-4.747381, 34.891704], [-4.746609, 34.892619], [-4.74575, 34.89459], [-4.744205, 34.897054], [-4.744034, 34.900222], [-4.744034, 34.902545], [-4.743605, 34.904938], [-4.743004, 34.905924], [-4.741802, 34.906205], [-4.735365, 34.906346], [-4.732447, 34.906557], [-4.730902, 34.906909], [-4.729786, 34.907543], [-4.728241, 34.908739], [-4.726439, 34.91071], [-4.725838, 34.911836], [-4.72558, 34.911836], [-4.725237, 34.912188], [-4.724636, 34.913807], [-4.723606, 34.914652], [-4.72249, 34.9162], [-4.721117, 34.916059], [-4.719315, 34.916411], [-4.718285, 34.917326], [-4.716568, 34.918452], [-4.713821, 34.918452], [-4.710817, 34.919086], [-4.702492, 34.920071], [-4.699144, 34.920704], [-4.697771, 34.920634], [-4.697771, 34.922393], [-4.696569, 34.923097], [-4.695969, 34.923942], [-4.694595, 34.924645], [-4.692535, 34.925912], [-4.691763, 34.927601], [-4.690905, 34.928445], [-4.689274, 34.928938], [-4.687386, 34.929008], [-4.685497, 34.92929], [-4.684467, 34.929571], [-4.682922, 34.930416], [-4.68215, 34.93119], [-4.681721, 34.931753], [-4.681549, 34.932527], [-4.681377, 34.935834], [-4.68112, 34.936819], [-4.680948, 34.93893], [-4.680691, 34.940196], [-4.679747, 34.941111], [-4.678459, 34.941392], [-4.679575, 34.944207], [-4.68009, 34.950116], [-4.681377, 34.955322], [-4.68112, 34.957151], [-4.679747, 34.95694], [-4.678202, 34.957573], [-4.676313, 34.958558], [-4.675026, 34.957855], [-4.674168, 34.958206], [-4.673223, 34.95891], [-4.669275, 34.959262], [-4.668417, 34.959684], [-4.666357, 34.960317], [-4.665413, 34.960387], [-4.663439, 34.961512], [-4.67082, 34.9549], [-4.670734, 34.953634], [-4.670305, 34.953141], [-4.66979, 34.952438], [-4.669619, 34.951734], [-4.669018, 34.951523], [-4.668846, 34.951031], [-4.668159, 34.950468], [-4.667215, 34.950327], [-4.668159, 34.950046], [-4.668159, 34.949976], [-4.667044, 34.949554], [-4.667988, 34.949342], [-4.667988, 34.949061], [-4.666271, 34.948709], [-4.665327, 34.949272], [-4.664383, 34.949976], [-4.661808, 34.951242], [-4.65992, 34.952508], [-4.659233, 34.952579], [-4.65786, 34.952438], [-4.653826, 34.953212], [-4.65271, 34.953282], [-4.650736, 34.952649], [-4.64962, 34.952438], [-4.648504, 34.952649], [-4.64756, 34.953001], [-4.646444, 34.953071], [-4.644041, 34.952227], [-4.643955, 34.951875], [-4.643269, 34.951594], [-4.640007, 34.949131], [-4.637089, 34.948428], [-4.634256, 34.948217], [-4.632711, 34.948358], [-4.631338, 34.948358], [-4.629192, 34.948076], [-4.627562, 34.947584], [-4.627132, 34.94695], [-4.626017, 34.946317], [-4.624901, 34.946317], [-4.624472, 34.945895], [-4.621811, 34.942588], [-4.619665, 34.942166], [-4.618378, 34.942096], [-4.616489, 34.942237], [-4.615631, 34.942448], [-4.611511, 34.941744], [-4.60885, 34.941533], [-4.606361, 34.941463], [-4.604559, 34.941744], [-4.603786, 34.942237], [-4.601812, 34.944558], [-4.599237, 34.947091], [-4.598637, 34.947865], [-4.598379, 34.948639], [-4.597864, 34.949413], [-4.596748, 34.951594], [-4.596148, 34.952368], [-4.596062, 34.95279], [-4.595804, 34.953212], [-4.594431, 34.954548], [-4.594345, 34.95483], [-4.593658, 34.955252], [-4.593058, 34.955393], [-4.591684, 34.955252], [-4.590826, 34.955533], [-4.590054, 34.955322], [-4.589882, 34.955041], [-4.589539, 34.95483], [-4.588938, 34.953352], [-4.587564, 34.951805], [-4.587049, 34.951805], [-4.58662, 34.952016], [-4.58662, 34.951805], [-4.587135, 34.951312], [-4.587221, 34.95089], [-4.587221, 34.95075], [-4.586706, 34.95075], [-4.586277, 34.950187], [-4.586191, 34.950679], [-4.58602, 34.95082], [-4.585419, 34.950468], [-4.584818, 34.950609], [-4.58456, 34.951031], [-4.583015, 34.952086], [-4.582586, 34.952157], [-4.581041, 34.951734], [-4.57984, 34.952649], [-4.578896, 34.951805], [-4.578381, 34.952649], [-4.578381, 34.953071], [-4.578123, 34.953493], [-4.578209, 34.953915], [-4.578552, 34.954267], [-4.579582, 34.954689], [-4.579754, 34.955463], [-4.57881, 34.955604], [-4.57881, 34.955744], [-4.579325, 34.955885], [-4.579153, 34.956096], [-4.578123, 34.956166], [-4.577608, 34.956096], [-4.577436, 34.956307], [-4.577004139896373, 34.95626293264249], [-4.576235, 34.956377], [-4.575891, 34.956307], [-4.574261, 34.956377], [-4.573574, 34.956307], [-4.571857, 34.955463], [-4.5703129816902495, 34.95525213406903], [-4.568424, 34.955252], [-4.563875, 34.955604], [-4.562502, 34.956307], [-4.553232, 34.962216], [-4.549112, 34.964185], [-4.547653, 34.964396], [-4.546967, 34.964115], [-4.546623, 34.963341], [-4.546452, 34.961935], [-4.545765, 34.961161], [-4.544477, 34.960668], [-4.54319, 34.960668], [-4.541645, 34.960879], [-4.541143468781099, 34.9611406569124], [-4.540986300845058, 34.961049693942215], [-4.541645, 34.960879], [-4.541143468781099, 34.9611406569124], [-4.539757, 34.961864], [-4.538469, 34.962849], [-4.535465, 34.966788], [-4.533663, 34.967773], [-4.529715, 34.970445], [-4.52714, 34.973329], [-4.526625, 34.974032], [-4.526024, 34.975158], [-4.52611, 34.976634], [-4.526453, 34.9779], [-4.526882, 34.978463], [-4.52817, 34.978885], [-4.52817, 34.979237], [-4.528513, 34.979799], [-4.5298, 34.980854], [-4.530144, 34.98212], [-4.530144, 34.983456], [-4.5298, 34.985214], [-4.529114, 34.98641], [-4.52714, 34.989152], [-4.52611, 34.990136], [-4.52302, 34.992246], [-4.520445, 34.993441], [-4.517698, 34.994496], [-4.517012, 34.995058], [-4.516582, 34.995621], [-4.513321, 34.998152], [-4.511948, 34.999136], [-4.510317, 34.99991], [-4.510145, 35.000121], [-4.509802, 35.000261], [-4.509459, 35.000613], [-4.509287, 35.001738], [-4.50963, 35.002371], [-4.509115, 35.002371], [-4.509544, 35.002511], [-4.510403, 35.003496], [-4.511175, 35.003777], [-4.511776, 35.003847], [-4.511948, 35.004058], [-4.512806, 35.004269], [-4.513836, 35.004761], [-4.513836, 35.005745], [-4.513235, 35.007011], [-4.512892, 35.009542], [-4.512463, 35.010104], [-4.51272, 35.010315], [-4.514437, 35.010245], [-4.514694, 35.010737], [-4.514866, 35.012916], [-4.515123, 35.01383], [-4.515123, 35.014533], [-4.513664, 35.013619], [-4.512548, 35.0139], [-4.512291, 35.014041], [-4.511862, 35.014744], [-4.510746, 35.015657], [-4.50963, 35.017837], [-4.508858, 35.01861], [-4.506969, 35.019805], [-4.505339, 35.020508], [-4.504051, 35.020648], [-4.502678, 35.020508], [-4.499331, 35.021], [-4.498472, 35.021], [-4.497528, 35.020789], [-4.488773, 35.026342], [-4.490404, 35.026342], [-4.489803, 35.027326], [-4.482594, 35.0359], [-4.481134, 35.036884], [-4.479589, 35.041803], [-4.479332, 35.045949], [-4.479074, 35.046722], [-4.477701, 35.047916], [-4.476757, 35.049392], [-4.475384, 35.050797], [-4.474869, 35.051781], [-4.474268, 35.052132], [-4.473324, 35.053327], [-4.472122, 35.053959], [-4.471436, 35.054521], [-4.470406, 35.055786], [-4.470577, 35.056278], [-4.466801, 35.070961], [-4.460707, 35.081638], [-4.459419, 35.085501], [-4.455846520065606, 35.084889128097956], [-4.457188, 35.087678], [-4.457874, 35.088451], [-4.460878, 35.093156], [-4.462767, 35.095403], [-4.463968, 35.096527], [-4.465342, 35.097721], [-4.467402, 35.096738], [-4.466972, 35.097229], [-4.466457, 35.098423], [-4.466372, 35.100179], [-4.467659, 35.102636], [-4.468775, 35.103409], [-4.469547, 35.103619], [-4.469976, 35.10397], [-4.472208, 35.106709], [-4.472551, 35.107622], [-4.472551, 35.108183], [-4.472466, 35.108324], [-4.475813, 35.111554], [-4.478045, 35.114222], [-4.478731, 35.115556], [-4.479761, 35.116539], [-4.480276, 35.118575], [-4.480448, 35.118855], [-4.480963, 35.118926], [-4.481907, 35.119417], [-4.481993, 35.121383], [-4.483709, 35.122647], [-4.484482, 35.123489], [-4.484568, 35.124963], [-4.484825, 35.125244], [-4.484568, 35.126437], [-4.483709, 35.127139], [-4.483624, 35.12735], [-4.484053, 35.127841], [-4.482508, 35.129526], [-4.480877, 35.130298], [-4.479933, 35.130439], [-4.478388, 35.130439], [-4.4765, 35.130719], [-4.475899, 35.131843], [-4.474354, 35.131632], [-4.472551, 35.132615], [-4.471951, 35.133668], [-4.467916, 35.135703], [-4.466114, 35.135493], [-4.464741, 35.135703], [-4.464054, 35.135703], [-4.463882, 35.136616], [-4.464226, 35.137388], [-4.463968, 35.138862], [-4.464483, 35.139704], [-4.465084, 35.140266], [-4.465342, 35.140967], [-4.466629, 35.140406], [-4.467916, 35.140616], [-4.468689, 35.140406], [-4.469461, 35.140406], [-4.469976, 35.140195], [-4.470148, 35.139634], [-4.470835, 35.140125], [-4.471693, 35.139985], [-4.472122, 35.139634], [-4.47298, 35.140195], [-4.473581, 35.140125], [-4.474182, 35.139844], [-4.47547, 35.139844], [-4.4765, 35.139213], [-4.478645, 35.139844], [-4.479589, 35.139353], [-4.48019, 35.138932], [-4.483881, 35.138932], [-4.485598, 35.138721], [-4.48637, 35.1383], [-4.48637, 35.13816], [-4.486885, 35.1383], [-4.488173, 35.138862], [-4.493322, 35.138651], [-4.494781, 35.139634], [-4.494781, 35.140687], [-4.493666, 35.14209], [-4.493065, 35.143915], [-4.491692, 35.146372], [-4.49049, 35.148126], [-4.489546, 35.151916], [-4.488602, 35.153249], [-4.484911, 35.156477], [-4.484482, 35.156688], [-4.483452, 35.156828], [-4.482679, 35.15774], [-4.482164, 35.1576], [-4.480534, 35.158161], [-4.479332, 35.158021], [-4.478559, 35.158723], [-4.476585, 35.159074], [-4.47444, 35.160267], [-4.473753, 35.16167], [-4.471951, 35.162442], [-4.472122, 35.163354], [-4.471264, 35.163635], [-4.469204, 35.163635], [-4.468603, 35.164477], [-4.467750274360142, 35.164544064015146], [-4.46414, 35.164828], [-4.461994, 35.164687], [-4.461222, 35.164336], [-4.4559, 35.162863], [-4.454269, 35.162512], [-4.45281, 35.162512], [-4.449806, 35.16167], [-4.447746, 35.160547], [-4.444056, 35.159284], [-4.441566, 35.158653], [-4.439249, 35.158161], [-4.434357, 35.15774], [-4.432297, 35.157039], [-4.430151, 35.155986], [-4.428692, 35.155565], [-4.426374, 35.155214], [-4.424486, 35.155495], [-4.421911, 35.156337], [-4.418392, 35.156547], [-4.416418, 35.156898], [-4.414444, 35.158161], [-4.411354, 35.159144], [-4.408951, 35.159705], [-4.407492, 35.159775], [-4.403114, 35.159214], [-4.401569, 35.158582], [-4.398136, 35.157951], [-4.396763, 35.15739], [-4.395218, 35.157179], [-4.393759, 35.156477], [-4.391527, 35.155705], [-4.388351, 35.154302], [-4.386892, 35.154372], [-4.386377, 35.154232], [-4.385777, 35.153881], [-4.383459, 35.15374], [-4.382515, 35.153811], [-4.380713, 35.154653], [-4.379168, 35.155214], [-4.377966, 35.155986], [-4.377451, 35.155354], [-4.376249, 35.155354], [-4.375648, 35.154863], [-4.375563, 35.154091], [-4.375906, 35.153249], [-4.375648, 35.152618], [-4.375563, 35.151565], [-4.375734, 35.150723], [-4.374962, 35.149881], [-4.373846, 35.1496], [-4.373846, 35.149179], [-4.372044, 35.150582], [-4.370327, 35.151214], [-4.369812, 35.150863], [-4.369211, 35.150933], [-4.367065, 35.151635], [-4.365864, 35.153039], [-4.362688, 35.152969], [-4.359941, 35.154232], [-4.358654, 35.151916], [-4.359598, 35.148547], [-4.358397, 35.148477], [-4.356337, 35.147986], [-4.355307, 35.148196], [-4.354706, 35.148968], [-4.354362, 35.149039], [-4.353333, 35.149881], [-4.352818, 35.150021], [-4.352045, 35.150091], [-4.351358, 35.150372], [-4.350071, 35.151425], [-4.349213, 35.151284], [-4.348783, 35.151074], [-4.346638, 35.151565], [-4.344406, 35.15346], [-4.342947, 35.155214], [-4.34226, 35.156407], [-4.340715, 35.156898], [-4.338398, 35.156968], [-4.337025, 35.158582], [-4.336853, 35.158653], [-4.336424, 35.158582], [-4.336166, 35.158232], [-4.333849, 35.15774], [-4.327669, 35.158161], [-4.32415, 35.159986], [-4.321318, 35.163073], [-4.320459, 35.164757], [-4.318056, 35.165038], [-4.317112, 35.165319], [-4.316597, 35.165038], [-4.316168, 35.165038], [-4.316082, 35.165599], [-4.315825, 35.16588], [-4.31591, 35.166441], [-4.315739, 35.167003], [-4.314966, 35.168195], [-4.314194, 35.168406], [-4.313078, 35.167704], [-4.312391, 35.166652], [-4.311962, 35.166932], [-4.311619, 35.167564], [-4.310846, 35.168406], [-4.309559, 35.168967], [-4.309268159693042, 35.169050923076924], [-4.308786, 35.169248], [-4.3081, 35.169388], [-4.307585, 35.169248], [-4.307241, 35.169318], [-4.305353, 35.168757], [-4.304237, 35.167634], [-4.302521, 35.166932], [-4.302006, 35.167353], [-4.300976, 35.167915], [-4.300375, 35.167985], [-4.300289, 35.168757], [-4.299517, 35.169599], [-4.298658, 35.17023], [-4.298229, 35.170862], [-4.296856, 35.171212], [-4.29471, 35.171142], [-4.292049, 35.171914], [-4.291449, 35.172616], [-4.290333, 35.173808], [-4.289904, 35.175001], [-4.290075, 35.175913], [-4.28896, 35.176825], [-4.28853, 35.17886], [-4.288408043454366, 35.17920915839012], [-4.288359, 35.179421], [-4.288334049898167, 35.179421], [-4.288187, 35.179842], [-4.287243, 35.181596], [-4.286299, 35.181525], [-4.28544, 35.181175], [-4.28484, 35.17893], [-4.28381, 35.178158], [-4.282608, 35.178298], [-4.28175, 35.17907], [-4.281063, 35.179421], [-4.281034243467943, 35.179421], [-4.280033, 35.179912], [-4.278746, 35.179772], [-4.277115, 35.179842], [-4.276257, 35.180193], [-4.273338, 35.180964], [-4.272738, 35.181806], [-4.271021, 35.182858], [-4.269991, 35.183069], [-4.268618, 35.183069], [-4.266987, 35.183349], [-4.260807, 35.185173], [-4.256516, 35.186716], [-4.248962, 35.18826], [-4.24613, 35.187979], [-4.245443, 35.187278], [-4.243641, 35.186927], [-4.24201, 35.185945], [-4.239864, 35.185103], [-4.236603, 35.185033], [-4.235744, 35.184893], [-4.235659, 35.185384], [-4.235058, 35.185033], [-4.23214, 35.185524], [-4.230852, 35.185454], [-4.228363, 35.186506], [-4.227676, 35.186296], [-4.226561, 35.185594], [-4.225616, 35.18530089433507], [-4.225616, 35.185384], [-4.224072, 35.184822], [-4.223299, 35.185033], [-4.22287, 35.184682], [-4.221067, 35.184261], [-4.219866, 35.184051], [-4.21875, 35.184121], [-4.216433, 35.184963], [-4.215145, 35.186927], [-4.213943, 35.187909], [-4.213858, 35.188681], [-4.215145, 35.190154], [-4.214201, 35.189873], [-4.213686, 35.189312], [-4.213171, 35.189101], [-4.213257, 35.1884], [-4.21257, 35.189452], [-4.212016857260676, 35.18950844313667], [-4.211369, 35.189803], [-4.210682, 35.188891], [-4.209309, 35.1884], [-4.208708, 35.188751], [-4.208279, 35.189172], [-4.208107, 35.189172], [-4.207506, 35.189452], [-4.206562, 35.190855], [-4.205618, 35.190575], [-4.20373, 35.190575], [-4.197464, 35.194222], [-4.196434, 35.195484], [-4.195662, 35.195695], [-4.194632, 35.195835], [-4.194117, 35.196186], [-4.193516, 35.196116], [-4.193001, 35.196186], [-4.191628, 35.197519], [-4.190941, 35.197659], [-4.190426, 35.197869], [-4.189997, 35.198711], [-4.189997, 35.199202], [-4.189053, 35.200324], [-4.18828, 35.199412], [-4.187679, 35.199132], [-4.187422, 35.199412], [-4.187078, 35.199202], [-4.186649, 35.198571], [-4.185963, 35.19822], [-4.185276, 35.198009], [-4.182873, 35.197939], [-4.182014, 35.19836], [-4.181843, 35.198711], [-4.181156, 35.198571], [-4.179182, 35.198781], [-4.176865, 35.19822], [-4.176178, 35.19822], [-4.175749, 35.19836], [-4.174204, 35.199623], [-4.173431, 35.199903], [-4.172401, 35.199903], [-4.171629, 35.200605], [-4.170256, 35.200324], [-4.169912, 35.200464], [-4.169569, 35.201306], [-4.168453, 35.201095], [-4.167852, 35.201166], [-4.166307, 35.201937], [-4.164934, 35.202077], [-4.161243, 35.201586], [-4.160557, 35.201657], [-4.160042, 35.201867], [-4.158325, 35.199973], [-4.157724, 35.199552], [-4.156952, 35.199272], [-4.154806, 35.199132], [-4.153433, 35.198921], [-4.152746, 35.198571], [-4.151974, 35.198851], [-4.150772, 35.199973], [-4.150343, 35.200254], [-4.149742, 35.200534], [-4.149055, 35.200464], [-4.147768, 35.199833], [-4.145794, 35.199272], [-4.144506, 35.199412], [-4.143734, 35.200114], [-4.143219, 35.200254], [-4.142618, 35.200184], [-4.141932, 35.199833], [-4.141245, 35.199342], [-4.140987, 35.199062], [-4.139271, 35.199342], [-4.138241, 35.199833], [-4.136782, 35.201376], [-4.135323, 35.202428], [-4.133692, 35.202358], [-4.130173, 35.201867], [-4.129229, 35.202007], [-4.127426, 35.20334], [-4.124937, 35.204813], [-4.123907, 35.205303], [-4.120646, 35.205654], [-4.118156, 35.205163], [-4.117212, 35.205233], [-4.116182, 35.204883], [-4.115496, 35.204813], [-4.114723, 35.205303], [-4.113865, 35.205163], [-4.109316, 35.20874], [-4.108715, 35.20902], [-4.1082, 35.209652], [-4.107428, 35.210142], [-4.105368, 35.211124], [-4.104595, 35.211966], [-4.10408, 35.212386], [-4.101763, 35.213228], [-4.10099, 35.213018], [-4.100304, 35.213158], [-4.099874, 35.213438], [-4.099445, 35.21421], [-4.09936, 35.214911], [-4.098845, 35.215682], [-4.098244, 35.215893], [-4.097385, 35.215963], [-4.097128, 35.216454], [-4.096355, 35.216804], [-4.095926, 35.217716], [-4.095411, 35.217996], [-4.094896, 35.217856], [-4.092836, 35.218347], [-4.092579, 35.218908], [-4.09215, 35.219118], [-4.091635, 35.219188], [-4.09112, 35.219679], [-4.090347, 35.220941], [-4.089746, 35.221292], [-4.088202, 35.220591], [-4.086828, 35.22024], [-4.086571, 35.22038], [-4.083824, 35.220591], [-4.082708, 35.220871], [-4.081421, 35.222063], [-4.080048, 35.222834], [-4.077988, 35.223816], [-4.075584, 35.223816], [-4.074039, 35.224097], [-4.072237, 35.224237], [-4.068718, 35.224868], [-4.066658, 35.2262], [-4.065542, 35.226621], [-4.065285, 35.227813], [-4.064856, 35.228584], [-4.064083, 35.228794], [-4.063311, 35.228794], [-4.06271, 35.228934], [-4.061852, 35.229565], [-4.061251, 35.229565], [-4.060564, 35.229425], [-4.060247531949797, 35.22905246135968], [-4.05344, 35.228654], [-4.05241, 35.229145], [-4.050179, 35.231178], [-4.048462, 35.232019], [-4.046917, 35.2323], [-4.045372, 35.233071], [-4.044085, 35.234613], [-4.043827, 35.235174], [-4.044085, 35.235595], [-4.045029, 35.236015], [-4.045458, 35.236506], [-4.045458, 35.236857], [-4.044943, 35.237067], [-4.044428, 35.237137], [-4.043913, 35.236786], [-4.043398, 35.236576], [-4.042196, 35.236646], [-4.041681, 35.236155], [-4.041595, 35.235735], [-4.041424, 35.235595], [-4.04108, 35.235805], [-4.040737, 35.236155], [-4.040051, 35.236226], [-4.039536, 35.236155], [-4.03945, 35.234894], [-4.038677, 35.233842], [-4.036102, 35.233772], [-4.035501, 35.233982], [-4.034986, 35.233842], [-4.033442, 35.233982], [-4.03327, 35.234613], [-4.032927, 35.234964], [-4.032412, 35.235384], [-4.031038, 35.236015], [-4.03018, 35.237137], [-4.026318, 35.238118], [-4.025631, 35.238118], [-4.024773, 35.237628], [-4.024429, 35.237698], [-4.023657, 35.23938], [-4.023399, 35.23903], [-4.02297, 35.23889], [-4.022284, 35.23945], [-4.02194, 35.23945], [-4.021769, 35.23924], [-4.020309, 35.239941], [-4.018764, 35.240502], [-4.016275, 35.240502], [-4.015932, 35.240151], [-4.016104, 35.23952], [-4.017563, 35.238118], [-4.01782, 35.237207], [-4.017477, 35.236085], [-4.016962, 35.235595], [-4.016104, 35.235525], [-4.015331, 35.235314], [-4.014215, 35.234052], [-4.014044, 35.233632], [-4.009924, 35.23258], [-4.006491, 35.232159], [-4.005718, 35.2323], [-4.004087, 35.232931], [-4.002371, 35.233772], [-4.001942, 35.234052], [-4.001684, 35.234894], [-4.001083, 35.235104], [-4.000311, 35.235314], [-3.999023, 35.235314], [-3.998165, 35.235454], [-3.996964, 35.235875], [-3.995504, 35.236296], [-3.995161, 35.236576], [-3.994303, 35.236927], [-3.993959, 35.236857], [-3.993874, 35.236296], [-3.99353, 35.236155], [-3.993359, 35.234964], [-3.99147, 35.234543], [-3.989496, 35.234613], [-3.988895, 35.234823], [-3.988295, 35.234753], [-3.987522, 35.235174], [-3.987007, 35.235244], [-3.985806, 35.235665], [-3.98469, 35.235665], [-3.984003, 35.235875], [-3.983488, 35.236296], [-3.982887, 35.236366], [-3.982029, 35.236716], [-3.981514, 35.236296], [-3.980398, 35.236366], [-3.974905, 35.238329], [-3.973446, 35.23917], [-3.973103, 35.239591], [-3.971987, 35.240011], [-3.971386, 35.240432], [-3.971987, 35.241133], [-3.971987, 35.241694], [-3.969755, 35.242605], [-3.96821, 35.242955], [-3.967352, 35.243376], [-3.96615, 35.243516], [-3.965893, 35.243867], [-3.965979, 35.244077], [-3.96615, 35.244007], [-3.966322, 35.244147], [-3.966236, 35.244287], [-3.965635, 35.244918], [-3.965206, 35.244988], [-3.965034, 35.245409], [-3.964863, 35.245409], [-3.964691, 35.245128], [-3.964434, 35.245058], [-3.9629425586623164, 35.245541028699876], [-3.962202, 35.24597], [-3.961859, 35.24639], [-3.961, 35.246741], [-3.959198, 35.247091], [-3.957996, 35.247862], [-3.958082, 35.247932], [-3.958426, 35.248072], [-3.958168, 35.248423], [-3.957825, 35.248283], [-3.957138, 35.248563], [-3.956795, 35.248914], [-3.955851, 35.248843], [-3.955421, 35.248984], [-3.953619, 35.249615], [-3.951559, 35.250526], [-3.950787, 35.251227], [-3.949327, 35.251928], [-3.948984, 35.252348], [-3.948727, 35.253049], [-3.948212, 35.25361], [-3.947096, 35.254241], [-3.946152, 35.255502], [-3.945465, 35.255923], [-3.944178, 35.256273], [-3.94392, 35.256553], [-3.942804, 35.256834], [-3.942547, 35.256974], [-3.942633, 35.257955], [-3.942375, 35.258236], [-3.94083, 35.258796], [-3.940487, 35.258726], [-3.938427, 35.258866], [-3.938084, 35.259217], [-3.937912, 35.259988], [-3.937483, 35.260618], [-3.937054, 35.260899], [-3.936367, 35.261039], [-3.935509, 35.260969], [-3.934479, 35.260268], [-3.93405, 35.260338], [-3.933706, 35.260759], [-3.933105, 35.260548], [-3.932848, 35.260338], [-3.93259, 35.261459], [-3.932333, 35.26167], [-3.931904, 35.261529], [-3.931046, 35.26188], [-3.930702, 35.26216], [-3.930101, 35.26202], [-3.929415, 35.2623], [-3.928213, 35.26195], [-3.927956, 35.26202], [-3.92787, 35.26188], [-3.927441, 35.26202], [-3.927097, 35.26188], [-3.927183, 35.26174], [-3.927526, 35.2616], [-3.927526, 35.261459], [-3.927269, 35.261459], [-3.927097, 35.2616], [-3.926926, 35.261529], [-3.926926, 35.261109], [-3.927269, 35.261109], [-3.926497, 35.260969], [-3.926239, 35.261179], [-3.926153, 35.261109], [-3.926411, 35.260759], [-3.925123, 35.260198], [-3.924522, 35.260058], [-3.924265, 35.259988], [-3.924007, 35.260058], [-3.923492, 35.259988], [-3.923149, 35.259777], [-3.922892, 35.259777], [-3.922634, 35.259567], [-3.921947, 35.259427], [-3.921604, 35.259497], [-3.920317, 35.259217], [-3.919029, 35.258446], [-3.918943, 35.258236], [-3.919115, 35.258095], [-3.918858, 35.257885], [-3.918772, 35.257535], [-3.918514, 35.257254], [-3.918428, 35.256834], [-3.917656, 35.256764], [-3.916969, 35.256553], [-3.916368, 35.255853], [-3.915424, 35.255642], [-3.914566, 35.254311], [-3.914566, 35.2541], [-3.914824, 35.25396], [-3.915167, 35.25403], [-3.915854, 35.25368], [-3.916025, 35.253119], [-3.916798, 35.252628], [-3.917742, 35.252138], [-3.91963, 35.251367], [-3.920403, 35.250596], [-3.920317, 35.250315], [-3.919544, 35.249685], [-3.917742, 35.246671], [-3.917913, 35.24653], [-3.918171, 35.24653], [-3.918343, 35.247091], [-3.919029, 35.247862], [-3.919115, 35.248353], [-3.919201, 35.248563], [-3.919287, 35.248353], [-3.91963, 35.248843], [-3.919544, 35.248914], [-3.91963, 35.249124], [-3.919802, 35.248984], [-3.919888, 35.248984], [-3.92066, 35.248914], [-3.92169, 35.249124], [-3.92169, 35.249264], [-3.922377, 35.248984], [-3.922977, 35.249965], [-3.924694, 35.249194], [-3.924351, 35.248633], [-3.923578, 35.248984], [-3.922977, 35.248002], [-3.922462, 35.248213], [-3.922377, 35.248072], [-3.922291, 35.248072], [-3.921862, 35.248423], [-3.921432, 35.248353], [-3.921175, 35.248002], [-3.921518, 35.247652], [-3.92169, 35.247652], [-3.921776, 35.247442], [-3.922119, 35.247371], [-3.922033, 35.247231], [-3.923578, 35.24653], [-3.923407, 35.24632], [-3.923578, 35.24625], [-3.923578, 35.245899], [-3.923235, 35.245689], [-3.92272, 35.245829], [-3.922548, 35.245619], [-3.921003, 35.24632], [-3.920918, 35.24611], [-3.920145, 35.2466], [-3.919888, 35.24646], [-3.919973, 35.24632], [-3.922377, 35.245199], [-3.925467, 35.245409], [-3.926239, 35.244427], [-3.926325, 35.243937], [-3.926239, 35.242815], [-3.925982, 35.242605], [-3.925381, 35.242745], [-3.925295, 35.242605], [-3.925638, 35.242535], [-3.925123, 35.242184], [-3.925123, 35.241974], [-3.924179, 35.241623], [-3.92375, 35.241764], [-3.922977, 35.241623], [-3.922377, 35.241764], [-3.922205, 35.241623], [-3.921776, 35.241764], [-3.921261, 35.241623], [-3.920832, 35.241623], [-3.920059, 35.241273], [-3.919973, 35.240993], [-3.91963, 35.240712], [-3.919544, 35.240572], [-3.919458, 35.240642], [-3.919201, 35.240362], [-3.919287, 35.240081], [-3.919115, 35.239871], [-3.919287, 35.23952], [-3.919115, 35.23945], [-3.919802, 35.23917], [-3.919802, 35.23903], [-3.920488, 35.238819], [-3.921003, 35.23889], [-3.921175, 35.238679], [-3.921776, 35.238469], [-3.921947, 35.237768], [-3.922291, 35.237838], [-3.922634, 35.237628], [-3.922977, 35.237067], [-3.923149, 35.236646], [-3.92272, 35.236226], [-3.922377, 35.236015], [-3.92066, 35.236015], [-3.920746, 35.235665], [-3.921261, 35.235595], [-3.921261, 35.235454], [-3.922634, 35.235244], [-3.92272, 35.234052], [-3.921947, 35.234193], [-3.921947, 35.233912], [-3.922892, 35.233351], [-3.92272, 35.23286], [-3.921947, 35.233071], [-3.922119, 35.232159], [-3.921518, 35.23223], [-3.921432, 35.231879], [-3.920403, 35.231458], [-3.919716, 35.231318], [-3.919716, 35.231458], [-3.919115, 35.231178], [-3.918428, 35.231108], [-3.917999, 35.231248], [-3.917484, 35.231599], [-3.917141, 35.231739], [-3.917055, 35.231178], [-3.917227, 35.230897], [-3.918171, 35.230266], [-3.918772, 35.229706], [-3.9186, 35.229425], [-3.918343, 35.229285], [-3.918257, 35.228163], [-3.917398, 35.227462], [-3.917141, 35.227672], [-3.916883, 35.227532], [-3.916712, 35.227182], [-3.916798, 35.226761], [-3.917055, 35.22648], [-3.916712, 35.22606], [-3.916454, 35.22599], [-3.91551, 35.22627], [-3.914909, 35.22613], [-3.914223, 35.225569], [-3.914223, 35.224517], [-3.914652, 35.223816], [-3.914995, 35.223606], [-3.914824, 35.222764], [-3.915339, 35.222484], [-3.915339, 35.222063], [-3.915081, 35.221432], [-3.914824, 35.221292], [-3.914309, 35.220521], [-3.913021, 35.21996], [-3.912077, 35.219329], [-3.910875, 35.219048], [-3.91036, 35.21996], [-3.910017, 35.21989], [-3.90976, 35.219469], [-3.909588, 35.218978], [-3.909588, 35.218627], [-3.909845, 35.218347], [-3.909502, 35.218277], [-3.909588, 35.217856], [-3.910017, 35.217716], [-3.910189, 35.217365], [-3.910103, 35.217085], [-3.909931, 35.216874], [-3.909502, 35.216944], [-3.908987, 35.217155], [-3.908558, 35.216944], [-3.908558, 35.216594], [-3.907957, 35.215963], [-3.9077, 35.215612], [-3.9077, 35.215051], [-3.907013, 35.213859], [-3.906155, 35.213649], [-3.905468, 35.213789], [-3.905296, 35.213579], [-3.905125, 35.213438], [-3.905039, 35.213579], [-3.904524, 35.213018], [-3.902979, 35.213298], [-3.902636, 35.213158], [-3.900833, 35.211405], [-3.899632, 35.210493], [-3.898087, 35.209652], [-3.897057, 35.209301], [-3.895254, 35.20881], [-3.893538, 35.2086], [-3.890963, 35.207548], [-3.889589, 35.206706], [-3.887959, 35.206005], [-3.88341, 35.204672], [-3.882465, 35.204602], [-3.882036, 35.204462], [-3.880577, 35.203971], [-3.877831, 35.20362], [-3.875341, 35.2032], [-3.872166, 35.203059], [-3.869247, 35.202007], [-3.868303, 35.201797], [-3.867187, 35.201446], [-3.860836, 35.199342], [-3.860321, 35.198991], [-3.860321, 35.198921], [-3.856544, 35.197939], [-3.853111, 35.197238], [-3.849678, 35.196887], [-3.847275, 35.196607], [-3.839293, 35.196887], [-3.833542, 35.197448], [-3.829165, 35.1985], [-3.827963, 35.1985], [-3.825645, 35.198991], [-3.823586, 35.199482], [-3.822985, 35.196466], [-3.819895, 35.191697], [-3.816462, 35.187909], [-3.807535, 35.180263], [-3.806786010042112, 35.179421], [-3.804789, 35.177176], [-3.804274, 35.176404], [-3.803844, 35.175422], [-3.803329, 35.173808], [-3.803244, 35.171774], [-3.803587, 35.17016], [-3.804359, 35.167985], [-3.805046, 35.166652], [-3.806763, 35.164336], [-3.810539, 35.160968], [-3.812256, 35.159775], [-3.814831, 35.15746], [-3.81629, 35.156267], [-3.816376, 35.155916], [-3.816376, 35.155495], [-3.81526, 35.154091], [-3.815088, 35.15353], [-3.815002, 35.153109], [-3.815174, 35.152758], [-3.815861, 35.152337], [-3.817234, 35.151986], [-3.818951, 35.151354], [-3.82041, 35.150512], [-3.822212, 35.149039], [-3.824015, 35.147214], [-3.825216, 35.145038], [-3.825645, 35.143705], [-3.826418, 35.13823], [-3.826761, 35.136546], [-3.827877, 35.134019], [-3.828564, 35.132755], [-3.830624, 35.129667], [-3.83154572336949, 35.1279699011813], [-3.831997, 35.127139], [-3.832254, 35.124612], [-3.831568, 35.117311], [-3.83131, 35.114924], [-3.830881, 35.113098], [-3.830967, 35.110922], [-3.829165, 35.111203], [-3.825645, 35.111413], [-3.821268, 35.11043], [-3.818521, 35.097861], [-3.817663, 35.098212], [-3.817234, 35.098212], [-3.811054, 35.095052], [-3.812599, 35.090558], [-3.814917, 35.080725], [-3.814402, 35.078407], [-3.813372, 35.075878], [-3.810539, 35.070469], [-3.809853, 35.067589], [-3.809767, 35.066043], [-3.810196, 35.063093], [-3.81011, 35.061126], [-3.809681, 35.059088], [-3.809681, 35.056489], [-3.810024, 35.054451], [-3.810797, 35.052694], [-3.812685, 35.050306], [-3.813801, 35.049533], [-3.814917, 35.047635], [-3.814917, 35.046722], [-3.814144, 35.0463], [-3.814917, 35.043349], [-3.816032, 35.041873], [-3.816633, 35.040889], [-3.816977, 35.039695], [-3.816633, 35.0385], [-3.815861, 35.037165], [-3.815517, 35.035408], [-3.816719, 35.033089], [-3.816719, 35.031894], [-3.81732, 35.026271], [-3.816719, 35.022687], [-3.815861, 35.020086], [-3.815775, 35.017766], [-3.815947, 35.016642], [-3.815861, 35.014041], [-3.815689, 35.012002], [-3.813801, 35.010245], [-3.812599, 35.009542], [-3.811827, 35.008698], [-3.809938, 35.006097], [-3.809509, 35.004902], [-3.809509, 35.003706], [-3.809595, 35.002722], [-3.810539, 35.001527], [-3.811054, 34.999347], [-3.811054, 34.997379], [-3.810711, 34.996113], [-3.81011, 34.994988], [-3.809166, 34.993863], [-3.808994, 34.993441], [-3.808994, 34.992176], [-3.809166, 34.990769], [-3.808908, 34.990418], [-3.807278, 34.989504], [-3.805904, 34.988378], [-3.805733, 34.987605], [-3.805819, 34.986831], [-3.806162, 34.985777], [-3.807192, 34.984019], [-3.808136, 34.981628], [-3.808222, 34.980924], [-3.807878, 34.980291], [-3.807707, 34.979659], [-3.808222, 34.978393], [-3.809595, 34.976705], [-3.810282, 34.975509], [-3.811398, 34.974032], [-3.811655, 34.973329], [-3.8110581922128928, 34.97100692254012], [-3.810968, 34.970656], [-3.810883, 34.969109], [-3.811398, 34.967843], [-3.811998, 34.966647], [-3.812771, 34.965381], [-3.813372, 34.964818], [-3.813629, 34.964115], [-3.813543, 34.962427], [-3.812256, 34.959965], [-3.812256, 34.958628], [-3.812084, 34.957362], [-3.812685, 34.956729], [-3.813543, 34.956096], [-3.816032, 34.955393], [-3.818092, 34.953563], [-3.818951, 34.950327], [-3.818865, 34.94878], [-3.81938, 34.946739], [-3.82041, 34.943011], [-3.821011, 34.942237], [-3.822641, 34.940337], [-3.823328, 34.939], [-3.823929, 34.93696], [-3.824186, 34.934989], [-3.823929, 34.933934], [-3.823156, 34.932878], [-3.821354, 34.931542], [-3.818865, 34.930416], [-3.821526, 34.928656], [-3.826075, 34.926264], [-3.829336, 34.923801], [-3.831739, 34.92176], [-3.833628, 34.919789], [-3.835602, 34.916974], [-3.835945, 34.911414], [-3.832083, 34.906628], [-3.82556, 34.900081], [-3.825388, 34.899307], [-3.825388, 34.898533], [-3.8273195108471074, 34.891563], [-3.827362, 34.891563], [-3.827534, 34.890789], [-3.826158901619105, 34.891064518029204], [-3.828907, 34.888606], [-3.830795, 34.885931], [-3.833113, 34.882974], [-3.8344, 34.880298], [-3.8349984195570586, 34.878849507431106], [-3.835688, 34.877341], [-3.835773, 34.873539], [-3.837662, 34.871003], [-3.839293, 34.870299], [-3.840494, 34.870018], [-3.84264, 34.869454], [-3.845472, 34.869102], [-3.846588, 34.868187], [-3.848219, 34.867835], [-3.85191, 34.86537], [-3.855171, 34.863609], [-3.858862, 34.862694], [-3.864269, 34.860862], [-3.867187, 34.860369], [-3.874054, 34.859172], [-3.874054, 34.85913295951129], [-3.874226, 34.859102], [-3.885126, 34.857623], [-3.8871, 34.857482], [-3.889074, 34.85713], [-3.895168, 34.854524], [-3.898001, 34.85389], [-3.900146, 34.853679], [-3.902292, 34.852974], [-3.909588, 34.851284], [-3.915167, 34.851354], [-3.916025, 34.85065], [-3.916798, 34.850227], [-3.917227, 34.849805], [-3.918171, 34.849875], [-3.918257, 34.850086], [-3.919115, 34.850368], [-3.919544, 34.850298], [-3.920403, 34.850439], [-3.921089, 34.850932], [-3.921862, 34.851002], [-3.923149, 34.851566], [-3.924093, 34.851354], [-3.924437, 34.849523], [-3.924265, 34.848818], [-3.92478, 34.848325], [-3.925467, 34.848185], [-3.926411, 34.848678], [-3.926926, 34.848537], [-3.927269, 34.847973], [-3.927183, 34.847339], [-3.927612, 34.847198], [-3.928213, 34.84748], [-3.9289, 34.848044], [-3.929501, 34.848325], [-3.930101, 34.848396], [-3.930359, 34.847973], [-3.929501, 34.846424], [-3.929844, 34.845719], [-3.930445, 34.845085], [-3.930531, 34.844803], [-3.930359, 34.844451], [-3.930101, 34.844169], [-3.928986, 34.843606], [-3.928642, 34.842901], [-3.928471, 34.841845], [-3.928986, 34.841563], [-3.929758, 34.841563], [-3.930445, 34.841774], [-3.93096, 34.842197], [-3.932076, 34.842901], [-3.932934, 34.842972], [-3.933449, 34.842901], [-3.935337, 34.841633], [-3.936281, 34.840365], [-3.937054, 34.839872], [-3.93774, 34.839731], [-3.944006, 34.842761], [-3.945293, 34.841563], [-3.945808, 34.841352], [-3.947353, 34.841211], [-3.948298, 34.840647], [-3.951645, 34.839943], [-3.954306, 34.839731], [-3.955936, 34.839731], [-3.958254, 34.839943], [-3.961, 34.840436], [-3.964348, 34.840999], [-3.969154, 34.842267], [-3.977394, 34.842901], [-3.979368, 34.842901], [-3.984432, 34.842479], [-3.986492, 34.842127], [-3.98838, 34.841493], [-3.991899, 34.839309], [-3.995333, 34.838534], [-4.006233, 34.839379], [-4.006748, 34.838182], [-4.00795, 34.837759], [-4.00898, 34.835786], [-4.00898, 34.834871], [-4.009495, 34.83325], [-4.009924, 34.832687], [-4.009924, 34.832123], [-4.01001, 34.8317], [-4.010267, 34.831348], [-4.009838, 34.83015], [-4.010954, 34.827755], [-4.011383, 34.826416], [-4.013786, 34.825923], [-4.017048, 34.825641], [-4.022284, 34.828107], [-4.022541, 34.828882], [-4.022541, 34.829587], [-4.022112, 34.830573], [-4.022284, 34.830996], [-4.022541, 34.831207], [-4.024086, 34.83163], [-4.024429, 34.832053], [-4.026232, 34.832687], [-4.02709, 34.83325], [-4.028292, 34.833391], [-4.029493, 34.83318], [-4.029922, 34.832968], [-4.030094, 34.832546], [-4.030609, 34.832264], [-4.03224, 34.831982], [-4.033356, 34.831559], [-4.034128, 34.830784], [-4.034557, 34.830643], [-4.035072, 34.830643], [-4.035673, 34.831066], [-4.036531, 34.831066], [-4.036875, 34.830784], [-4.037905, 34.830573], [-4.035931, 34.827473], [-4.03533, 34.826134], [-4.033527, 34.823457], [-4.037819, 34.816552], [-4.039106, 34.814297], [-4.040995, 34.810773], [-4.041595, 34.807813], [-4.041424, 34.804431], [-4.051123, 34.804501], [-4.053612, 34.801823], [-4.056959, 34.798651], [-4.060307, 34.796325], [-4.062881, 34.791391], [-4.065027, 34.789841], [-4.067945, 34.788008], [-4.069748, 34.787021], [-4.070692, 34.787021], [-4.071121, 34.78688], [-4.071636, 34.786246], [-4.071465, 34.785541], [-4.07155, 34.785329], [-4.07198, 34.784977], [-4.072495, 34.784836], [-4.073009, 34.78399], [-4.073009, 34.783708], [-4.074125, 34.783215], [-4.075499, 34.782228], [-4.076357, 34.781241], [-4.07773, 34.780747], [-4.078588, 34.780747], [-4.079275, 34.780465], [-4.079876, 34.780465], [-4.08082, 34.779972], [-4.082108, 34.779549], [-4.082708, 34.779055], [-4.082623, 34.778914], [-4.082966, 34.778421], [-4.083652, 34.777927], [-4.083652, 34.777293], [-4.084682, 34.776517], [-4.085627, 34.776165], [-4.086657, 34.77412], [-4.087944, 34.772922], [-4.088373, 34.772287], [-4.08906, 34.771864], [-4.089832, 34.771582], [-4.091291, 34.770172], [-4.09421, 34.769538], [-4.10099, 34.765942], [-4.102192, 34.765025], [-4.102964, 34.764884], [-4.107428, 34.761006], [-4.111462, 34.758961], [-4.11335, 34.757057], [-4.114981, 34.754659], [-4.119701, 34.757269], [-4.120474, 34.757339], [-4.120989, 34.757339], [-4.12262, 34.756563], [-4.12571, 34.755365], [-4.128971, 34.754871], [-4.132318, 34.751345], [-4.133348, 34.751063], [-4.133692, 34.751204], [-4.133949, 34.750992], [-4.134293, 34.750358], [-4.13558, 34.749441], [-4.135752, 34.749159], [-4.136696, 34.748736], [-4.138155, 34.748313], [-4.139185, 34.747255], [-4.139528, 34.743305], [-4.140472, 34.73999], [-4.142189, 34.73865], [-4.14485, 34.736252], [-4.147081, 34.735829], [-4.149313, 34.73336], [-4.151115, 34.731879], [-4.151802, 34.731808], [-4.153004, 34.732443], [-4.155149, 34.732161], [-4.156008, 34.732232], [-4.159012, 34.734207], [-4.159098, 34.734559], [-4.160471, 34.736393], [-4.160643, 34.737028], [-4.160557, 34.738086], [-4.160385, 34.738509], [-4.159956, 34.738932], [-4.158926, 34.739144], [-4.158669, 34.739356], [-4.157896, 34.740202], [-4.157295, 34.741824], [-4.156437, 34.742529], [-4.156866, 34.745492], [-4.157553, 34.747043], [-4.158239, 34.7493], [-4.159184, 34.75064], [-4.160042, 34.750569], [-4.160471, 34.75071], [-4.160814, 34.750992], [-4.161329, 34.750992], [-4.162188, 34.751345], [-4.162445, 34.751627], [-4.165277, 34.751839], [-4.165535, 34.75198], [-4.165964, 34.75205], [-4.166222, 34.752403], [-4.167337, 34.752896], [-4.167767, 34.75332], [-4.168453, 34.753884], [-4.16914, 34.754095], [-4.169741, 34.754095], [-4.170599, 34.753743], [-4.17223, 34.753461], [-4.173431, 34.752967], [-4.173689, 34.753038], [-4.176865, 34.751768], [-4.177551, 34.751768], [-4.179354, 34.751416], [-4.180126, 34.751698], [-4.18047, 34.75198], [-4.182444, 34.75198], [-4.182873, 34.751627], [-4.184332, 34.750851], [-4.185276, 34.750851], [-4.186478, 34.750569], [-4.187593, 34.750851], [-4.19034, 34.749864], [-4.191456, 34.749935], [-4.192743, 34.749652], [-4.194975, 34.749441], [-4.195318, 34.7493], [-4.195576, 34.748877], [-4.195833, 34.7493], [-4.196692, 34.749935], [-4.196949, 34.750569], [-4.198236, 34.751275], [-4.199266, 34.75205], [-4.199953, 34.75339], [-4.200983, 34.753179], [-4.202185, 34.753038], [-4.205275, 34.754025], [-4.20948, 34.754871], [-4.211111, 34.75473], [-4.212484, 34.7548], [-4.213943, 34.754448], [-4.2146575612442865, 34.75396784508982], [-4.215488, 34.753038], [-4.215746, 34.752967], [-4.216175, 34.752967], [-4.217119, 34.753249], [-4.220467, 34.753249], [-4.222527, 34.753038], [-4.225615999999999, 34.754902419024965], [-4.225633510733801, 34.754912987929224], [-4.226732, 34.755576], [-4.23171, 34.759102], [-4.2348, 34.761076], [-4.236174, 34.762769], [-4.237118, 34.764602], [-4.23789, 34.76707], [-4.238319, 34.770666], [-4.237633, 34.771159], [-4.237032, 34.771441], [-4.236088, 34.772287], [-4.236088, 34.772569], [-4.235659, 34.773274], [-4.235487, 34.774332], [-4.235659, 34.774684], [-4.235487, 34.774966], [-4.2348, 34.774966], [-4.234886, 34.775178], [-4.235401, 34.775671], [-4.235401, 34.776024], [-4.236431, 34.776235], [-4.236431, 34.777011], [-4.237204, 34.777293], [-4.237547, 34.777293], [-4.238234, 34.777363], [-4.239349, 34.777998], [-4.240036, 34.778139], [-4.241152, 34.778632], [-4.241924, 34.778773], [-4.242096, 34.779055], [-4.242182, 34.779901], [-4.242525, 34.780465], [-4.243212, 34.781311], [-4.243813, 34.781805], [-4.243469, 34.783003], [-4.243555, 34.783426], [-4.244671, 34.78399], [-4.244585, 34.785118], [-4.243555, 34.785893], [-4.243898, 34.787021], [-4.242954, 34.788149], [-4.242868, 34.788501], [-4.24201, 34.788854], [-4.240894, 34.789065], [-4.240465, 34.789347], [-4.240723, 34.7897], [-4.241753, 34.790405], [-4.241753, 34.791532], [-4.240379, 34.792378], [-4.240208, 34.792731], [-4.240036, 34.793295], [-4.240122, 34.793999], [-4.239607, 34.794704], [-4.239264, 34.795762], [-4.239435, 34.798369], [-4.239264, 34.799709], [-4.239006, 34.800131], [-4.239006, 34.800272], [-4.239521, 34.800625], [-4.239435, 34.800766], [-4.23789, 34.801752], [-4.23789, 34.801964], [-4.238148, 34.802246], [-4.238148, 34.802951], [-4.238405, 34.803655], [-4.237289, 34.80429], [-4.236946, 34.805135], [-4.237289, 34.805417], [-4.238749, 34.806122], [-4.242182, 34.806404], [-4.244757, 34.807743], [-4.251451, 34.809293], [-4.251795, 34.809434], [-4.252396, 34.808589], [-4.253511, 34.807884], [-4.254112, 34.80732], [-4.254799, 34.807038], [-4.255657, 34.805981], [-4.256001, 34.806051], [-4.256172, 34.805911], [-4.256344, 34.805276], [-4.25703, 34.80429], [-4.257631, 34.804008], [-4.258264427101668, 34.80382378673849], [-4.258327424030512, 34.80378439636842], [-4.25952, 34.802316], [-4.260035, 34.801893], [-4.260635, 34.800343], [-4.26158, 34.799427], [-4.262009, 34.798299], [-4.26321, 34.79696], [-4.263296, 34.796184], [-4.263639, 34.795691], [-4.264498, 34.795339], [-4.264841, 34.794563], [-4.265528, 34.794493], [-4.266043, 34.793858], [-4.265957, 34.793013], [-4.266043, 34.792872], [-4.266558, 34.792872], [-4.266815, 34.79266], [-4.266214, 34.791955], [-4.266386, 34.791673], [-4.267673, 34.790898], [-4.268017, 34.790334], [-4.26836, 34.790193], [-4.268532, 34.789629], [-4.269047, 34.789488], [-4.269476, 34.788713], [-4.270506, 34.787726], [-4.270935, 34.787515], [-4.272394, 34.787656], [-4.272909, 34.787444], [-4.273338, 34.787021], [-4.273682, 34.786316], [-4.274712, 34.7854], [-4.275484, 34.784906], [-4.276085, 34.78406], [-4.276257, 34.78399], [-4.277029, 34.784131], [-4.277287, 34.78399], [-4.277716, 34.783567], [-4.277544, 34.783426], [-4.277716, 34.783215], [-4.278145, 34.783074], [-4.278145, 34.782792], [-4.277716, 34.782721], [-4.277716, 34.78258], [-4.278574, 34.782157], [-4.279604, 34.78117], [-4.280634, 34.780888], [-4.281836, 34.7811], [-4.282351, 34.7811], [-4.282694, 34.780888], [-4.282951, 34.780113], [-4.283466, 34.77976], [-4.286041, 34.77835], [-4.288445, 34.777857], [-4.289045, 34.777363], [-4.289818, 34.777152], [-4.290419, 34.776517], [-4.291277, 34.77694], [-4.291363, 34.776658], [-4.291019, 34.776024], [-4.291191, 34.775883], [-4.291706, 34.775812], [-4.292135, 34.775953], [-4.292479, 34.776235], [-4.292736, 34.776094], [-4.292994, 34.77546], [-4.294024, 34.775037], [-4.293337, 34.774402], [-4.29368, 34.77412], [-4.294624, 34.773979], [-4.294281, 34.773204], [-4.294624, 34.77271], [-4.295998, 34.772499], [-4.296255, 34.772287], [-4.296083, 34.771723], [-4.296598, 34.771159], [-4.296513, 34.770454], [-4.296684, 34.770313], [-4.297457, 34.770313], [-4.297457, 34.76982], [-4.297543, 34.769679], [-4.298229, 34.769679], [-4.298487, 34.769961], [-4.298744, 34.76989], [-4.299002, 34.769397], [-4.299173, 34.76855], [-4.299431, 34.768268], [-4.29986, 34.768409], [-4.300203, 34.769114], [-4.300461, 34.768339], [-4.301748, 34.767986], [-4.302006, 34.767493], [-4.302607, 34.766788], [-4.303379, 34.766365], [-4.303808, 34.76573], [-4.305353, 34.764179], [-4.305611, 34.763544], [-4.305611, 34.761782], [-4.305782, 34.761429], [-4.306211, 34.761147], [-4.306641, 34.761147], [-4.306555, 34.760935], [-4.306898, 34.760935], [-4.306726, 34.760301], [-4.30707, 34.759948], [-4.306555, 34.759384], [-4.306726, 34.758961], [-4.307585, 34.75889], [-4.307756, 34.758326], [-4.307756, 34.758115], [-4.309731, 34.756704], [-4.310074, 34.75607], [-4.311018, 34.755647], [-4.31076, 34.755294], [-4.309387, 34.75473], [-4.307928, 34.75332], [-4.30707, 34.752896], [-4.30707, 34.752191], [-4.306641, 34.751557], [-4.304581, 34.7493], [-4.303465, 34.748595], [-4.302177, 34.748242], [-4.301748, 34.748242], [-4.301405, 34.748101], [-4.301062, 34.747396], [-4.300289, 34.747255], [-4.300203, 34.746973], [-4.299517, 34.746902], [-4.298229, 34.746479], [-4.296684, 34.745209], [-4.295998, 34.74401], [-4.300203, 34.740625], [-4.30707, 34.738086], [-4.308271, 34.737381], [-4.310589, 34.735547], [-4.312048, 34.73463], [-4.313765, 34.733642], [-4.315395, 34.733149], [-4.318743, 34.729833], [-4.320202, 34.728846], [-4.321232, 34.727929], [-4.321833, 34.725742], [-4.321661, 34.724825], [-4.32106, 34.72426], [-4.320202, 34.723767], [-4.319687, 34.723132], [-4.319258, 34.722708], [-4.318657, 34.722638], [-4.318914, 34.720663], [-4.319859, 34.717488], [-4.322519, 34.712761], [-4.324236, 34.710785], [-4.326124, 34.711844], [-4.328957, 34.709727], [-4.331532, 34.708034], [-4.333506, 34.706975], [-4.338398, 34.708386], [-4.341831, 34.709304], [-4.342432, 34.710432], [-4.343033, 34.710856], [-4.343548, 34.711279], [-4.343891, 34.711209], [-4.344664, 34.710574], [-4.345093, 34.710432], [-4.34535, 34.710432], [-4.345951, 34.710785], [-4.347754, 34.710715], [-4.348269, 34.710926], [-4.349642, 34.710856], [-4.350672, 34.710926], [-4.353676, 34.710009], [-4.355221, 34.709939], [-4.356079, 34.709515], [-4.356766, 34.709868], [-4.357195, 34.709868], [-4.358225, 34.709162], [-4.360199, 34.708598], [-4.3608, 34.707681], [-4.361658, 34.70754], [-4.361916, 34.707751], [-4.361229, 34.708457], [-4.361315, 34.708598], [-4.361572, 34.70881], [-4.362259, 34.70888], [-4.363632, 34.709374], [-4.366293, 34.709727], [-4.36655, 34.709092], [-4.367409, 34.709727], [-4.367838, 34.709515], [-4.368782, 34.709445], [-4.37007, 34.709939], [-4.370327, 34.709939], [-4.370499, 34.709797], [-4.37007, 34.709374], [-4.370155, 34.709304], [-4.372215, 34.709586], [-4.372559, 34.709374], [-4.37273, 34.709021], [-4.374104, 34.708527], [-4.374876, 34.708527], [-4.375648, 34.70888], [-4.375219, 34.708175], [-4.375219, 34.707257], [-4.376335, 34.70627], [-4.377623, 34.705705], [-4.378309, 34.707822], [-4.381914, 34.715653], [-4.382858, 34.717841], [-4.38612, 34.723908], [-4.386892, 34.724472], [-4.387579, 34.724613], [-4.391956, 34.724754], [-4.396076, 34.724331], [-4.396162, 34.723978], [-4.397364, 34.723555], [-4.397621, 34.723343], [-4.397364, 34.721227], [-4.397449, 34.721015], [-4.397364, 34.72031], [-4.39702, 34.719957], [-4.396162, 34.719887], [-4.395905, 34.719675], [-4.395733, 34.719252], [-4.409037, 34.719252], [-4.412813, 34.71911], [-4.413414, 34.718334], [-4.413671, 34.717629], [-4.414444, 34.716853], [-4.41556, 34.71643], [-4.415731, 34.716077], [-4.415216, 34.715371], [-4.415216, 34.715089], [-4.415989, 34.714313], [-4.416504, 34.713396], [-4.416676, 34.711632], [-4.416676, 34.710997], [-4.417105, 34.709939], [-4.41762, 34.709374], [-4.417877, 34.708527], [-4.418564, 34.708034], [-4.41968, 34.707751], [-4.420366, 34.706905], [-4.420624, 34.705987], [-4.424057, 34.70634], [-4.425259, 34.707116], [-4.422941, 34.704223], [-4.424744, 34.701965], [-4.425516, 34.700131], [-4.424915, 34.699284], [-4.422083, 34.697449], [-4.41968, 34.695403], [-4.416933, 34.693638], [-4.414444, 34.692227], [-4.412985, 34.691027], [-4.41453, 34.689051], [-4.420452, 34.686299], [-4.424143, 34.684605], [-4.428864, 34.683828], [-4.430666, 34.684181], [-4.437017, 34.68397], [-4.438047, 34.684958], [-4.440279, 34.688204], [-4.441996, 34.687216], [-4.442425, 34.685099], [-4.44397, 34.68404], [-4.445686, 34.680935], [-4.446287, 34.672817], [-4.445772, 34.66957], [-4.446373, 34.666817], [-4.44663, 34.664276], [-4.445772, 34.662723], [-4.444056, 34.660817], [-4.442425, 34.660675], [-4.440708, 34.659475], [-4.440365, 34.658628], [-4.438992, 34.657428], [-4.438734143086846, 34.657003912999144], [-4.438495617419687, 34.656620987207816], [-4.438734, 34.65651], [-4.441395, 34.656934], [-4.44294, 34.657498], [-4.448605, 34.658699], [-4.45118, 34.659687], [-4.454269, 34.661099], [-4.455814, 34.662299], [-4.457102, 34.664205], [-4.458904, 34.666041], [-4.45899, 34.669147], [-4.460363, 34.67077], [-4.461651, 34.671406], [-4.46414, 34.671759], [-4.467487, 34.672535], [-4.469032, 34.672676], [-4.473238, 34.675217], [-4.475985, 34.676276], [-4.478045, 34.6767], [-4.478216, 34.679382], [-4.479933, 34.681288], [-4.481993, 34.682982], [-4.485168, 34.68284], [-4.488001, 34.683687], [-4.491777, 34.68651], [-4.493837, 34.686722], [-4.495897, 34.687569], [-4.497185, 34.688487], [-4.501047, 34.689333], [-4.503107, 34.689545], [-4.503622, 34.690886], [-4.504395, 34.694697], [-4.505682, 34.696461], [-4.507399, 34.698155], [-4.508944, 34.699213], [-4.512119, 34.699919], [-4.518385, 34.699566], [-4.519844, 34.69999], [-4.520102, 34.699354], [-4.52096, 34.699002], [-4.522247, 34.699002], [-4.523106, 34.698578], [-4.523964, 34.698719], [-4.525766, 34.700131], [-4.526281, 34.701471], [-4.526882, 34.701612], [-4.527311, 34.702177], [-4.52714, 34.702883], [-4.527826, 34.703518], [-4.528427, 34.703941], [-4.529972, 34.704647], [-4.531088, 34.704858], [-4.531431, 34.70507], [-4.531689, 34.704647], [-4.531775, 34.70126], [-4.532547, 34.700131], [-4.538126, 34.699425], [-4.5401, 34.699637], [-4.540014, 34.69999], [-4.540358, 34.700554], [-4.540186, 34.700836], [-4.541216, 34.701965], [-4.542675, 34.70126], [-4.545937, 34.700907], [-4.546881, 34.700272], [-4.548082, 34.699778], [-4.549112, 34.699496], [-4.550228, 34.698931], [-4.551172, 34.69886], [-4.554262, 34.697237], [-4.556837, 34.695544], [-4.557524, 34.69512], [-4.557781, 34.695262], [-4.561043, 34.692721], [-4.562416, 34.692298], [-4.5634272104742255, 34.691291129484895], [-4.563445999999999, 34.69127242060086], [-4.564047, 34.690674], [-4.564304, 34.690251], [-4.565248, 34.689827], [-4.565678, 34.689333], [-4.566278, 34.688698], [-4.566879, 34.68764], [-4.567823, 34.687428], [-4.567995, 34.686087], [-4.568768, 34.684887], [-4.568853, 34.684252], [-4.569283, 34.683828], [-4.56954, 34.683123], [-4.570312, 34.682487], [-4.573231, 34.681641], [-4.574518, 34.681711], [-4.574432, 34.682558], [-4.574003, 34.683828], [-4.573917, 34.685169], [-4.574261, 34.685805], [-4.575205, 34.686016], [-4.575977, 34.685734], [-4.576578, 34.685593], [-4.577179, 34.68575782794308], [-4.577191032206803, 34.68576112784973], [-4.577351, 34.685805], [-4.577608, 34.686016], [-4.578123, 34.68771], [-4.578638, 34.69131], [-4.578724, 34.693074], [-4.578552, 34.694062], [-4.579067, 34.695262], [-4.579668, 34.69752], [-4.578466, 34.70006], [-4.578466, 34.700907], [-4.579153, 34.701401], [-4.580526, 34.701542], [-4.581213, 34.701189], [-4.581642, 34.700695], [-4.582157, 34.699496], [-4.582758, 34.69886], [-4.583101, 34.698649], [-4.583616, 34.698578], [-4.583874, 34.699002], [-4.583874, 34.699425], [-4.583702, 34.699707], [-4.583015, 34.700413], [-4.583273, 34.701189], [-4.58396, 34.702389], [-4.584818, 34.703377], [-4.58499, 34.704435], [-4.585419, 34.704506], [-4.58602, 34.704717], [-4.587049, 34.705352], [-4.587564, 34.705987], [-4.587908, 34.707681], [-4.588165, 34.708245], [-4.588852, 34.708951], [-4.589109, 34.709515], [-4.588766, 34.71015], [-4.58765, 34.710926], [-4.587479, 34.711491], [-4.58765, 34.712196], [-4.588509, 34.712902], [-4.590998, 34.71389], [-4.591084, 34.714172], [-4.590139, 34.716853], [-4.590225, 34.717841], [-4.590397, 34.718123], [-4.591169, 34.718193], [-4.592371, 34.717841], [-4.593315, 34.717347], [-4.593658, 34.717699], [-4.593744, 34.718123], [-4.593573, 34.718546], [-4.593573, 34.718758], [-4.593916, 34.719181], [-4.594173, 34.71911], [-4.594774, 34.718828], [-4.595375, 34.717911], [-4.596233, 34.717629], [-4.597178, 34.717911], [-4.59795, 34.718476], [-4.598122, 34.718969], [-4.59795, 34.719393], [-4.598122, 34.720028], [-4.598637, 34.720239], [-4.599409, 34.719675], [-4.600353, 34.718334], [-4.601641, 34.718405], [-4.601984, 34.718828], [-4.601812, 34.719463], [-4.601383, 34.720028], [-4.600697, 34.720521], [-4.600439, 34.720945], [-4.599667, 34.721086], [-4.599581, 34.721509], [-4.600611, 34.722003], [-4.602671, 34.722567], [-4.606104, 34.723202], [-4.606791, 34.723061], [-4.607048, 34.721932], [-4.606962, 34.721439], [-4.60722, 34.721297], [-4.607735, 34.721227], [-4.60928, 34.72165], [-4.60988, 34.722003], [-4.610224, 34.722003], [-4.611168, 34.722497], [-4.611597, 34.722567], [-4.612541, 34.722356], [-4.613314, 34.72158], [-4.614086, 34.721439], [-4.614429, 34.72165]]]]}, "properties": {"territoire_id": 7, "nom": "Al Hoceima"}}, {"type": "Feature", "geometry": {"type": "MultiPolygon", "coordinates": [[[[-4.794331, 35.249825], [-4.791756, 35.247512], [-4.785061, 35.240502], [-4.782743, 35.238469], [-4.780083, 35.236997], [-4.777937, 35.236716], [-4.776049, 35.237067], [-4.775362, 35.236927], [-4.773817, 35.236226], [-4.772787, 35.235525], [-4.772272, 35.235454], [-4.770813, 35.235525], [-4.769526, 35.234683], [-4.767723, 35.234753], [-4.766779, 35.234543], [-4.759226, 35.229565], [-4.751329, 35.225148], [-4.749956, 35.224447], [-4.748497, 35.224026], [-4.746695, 35.223676], [-4.74515, 35.223676], [-4.739485, 35.224728], [-4.738283, 35.225289], [-4.737253, 35.225359], [-4.736137, 35.224868], [-4.7297, 35.220591], [-4.724379, 35.217786], [-4.723005, 35.217646], [-4.71983, 35.216594], [-4.718113, 35.216524], [-4.717855, 35.216173], [-4.712791, 35.21414], [-4.711418, 35.214069], [-4.709873, 35.21428], [-4.699917, 35.210283], [-4.69614, 35.209371], [-4.691334, 35.20874], [-4.684896, 35.207197], [-4.680347, 35.205303], [-4.679146, 35.205023], [-4.677, 35.204813], [-4.675369, 35.205023], [-4.672365, 35.206005], [-4.668932, 35.206846], [-4.667473, 35.207758], [-4.667473, 35.207968], [-4.667301, 35.207968], [-4.667215, 35.207688], [-4.665241, 35.208179], [-4.665155, 35.208319], [-4.665585, 35.209371], [-4.666014, 35.20909], [-4.667559, 35.20867], [-4.667816, 35.208389], [-4.667988, 35.208529], [-4.66773, 35.20881], [-4.666185, 35.209371], [-4.665756, 35.209581], [-4.664812, 35.211335], [-4.663868, 35.212036], [-4.663181, 35.212246], [-4.662752, 35.212737], [-4.662495, 35.212737], [-4.662151, 35.212527], [-4.662066, 35.212667], [-4.661808, 35.212597], [-4.661293, 35.212877], [-4.660521, 35.212877], [-4.659233, 35.212597], [-4.659319, 35.212386], [-4.659748, 35.212246], [-4.659491, 35.212176], [-4.659576, 35.211966], [-4.659748, 35.211896], [-4.659748, 35.212036], [-4.660263, 35.211896], [-4.660177, 35.211405], [-4.660778, 35.210914], [-4.659834, 35.210213], [-4.658289, 35.209932], [-4.657688, 35.209932], [-4.656572, 35.210213], [-4.655628, 35.210703], [-4.655113, 35.211615], [-4.655285, 35.212176], [-4.655972, 35.212386], [-4.656229, 35.212597], [-4.656143, 35.212807], [-4.655886, 35.213018], [-4.6558, 35.213368], [-4.655628, 35.213719], [-4.65477, 35.213368], [-4.654598, 35.213088], [-4.654255, 35.213228], [-4.65374, 35.212947], [-4.653568, 35.212316], [-4.653912, 35.212106], [-4.653654, 35.211966], [-4.653053, 35.212036], [-4.653053, 35.212246], [-4.653311, 35.212667], [-4.653311, 35.213228], [-4.652624, 35.213298], [-4.652281, 35.213158], [-4.652195, 35.212807], [-4.652367, 35.212246], [-4.652281, 35.212246], [-4.651766, 35.212737], [-4.651852, 35.213298], [-4.65168, 35.213368], [-4.651079, 35.213228], [-4.649792, 35.21428], [-4.649534, 35.213929], [-4.648762, 35.21414], [-4.64859, 35.214069], [-4.648075, 35.213368], [-4.647989, 35.213228], [-4.648333, 35.213018], [-4.647989, 35.212807], [-4.647989, 35.212597], [-4.648333, 35.212316], [-4.649105, 35.212176], [-4.649363, 35.211896], [-4.648933, 35.211054], [-4.648247, 35.210283], [-4.646444, 35.208529], [-4.631681, 35.195695], [-4.627819, 35.193941], [-4.62636, 35.193521], [-4.622669, 35.192959], [-4.620953, 35.192539], [-4.619751, 35.191837], [-4.617949, 35.190925], [-4.614172, 35.189522], [-4.61237, 35.189242], [-4.610138, 35.189101], [-4.605503, 35.188049], [-4.603271, 35.187699], [-4.602413, 35.187769], [-4.600782, 35.18833], [-4.600439, 35.18833], [-4.599924, 35.18847], [-4.595375, 35.190785], [-4.592714, 35.191697], [-4.591084, 35.191907], [-4.584045, 35.190364], [-4.581127, 35.189943], [-4.578295, 35.189172], [-4.576063, 35.188891], [-4.574862, 35.188049], [-4.57366, 35.187628], [-4.571342, 35.187067], [-4.570312363572185, 35.18699702470879], [-4.56851, 35.187067], [-4.567394, 35.187278], [-4.566622, 35.187278], [-4.566446393721008, 35.187222768992896], [-4.566193, 35.187208], [-4.56336, 35.186155], [-4.561129, 35.184822], [-4.558039, 35.183911], [-4.555035, 35.183419], [-4.552631, 35.18349], [-4.550056, 35.182858], [-4.548683, 35.182718], [-4.547567, 35.182227], [-4.54525, 35.181525], [-4.542418, 35.180333], [-4.541388, 35.180122], [-4.538813, 35.180052], [-4.537783, 35.179842], [-4.535723, 35.178649], [-4.534349, 35.178158], [-4.533749, 35.178018], [-4.533234, 35.178088], [-4.532547, 35.178018], [-4.530573, 35.177386], [-4.523277, 35.176334], [-4.521732, 35.175773], [-4.520445, 35.175632], [-4.519869329452475, 35.175338718061674], [-4.519414740724763, 35.17529755220017], [-4.518213, 35.175352], [-4.516325, 35.175703], [-4.513664, 35.176544], [-4.511089, 35.177036], [-4.508171, 35.177036], [-4.506111, 35.177246], [-4.50482777132702, 35.177187860189576], [-4.503021, 35.177316], [-4.501562, 35.177246], [-4.499331, 35.177036], [-4.498816, 35.176825], [-4.496927, 35.176404], [-4.495125, 35.176474], [-4.494696, 35.176334], [-4.49358, 35.176404], [-4.491863, 35.176124], [-4.489803, 35.175282], [-4.487829, 35.174159], [-4.486713, 35.173808], [-4.483538, 35.172966], [-4.478731, 35.171002], [-4.475126, 35.169879], [-4.474697, 35.169669], [-4.472857266444506, 35.16835260812582], [-4.467487, 35.165178], [-4.467750274360142, 35.164544064015146], [-4.468603, 35.164477], [-4.469204, 35.163635], [-4.471264, 35.163635], [-4.472122, 35.163354], [-4.471951, 35.162442], [-4.473753, 35.16167], [-4.47444, 35.160267], [-4.476585, 35.159074], [-4.478559, 35.158723], [-4.479332, 35.158021], [-4.480534, 35.158161], [-4.482164, 35.1576], [-4.482679, 35.15774], [-4.483452, 35.156828], [-4.484482, 35.156688], [-4.484911, 35.156477], [-4.488602, 35.153249], [-4.489546, 35.151916], [-4.49049, 35.148126], [-4.491692, 35.146372], [-4.493065, 35.143915], [-4.493666, 35.14209], [-4.494781, 35.140687], [-4.494781, 35.139634], [-4.493322, 35.138651], [-4.488173, 35.138862], [-4.486885, 35.1383], [-4.48637, 35.13816], [-4.48637, 35.1383], [-4.485598, 35.138721], [-4.483881, 35.138932], [-4.48019, 35.138932], [-4.479589, 35.139353], [-4.478645, 35.139844], [-4.4765, 35.139213], [-4.47547, 35.139844], [-4.474182, 35.139844], [-4.473581, 35.140125], [-4.47298, 35.140195], [-4.472122, 35.139634], [-4.471693, 35.139985], [-4.470835, 35.140125], [-4.470148, 35.139634], [-4.469976, 35.140195], [-4.469461, 35.140406], [-4.468689, 35.140406], [-4.467916, 35.140616], [-4.466629, 35.140406], [-4.465342, 35.140967], [-4.465084, 35.140266], [-4.464483, 35.139704], [-4.463968, 35.138862], [-4.464226, 35.137388], [-4.463882, 35.136616], [-4.464054, 35.135703], [-4.464741, 35.135703], [-4.466114, 35.135493], [-4.467916, 35.135703], [-4.471951, 35.133668], [-4.472551, 35.132615], [-4.474354, 35.131632], [-4.475899, 35.131843], [-4.4765, 35.130719], [-4.478388, 35.130439], [-4.479933, 35.130439], [-4.480877, 35.130298], [-4.482508, 35.129526], [-4.484053, 35.127841], [-4.483624, 35.12735], [-4.483709, 35.127139], [-4.484568, 35.126437], [-4.484825, 35.125244], [-4.484568, 35.124963], [-4.484482, 35.123489], [-4.483709, 35.122647], [-4.481993, 35.121383], [-4.481907, 35.119417], [-4.480963, 35.118926], [-4.480448, 35.118855], [-4.480276, 35.118575], [-4.479761, 35.116539], [-4.478731, 35.115556], [-4.478045, 35.114222], [-4.475813, 35.111554], [-4.472466, 35.108324], [-4.472551, 35.108183], [-4.472551, 35.107622], [-4.472208, 35.106709], [-4.469976, 35.10397], [-4.469547, 35.103619], [-4.468775, 35.103409], [-4.467659, 35.102636], [-4.466372, 35.100179], [-4.466457, 35.098423], [-4.466972, 35.097229], [-4.465342, 35.097721], [-4.463968, 35.096527], [-4.462767, 35.095403], [-4.460878, 35.093156], [-4.457874, 35.088451], [-4.457188, 35.087678], [-4.455729, 35.084869], [-4.455846520065606, 35.084889128097956], [-4.459419, 35.085501], [-4.460707, 35.081638], [-4.466801, 35.070961], [-4.470577, 35.056278], [-4.470406, 35.055786], [-4.471436, 35.054521], [-4.472122, 35.053959], [-4.473324, 35.053327], [-4.474268, 35.052132], [-4.474869, 35.051781], [-4.475384, 35.050797], [-4.476757, 35.049392], [-4.477701, 35.047916], [-4.479074, 35.046722], [-4.479332, 35.045949], [-4.479589, 35.041803], [-4.481134, 35.036884], [-4.482594, 35.0359], [-4.489803, 35.027326], [-4.490404, 35.026342], [-4.488773, 35.026342], [-4.497528, 35.020789], [-4.498472, 35.021], [-4.499331, 35.021], [-4.502678, 35.020508], [-4.504051, 35.020648], [-4.505339, 35.020508], [-4.506969, 35.019805], [-4.508858, 35.01861], [-4.50963, 35.017837], [-4.510746, 35.015657], [-4.511862, 35.014744], [-4.512291, 35.014041], [-4.512548, 35.0139], [-4.513664, 35.013619], [-4.515123, 35.014533], [-4.515123, 35.01383], [-4.514866, 35.012916], [-4.514694, 35.010737], [-4.514437, 35.010245], [-4.51272, 35.010315], [-4.512463, 35.010104], [-4.512892, 35.009542], [-4.513235, 35.007011], [-4.513836, 35.005745], [-4.513836, 35.004761], [-4.512806, 35.004269], [-4.511948, 35.004058], [-4.511776, 35.003847], [-4.511175, 35.003777], [-4.510403, 35.003496], [-4.509544, 35.002511], [-4.509115, 35.002371], [-4.50963, 35.002371], [-4.509287, 35.001738], [-4.509459, 35.000613], [-4.509802, 35.000261], [-4.510145, 35.000121], [-4.510317, 34.99991], [-4.511948, 34.999136], [-4.513321, 34.998152], [-4.516582, 34.995621], [-4.517012, 34.995058], [-4.517698, 34.994496], [-4.520445, 34.993441], [-4.52302, 34.992246], [-4.52611, 34.990136], [-4.52714, 34.989152], [-4.529114, 34.98641], [-4.5298, 34.985214], [-4.530144, 34.983456], [-4.530144, 34.98212], [-4.5298, 34.980854], [-4.528513, 34.979799], [-4.52817, 34.979237], [-4.52817, 34.978885], [-4.526882, 34.978463], [-4.526453, 34.9779], [-4.52611, 34.976634], [-4.526024, 34.975158], [-4.526625, 34.974032], [-4.52714, 34.973329], [-4.529715, 34.970445], [-4.533663, 34.967773], [-4.535465, 34.966788], [-4.538469, 34.962849], [-4.539757, 34.961864], [-4.541143468781099, 34.9611406569124], [-4.541645, 34.960879], [-4.54319, 34.960668], [-4.544477, 34.960668], [-4.545765, 34.961161], [-4.546452, 34.961935], [-4.546623, 34.963341], [-4.546967, 34.964115], [-4.547653, 34.964396], [-4.549112, 34.964185], [-4.553232, 34.962216], [-4.562502, 34.956307], [-4.563875, 34.955604], [-4.568424, 34.955252], [-4.5703129816902495, 34.95525213406903], [-4.571857, 34.955463], [-4.573574, 34.956307], [-4.574261, 34.956377], [-4.575891, 34.956307], [-4.576235, 34.956377], [-4.577004139896373, 34.95626293264249], [-4.577436, 34.956307], [-4.577608, 34.956096], [-4.578123, 34.956166], [-4.579153, 34.956096], [-4.579325, 34.955885], [-4.57881, 34.955744], [-4.57881, 34.955604], [-4.579754, 34.955463], [-4.579582, 34.954689], [-4.578552, 34.954267], [-4.578209, 34.953915], [-4.578123, 34.953493], [-4.578381, 34.953071], [-4.578381, 34.952649], [-4.578896, 34.951805], [-4.57984, 34.952649], [-4.581041, 34.951734], [-4.582586, 34.952157], [-4.583015, 34.952086], [-4.58456, 34.951031], [-4.584818, 34.950609], [-4.585419, 34.950468], [-4.58602, 34.95082], [-4.586191, 34.950679], [-4.586277, 34.950187], [-4.586706, 34.95075], [-4.587221, 34.95075], [-4.587221, 34.95089], [-4.587135, 34.951312], [-4.58662, 34.951805], [-4.58662, 34.952016], [-4.587049, 34.951805], [-4.587564, 34.951805], [-4.588938, 34.953352], [-4.589539, 34.95483], [-4.589882, 34.955041], [-4.590054, 34.955322], [-4.590826, 34.955533], [-4.591684, 34.955252], [-4.593058, 34.955393], [-4.593658, 34.955252], [-4.594345, 34.95483], [-4.594431, 34.954548], [-4.595804, 34.953212], [-4.596062, 34.95279], [-4.596148, 34.952368], [-4.596748, 34.951594], [-4.597864, 34.949413], [-4.598379, 34.948639], [-4.598637, 34.947865], [-4.599237, 34.947091], [-4.601812, 34.944558], [-4.603786, 34.942237], [-4.604559, 34.941744], [-4.606361, 34.941463], [-4.60885, 34.941533], [-4.611511, 34.941744], [-4.615631, 34.942448], [-4.616489, 34.942237], [-4.618378, 34.942096], [-4.619665, 34.942166], [-4.621811, 34.942588], [-4.624472, 34.945895], [-4.624901, 34.946317], [-4.626017, 34.946317], [-4.627132, 34.94695], [-4.627562, 34.947584], [-4.629192, 34.948076], [-4.631338, 34.948358], [-4.632711, 34.948358], [-4.634256, 34.948217], [-4.637089, 34.948428], [-4.640007, 34.949131], [-4.643269, 34.951594], [-4.643955, 34.951875], [-4.644041, 34.952227], [-4.646444, 34.953071], [-4.64756, 34.953001], [-4.648504, 34.952649], [-4.64962, 34.952438], [-4.650736, 34.952649], [-4.65271, 34.953282], [-4.653826, 34.953212], [-4.65786, 34.952438], [-4.659233, 34.952579], [-4.65992, 34.952508], [-4.661808, 34.951242], [-4.664383, 34.949976], [-4.665327, 34.949272], [-4.666271, 34.948709], [-4.667988, 34.949061], [-4.667988, 34.949342], [-4.667044, 34.949554], [-4.668159, 34.949976], [-4.668159, 34.950046], [-4.667215, 34.950327], [-4.668159, 34.950468], [-4.668846, 34.951031], [-4.669018, 34.951523], [-4.669619, 34.951734], [-4.66979, 34.952438], [-4.670305, 34.953141], [-4.670734, 34.953634], [-4.67082, 34.9549], [-4.663439, 34.961512], [-4.665413, 34.960387], [-4.666357, 34.960317], [-4.668417, 34.959684], [-4.669275, 34.959262], [-4.673223, 34.95891], [-4.674168, 34.958206], [-4.675026, 34.957855], [-4.676313, 34.958558], [-4.678202, 34.957573], [-4.679747, 34.95694], [-4.68112, 34.957151], [-4.681377, 34.955322], [-4.68009, 34.950116], [-4.679575, 34.944207], [-4.678459, 34.941392], [-4.679747, 34.941111], [-4.680691, 34.940196], [-4.680948, 34.93893], [-4.68112, 34.936819], [-4.681377, 34.935834], [-4.681549, 34.932527], [-4.681721, 34.931753], [-4.68215, 34.93119], [-4.682922, 34.930416], [-4.684467, 34.929571], [-4.685497, 34.92929], [-4.687386, 34.929008], [-4.689274, 34.928938], [-4.690905, 34.928445], [-4.691763, 34.927601], [-4.692535, 34.925912], [-4.694595, 34.924645], [-4.695969, 34.923942], [-4.696569, 34.923097], [-4.697771, 34.922393], [-4.697771, 34.920634], [-4.699144, 34.920704], [-4.702492, 34.920071], [-4.710817, 34.919086], [-4.713821, 34.918452], [-4.716568, 34.918452], [-4.718285, 34.917326], [-4.719315, 34.916411], [-4.721117, 34.916059], [-4.72249, 34.9162], [-4.723606, 34.914652], [-4.724636, 34.913807], [-4.725237, 34.912188], [-4.72558, 34.911836], [-4.725838, 34.911836], [-4.726439, 34.91071], [-4.728241, 34.908739], [-4.729786, 34.907543], [-4.730902, 34.906909], [-4.732447, 34.906557], [-4.735365, 34.906346], [-4.741802, 34.906205], [-4.743004, 34.905924], [-4.743605, 34.904938], [-4.744034, 34.902545], [-4.744034, 34.900222], [-4.744205, 34.897054], [-4.74575, 34.89459], [-4.746609, 34.892619], [-4.747381, 34.891704], [-4.747615635658914, 34.891563], [-4.747639, 34.891563], [-4.748669, 34.89093], [-4.749269, 34.890296], [-4.749441, 34.888395], [-4.74987, 34.887269], [-4.751844, 34.885931], [-4.753046, 34.885016], [-4.754248, 34.884452], [-4.755363, 34.883326], [-4.755621, 34.88227], [-4.754763, 34.880932], [-4.754591, 34.880298], [-4.754584232786885, 34.880298], [-4.754505, 34.880017], [-4.754248, 34.879594], [-4.753819, 34.877623], [-4.752703, 34.875017], [-4.753132, 34.873116], [-4.751501, 34.87213], [-4.750214, 34.871074], [-4.748583, 34.870229], [-4.748068, 34.868961], [-4.747896, 34.86875], [-4.746523, 34.868187], [-4.74618, 34.868327], [-4.745922, 34.86868], [-4.745836, 34.868116], [-4.74618, 34.867623], [-4.746866, 34.867342], [-4.747982, 34.867482], [-4.748669, 34.867342], [-4.750214, 34.867412], [-4.753389, 34.866637], [-4.756222, 34.865229], [-4.757252, 34.864595], [-4.760427, 34.863891], [-4.761972, 34.862834], [-4.76326, 34.862553], [-4.764118, 34.86213], [-4.764118, 34.861848], [-4.764462, 34.861778], [-4.765577, 34.860229], [-4.765749, 34.860229], [-4.767466, 34.859454], [-4.768925, 34.858257], [-4.76944, 34.857341], [-4.769268, 34.856214], [-4.769526, 34.856003], [-4.769697, 34.855439], [-4.770041, 34.854876], [-4.771671, 34.854735], [-4.772272, 34.854101], [-4.77313, 34.854312], [-4.773817, 34.854172], [-4.77519, 34.853115], [-4.776134, 34.853045], [-4.776564, 34.852692], [-4.776735, 34.852692], [-4.777508, 34.852974], [-4.777937, 34.853397], [-4.77931, 34.853819], [-4.780426, 34.855017], [-4.780684, 34.855721], [-4.781971, 34.856073], [-4.782486, 34.856425], [-4.783087, 34.856566], [-4.784288, 34.856496], [-4.785061, 34.856637], [-4.785576, 34.856918], [-4.785919, 34.857411], [-4.786091, 34.858186], [-4.786606, 34.859243], [-4.787807, 34.859876], [-4.789095, 34.861074], [-4.790297, 34.861285], [-4.791327, 34.862201], [-4.791842, 34.863609], [-4.793558, 34.865229], [-4.794245, 34.866426], [-4.794588, 34.867412], [-4.795446, 34.867553], [-4.796047, 34.867975], [-4.796047, 34.868398], [-4.79785, 34.869736], [-4.801798, 34.878045], [-4.802055, 34.877693], [-4.802313, 34.877693], [-4.802914, 34.877975], [-4.803686, 34.877904], [-4.803944, 34.878186], [-4.804373, 34.878256], [-4.805145, 34.878115], [-4.805918, 34.877623], [-4.806776, 34.876848], [-4.808407, 34.875862], [-4.808922, 34.875158], [-4.80978, 34.874806], [-4.81081, 34.873257], [-4.811583, 34.871356], [-4.812613, 34.87037], [-4.812527, 34.870158], [-4.812183, 34.870229], [-4.812269, 34.870018], [-4.813986, 34.86882], [-4.814243, 34.868187], [-4.81493, 34.867764], [-4.81493, 34.867342], [-4.814672, 34.866919], [-4.815187, 34.866356], [-4.815702, 34.866144], [-4.816217, 34.866356], [-4.816647, 34.866356], [-4.817162, 34.866004], [-4.817848, 34.865299], [-4.81802, 34.864736], [-4.818192, 34.864595], [-4.818277, 34.864313], [-4.818621, 34.864102], [-4.818964, 34.86368], [-4.818878, 34.863539], [-4.81802, 34.86368], [-4.817848, 34.862764], [-4.816818, 34.861426], [-4.816904, 34.861215], [-4.816303, 34.860017], [-4.815187, 34.859102], [-4.814844, 34.858538], [-4.813814, 34.857623], [-4.813557, 34.857623], [-4.812269, 34.856918], [-4.812183, 34.856566], [-4.812527, 34.856214], [-4.81184, 34.854665], [-4.81184, 34.854101], [-4.811411, 34.853467], [-4.810896, 34.853045], [-4.810638, 34.85227], [-4.810295, 34.851847], [-4.809694, 34.850579], [-4.804802, 34.853045], [-4.804888, 34.85389], [-4.804373, 34.853397], [-4.803085, 34.853045], [-4.802828, 34.852763], [-4.80257, 34.851847], [-4.802227, 34.851143], [-4.80094, 34.849945], [-4.799995, 34.848607], [-4.79948, 34.848044], [-4.798365, 34.84748], [-4.797249, 34.846353], [-4.794674, 34.842408], [-4.795189, 34.840154], [-4.795354151225529, 34.83986804454651], [-4.79558315133706, 34.83947153625218], [-4.795762284969034, 34.83943889610155], [-4.797249, 34.839168], [-4.79785, 34.839238], [-4.798622, 34.838886], [-4.800339, 34.838534], [-4.801626, 34.838041], [-4.802055, 34.837759], [-4.803257, 34.837336], [-4.803944, 34.836914], [-4.805059, 34.835716], [-4.805489, 34.835505], [-4.805746, 34.835434], [-4.807291, 34.835646], [-4.808922, 34.836491], [-4.810038, 34.836773], [-4.810724, 34.837054], [-4.8139, 34.836843], [-4.814501, 34.836702], [-4.815187, 34.836843], [-4.815187, 34.836491], [-4.815702, 34.83642], [-4.816217, 34.836139], [-4.816732, 34.835223], [-4.816904, 34.834941], [-4.816904, 34.834377], [-4.817934, 34.832405], [-4.817848, 34.831066], [-4.817505, 34.829516], [-4.817505, 34.829093], [-4.817848, 34.828741], [-4.819736, 34.8286], [-4.820166, 34.828812], [-4.820509, 34.828812], [-4.820852, 34.8286], [-4.821539, 34.8286], [-4.822483, 34.828389], [-4.823256, 34.82853], [-4.823771, 34.828812], [-4.825916, 34.827825], [-4.826689, 34.827755], [-4.828234, 34.827825], [-4.82935, 34.828248], [-4.830894, 34.828318], [-4.831581, 34.82853], [-4.833384, 34.828178], [-4.834671, 34.828318], [-4.834499, 34.827825], [-4.834585, 34.826909], [-4.832954, 34.825641], [-4.832439, 34.825007], [-4.832525, 34.824655], [-4.83304, 34.824373], [-4.833384, 34.82395], [-4.833984, 34.822823], [-4.833384, 34.821414], [-4.833899, 34.82092], [-4.834843, 34.820427], [-4.835186, 34.820568], [-4.835272, 34.820779], [-4.835014, 34.821202], [-4.835014, 34.821414], [-4.835186, 34.821625], [-4.835958, 34.821836], [-4.837246, 34.822823], [-4.837933, 34.823527], [-4.838963, 34.823386], [-4.840422, 34.823527], [-4.841967, 34.823386], [-4.842138, 34.823598], [-4.842052, 34.824302], [-4.842224, 34.824514], [-4.842396, 34.824514], [-4.843426, 34.824091], [-4.843941, 34.824091], [-4.845142, 34.824725], [-4.846945, 34.824937], [-4.847717, 34.824796], [-4.84849, 34.825289], [-4.849777, 34.825148], [-4.850636, 34.824866], [-4.851065, 34.824866], [-4.851923, 34.825077], [-4.852953, 34.824725], [-4.853811, 34.824161], [-4.854755, 34.82388], [-4.855528, 34.823457], [-4.856386, 34.823598], [-4.856558, 34.823527], [-4.856987, 34.823034], [-4.857588, 34.822611], [-4.858789, 34.8224], [-4.858789, 34.822541], [-4.859819, 34.823034], [-4.860334, 34.823034], [-4.860678, 34.822823], [-4.861622, 34.822893], [-4.862823, 34.824021], [-4.862738, 34.824584], [-4.862394, 34.824796], [-4.861622, 34.825077], [-4.861107, 34.825712], [-4.861021, 34.826346], [-4.861193, 34.82705], [-4.861279, 34.827191], [-4.861622, 34.827121], [-4.861965, 34.826698], [-4.86248, 34.826416], [-4.86454, 34.825571], [-4.864626, 34.825218], [-4.86454, 34.824796], [-4.864626, 34.824584], [-4.864883, 34.824443], [-4.865398, 34.824373], [-4.865742, 34.824584], [-4.866686, 34.825993], [-4.867029, 34.826134], [-4.867287, 34.825993], [-4.868402, 34.824725], [-4.86866, 34.824584], [-4.869089, 34.824725], [-4.870119, 34.826627], [-4.870634, 34.827121], [-4.870548, 34.827966], [-4.870892, 34.828178], [-4.873037, 34.826487], [-4.873981, 34.826275], [-4.875011, 34.825782], [-4.875612, 34.826205], [-4.876814, 34.826346], [-4.877243, 34.826627], [-4.877501, 34.82698], [-4.878616, 34.82698], [-4.879904, 34.827403], [-4.880419, 34.827262], [-4.881191, 34.826064], [-4.882479, 34.825852], [-4.884024, 34.825782], [-4.884453, 34.826205], [-4.884796, 34.827121], [-4.885139, 34.827543], [-4.885569, 34.827896], [-4.885912, 34.827966], [-4.886084, 34.827896], [-4.886169, 34.827543], [-4.887543, 34.827332], [-4.8878, 34.827121], [-4.887886, 34.826698], [-4.888573, 34.826557], [-4.888659, 34.826134], [-4.888573, 34.824725], [-4.888916, 34.824302], [-4.889174, 34.824302], [-4.890118, 34.824937], [-4.890633, 34.824937], [-4.891233, 34.824302], [-4.891663, 34.823175], [-4.892263, 34.823175], [-4.893894, 34.823316], [-4.894409, 34.823034], [-4.895182, 34.822259], [-4.895868, 34.822048], [-4.896555, 34.821907], [-4.898014, 34.821907], [-4.898701, 34.821625], [-4.899216, 34.821273], [-4.899645, 34.820427], [-4.899817, 34.819934], [-4.902134, 34.820427], [-4.902563, 34.820216], [-4.902821, 34.819652], [-4.902563, 34.818525], [-4.902735, 34.817749], [-4.902821, 34.817468], [-4.904194, 34.816833], [-4.904366, 34.816481], [-4.904366, 34.816129], [-4.903765, 34.815213], [-4.903765, 34.81486], [-4.903936, 34.814578], [-4.904709, 34.814649], [-4.906168, 34.815354], [-4.90634, 34.815142], [-4.906254, 34.814156], [-4.906425, 34.814015], [-4.906769, 34.814015], [-4.907198, 34.814226], [-4.908571, 34.815354], [-4.909258, 34.814719], [-4.909258, 34.813874], [-4.908657, 34.81176], [-4.908657, 34.811689], [-4.909086, 34.811478], [-4.910545, 34.811689], [-4.912004, 34.812112], [-4.912176, 34.812042], [-4.912262, 34.811619], [-4.911833, 34.810068], [-4.912691, 34.809716], [-4.913635, 34.809787], [-4.913979, 34.810209], [-4.913979, 34.811196], [-4.91415, 34.811689], [-4.915009, 34.812253], [-4.915695, 34.812394], [-4.916296, 34.812042], [-4.916897, 34.810844], [-4.917068, 34.808166], [-4.917326, 34.80732], [-4.918013, 34.806897], [-4.918785, 34.807038], [-4.919214, 34.807461], [-4.919558, 34.808166], [-4.919901, 34.809434], [-4.920244, 34.809927], [-4.920845, 34.810068], [-4.921618, 34.809927], [-4.921875, 34.809646], [-4.922647, 34.80887], [-4.923077, 34.808729], [-4.923592, 34.808729], [-4.924278, 34.809082], [-4.924879, 34.809646], [-4.926081, 34.811266], [-4.926939, 34.81176], [-4.927678630716016, 34.811822129701056], [-4.927711, 34.811689], [-4.927969, 34.811689], [-4.928295606451616, 34.81119750485436], [-4.928741, 34.809857], [-4.928700756198152, 34.80997812212207], [-4.928791947425977, 34.809808616663084], [-4.929171, 34.808448], [-4.929514, 34.807954], [-4.930029, 34.807743], [-4.93063, 34.807672], [-4.931488, 34.808095], [-4.931746, 34.808941], [-4.932175, 34.809787], [-4.932604, 34.811478], [-4.934492, 34.812394], [-4.934835, 34.812394], [-4.935608, 34.812042], [-4.935608, 34.811407], [-4.93578, 34.811125], [-4.93638, 34.810985], [-4.936466, 34.810562], [-4.937925, 34.808307], [-4.938869, 34.806192], [-4.939728, 34.806474], [-4.939985, 34.806968], [-4.9405, 34.806827], [-4.941187, 34.80725], [-4.942131, 34.808377], [-4.942217, 34.80887], [-4.942646, 34.809082], [-4.945736, 34.807954], [-4.947882, 34.804783], [-4.951487, 34.806545], [-4.95286, 34.806827], [-4.957066, 34.80429], [-4.962902, 34.800907], [-4.963589, 34.800343], [-4.969854, 34.800484], [-4.977922, 34.798228], [-4.978266, 34.798722], [-4.979124, 34.79851], [-4.979296, 34.798581], [-4.979467, 34.798863], [-4.979038, 34.799568], [-4.979124, 34.799779], [-4.979725, 34.800061], [-4.9823, 34.798863], [-4.988651, 34.794211], [-4.989424, 34.793365], [-4.990711, 34.793506], [-4.991312, 34.793506], [-4.994402, 34.793013], [-4.996204, 34.793224], [-5.009422, 34.794916], [-5.009937, 34.795762], [-5.010538, 34.795903], [-5.011911, 34.795339], [-5.012169, 34.794986], [-5.012941, 34.794704], [-5.013285, 34.79407], [-5.013714, 34.793717], [-5.015087, 34.793013], [-5.01586, 34.792378], [-5.016632, 34.792026], [-5.017319, 34.79125], [-5.018091, 34.791744], [-5.01852, 34.792378], [-5.018606, 34.792942], [-5.020065, 34.793224], [-5.020838, 34.793788], [-5.021181, 34.793788], [-5.022211, 34.79414], [-5.023499, 34.794352], [-5.024099, 34.794916], [-5.025558, 34.795409], [-5.025902, 34.795691], [-5.025902, 34.796537], [-5.026932, 34.796043], [-5.027704, 34.797383], [-5.029163, 34.798369], [-5.029421, 34.798792], [-5.030365, 34.799356], [-5.030966, 34.800413], [-5.03088, 34.801118], [-5.030365, 34.802105], [-5.030537, 34.80288], [-5.030451, 34.803726], [-5.030107, 34.804149], [-5.03191, 34.804219], [-5.034227, 34.804642], [-5.035601, 34.804501], [-5.036287, 34.804783], [-5.036716, 34.80429], [-5.036888, 34.804712], [-5.038261, 34.805699], [-5.039978, 34.806333], [-5.041265, 34.806474], [-5.04427, 34.805135], [-5.049849, 34.800977], [-5.050535, 34.800695], [-5.050879, 34.800695], [-5.051908, 34.800202], [-5.052166, 34.800272], [-5.052423, 34.800131], [-5.052681, 34.799427], [-5.05311, 34.799145], [-5.053282, 34.798792], [-5.054827, 34.797946], [-5.055084, 34.797524], [-5.055771, 34.797383], [-5.055943, 34.797171], [-5.0562, 34.79703], [-5.056286, 34.796889], [-5.056114, 34.796748], [-5.056543, 34.796184], [-5.057058, 34.796043], [-5.057745, 34.79555], [-5.058174, 34.79548], [-5.058346, 34.795268], [-5.058174, 34.794845], [-5.058174, 34.794634], [-5.058689, 34.79407], [-5.058603, 34.793929], [-5.058002, 34.793858], [-5.057831, 34.793647], [-5.058088, 34.793224], [-5.058775, 34.792872], [-5.058861, 34.792308], [-5.060234, 34.792942], [-5.061092, 34.793154], [-5.06135, 34.793224], [-5.061607, 34.793083], [-5.061951, 34.793154], [-5.062466, 34.792801], [-5.062637, 34.793013], [-5.063066, 34.792942], [-5.063238, 34.793013], [-5.063667, 34.793013], [-5.063753, 34.793295], [-5.064182, 34.793154], [-5.064611, 34.793295], [-5.064955, 34.793083], [-5.065212, 34.793365], [-5.06547, 34.793295], [-5.065641, 34.793506], [-5.06856, 34.793999], [-5.06916, 34.794211], [-5.069933, 34.794281], [-5.070276, 34.794563], [-5.071821, 34.795057], [-5.07328, 34.794916], [-5.073881, 34.794493], [-5.075598, 34.792096], [-5.077314, 34.790616], [-5.077572, 34.790546], [-5.080833, 34.790616], [-5.083838, 34.789206], [-5.084867, 34.787867], [-5.085125, 34.787726], [-5.086584, 34.787021], [-5.088043, 34.78688], [-5.089073, 34.78688], [-5.090017, 34.785752], [-5.090876, 34.7854], [-5.091305, 34.785329], [-5.090914640858202, 34.785688215342354], [-5.090876, 34.7854], [-5.091305, 34.785329], [-5.091562, 34.785047], [-5.09182, 34.784201], [-5.092592, 34.783778], [-5.093279, 34.783778], [-5.094652, 34.783215], [-5.095596, 34.782087], [-5.095854, 34.782016], [-5.096798, 34.780747], [-5.097656, 34.780113], [-5.098429, 34.780042], [-5.100145, 34.780818], [-5.101862, 34.781311], [-5.104437, 34.781593], [-5.106068, 34.7811], [-5.107527, 34.779972], [-5.10787, 34.779901], [-5.107956, 34.779972], [-5.108385, 34.77976], [-5.109673, 34.779549], [-5.111732, 34.778068], [-5.112247, 34.777434], [-5.112762, 34.777081], [-5.113621, 34.776799], [-5.115423, 34.776517], [-5.117826, 34.776376], [-5.1192, 34.776658], [-5.120316, 34.777434], [-5.120916, 34.777645], [-5.121517, 34.777786], [-5.122118, 34.777575], [-5.12289, 34.77694], [-5.123062, 34.776517], [-5.123749, 34.773274], [-5.125465, 34.770454], [-5.126066, 34.770031], [-5.126324, 34.769467], [-5.12701, 34.769397], [-5.128126, 34.76848], [-5.129585, 34.767563], [-5.131388, 34.766858], [-5.131989, 34.767493], [-5.134735, 34.768621], [-5.135508, 34.769185], [-5.136623, 34.771089], [-5.138597, 34.771864], [-5.142717, 34.773204], [-5.143661, 34.773063], [-5.144606, 34.77264], [-5.145206, 34.772005], [-5.144949, 34.770595], [-5.145721, 34.770313], [-5.146236, 34.769961], [-5.146923, 34.769961], [-5.147266, 34.770525], [-5.147319365347597, 34.77096247174483], [-5.147438, 34.771935], [-5.147781, 34.772851], [-5.148897, 34.773133], [-5.152245, 34.773133], [-5.153618, 34.773627], [-5.155077, 34.774684], [-5.158854, 34.776447], [-5.160227, 34.777504], [-5.162716, 34.779055], [-5.164261, 34.779478], [-5.166407, 34.779196], [-5.168552, 34.779196], [-5.169239, 34.77976], [-5.170183, 34.781382], [-5.17087, 34.781734], [-5.172329, 34.781805], [-5.173616, 34.782439], [-5.175934, 34.784131], [-5.177393, 34.786034], [-5.178595, 34.788008], [-5.179195, 34.789559], [-5.179539, 34.790828], [-5.179625, 34.793013], [-5.179968, 34.793788], [-5.180311, 34.795057], [-5.17971, 34.795691], [-5.178509, 34.796114], [-5.177822, 34.797242], [-5.178595, 34.799286], [-5.178423, 34.799709], [-5.17808, 34.800061], [-5.17765, 34.800272], [-5.17705, 34.800272], [-5.175848, 34.800061], [-5.175076, 34.800061], [-5.17396, 34.799849], [-5.172415, 34.799497], [-5.170612, 34.798792], [-5.168381, 34.798087], [-5.166922, 34.797946], [-5.166149, 34.797946], [-5.163918, 34.799215], [-5.162716, 34.800695], [-5.162544, 34.801259], [-5.162544, 34.802034], [-5.162888, 34.802739], [-5.163403, 34.803091], [-5.16572, 34.80288], [-5.167179, 34.802951], [-5.167866, 34.803303], [-5.168467, 34.804078], [-5.168552, 34.804431], [-5.168552, 34.805488], [-5.168381, 34.805981], [-5.167437, 34.806897], [-5.166149, 34.807813], [-5.165033, 34.809505], [-5.164518, 34.810562], [-5.164261, 34.812817], [-5.165548, 34.81331], [-5.167694, 34.813662], [-5.169067, 34.813874], [-5.16984, 34.813874], [-5.171041, 34.814085], [-5.172586, 34.814015], [-5.176191, 34.815706], [-5.176706, 34.816904], [-5.176792, 34.81782], [-5.176191, 34.818736], [-5.175762, 34.819088], [-5.175161, 34.819441], [-5.173788, 34.819793], [-5.17293, 34.819863], [-5.171041, 34.819652], [-5.16984, 34.819722], [-5.168896, 34.820075], [-5.168295, 34.820709], [-5.16881, 34.823034], [-5.169497, 34.82395], [-5.171041, 34.8255], [-5.172071, 34.827332], [-5.173874, 34.829164], [-5.175161, 34.829657], [-5.175762, 34.829728], [-5.176363, 34.829587], [-5.177135, 34.828741], [-5.177822, 34.82705], [-5.178766, 34.82388], [-5.178852, 34.820779], [-5.180054, 34.818947], [-5.180483, 34.818736], [-5.182886, 34.818313], [-5.184174, 34.818736], [-5.185719, 34.819652], [-5.186319, 34.820498], [-5.186234, 34.821061], [-5.186319, 34.821343], [-5.184603, 34.823245], [-5.184345, 34.82395], [-5.184345, 34.824443], [-5.184689, 34.8255], [-5.185804, 34.827614], [-5.186148, 34.828178], [-5.187263, 34.829023], [-5.190783, 34.830996], [-5.191298, 34.831489], [-5.191298, 34.831912], [-5.191126, 34.832123], [-5.190697, 34.832405], [-5.189066, 34.832757], [-5.185032, 34.833039], [-5.184517, 34.83325], [-5.183229, 34.834237], [-5.183058, 34.834518], [-5.183573, 34.836068], [-5.184088, 34.83635], [-5.184603, 34.83642], [-5.185118, 34.836139], [-5.188894, 34.836773], [-5.189924, 34.836984], [-5.190611, 34.837266], [-5.191898, 34.83797], [-5.192156, 34.838323], [-5.192499, 34.838745], [-5.192457470835091, 34.839513104874214], [-5.192444647051314, 34.83975028784784], [-5.19207, 34.840365], [-5.191126, 34.84114], [-5.19001, 34.841422], [-5.190868, 34.841704], [-5.191298, 34.841986], [-5.191212, 34.843535], [-5.191813, 34.845085], [-5.193186, 34.846071], [-5.19516, 34.847128], [-5.195503, 34.847691], [-5.195589, 34.848044], [-5.195332, 34.848959], [-5.194645, 34.850086], [-5.193615, 34.851002], [-5.192413, 34.851777], [-5.192156, 34.85234], [-5.192242, 34.852904], [-5.192585, 34.853467], [-5.193272, 34.85396], [-5.196533, 34.855299], [-5.19722, 34.855721], [-5.198164, 34.856848], [-5.198765, 34.858116], [-5.198851, 34.860369], [-5.198765, 34.86051], [-5.198336, 34.860722], [-5.196962, 34.861074], [-5.196533, 34.861496], [-5.196619, 34.861778], [-5.197477, 34.862201], [-5.199108, 34.862623], [-5.19928, 34.862975], [-5.199022, 34.86368], [-5.198507, 34.864595], [-5.198336, 34.866285], [-5.197735, 34.867975], [-5.197477, 34.870511], [-5.196705, 34.871637], [-5.196705, 34.872341], [-5.197048, 34.872693], [-5.197392, 34.872764], [-5.198164, 34.872834], [-5.199022, 34.872623], [-5.199966, 34.872201], [-5.200996, 34.871989], [-5.201597, 34.871919], [-5.202284, 34.872201], [-5.20237, 34.872553], [-5.20237, 34.873186], [-5.201941, 34.87375], [-5.20134, 34.875088], [-5.201082, 34.876214], [-5.201426, 34.876848], [-5.202713, 34.877271], [-5.204773, 34.877411], [-5.204773, 34.877763], [-5.204344, 34.878608], [-5.204515, 34.879031], [-5.207262, 34.880509], [-5.207396298300871, 34.880559524846205], [-5.207691, 34.880721], [-5.209322, 34.881284], [-5.210352, 34.881777], [-5.210695, 34.883115], [-5.210695, 34.88403], [-5.211039, 34.884664], [-5.211468, 34.885086], [-5.21327, 34.885649], [-5.213957, 34.885931], [-5.214386, 34.886424], [-5.214214, 34.887621], [-5.213785, 34.888958], [-5.214386, 34.890578], [-5.2143, 34.891141], [-5.214043, 34.891563], [-5.213184, 34.891986], [-5.211983, 34.892901], [-5.211811, 34.893112], [-5.212069, 34.893253], [-5.213184, 34.893534], [-5.214214, 34.893323], [-5.215244, 34.892971], [-5.215673, 34.893042], [-5.215845, 34.893534], [-5.215845, 34.895365], [-5.216274, 34.896632], [-5.216618, 34.897054], [-5.217133, 34.897266], [-5.218849, 34.896773], [-5.219364, 34.896914], [-5.219793, 34.897195], [-5.220394, 34.897899], [-5.221008007564084, 34.899089290087154], [-5.221338, 34.899729], [-5.222626, 34.901348], [-5.222797, 34.901841], [-5.222626, 34.902475], [-5.222712, 34.903108], [-5.222969, 34.903601], [-5.223484, 34.904023], [-5.223827, 34.904235], [-5.224686, 34.904375], [-5.225458, 34.904164], [-5.225973, 34.904235], [-5.225973, 34.904094], [-5.226831, 34.904235], [-5.227947, 34.904235], [-5.228291, 34.904305], [-5.228806, 34.904516], [-5.229149, 34.905431], [-5.230007, 34.906276], [-5.229836, 34.906909], [-5.228806, 34.907754], [-5.228548, 34.908317], [-5.228548, 34.908599], [-5.229063, 34.909162], [-5.229921, 34.909514], [-5.230522, 34.909936], [-5.23078, 34.910358], [-5.231037, 34.911203], [-5.231466, 34.911484], [-5.23181, 34.911484], [-5.233355, 34.911062], [-5.234213, 34.911133], [-5.23447, 34.911555], [-5.234385, 34.911836], [-5.233955, 34.912188], [-5.234041, 34.91247], [-5.23447, 34.913314], [-5.234728, 34.913526], [-5.235329, 34.913526], [-5.236101, 34.913314], [-5.236359, 34.913455], [-5.236788, 34.914722], [-5.236959, 34.914863], [-5.23756, 34.915144], [-5.238161, 34.915074], [-5.238934, 34.914792], [-5.239277, 34.914863], [-5.239878, 34.915496], [-5.240393, 34.915707], [-5.241594, 34.916341], [-5.241852, 34.916622], [-5.242023, 34.917397], [-5.242538, 34.917819], [-5.242882, 34.91803], [-5.24374, 34.91803], [-5.244255, 34.918311], [-5.244942, 34.918945], [-5.246229, 34.919437], [-5.246572, 34.919789], [-5.246916, 34.91993], [-5.247774, 34.920634], [-5.247946, 34.920915], [-5.248032, 34.921338], [-5.248804, 34.922182], [-5.249491, 34.922675], [-5.249491, 34.922886], [-5.249577, 34.923097], [-5.250092, 34.923167], [-5.250177, 34.923308], [-5.24992, 34.92359], [-5.250006, 34.923801], [-5.251379, 34.924223], [-5.251808, 34.924505], [-5.252752, 34.924716], [-5.253181, 34.924575], [-5.253353, 34.924856], [-5.253353, 34.925349], [-5.253611, 34.92556], [-5.254211, 34.92563], [-5.254641, 34.926123], [-5.254984, 34.926334], [-5.256186, 34.926545], [-5.256786, 34.926897], [-5.257044, 34.926968], [-5.257473, 34.926827], [-5.257473, 34.92739], [-5.257645, 34.927601], [-5.257816, 34.927601], [-5.258503, 34.928023], [-5.259533, 34.927882], [-5.259962, 34.928023], [-5.261164, 34.928727], [-5.261421, 34.92936], [-5.261679, 34.92943], [-5.261936, 34.929782], [-5.262709, 34.929853], [-5.263224, 34.930275], [-5.263824, 34.930345], [-5.264254, 34.932104], [-5.264683, 34.932245], [-5.265198, 34.932878], [-5.266142, 34.932949], [-5.266485, 34.933301], [-5.266571, 34.933336], [-5.2665587798, 34.9333310267], [-5.266657, 34.933371], [-5.267086, 34.933301], [-5.267429, 34.93309], [-5.267773, 34.93316], [-5.267944, 34.933371], [-5.26803, 34.933723], [-5.268717, 34.934215], [-5.268803, 34.934427], [-5.268631, 34.934427], [-5.268888, 34.934708], [-5.269489, 34.93506], [-5.269489, 34.935341], [-5.270605, 34.935623], [-5.271034, 34.935552], [-5.271978, 34.935904], [-5.27215, 34.936115], [-5.272665, 34.936115], [-5.273437, 34.93696], [-5.273781, 34.937171], [-5.273781, 34.937804], [-5.273437, 34.938719], [-5.273266, 34.939211], [-5.273266, 34.939915], [-5.273437, 34.940478], [-5.273609, 34.9409], [-5.274725, 34.941674], [-5.274811, 34.942026], [-5.274296, 34.942588], [-5.274382, 34.943151], [-5.274811, 34.943644], [-5.275755, 34.944277], [-5.276012, 34.944699], [-5.276012, 34.945262], [-5.276527, 34.945543], [-5.277214, 34.946458], [-5.277557, 34.946247], [-5.278416, 34.946388], [-5.279274, 34.946317], [-5.279617, 34.946528], [-5.2803108929, 34.9464471805], [-5.280304, 34.9464479834], [-5.280819, 34.946388], [-5.280905, 34.946528], [-5.280905, 34.947021], [-5.2803383107, 34.9474849121], [-5.280304, 34.947513], [-5.279875, 34.94885], [-5.280304, 34.9497536839], [-5.2803626221, 34.9498771707], [-5.280476, 34.950116], [-5.280561, 34.950609], [-5.2803513522, 34.9509872456], [-5.280132, 34.951312], [-5.2801589985, 34.9513342894], [-5.280132, 34.951383], [-5.280561, 34.951383], [-5.280647, 34.951734], [-5.280476, 34.952016], [-5.280304, 34.9519876], [-5.2803085648, 34.9519883537], [-5.280046, 34.951945], [-5.279789, 34.952016], [-5.280132, 34.952579], [-5.280218, 34.953352], [-5.280476, 34.953986], [-5.280905, 34.954197], [-5.280733, 34.955111], [-5.280733, 34.955252], [-5.281162, 34.955252], [-5.281506, 34.955604], [-5.281763, 34.955674], [-5.282621, 34.956166], [-5.284681, 34.956307], [-5.286312, 34.956237], [-5.287256, 34.955744], [-5.287685, 34.955674], [-5.288115, 34.955674], [-5.288458, 34.955885], [-5.289145, 34.955955], [-5.291119, 34.955744], [-5.291805, 34.955252], [-5.292234, 34.955322], [-5.292406, 34.955604], [-5.29232, 34.955955], [-5.292492, 34.956307], [-5.293093, 34.956659], [-5.293436, 34.95701], [-5.293779, 34.957222], [-5.294895, 34.957151], [-5.295238, 34.957433], [-5.295496, 34.958417], [-5.295839, 34.958417], [-5.296011, 34.958206], [-5.296698, 34.957995], [-5.297642, 34.959754], [-5.2985, 34.960317], [-5.299959, 34.960457], [-5.300131, 34.960809], [-5.300217, 34.961512], [-5.300989, 34.962357], [-5.301247, 34.963271], [-5.302448, 34.963623], [-5.302448, 34.963763], [-5.302191, 34.964326], [-5.303135, 34.964678], [-5.303392, 34.965029], [-5.303307, 34.966014], [-5.30365, 34.966436], [-5.304337, 34.966647], [-5.304508, 34.96714], [-5.303907, 34.967913], [-5.304337, 34.968335], [-5.306311, 34.968757], [-5.306396, 34.968898], [-5.305967, 34.96925], [-5.305281, 34.96939], [-5.305281, 34.969742], [-5.305624, 34.969812], [-5.306311, 34.969672], [-5.306654, 34.96939], [-5.307941, 34.968968], [-5.308371, 34.968898], [-5.309143, 34.96925], [-5.309572, 34.969742], [-5.310431, 34.970023], [-5.310774, 34.970305], [-5.311289, 34.970375], [-5.311804, 34.970023], [-5.312061, 34.970094], [-5.312233, 34.970727], [-5.311975, 34.971289], [-5.311975, 34.971711], [-5.312147, 34.971922], [-5.314808, 34.97143], [-5.315065, 34.971711], [-5.314894, 34.972133], [-5.314894, 34.972555], [-5.316181, 34.972555], [-5.316439, 34.972977], [-5.316267, 34.97347], [-5.316353, 34.973892], [-5.317211, 34.973892], [-5.317211, 34.974665], [-5.316954, 34.975369], [-5.317554, 34.976705], [-5.317812, 34.976986], [-5.319185, 34.977267], [-5.319357, 34.977549], [-5.319357, 34.97776], [-5.318756, 34.978041], [-5.319185, 34.978674], [-5.320473, 34.980221], [-5.320644, 34.980291], [-5.320902, 34.980151], [-5.321417, 34.980151], [-5.323133, 34.981698], [-5.323048, 34.980924], [-5.323305, 34.980713], [-5.32382, 34.980995], [-5.323906, 34.981206], [-5.323734, 34.981487], [-5.323734, 34.981768], [-5.323992, 34.98205], [-5.324335, 34.98212], [-5.324764, 34.98212], [-5.325022, 34.981979], [-5.325365, 34.98205], [-5.325794, 34.982331], [-5.326653, 34.983315], [-5.328455, 34.983878], [-5.328712, 34.984089], [-5.329313, 34.984089], [-5.329657, 34.984441], [-5.329742, 34.984792], [-5.329399, 34.985355], [-5.329485, 34.986058], [-5.330086, 34.986621], [-5.331974, 34.986058], [-5.333176, 34.986199], [-5.332747, 34.986902], [-5.332661, 34.987675], [-5.332832, 34.988027], [-5.333948, 34.988519], [-5.334721, 34.989222], [-5.335665, 34.989574], [-5.336094, 34.989925], [-5.336266, 34.990347], [-5.336695, 34.990769], [-5.337381, 34.990769], [-5.337896, 34.990558], [-5.338497, 34.990769], [-5.338669, 34.991472], [-5.339184, 34.991965], [-5.340214, 34.992246], [-5.340643, 34.993019], [-5.342531, 34.993933], [-5.342789, 34.994285], [-5.342875, 34.994988], [-5.344419, 34.99548], [-5.344677, 34.996043], [-5.345106, 34.996535], [-5.345621, 34.996746], [-5.345793, 34.995973], [-5.346308, 34.995832], [-5.348368, 34.995902], [-5.348711, 34.996113], [-5.348969, 34.997238], [-5.349226, 34.997308], [-5.35017, 34.996957], [-5.351114, 34.996183], [-5.352058, 34.996254], [-5.352402, 34.996394], [-5.352659, 34.996676], [-5.352316, 34.998222], [-5.354376, 34.998644], [-5.355234, 34.999277], [-5.355148, 34.999769], [-5.354204, 35.000754], [-5.354633, 35.001105], [-5.355406, 35.001105], [-5.355663, 35.001527], [-5.355148, 35.002863], [-5.355406, 35.003285], [-5.356007, 35.003496], [-5.356264, 35.004691], [-5.357466, 35.006237], [-5.357208, 35.006659], [-5.356779, 35.00694], [-5.356693, 35.007362], [-5.358067, 35.008698], [-5.358582, 35.010315], [-5.358925, 35.010666], [-5.358839, 35.011018], [-5.358667, 35.011088], [-5.35738, 35.010948], [-5.356779, 35.011088], [-5.356693, 35.011299], [-5.356865, 35.011721], [-5.358496, 35.011791], [-5.359097, 35.011791], [-5.360212, 35.01151], [-5.360556, 35.01158], [-5.361586, 35.012143], [-5.363302, 35.012775], [-5.363731, 35.012986], [-5.363817, 35.013197], [-5.362616, 35.014041], [-5.36253, 35.014884], [-5.362787, 35.015165], [-5.363302, 35.015165], [-5.365191, 35.014884], [-5.365877, 35.015236], [-5.366735, 35.015868], [-5.367508, 35.016571], [-5.367594, 35.017345], [-5.367765, 35.017555], [-5.368538, 35.017766], [-5.368967, 35.017555], [-5.369396, 35.017063], [-5.369911, 35.016712], [-5.370169, 35.016782], [-5.37077, 35.017345], [-5.371199, 35.018188], [-5.372486, 35.019453], [-5.372829, 35.020086], [-5.372915, 35.02114], [-5.373516, 35.022405], [-5.373945, 35.022898], [-5.374889, 35.023249], [-5.375919, 35.024092], [-5.377207, 35.024514], [-5.378065, 35.024584], [-5.379095, 35.024514], [-5.381327, 35.024163], [-5.38167, 35.024163], [-5.382099, 35.024584], [-5.3827, 35.024795], [-5.3828230511451585, 35.024820471228296], [-5.383043, 35.024866], [-5.385876, 35.023952], [-5.389395, 35.024374], [-5.389652, 35.024584], [-5.389738, 35.024866], [-5.389566, 35.025147], [-5.389566, 35.025639], [-5.390339, 35.02592], [-5.391026, 35.025779], [-5.391798, 35.024725], [-5.392313, 35.024444], [-5.393343, 35.024584], [-5.394115, 35.024936], [-5.394974, 35.02599], [-5.395317, 35.027326], [-5.39566, 35.027607], [-5.396347, 35.027536], [-5.397463, 35.027326], [-5.398664, 35.026412], [-5.401239, 35.024866], [-5.403471, 35.024514], [-5.405188, 35.024795], [-5.406818, 35.024163], [-5.408363, 35.024514], [-5.409393, 35.024514], [-5.410595, 35.023882], [-5.412226, 35.0236], [-5.412483, 35.02353], [-5.413599, 35.023741], [-5.415487, 35.023179], [-5.416775, 35.023249], [-5.418062, 35.02353], [-5.418491, 35.02353], [-5.420637, 35.022335], [-5.421581, 35.022195], [-5.42201, 35.022476], [-5.422869, 35.02339], [-5.423555, 35.023952], [-5.424414, 35.024444], [-5.425787, 35.025006], [-5.428619, 35.026834], [-5.428963, 35.02831], [-5.42922, 35.028731], [-5.429735, 35.028731], [-5.430508, 35.02838], [-5.432224, 35.02852], [-5.434198, 35.029153], [-5.435572, 35.029434], [-5.437202, 35.029012], [-5.43849, 35.029153], [-5.439005, 35.029645], [-5.439863, 35.03084], [-5.440807, 35.031261], [-5.442352, 35.031753], [-5.445099, 35.033651], [-5.446215, 35.034073], [-5.448961, 35.034073], [-5.450335, 35.033862], [-5.450764, 35.033932], [-5.451021, 35.034213], [-5.450764, 35.034846], [-5.45145, 35.035549], [-5.454025, 35.036392], [-5.454626, 35.036954], [-5.455484, 35.038289], [-5.454798, 35.040538], [-5.456257, 35.041522], [-5.4566, 35.041944], [-5.4566, 35.042576], [-5.457029, 35.042998], [-5.458059, 35.043349], [-5.459089, 35.043138], [-5.459003, 35.042365], [-5.458488, 35.041944], [-5.458317, 35.041662], [-5.458488, 35.041171], [-5.458832, 35.040889], [-5.459518, 35.040819], [-5.460033, 35.04096], [-5.461063, 35.041311], [-5.46175, 35.041873], [-5.462437, 35.042084], [-5.463381, 35.041873], [-5.464153, 35.040889], [-5.465612, 35.040187], [-5.466557, 35.039484], [-5.467329, 35.03836], [-5.46793, 35.036673], [-5.468616, 35.035549], [-5.469303, 35.035267], [-5.469818, 35.035267], [-5.47102, 35.035619], [-5.472221, 35.035408], [-5.475397, 35.035197], [-5.476084, 35.034986], [-5.479689, 35.031753], [-5.482435, 35.029926], [-5.483465, 35.029645], [-5.484152, 35.029645], [-5.484753, 35.029434], [-5.48604, 35.028169], [-5.486212, 35.027818], [-5.486212, 35.026834], [-5.486298, 35.02592], [-5.486727, 35.025358], [-5.488443, 35.025006], [-5.488958, 35.025006], [-5.489817, 35.025358], [-5.490074, 35.025358], [-5.491362, 35.024374], [-5.491705, 35.024233], [-5.493593, 35.024374], [-5.493765, 35.024374], [-5.492477, 35.02599], [-5.491276, 35.028591], [-5.491877, 35.031964], [-5.491877, 35.033651], [-5.491018, 35.035057], [-5.489988, 35.03604], [-5.490417, 35.038078], [-5.492477, 35.039695], [-5.495224, 35.041241], [-5.497713, 35.042154], [-5.499773, 35.043771], [-5.500889, 35.045035], [-5.501318, 35.046089], [-5.502348, 35.047144], [-5.502348, 35.04876], [-5.501318, 35.049673], [-5.4980401991406636, 35.051113034137124], [-5.498034623174294, 35.05111672758425], [-5.497459889325516, 35.051496482478484], [-5.499687, 35.053959], [-5.503035, 35.056489], [-5.501232, 35.058175], [-5.504236, 35.059861], [-5.504494, 35.060142], [-5.504923, 35.061617], [-5.50561, 35.06232], [-5.508184, 35.063585], [-5.508871, 35.066395], [-5.520029, 35.077985], [-5.522947, 35.081146], [-5.524406, 35.083253], [-5.525866, 35.084869], [-5.526981, 35.085782], [-5.525265, 35.093929], [-5.524492, 35.096386], [-5.52784, 35.104111], [-5.531359, 35.110852], [-5.526209, 35.11366], [-5.516596, 35.120681], [-5.515308, 35.122225], [-5.514622, 35.123278], [-5.514708, 35.12377], [-5.515051, 35.12391], [-5.516253, 35.123559], [-5.517454, 35.122647], [-5.519428, 35.121804], [-5.520115, 35.121944], [-5.521402, 35.122506], [-5.52269, 35.123489], [-5.523634, 35.124261], [-5.525007, 35.125876], [-5.525436, 35.126788], [-5.52784, 35.126297], [-5.528355, 35.125314], [-5.529213, 35.124963], [-5.5305, 35.125735], [-5.531359, 35.127069], [-5.53196, 35.127561], [-5.532303, 35.128473], [-5.53299, 35.129316], [-5.533676, 35.129737], [-5.533161, 35.13086], [-5.533247, 35.131702], [-5.530672, 35.132194], [-5.531015, 35.133387], [-5.531788, 35.134089], [-5.531445, 35.135352], [-5.5305, 35.135984], [-5.5299, 35.137669], [-5.530758, 35.138651], [-5.530415, 35.140195], [-5.53256, 35.140687], [-5.53256, 35.141318], [-5.532045, 35.14181], [-5.531702, 35.142582], [-5.532131, 35.143915], [-5.53256, 35.144126], [-5.535479, 35.143845], [-5.535822, 35.144196], [-5.535307, 35.145249], [-5.534105, 35.146652], [-5.534449, 35.147424], [-5.538054, 35.147495], [-5.538912, 35.148196], [-5.539255, 35.14946], [-5.538054, 35.151565], [-5.538912, 35.152126], [-5.540028, 35.152267], [-5.540972, 35.152758], [-5.541573, 35.15346], [-5.541744, 35.154302], [-5.542002, 35.154723], [-5.54183, 35.155144], [-5.541229, 35.155495], [-5.539942, 35.155635], [-5.538483, 35.155425], [-5.538139, 35.155495], [-5.538139, 35.155846], [-5.538654, 35.156337], [-5.540113, 35.157179], [-5.539942, 35.1576], [-5.539598, 35.157811], [-5.538998, 35.157811], [-5.538397, 35.1576], [-5.537796, 35.159003], [-5.537796, 35.159284], [-5.538483, 35.160056], [-5.539083, 35.160477], [-5.539684, 35.160547], [-5.539598, 35.160828], [-5.538998, 35.16174], [-5.538654, 35.162091], [-5.538311, 35.162231], [-5.537882, 35.162301], [-5.537453, 35.162091], [-5.537109, 35.1616], [-5.536337, 35.161319], [-5.535736, 35.16153], [-5.535393, 35.162231], [-5.535736, 35.164056], [-5.535479, 35.164477], [-5.534878, 35.164687], [-5.534792, 35.164898], [-5.535307, 35.165669], [-5.536079, 35.16581], [-5.537968, 35.16581], [-5.539598, 35.16602], [-5.540543, 35.166301], [-5.541487, 35.165529], [-5.542173, 35.165249], [-5.54286, 35.165459], [-5.542946, 35.165669], [-5.542688, 35.16602], [-5.542088, 35.166301], [-5.54286, 35.166932], [-5.543547, 35.167283], [-5.543633, 35.167704], [-5.543432496676165, 35.168195], [-5.543436570439721, 35.16818502401622], [-5.543203, 35.168757], [-5.543118, 35.169739], [-5.543375, 35.171002], [-5.543633, 35.171212], [-5.543633, 35.171563], [-5.543758465991316, 35.17172707091172], [-5.543804, 35.171914], [-5.544062, 35.172124], [-5.544062, 35.172966], [-5.544405, 35.173317], [-5.54492, 35.173528], [-5.545006, 35.173598], [-5.54492, 35.173808], [-5.544147, 35.17451], [-5.544062, 35.175703], [-5.543804, 35.176124], [-5.5437590895337605, 35.176381906888], [-5.543718, 35.176474], [-5.543633, 35.177106], [-5.54389, 35.178018], [-5.54389, 35.178509], [-5.543461, 35.17914], [-5.540714, 35.179842], [-5.538998, 35.181034], [-5.538826, 35.182928], [-5.538998, 35.18384], [-5.538912, 35.184893], [-5.539083, 35.187558], [-5.540028, 35.193801], [-5.540628, 35.200394], [-5.542431, 35.20334], [-5.546207, 35.210493], [-5.547409, 35.211264], [-5.544147, 35.211124], [-5.54183, 35.210844], [-5.539942, 35.211194], [-5.538998, 35.211194], [-5.536594, 35.212947], [-5.535564, 35.212947], [-5.533419, 35.214981], [-5.531874, 35.215121], [-5.530415, 35.215612], [-5.529556, 35.216313], [-5.529556, 35.217646], [-5.528612, 35.218838], [-5.527925, 35.219048], [-5.527754, 35.220801], [-5.527496, 35.221152], [-5.526466, 35.221082], [-5.525007, 35.221572], [-5.524235, 35.222414], [-5.523891, 35.223325], [-5.523033, 35.223255], [-5.522604, 35.223746], [-5.521231, 35.223746], [-5.520372, 35.224377], [-5.503206, 35.239871], [-5.49737, 35.244427], [-5.493078, 35.241343], [-5.493593, 35.242675], [-5.48913, 35.241764], [-5.482607, 35.241273], [-5.479002, 35.240782], [-5.476685, 35.240712], [-5.462866, 35.241063], [-5.458832, 35.240852], [-5.453854, 35.240782], [-5.4457, 35.240712], [-5.43849, 35.240292], [-5.436516, 35.240011], [-5.434971, 35.240151], [-5.433426, 35.240642], [-5.431623, 35.240852], [-5.430079, 35.241483], [-5.428534, 35.241694], [-5.427418, 35.242114], [-5.427332, 35.238399], [-5.426903, 35.235104], [-5.424585, 35.228724], [-5.423126, 35.225289], [-5.421839, 35.222975], [-5.419865, 35.22017], [-5.418233751300748, 35.21869727546925], [-5.416603, 35.217225], [-5.414286, 35.216384], [-5.409479, 35.215121], [-5.404844, 35.21421], [-5.395403, 35.213789], [-5.393085, 35.215682], [-5.391541, 35.216454], [-5.390253, 35.216874], [-5.388365, 35.216944], [-5.387506, 35.216804], [-5.386734, 35.216454], [-5.385017, 35.216524], [-5.382614, 35.216384], [-5.380898, 35.216804], [-5.379953, 35.216804], [-5.379438, 35.217716], [-5.378151, 35.218487], [-5.377378, 35.219188], [-5.375919, 35.219609], [-5.375233, 35.220521], [-5.374203, 35.221292], [-5.373602, 35.221572], [-5.370169, 35.222484], [-5.368538, 35.222274], [-5.366564, 35.222203], [-5.365963, 35.222764], [-5.364847, 35.222975], [-5.364161, 35.223045], [-5.363731, 35.222905], [-5.363302, 35.222975], [-5.36253, 35.223255], [-5.361757, 35.223115], [-5.361242, 35.223255], [-5.360899, 35.223466], [-5.360727, 35.223816], [-5.359869, 35.224167], [-5.359697, 35.224447], [-5.359869, 35.224728], [-5.359268, 35.225289], [-5.358925, 35.225499], [-5.358152, 35.225779], [-5.357552, 35.22613], [-5.357037, 35.226551], [-5.356522, 35.226691], [-5.355749, 35.226551], [-5.355492, 35.22634], [-5.355148, 35.225429], [-5.354633, 35.225078], [-5.354462, 35.224868], [-5.354462, 35.224447], [-5.354118, 35.224097], [-5.35429, 35.223676], [-5.354805, 35.223606], [-5.354633, 35.223115], [-5.35429, 35.222975], [-5.354204, 35.222694], [-5.353861, 35.222624], [-5.353689, 35.221923], [-5.353088, 35.221923], [-5.353088, 35.221783], [-5.353346, 35.221572], [-5.353003, 35.220871], [-5.352573, 35.221082], [-5.35223, 35.221502], [-5.352058, 35.222063], [-5.351458, 35.222834], [-5.351372, 35.223746], [-5.350428, 35.225499], [-5.350342, 35.22606], [-5.350599, 35.227742], [-5.350428, 35.228864], [-5.349998, 35.229285], [-5.350084, 35.229916], [-5.349312, 35.230056], [-5.348883, 35.230547], [-5.347767, 35.231178], [-5.34708, 35.231178], [-5.346737, 35.231458], [-5.346308, 35.23258], [-5.34605, 35.23279], [-5.345621, 35.233351], [-5.345192, 35.233562], [-5.344162, 35.233702], [-5.342102, 35.233702], [-5.340729, 35.233912], [-5.339956, 35.234052], [-5.339355, 35.234333], [-5.338926, 35.234403], [-5.336695, 35.233982], [-5.336437, 35.233842], [-5.336008, 35.233772], [-5.335751, 35.234543], [-5.334978, 35.235104], [-5.333605, 35.234894], [-5.33309, 35.235244], [-5.332575, 35.235314], [-5.332403, 35.235454], [-5.331802, 35.235314], [-5.331202, 35.234964], [-5.330515, 35.235174], [-5.329657, 35.235104], [-5.328884, 35.235665], [-5.328798, 35.235805], [-5.328798, 35.236366], [-5.328541, 35.236506], [-5.328026, 35.236226], [-5.32794, 35.235034], [-5.327339, 35.234543], [-5.327339, 35.234122], [-5.327082, 35.233842], [-5.326138, 35.233141], [-5.325193, 35.232931], [-5.324936, 35.233562], [-5.324678, 35.234683], [-5.324078, 35.234613], [-5.323992, 35.235525], [-5.323048, 35.235525], [-5.321932, 35.235244], [-5.321074, 35.234473], [-5.320816, 35.234403], [-5.320129, 35.234613], [-5.319958, 35.234964], [-5.319185, 35.235454], [-5.318842, 35.235875], [-5.318413, 35.237417], [-5.318413, 35.238399], [-5.317984, 35.238399], [-5.315237, 35.237838], [-5.314379, 35.237487], [-5.313263, 35.237067], [-5.311804, 35.236085], [-5.311375, 35.235595], [-5.31086, 35.234753], [-5.309916, 35.23251], [-5.3088, 35.230617], [-5.308628, 35.230477], [-5.307856, 35.230407], [-5.307255, 35.229916], [-5.306396, 35.229565], [-5.305281, 35.228724], [-5.30468, 35.228514], [-5.299873, 35.227813], [-5.29644, 35.227672], [-5.292664, 35.227742], [-5.29232, 35.228093], [-5.292063, 35.228163], [-5.290689, 35.227742], [-5.28923, 35.227672], [-5.288458, 35.227111], [-5.287857, 35.226901], [-5.286055, 35.226831], [-5.285282, 35.226971], [-5.283394, 35.226761], [-5.281334, 35.226761], [-5.280819, 35.22634], [-5.280304, 35.22623920782852], [-5.280304, 35.2262], [-5.278673, 35.22592], [-5.277815, 35.22592], [-5.274725, 35.224938], [-5.274725, 35.225359], [-5.274467, 35.225779], [-5.273438, 35.225779], [-5.268459, 35.225849], [-5.265799, 35.225499], [-5.256615, 35.225359], [-5.252495, 35.225218], [-5.24065, 35.225289], [-5.23962, 35.225779], [-5.238075, 35.226621], [-5.236359, 35.227742], [-5.236273, 35.228584], [-5.234985, 35.23286], [-5.233097, 35.236997], [-5.23181, 35.23917], [-5.230265, 35.240922], [-5.229063, 35.241834], [-5.228634, 35.242745], [-5.228033, 35.243446], [-5.227518, 35.243656], [-5.227175, 35.243867], [-5.227089, 35.244147], [-5.227089, 35.244638], [-5.226917, 35.245058], [-5.225973, 35.245199], [-5.225801, 35.245479], [-5.225372, 35.24646], [-5.225544, 35.247512], [-5.225286, 35.248914], [-5.225286, 35.250035], [-5.224771, 35.251367], [-5.224943, 35.252208], [-5.224857, 35.252488], [-5.224514, 35.253189], [-5.22357, 35.25382], [-5.223312, 35.254521], [-5.221853, 35.255432], [-5.221338, 35.256133], [-5.220823, 35.256553], [-5.220823, 35.258025], [-5.220652, 35.258306], [-5.220566, 35.259357], [-5.220737, 35.26202], [-5.219364, 35.26181], [-5.219107, 35.26167], [-5.218935, 35.260969], [-5.217991, 35.260408], [-5.216274, 35.259777], [-5.215244, 35.259777], [-5.210438, 35.260618], [-5.207777, 35.260128], [-5.207005, 35.260128], [-5.206146, 35.260268], [-5.205545, 35.260618], [-5.20503, 35.261319], [-5.20503, 35.26181], [-5.210009, 35.267206], [-5.211983, 35.269519], [-5.215588, 35.274143], [-5.216875, 35.275685], [-5.217562, 35.277437], [-5.217991, 35.28045], [-5.217991, 35.281711], [-5.217476, 35.282762], [-5.216789, 35.283322], [-5.216274, 35.283392], [-5.214472, 35.285424], [-5.214386, 35.290048], [-5.213528, 35.295022], [-5.213184, 35.295933], [-5.213013, 35.298595], [-5.212154, 35.298315], [-5.210438, 35.297404], [-5.209494, 35.297334], [-5.208549, 35.297614], [-5.207949, 35.297544], [-5.207176, 35.296774], [-5.206575, 35.296493], [-5.205545, 35.296493], [-5.204, 35.296774], [-5.202885, 35.30567], [-5.203571, 35.30651], [-5.207691, 35.309102], [-5.208549, 35.310433], [-5.207691, 35.310783], [-5.206919, 35.310993], [-5.206232, 35.310923], [-5.205374, 35.311133], [-5.204344, 35.311623], [-5.203915, 35.312114], [-5.2034, 35.313514], [-5.202885, 35.314215], [-5.202112, 35.314985], [-5.200653, 35.316666], [-5.198593, 35.317436], [-5.19722, 35.318837], [-5.196705, 35.319677], [-5.19619, 35.320168], [-5.194988, 35.320798], [-5.193529, 35.321918], [-5.192671, 35.322969], [-5.191641, 35.32577], [-5.190954, 35.32689], [-5.190697, 35.328081], [-5.190954, 35.328851], [-5.191383, 35.329201], [-5.192327, 35.331232], [-5.192499, 35.332142], [-5.192585, 35.333893], [-5.191813, 35.336343], [-5.19104, 35.337464], [-5.190783, 35.338094], [-5.190525, 35.338304], [-5.190182, 35.338864], [-5.189838, 35.339004], [-5.189753, 35.339214], [-5.190096, 35.340334], [-5.190611, 35.340895], [-5.19104, 35.340965], [-5.191383, 35.341385], [-5.191469, 35.341875], [-5.191298, 35.342365], [-5.191298, 35.342925], [-5.190954, 35.343415], [-5.190525, 35.343555], [-5.189838, 35.343555], [-5.189323, 35.343275], [-5.188894, 35.343275], [-5.187778, 35.343485], [-5.186663, 35.343905], [-5.186405, 35.344395], [-5.186319, 35.345375], [-5.186577, 35.346495], [-5.187006, 35.346635], [-5.187263, 35.346285], [-5.187607, 35.346355], [-5.187607, 35.346776], [-5.187178, 35.347266], [-5.18692, 35.347896], [-5.187006, 35.348806], [-5.186749, 35.349156], [-5.187435, 35.350976], [-5.187263, 35.351256], [-5.186491, 35.351536], [-5.186234, 35.352096], [-5.186491, 35.352446], [-5.185719, 35.353146], [-5.185118, 35.353426], [-5.184088, 35.353636], [-5.1828, 35.353706], [-5.181942, 35.353636], [-5.18074, 35.353006], [-5.180054, 35.352376], [-5.179539, 35.352026], [-5.179195, 35.352096], [-5.178251, 35.353146], [-5.17765, 35.353916], [-5.176535, 35.354616], [-5.176277, 35.355246], [-5.176191, 35.355736], [-5.17662, 35.356716], [-5.177135, 35.357486], [-5.178852, 35.358676], [-5.179195, 35.359026], [-5.179281, 35.359306], [-5.179195, 35.359586], [-5.177908, 35.360566], [-5.177393, 35.362806], [-5.176191, 35.364766], [-5.176105, 35.365396], [-5.176535, 35.366236], [-5.176706, 35.367076], [-5.176706, 35.367636], [-5.176535, 35.368055], [-5.17499, 35.370225], [-5.17396, 35.372885], [-5.172672, 35.374704], [-5.171986, 35.375264], [-5.171127, 35.375544], [-5.169668, 35.375614], [-5.168638, 35.375544], [-5.167179, 35.375194], [-5.166235, 35.374984], [-5.165377, 35.374634], [-5.164862, 35.374284], [-5.164347, 35.373375], [-5.163488, 35.372815], [-5.161858, 35.372255], [-5.160999, 35.372185], [-5.160398, 35.372395], [-5.160141, 35.372605], [-5.159969, 35.373655], [-5.159626, 35.374144], [-5.156794, 35.375544], [-5.155764, 35.375824], [-5.154562, 35.375824], [-5.15379, 35.375474], [-5.151901, 35.374984], [-5.150871, 35.375474], [-5.150185, 35.375474], [-5.14967, 35.375684], [-5.14864, 35.376944], [-5.147867, 35.377224], [-5.147181, 35.377924], [-5.147009, 35.378343], [-5.147352, 35.379113], [-5.148211, 35.379673], [-5.149927, 35.380023], [-5.150871, 35.380373], [-5.153618, 35.381982], [-5.155935, 35.383522], [-5.159197, 35.384921], [-5.160313, 35.385551], [-5.160913, 35.386391], [-5.161085, 35.386881], [-5.161171, 35.387231], [-5.160999, 35.38807], [-5.160313, 35.38891], [-5.158682, 35.390449], [-5.157137, 35.391289], [-5.155678, 35.391779], [-5.155249, 35.391989], [-5.155077, 35.392339], [-5.154305, 35.392688], [-5.152845, 35.392828], [-5.15173, 35.392688], [-5.150099, 35.392129], [-5.149155, 35.391429], [-5.148382, 35.391219], [-5.146837, 35.391149], [-5.146236, 35.391289], [-5.145721, 35.391569], [-5.14555, 35.391429], [-5.144434, 35.392898], [-5.142632, 35.394228], [-5.142202, 35.394857], [-5.141773, 35.395277], [-5.140057, 35.396047], [-5.138941, 35.396117], [-5.138769, 35.396257], [-5.138512, 35.396257], [-5.136108, 35.399545], [-5.135336, 35.401224], [-5.134306, 35.402344], [-5.134392, 35.403113], [-5.133619, 35.403393], [-5.133276, 35.403953], [-5.132246, 35.404093], [-5.132074, 35.404233], [-5.131817, 35.404512], [-5.131903, 35.404862], [-5.131645, 35.405212], [-5.130186, 35.405422], [-5.129499, 35.405702], [-5.129757, 35.406051], [-5.129585, 35.407101], [-5.129929, 35.40822], [-5.129671, 35.40843], [-5.12907, 35.40864], [-5.128641, 35.40864], [-5.127611, 35.40885], [-5.125551, 35.409829], [-5.125208, 35.410249], [-5.124779, 35.411088], [-5.124521, 35.412417], [-5.125551, 35.414586], [-5.125465, 35.415985], [-5.125809, 35.416684], [-5.125809, 35.417384], [-5.125208, 35.418153], [-5.12392, 35.418643], [-5.122204, 35.418643], [-5.119715, 35.419133], [-5.118427, 35.419622], [-5.116968, 35.420392], [-5.115767, 35.421581], [-5.114822, 35.42235], [-5.113316293207142, 35.42310693137209], [-5.112333, 35.423399], [-5.111303, 35.42291], [-5.108728, 35.423189], [-5.108299, 35.423259], [-5.107613, 35.423609], [-5.106754, 35.423609], [-5.105724, 35.424169], [-5.105639, 35.424308], [-5.105724, 35.424868], [-5.105639, 35.425148], [-5.105381, 35.425288], [-5.105124, 35.425288], [-5.105038, 35.425427], [-5.105467, 35.426337], [-5.105553, 35.426686], [-5.105381, 35.426966], [-5.104351, 35.427735], [-5.103321, 35.428994], [-5.103235, 35.429274], [-5.103579, 35.429834], [-5.103922, 35.430743], [-5.103064, 35.432561], [-5.102634, 35.432911], [-5.10066, 35.43333], [-5.099974, 35.433191], [-5.099287, 35.432491], [-5.098858, 35.432281], [-5.097313, 35.432421], [-5.095425, 35.432072], [-5.093794, 35.432211], [-5.090961, 35.432631], [-5.090361, 35.432281], [-5.089931, 35.431722], [-5.089931, 35.431092], [-5.090361, 35.430883], [-5.091133, 35.430743], [-5.09182, 35.430253], [-5.093279, 35.429973], [-5.093794, 35.429554], [-5.094051, 35.428994], [-5.094481, 35.428505], [-5.094652, 35.428295], [-5.094566, 35.427596], [-5.093279, 35.425847], [-5.091133, 35.424798], [-5.08976, 35.424728], [-5.089417, 35.424518], [-5.08873, 35.423609], [-5.088215, 35.423469], [-5.087872, 35.423539], [-5.087013, 35.423819], [-5.086069, 35.424728], [-5.083923, 35.426337], [-5.082464, 35.427106], [-5.081177, 35.427386], [-5.080748, 35.427945], [-5.080404, 35.429064], [-5.08049, 35.429484], [-5.080662, 35.432351], [-5.080833, 35.4334], [-5.08049, 35.434519], [-5.0806669937896265, 35.43509457282751], [-5.079632, 35.43382], [-5.076199, 35.427735], [-5.075426, 35.426616], [-5.071564, 35.420112], [-5.07062, 35.418013], [-5.064955, 35.410739], [-5.062981, 35.40885], [-5.062551, 35.40822], [-5.060835, 35.406681], [-5.058947, 35.405562], [-5.05723, 35.405072], [-5.056028, 35.405212], [-5.054741, 35.405072], [-5.051394, 35.404233], [-5.048218, 35.403673], [-5.045042, 35.403673], [-5.04324, 35.403463], [-5.042124, 35.403253], [-5.039978, 35.402414], [-5.037918, 35.402134], [-5.033541, 35.400245], [-5.032082, 35.400035], [-5.03088, 35.399545], [-5.029936, 35.399335], [-5.029078, 35.399615], [-5.028477, 35.400105], [-5.027533, 35.400385], [-5.027275, 35.400804], [-5.025644, 35.401014], [-5.025387, 35.401084], [-5.024958, 35.401434], [-5.023413, 35.402064], [-5.022726, 35.402623], [-5.020409, 35.402903], [-5.019894, 35.402833], [-5.018778, 35.403253], [-5.017319, 35.403323], [-5.017061, 35.403253], [-5.016375, 35.403253], [-5.016031, 35.403113], [-5.01543, 35.401994], [-5.012426, 35.398496], [-5.010195, 35.395627], [-5.010109, 35.395627], [-5.008736, 35.393738], [-5.004959, 35.38926], [-5.004444, 35.38884], [-5.002041, 35.38807], [-5.000753, 35.387441], [-5.000839, 35.387161], [-5.000668, 35.386951], [-5.000153, 35.386671], [-4.999981, 35.386251], [-4.999552, 35.386111], [-4.999552, 35.385901], [-4.999466, 35.385971], [-4.997406, 35.383312], [-4.99217, 35.378134], [-4.989853, 35.376664], [-4.986849, 35.373934], [-4.985905, 35.372815], [-4.984446, 35.371905], [-4.983845, 35.371835], [-4.982128, 35.370645], [-4.981527, 35.370365], [-4.981184, 35.370085], [-4.980412, 35.369875], [-4.97818, 35.367916], [-4.978008, 35.368125], [-4.977236, 35.367916], [-4.977064, 35.367566], [-4.974833, 35.367006], [-4.974318, 35.366656], [-4.974146, 35.366376], [-4.973888, 35.366586], [-4.973803, 35.366516], [-4.973202, 35.365816], [-4.970884, 35.363856], [-4.970369, 35.363156], [-4.963245, 35.355666], [-4.960155, 35.352726], [-4.959898, 35.352796], [-4.959469, 35.352516], [-4.957066, 35.350276], [-4.955606, 35.348806], [-4.95492, 35.347826], [-4.953461, 35.346355], [-4.95183, 35.345165], [-4.951057, 35.344325], [-4.94977, 35.343345], [-4.947968, 35.341665], [-4.947882, 35.341175], [-4.947624, 35.341245], [-4.946508, 35.340404], [-4.944277, 35.338234], [-4.943419, 35.337744], [-4.942131, 35.336834], [-4.941359, 35.335993], [-4.939127, 35.333193], [-4.93638, 35.328571], [-4.935865, 35.328641], [-4.934406, 35.327101], [-4.93535, 35.32654], [-4.934664, 35.32563], [-4.933205, 35.32479], [-4.932432, 35.324089], [-4.931231, 35.322689], [-4.929342, 35.321078], [-4.928741, 35.32024444522144], [-4.928741, 35.320308], [-4.928484, 35.319888], [-4.927197, 35.318767], [-4.925137, 35.317156], [-4.921875, 35.315685], [-4.921017, 35.315265], [-4.919987, 35.314915], [-4.918442, 35.313935], [-4.915009, 35.312674], [-4.915009, 35.312666397449995], [-4.913893, 35.312254], [-4.912262, 35.312184], [-4.91003, 35.310853], [-4.904194, 35.307841], [-4.902735, 35.307211], [-4.901533, 35.30693], [-4.896469, 35.304689], [-4.895096, 35.304339], [-4.891405, 35.304199], [-4.890976, 35.304409], [-4.889688, 35.304059], [-4.885054, 35.301887], [-4.88205, 35.301677], [-4.878273, 35.299996], [-4.877586, 35.299926], [-4.876814, 35.300206], [-4.874668, 35.300346], [-4.874067, 35.300696], [-4.872179, 35.301117], [-4.869003, 35.302237], [-4.868746, 35.302237], [-4.868145, 35.301957], [-4.863596, 35.297824], [-4.862309, 35.297054], [-4.860592, 35.294952], [-4.859219, 35.293761], [-4.85733, 35.2918], [-4.856815, 35.291449], [-4.855785, 35.291099], [-4.854155, 35.289558], [-4.848576, 35.282832], [-4.844198, 35.277857], [-4.843512, 35.277507], [-4.842911, 35.277367], [-4.841881, 35.277297], [-4.84025, 35.276456], [-4.839649, 35.275895], [-4.839478, 35.275895], [-4.83922, 35.275475], [-4.83407, 35.27057], [-4.831238, 35.267697], [-4.824715, 35.262931], [-4.822311, 35.26188], [-4.819221, 35.259497], [-4.817247, 35.258236], [-4.810896, 35.256063], [-4.808407, 35.255642], [-4.807978, 35.255853], [-4.807119, 35.255432], [-4.805145, 35.254241], [-4.803257, 35.25347], [-4.801369, 35.253049], [-4.799309, 35.253049], [-4.799223, 35.252839], [-4.799309, 35.252699], [-4.794331, 35.249825]]]]}, "properties": {"territoire_id": 8, "nom": "Chefchaouen"}}, {"type": "Feature", "geometry": {"type": "MultiPolygon", "coordinates": [[[[-5.546036, 34.995199], [-5.545607, 34.995058], [-5.542088, 34.992949], [-5.538654, 34.991191], [-5.534878, 34.989644], [-5.529299, 34.989644], [-5.525694, 34.991683], [-5.523891, 34.994496], [-5.520544, 34.995129], [-5.514278, 35.000965], [-5.510244, 35.002792], [-5.504665, 35.004339], [-5.499601, 35.007081], [-5.49943, 35.00926], [-5.500288, 35.010666], [-5.500889, 35.012354], [-5.501232, 35.015587], [-5.50106, 35.017555], [-5.500717, 35.019172], [-5.499945, 35.020578], [-5.499172, 35.021351], [-5.498142, 35.022054], [-5.495996, 35.022898], [-5.493937, 35.024022], [-5.493765, 35.024374], [-5.493593, 35.024374], [-5.491705, 35.024233], [-5.491362, 35.024374], [-5.490074, 35.025358], [-5.489817, 35.025358], [-5.488958, 35.025006], [-5.488443, 35.025006], [-5.486727, 35.025358], [-5.486298, 35.02592], [-5.486212, 35.026834], [-5.486212, 35.027818], [-5.48604, 35.028169], [-5.484753, 35.029434], [-5.484152, 35.029645], [-5.483465, 35.029645], [-5.482435, 35.029926], [-5.479689, 35.031753], [-5.476084, 35.034986], [-5.475397, 35.035197], [-5.472221, 35.035408], [-5.47102, 35.035619], [-5.469818, 35.035267], [-5.469303, 35.035267], [-5.468616, 35.035549], [-5.46793, 35.036673], [-5.467329, 35.03836], [-5.466557, 35.039484], [-5.465612, 35.040187], [-5.464153, 35.040889], [-5.463381, 35.041873], [-5.462437, 35.042084], [-5.46175, 35.041873], [-5.461063, 35.041311], [-5.460033, 35.04096], [-5.459518, 35.040819], [-5.458832, 35.040889], [-5.458488, 35.041171], [-5.458317, 35.041662], [-5.458488, 35.041944], [-5.459003, 35.042365], [-5.459089, 35.043138], [-5.458059, 35.043349], [-5.457029, 35.042998], [-5.4566, 35.042576], [-5.4566, 35.041944], [-5.456257, 35.041522], [-5.454798, 35.040538], [-5.455484, 35.038289], [-5.454626, 35.036954], [-5.454025, 35.036392], [-5.45145, 35.035549], [-5.450764, 35.034846], [-5.451021, 35.034213], [-5.450764, 35.033932], [-5.450335, 35.033862], [-5.448961, 35.034073], [-5.446215, 35.034073], [-5.445099, 35.033651], [-5.442352, 35.031753], [-5.440807, 35.031261], [-5.439863, 35.03084], [-5.439005, 35.029645], [-5.43849, 35.029153], [-5.437202, 35.029012], [-5.435572, 35.029434], [-5.434198, 35.029153], [-5.432224, 35.02852], [-5.430508, 35.02838], [-5.429735, 35.028731], [-5.42922, 35.028731], [-5.428963, 35.02831], [-5.428619, 35.026834], [-5.425787, 35.025006], [-5.424414, 35.024444], [-5.423555, 35.023952], [-5.422869, 35.02339], [-5.42201, 35.022476], [-5.421581, 35.022195], [-5.420637, 35.022335], [-5.418491, 35.02353], [-5.418062, 35.02353], [-5.416775, 35.023249], [-5.415487, 35.023179], [-5.413599, 35.023741], [-5.412483, 35.02353], [-5.412226, 35.0236], [-5.410595, 35.023882], [-5.409393, 35.024514], [-5.408363, 35.024514], [-5.406818, 35.024163], [-5.405188, 35.024795], [-5.403471, 35.024514], [-5.401239, 35.024866], [-5.398664, 35.026412], [-5.397463, 35.027326], [-5.396347, 35.027536], [-5.39566, 35.027607], [-5.395317, 35.027326], [-5.394974, 35.02599], [-5.394115, 35.024936], [-5.393343, 35.024584], [-5.392313, 35.024444], [-5.391798, 35.024725], [-5.391026, 35.025779], [-5.390339, 35.02592], [-5.389566, 35.025639], [-5.389566, 35.025147], [-5.389738, 35.024866], [-5.389652, 35.024584], [-5.389395, 35.024374], [-5.385876, 35.023952], [-5.383043, 35.024866], [-5.3827, 35.024795], [-5.382099, 35.024584], [-5.38167, 35.024163], [-5.381327, 35.024163], [-5.379095, 35.024514], [-5.378065, 35.024584], [-5.377207, 35.024514], [-5.375919, 35.024092], [-5.374889, 35.023249], [-5.373945, 35.022898], [-5.373516, 35.022405], [-5.372915, 35.02114], [-5.372829, 35.020086], [-5.372486, 35.019453], [-5.371199, 35.018188], [-5.37077, 35.017345], [-5.370169, 35.016782], [-5.369911, 35.016712], [-5.369396, 35.017063], [-5.368967, 35.017555], [-5.368538, 35.017766], [-5.367765, 35.017555], [-5.367594, 35.017345], [-5.367508, 35.016571], [-5.366735, 35.015868], [-5.365877, 35.015236], [-5.365191, 35.014884], [-5.363302, 35.015165], [-5.362787, 35.015165], [-5.36253, 35.014884], [-5.362616, 35.014041], [-5.363817, 35.013197], [-5.363731, 35.012986], [-5.363302, 35.012775], [-5.361586, 35.012143], [-5.360556, 35.01158], [-5.360212, 35.01151], [-5.359097, 35.011791], [-5.358496, 35.011791], [-5.356865, 35.011721], [-5.356693, 35.011299], [-5.356779, 35.011088], [-5.35738, 35.010948], [-5.358667, 35.011088], [-5.358839, 35.011018], [-5.358925, 35.010666], [-5.358582, 35.010315], [-5.358067, 35.008698], [-5.356693, 35.007362], [-5.356779, 35.00694], [-5.357208, 35.006659], [-5.357466, 35.006237], [-5.356264, 35.004691], [-5.356007, 35.003496], [-5.355406, 35.003285], [-5.355148, 35.002863], [-5.355663, 35.001527], [-5.355406, 35.001105], [-5.354633, 35.001105], [-5.354204, 35.000754], [-5.355148, 34.999769], [-5.355234, 34.999277], [-5.354376, 34.998644], [-5.352316, 34.998222], [-5.352659, 34.996676], [-5.352402, 34.996394], [-5.352058, 34.996254], [-5.351114, 34.996183], [-5.35017, 34.996957], [-5.349226, 34.997308], [-5.348969, 34.997238], [-5.348711, 34.996113], [-5.348368, 34.995902], [-5.346308, 34.995832], [-5.345793, 34.995973], [-5.345621, 34.996746], [-5.345106, 34.996535], [-5.344677, 34.996043], [-5.344419, 34.99548], [-5.342875, 34.994988], [-5.342789, 34.994285], [-5.342531, 34.993933], [-5.340643, 34.993019], [-5.340214, 34.992246], [-5.339184, 34.991965], [-5.338669, 34.991472], [-5.338497, 34.990769], [-5.337896, 34.990558], [-5.337381, 34.990769], [-5.336695, 34.990769], [-5.336266, 34.990347], [-5.336094, 34.989925], [-5.335665, 34.989574], [-5.334721, 34.989222], [-5.333948, 34.988519], [-5.332832, 34.988027], [-5.332661, 34.987675], [-5.332747, 34.986902], [-5.333176, 34.986199], [-5.331974, 34.986058], [-5.330086, 34.986621], [-5.329485, 34.986058], [-5.329399, 34.985355], [-5.329742, 34.984792], [-5.329657, 34.984441], [-5.329313, 34.984089], [-5.328712, 34.984089], [-5.328455, 34.983878], [-5.326653, 34.983315], [-5.325794, 34.982331], [-5.325365, 34.98205], [-5.325022, 34.981979], [-5.324764, 34.98212], [-5.324335, 34.98212], [-5.323992, 34.98205], [-5.323734, 34.981768], [-5.323734, 34.981487], [-5.323906, 34.981206], [-5.32382, 34.980995], [-5.323305, 34.980713], [-5.323048, 34.980924], [-5.323133, 34.981698], [-5.321417, 34.980151], [-5.320902, 34.980151], [-5.320644, 34.980291], [-5.320473, 34.980221], [-5.319185, 34.978674], [-5.318756, 34.978041], [-5.319357, 34.97776], [-5.319357, 34.977549], [-5.319185, 34.977267], [-5.317812, 34.976986], [-5.317554, 34.976705], [-5.316954, 34.975369], [-5.317211, 34.974665], [-5.317211, 34.973892], [-5.316353, 34.973892], [-5.316267, 34.97347], [-5.316439, 34.972977], [-5.316181, 34.972555], [-5.314894, 34.972555], [-5.314894, 34.972133], [-5.315065, 34.971711], [-5.314808, 34.97143], [-5.312147, 34.971922], [-5.311975, 34.971711], [-5.311975, 34.971289], [-5.312233, 34.970727], [-5.312061, 34.970094], [-5.311804, 34.970023], [-5.311289, 34.970375], [-5.310774, 34.970305], [-5.310431, 34.970023], [-5.309572, 34.969742], [-5.309143, 34.96925], [-5.308371, 34.968898], [-5.307941, 34.968968], [-5.306654, 34.96939], [-5.306311, 34.969672], [-5.305624, 34.969812], [-5.305281, 34.969742], [-5.305281, 34.96939], [-5.305967, 34.96925], [-5.306396, 34.968898], [-5.306311, 34.968757], [-5.304337, 34.968335], [-5.303907, 34.967913], [-5.304508, 34.96714], [-5.304337, 34.966647], [-5.30365, 34.966436], [-5.303307, 34.966014], [-5.303392, 34.965029], [-5.303135, 34.964678], [-5.302191, 34.964326], [-5.302448, 34.963763], [-5.302448, 34.963623], [-5.301247, 34.963271], [-5.300989, 34.962357], [-5.300217, 34.961512], [-5.300131, 34.960809], [-5.299959, 34.960457], [-5.2985, 34.960317], [-5.297642, 34.959754], [-5.296698, 34.957995], [-5.296011, 34.958206], [-5.295839, 34.958417], [-5.295496, 34.958417], [-5.295238, 34.957433], [-5.294895, 34.957151], [-5.293779, 34.957222], [-5.293436, 34.95701], [-5.293093, 34.956659], [-5.292492, 34.956307], [-5.29232, 34.955955], [-5.292406, 34.955604], [-5.292234, 34.955322], [-5.291805, 34.955252], [-5.291119, 34.955744], [-5.289145, 34.955955], [-5.288458, 34.955885], [-5.288115, 34.955674], [-5.287685, 34.955674], [-5.287256, 34.955744], [-5.286312, 34.956237], [-5.284681, 34.956307], [-5.282621, 34.956166], [-5.281763, 34.955674], [-5.281506, 34.955604], [-5.281162, 34.955252], [-5.280733, 34.955252], [-5.280733, 34.955111], [-5.280905, 34.954197], [-5.280476, 34.953986], [-5.280218, 34.953352], [-5.280132, 34.952579], [-5.279789, 34.952016], [-5.280046, 34.951945], [-5.280304, 34.9519876], [-5.2803085648, 34.9519883537], [-5.280476, 34.952016], [-5.280647, 34.951734], [-5.280561, 34.951383], [-5.280132, 34.951383], [-5.2801589985, 34.9513342894], [-5.280132, 34.951312], [-5.2803513522, 34.9509872456], [-5.280561, 34.950609], [-5.280476, 34.950116], [-5.2803626221, 34.9498771707], [-5.280304, 34.9497536839], [-5.279875, 34.94885], [-5.2803383107, 34.9474849121], [-5.280905, 34.947021], [-5.280905, 34.946528], [-5.280819, 34.946388], [-5.2803108929, 34.9464471805], [-5.280304, 34.9464479834], [-5.279617, 34.946528], [-5.279274, 34.946317], [-5.278416, 34.946388], [-5.277557, 34.946247], [-5.277214, 34.946458], [-5.276527, 34.945543], [-5.276012, 34.945262], [-5.276012, 34.944699], [-5.275755, 34.944277], [-5.274811, 34.943644], [-5.274382, 34.943151], [-5.274296, 34.942588], [-5.274811, 34.942026], [-5.274725, 34.941674], [-5.273609, 34.9409], [-5.273437, 34.940478], [-5.273266, 34.939915], [-5.273266, 34.939211], [-5.273437, 34.938719], [-5.273781, 34.937804], [-5.273781, 34.937171], [-5.273437, 34.93696], [-5.272665, 34.936115], [-5.27215, 34.936115], [-5.271978, 34.935904], [-5.271034, 34.935552], [-5.270605, 34.935623], [-5.269489, 34.935341], [-5.269489, 34.93506], [-5.268888, 34.934708], [-5.268631, 34.934427], [-5.268803, 34.934427], [-5.268717, 34.934215], [-5.26803, 34.933723], [-5.267944, 34.933371], [-5.267773, 34.93316], [-5.267429, 34.93309], [-5.267086, 34.933301], [-5.266657, 34.933371], [-5.266571, 34.933336], [-5.2665587798, 34.9333310267], [-5.266485, 34.933301], [-5.266142, 34.932949], [-5.265198, 34.932878], [-5.264683, 34.932245], [-5.264254, 34.932104], [-5.263824, 34.930345], [-5.263224, 34.930275], [-5.262709, 34.929853], [-5.261936, 34.929782], [-5.261679, 34.92943], [-5.261421, 34.92936], [-5.261164, 34.928727], [-5.259962, 34.928023], [-5.259533, 34.927882], [-5.258503, 34.928023], [-5.257816, 34.927601], [-5.257645, 34.927601], [-5.257473, 34.92739], [-5.257473, 34.926827], [-5.257044, 34.926968], [-5.256786, 34.926897], [-5.256186, 34.926545], [-5.254984, 34.926334], [-5.254641, 34.926123], [-5.254211, 34.92563], [-5.253611, 34.92556], [-5.253353, 34.925349], [-5.253353, 34.924856], [-5.253181, 34.924575], [-5.252752, 34.924716], [-5.251808, 34.924505], [-5.251379, 34.924223], [-5.250006, 34.923801], [-5.24992, 34.92359], [-5.250177, 34.923308], [-5.250092, 34.923167], [-5.249577, 34.923097], [-5.249491, 34.922886], [-5.249491, 34.922675], [-5.248804, 34.922182], [-5.248032, 34.921338], [-5.247946, 34.920915], [-5.247774, 34.920634], [-5.246916, 34.91993], [-5.246572, 34.919789], [-5.246229, 34.919437], [-5.244942, 34.918945], [-5.244255, 34.918311], [-5.24374, 34.91803], [-5.242882, 34.91803], [-5.242538, 34.917819], [-5.242023, 34.917397], [-5.241852, 34.916622], [-5.241594, 34.916341], [-5.240393, 34.915707], [-5.239878, 34.915496], [-5.239277, 34.914863], [-5.238934, 34.914792], [-5.238161, 34.915074], [-5.23756, 34.915144], [-5.236959, 34.914863], [-5.236788, 34.914722], [-5.236359, 34.913455], [-5.236101, 34.913314], [-5.235329, 34.913526], [-5.234728, 34.913526], [-5.23447, 34.913314], [-5.234041, 34.91247], [-5.233955, 34.912188], [-5.234385, 34.911836], [-5.23447, 34.911555], [-5.234213, 34.911133], [-5.233355, 34.911062], [-5.23181, 34.911484], [-5.231466, 34.911484], [-5.231037, 34.911203], [-5.23078, 34.910358], [-5.230522, 34.909936], [-5.229921, 34.909514], [-5.229063, 34.909162], [-5.228548, 34.908599], [-5.228548, 34.908317], [-5.228806, 34.907754], [-5.229836, 34.906909], [-5.230007, 34.906276], [-5.229149, 34.905431], [-5.228806, 34.904516], [-5.228291, 34.904305], [-5.227947, 34.904235], [-5.226831, 34.904235], [-5.225973, 34.904094], [-5.225973, 34.904235], [-5.225458, 34.904164], [-5.224686, 34.904375], [-5.223827, 34.904235], [-5.223484, 34.904023], [-5.222969, 34.903601], [-5.222712, 34.903108], [-5.222626, 34.902475], [-5.222797, 34.901841], [-5.222626, 34.901348], [-5.221338, 34.899729], [-5.221008007564084, 34.899089290087154], [-5.220394, 34.897899], [-5.219793, 34.897195], [-5.219364, 34.896914], [-5.218849, 34.896773], [-5.217133, 34.897266], [-5.216618, 34.897054], [-5.216274, 34.896632], [-5.215845, 34.895365], [-5.215845, 34.893534], [-5.215673, 34.893042], [-5.215244, 34.892971], [-5.214214, 34.893323], [-5.213184, 34.893534], [-5.212069, 34.893253], [-5.211811, 34.893112], [-5.211983, 34.892901], [-5.213184, 34.891986], [-5.214043, 34.891563], [-5.2143, 34.891141], [-5.214386, 34.890578], [-5.213785, 34.888958], [-5.214214, 34.887621], [-5.214386, 34.886424], [-5.213957, 34.885931], [-5.21327, 34.885649], [-5.211468, 34.885086], [-5.211039, 34.884664], [-5.210695, 34.88403], [-5.210695, 34.883115], [-5.210352, 34.881777], [-5.209322, 34.881284], [-5.207691, 34.880721], [-5.207396298300871, 34.880559524846205], [-5.207262, 34.880509], [-5.204515, 34.879031], [-5.204344, 34.878608], [-5.204773, 34.877763], [-5.204773, 34.877411], [-5.202713, 34.877271], [-5.201426, 34.876848], [-5.201082, 34.876214], [-5.20134, 34.875088], [-5.201941, 34.87375], [-5.20237, 34.873186], [-5.20237, 34.872553], [-5.202284, 34.872201], [-5.201597, 34.871919], [-5.200996, 34.871989], [-5.199966, 34.872201], [-5.199022, 34.872623], [-5.198164, 34.872834], [-5.197392, 34.872764], [-5.197048, 34.872693], [-5.196705, 34.872341], [-5.196705, 34.871637], [-5.197477, 34.870511], [-5.197735, 34.867975], [-5.198336, 34.866285], [-5.198507, 34.864595], [-5.199022, 34.86368], [-5.19928, 34.862975], [-5.199108, 34.862623], [-5.197477, 34.862201], [-5.196619, 34.861778], [-5.196533, 34.861496], [-5.196962, 34.861074], [-5.198336, 34.860722], [-5.198765, 34.86051], [-5.198851, 34.860369], [-5.198765, 34.858116], [-5.198164, 34.856848], [-5.19722, 34.855721], [-5.196533, 34.855299], [-5.193272, 34.85396], [-5.192585, 34.853467], [-5.192242, 34.852904], [-5.192156, 34.85234], [-5.192413, 34.851777], [-5.193615, 34.851002], [-5.194645, 34.850086], [-5.195332, 34.848959], [-5.195589, 34.848044], [-5.195503, 34.847691], [-5.19516, 34.847128], [-5.193186, 34.846071], [-5.191813, 34.845085], [-5.191212, 34.843535], [-5.191298, 34.841986], [-5.190868, 34.841704], [-5.19001, 34.841422], [-5.191126, 34.84114], [-5.19207, 34.840365], [-5.192444647051314, 34.83975028784784], [-5.192457470835091, 34.839513104874214], [-5.192499, 34.838745], [-5.192156, 34.838323], [-5.191898, 34.83797], [-5.190611, 34.837266], [-5.189924, 34.836984], [-5.188894, 34.836773], [-5.185118, 34.836139], [-5.184603, 34.83642], [-5.184088, 34.83635], [-5.183573, 34.836068], [-5.183058, 34.834518], [-5.183229, 34.834237], [-5.184517, 34.83325], [-5.185032, 34.833039], [-5.189066, 34.832757], [-5.190697, 34.832405], [-5.191126, 34.832123], [-5.191298, 34.831912], [-5.191298, 34.831489], [-5.190783, 34.830996], [-5.187263, 34.829023], [-5.186148, 34.828178], [-5.185804, 34.827614], [-5.184689, 34.8255], [-5.184345, 34.824443], [-5.184345, 34.82395], [-5.184603, 34.823245], [-5.186319, 34.821343], [-5.186234, 34.821061], [-5.186319, 34.820498], [-5.185719, 34.819652], [-5.184174, 34.818736], [-5.182886, 34.818313], [-5.180483, 34.818736], [-5.180054, 34.818947], [-5.178852, 34.820779], [-5.178766, 34.82388], [-5.177822, 34.82705], [-5.177135, 34.828741], [-5.176363, 34.829587], [-5.175762, 34.829728], [-5.175161, 34.829657], [-5.173874, 34.829164], [-5.172071, 34.827332], [-5.171041, 34.8255], [-5.169497, 34.82395], [-5.16881, 34.823034], [-5.168295, 34.820709], [-5.168896, 34.820075], [-5.16984, 34.819722], [-5.171041, 34.819652], [-5.17293, 34.819863], [-5.173788, 34.819793], [-5.175161, 34.819441], [-5.175762, 34.819088], [-5.176191, 34.818736], [-5.176792, 34.81782], [-5.176706, 34.816904], [-5.176191, 34.815706], [-5.172586, 34.814015], [-5.171041, 34.814085], [-5.16984, 34.813874], [-5.169067, 34.813874], [-5.167694, 34.813662], [-5.165548, 34.81331], [-5.164261, 34.812817], [-5.164518, 34.810562], [-5.165033, 34.809505], [-5.166149, 34.807813], [-5.167437, 34.806897], [-5.168381, 34.805981], [-5.168552, 34.805488], [-5.168552, 34.804431], [-5.168467, 34.804078], [-5.167866, 34.803303], [-5.167179, 34.802951], [-5.16572, 34.80288], [-5.163403, 34.803091], [-5.162888, 34.802739], [-5.162544, 34.802034], [-5.162544, 34.801259], [-5.162716, 34.800695], [-5.163918, 34.799215], [-5.166149, 34.797946], [-5.166922, 34.797946], [-5.168381, 34.798087], [-5.170612, 34.798792], [-5.172415, 34.799497], [-5.17396, 34.799849], [-5.175076, 34.800061], [-5.175848, 34.800061], [-5.17705, 34.800272], [-5.17765, 34.800272], [-5.17808, 34.800061], [-5.178423, 34.799709], [-5.178595, 34.799286], [-5.177822, 34.797242], [-5.178509, 34.796114], [-5.17971, 34.795691], [-5.180311, 34.795057], [-5.179968, 34.793788], [-5.179625, 34.793013], [-5.179539, 34.790828], [-5.179195, 34.789559], [-5.178595, 34.788008], [-5.177393, 34.786034], [-5.175934, 34.784131], [-5.173616, 34.782439], [-5.172329, 34.781805], [-5.17087, 34.781734], [-5.170183, 34.781382], [-5.169239, 34.77976], [-5.168552, 34.779196], [-5.166407, 34.779196], [-5.164261, 34.779478], [-5.162716, 34.779055], [-5.160227, 34.777504], [-5.158854, 34.776447], [-5.155077, 34.774684], [-5.153618, 34.773627], [-5.152245, 34.773133], [-5.148897, 34.773133], [-5.147781, 34.772851], [-5.147438, 34.771935], [-5.147319365347597, 34.77096247174483], [-5.149498, 34.771018], [-5.149584, 34.77123], [-5.149412, 34.771723], [-5.149412, 34.772076], [-5.14967, 34.771935], [-5.149841, 34.772005], [-5.149927, 34.772428], [-5.150871, 34.772358], [-5.151215, 34.772146], [-5.15233, 34.771864], [-5.15233, 34.7713], [-5.153017, 34.770807], [-5.153446, 34.770948], [-5.153875, 34.770454], [-5.15379, 34.770243], [-5.153961, 34.769961], [-5.154219, 34.76989], [-5.154734, 34.770454], [-5.155163, 34.770454], [-5.155334, 34.770313], [-5.155077, 34.76989], [-5.155592, 34.768903], [-5.156879, 34.768057], [-5.157309, 34.768198], [-5.157394, 34.767845], [-5.157652, 34.767704], [-5.157652, 34.766858], [-5.158081, 34.766506], [-5.157995, 34.766294], [-5.158167, 34.766153], [-5.157738, 34.76573], [-5.157909, 34.765096], [-5.158253, 34.765025], [-5.157909, 34.764884], [-5.158167, 34.764743], [-5.158167, 34.764461], [-5.15851, 34.764531], [-5.158596, 34.76432], [-5.159197, 34.764179], [-5.159454, 34.763544], [-5.159798, 34.763615], [-5.159369, 34.76298], [-5.159626, 34.762416], [-5.160055, 34.762134], [-5.159969, 34.761782], [-5.160227, 34.761711], [-5.160313, 34.761288], [-5.160141, 34.760865], [-5.160913, 34.760794], [-5.161343, 34.760512], [-5.161171, 34.76023], [-5.161428, 34.759948], [-5.161772, 34.759948], [-5.161772, 34.759807], [-5.161171, 34.759596], [-5.161085, 34.759455], [-5.161428, 34.759173], [-5.161514, 34.758608], [-5.161772, 34.758467], [-5.161428, 34.75748], [-5.161772, 34.75741], [-5.162287, 34.756704], [-5.1616, 34.75614], [-5.161171, 34.75607], [-5.160999, 34.755858], [-5.161085, 34.755294], [-5.160999, 34.755012], [-5.160742, 34.754942], [-5.160656, 34.754377], [-5.16057, 34.754589], [-5.160055, 34.754307], [-5.159883, 34.754307], [-5.159883, 34.754166], [-5.159712, 34.753884], [-5.159454, 34.753884], [-5.159454, 34.753672], [-5.159111, 34.75332], [-5.158939, 34.752614], [-5.158939, 34.751133], [-5.158682, 34.751063], [-5.158768, 34.75071], [-5.158939, 34.750569], [-5.158939, 34.750358], [-5.158682, 34.750217], [-5.158768, 34.749864], [-5.159111, 34.749864], [-5.159025, 34.74937], [-5.159111, 34.749159], [-5.159197, 34.749159], [-5.159111, 34.748806], [-5.15954, 34.748454], [-5.159798, 34.748806], [-5.159969, 34.748665], [-5.160141, 34.748806], [-5.160999, 34.748665], [-5.162029, 34.748806], [-5.163059, 34.748313], [-5.162802, 34.747255], [-5.162973, 34.746902], [-5.163832, 34.74662], [-5.164003, 34.746338], [-5.164518, 34.745985], [-5.164776, 34.745421], [-5.165205, 34.743799], [-5.165033, 34.743164], [-5.165119, 34.742741], [-5.165548, 34.742247], [-5.16778, 34.741542], [-5.168552, 34.741048], [-5.169153, 34.740202], [-5.169325, 34.739638], [-5.169926, 34.739426], [-5.170527, 34.738862], [-5.171041, 34.738932], [-5.171642, 34.738862], [-5.172415, 34.738368], [-5.174217, 34.737804], [-5.175076, 34.736816], [-5.176277, 34.736182], [-5.176363, 34.736252], [-5.177393, 34.73604], [-5.177479, 34.735829], [-5.177736, 34.735688], [-5.177822, 34.735406], [-5.178337, 34.735053], [-5.178766, 34.735194], [-5.179453, 34.7347], [-5.180397, 34.734841], [-5.181341, 34.734841], [-5.181427, 34.734559], [-5.181341, 34.734065], [-5.18177, 34.733501], [-5.181684, 34.73329], [-5.181856, 34.733149], [-5.18177, 34.732866], [-5.1828, 34.732584], [-5.183144, 34.73202], [-5.183144, 34.731738], [-5.183401, 34.731667], [-5.184088, 34.731103], [-5.184345, 34.73075], [-5.184431, 34.730539], [-5.184946, 34.730539], [-5.185289, 34.73075], [-5.185289, 34.730327], [-5.185719, 34.730045], [-5.186234, 34.729198], [-5.186491, 34.728281], [-5.186749, 34.728422], [-5.18692, 34.727999], [-5.187349, 34.727646], [-5.187178, 34.727505], [-5.187349, 34.727082], [-5.187693, 34.727012], [-5.187693, 34.72687], [-5.187435, 34.726729], [-5.187607, 34.726447], [-5.188036, 34.726095], [-5.187778, 34.725248], [-5.188036, 34.724966], [-5.188036, 34.724825], [-5.187521, 34.724754], [-5.187349, 34.724543], [-5.187435, 34.723414], [-5.187693, 34.722849], [-5.187263, 34.722567], [-5.18677886266508, 34.721827076773124], [-5.186663, 34.72165], [-5.185719, 34.721932], [-5.184946, 34.721791], [-5.183659, 34.720874], [-5.183659, 34.720451], [-5.185375, 34.71904], [-5.186234, 34.717982], [-5.186234, 34.716641], [-5.185804, 34.715724], [-5.185547, 34.714242], [-5.185204, 34.713537], [-5.184088, 34.712337], [-5.182886, 34.711914], [-5.182371, 34.711561], [-5.181942, 34.711561], [-5.179882, 34.709868], [-5.179968, 34.708598], [-5.181942, 34.707469], [-5.182543, 34.707257], [-5.183573, 34.707681], [-5.184345, 34.708386], [-5.184946, 34.708669], [-5.185461, 34.708669], [-5.186834, 34.707469], [-5.1872317552326335, 34.70670764150305], [-5.187178, 34.704576], [-5.186148, 34.702389], [-5.185804, 34.701965], [-5.184946, 34.70133], [-5.184259, 34.701189], [-5.182714, 34.701683], [-5.181599, 34.701895], [-5.180397, 34.70133], [-5.180225, 34.700272], [-5.179024, 34.697943], [-5.178938, 34.697379], [-5.18014, 34.695897], [-5.180483, 34.695191], [-5.180655, 34.693709], [-5.180397, 34.692227], [-5.180397, 34.691804], [-5.18074, 34.691662], [-5.18177, 34.691804], [-5.182199, 34.691521], [-5.182371, 34.690392], [-5.182886, 34.688839], [-5.183229, 34.688416], [-5.184774, 34.687075], [-5.185204, 34.685875], [-5.185461, 34.684958], [-5.185375, 34.684252], [-5.184345, 34.683052], [-5.184259, 34.682346], [-5.184345, 34.681429], [-5.185032, 34.681146], [-5.187006, 34.680864], [-5.187435, 34.680511], [-5.187521, 34.680017], [-5.187435, 34.678535], [-5.187006, 34.677194], [-5.186577, 34.676629], [-5.18589, 34.676206], [-5.185547, 34.6755], [-5.185461, 34.674723], [-5.186663, 34.672817], [-5.188208, 34.671194], [-5.188379, 34.670629], [-5.188208, 34.669429], [-5.187349, 34.667594], [-5.185719, 34.665264], [-5.185032, 34.66364], [-5.184689, 34.662158], [-5.185204, 34.660887], [-5.184946, 34.659405], [-5.180655, 34.657075], [-5.17911, 34.655098], [-5.178938, 34.652556], [-5.178165, 34.649026], [-5.177565, 34.646625], [-5.175419, 34.638999], [-5.176277, 34.630454], [-5.177221, 34.625227], [-5.179195, 34.620495], [-5.180054, 34.611736], [-5.18074, 34.60015], [-5.180912, 34.597042], [-5.181255, 34.591389], [-5.181084, 34.590047], [-5.18074, 34.589128], [-5.180569, 34.589057], [-5.180311, 34.58828], [-5.178938, 34.586796], [-5.178337, 34.585807], [-5.17868, 34.5851], [-5.178337, 34.584535], [-5.177565, 34.584323], [-5.177393, 34.583122], [-5.177565, 34.58192], [-5.176706, 34.581214], [-5.176792, 34.580578], [-5.176277, 34.580436], [-5.175848, 34.580436], [-5.173531, 34.577892], [-5.178852, 34.579094], [-5.183229, 34.57973], [-5.188551, 34.58086], [-5.188551, 34.578104], [-5.187178, 34.57662], [-5.185804, 34.57556], [-5.185633, 34.574924], [-5.185375, 34.5745], [-5.183744, 34.573087], [-5.184002, 34.571956], [-5.18486, 34.570118], [-5.184345, 34.569482], [-5.183487, 34.568917], [-5.1828, 34.568776], [-5.180483, 34.569341], [-5.179367, 34.569412], [-5.177736, 34.568493], [-5.176964, 34.567715], [-5.176535, 34.56715], [-5.176277, 34.566373], [-5.17602, 34.563333], [-5.176105, 34.561142], [-5.177221, 34.560435], [-5.17868, 34.557679], [-5.179625, 34.556972], [-5.17971, 34.556618], [-5.180397, 34.556123], [-5.180569, 34.555699], [-5.182457, 34.555911], [-5.182886, 34.556123], [-5.183058, 34.556053], [-5.18589, 34.557961], [-5.187778, 34.558527], [-5.190439, 34.558385], [-5.191898, 34.557466], [-5.193357, 34.555063], [-5.194473, 34.551175], [-5.194559, 34.551104], [-5.195074, 34.550822], [-5.195074, 34.55061], [-5.194731, 34.550327], [-5.195074, 34.549691], [-5.195503, 34.549761], [-5.196018, 34.549691], [-5.196276, 34.549832], [-5.196619, 34.549761], [-5.197134, 34.549832], [-5.197306, 34.549761], [-5.197649, 34.549832], [-5.197906, 34.550044], [-5.198507, 34.549832], [-5.19890942054478, 34.550177175660934], [-5.198777481476825, 34.55021492723324], [-5.198679, 34.550539], [-5.199881, 34.551529], [-5.199966, 34.552165], [-5.200138, 34.552377], [-5.201168, 34.553861], [-5.201168, 34.554215], [-5.200996, 34.554568], [-5.201254, 34.555134], [-5.202284, 34.556265], [-5.203228, 34.55676], [-5.203915, 34.556901], [-5.20709, 34.557042], [-5.207691, 34.55888], [-5.208464, 34.560294], [-5.209579, 34.561566], [-5.210009, 34.561849], [-5.212841, 34.562273], [-5.215931, 34.562909], [-5.218849, 34.56298], [-5.219622, 34.563333], [-5.22151, 34.563475], [-5.222197, 34.563757], [-5.22254, 34.56404], [-5.223227, 34.564111], [-5.224171, 34.565242], [-5.224943, 34.565595], [-5.225286, 34.565595], [-5.227003, 34.564818], [-5.227861, 34.563828], [-5.22872, 34.563828], [-5.229664, 34.564111], [-5.229921, 34.564323], [-5.230951, 34.564252], [-5.230951, 34.564323], [-5.231209, 34.564252], [-5.23138, 34.564393], [-5.231466, 34.564181], [-5.23138, 34.563969], [-5.23181, 34.56404], [-5.231638, 34.563828], [-5.231724, 34.563687], [-5.231895, 34.563687], [-5.231981, 34.563475], [-5.232668, 34.563404], [-5.233355, 34.562626], [-5.233784, 34.562414], [-5.233784, 34.561849], [-5.234041, 34.561778], [-5.234213, 34.561071], [-5.234385, 34.561071], [-5.235071, 34.560294], [-5.235071, 34.55987], [-5.235329, 34.559375], [-5.235243, 34.559092], [-5.2355, 34.559022], [-5.235415, 34.558739], [-5.235586, 34.558527], [-5.236187, 34.558315], [-5.236874, 34.558315], [-5.236874, 34.558032], [-5.237217, 34.557891], [-5.237474, 34.557325], [-5.238075, 34.557254], [-5.238848, 34.557254], [-5.239019, 34.55683], [-5.239363, 34.556689], [-5.23962, 34.556406], [-5.239964, 34.556406], [-5.240049, 34.556618], [-5.240307, 34.556618], [-5.241251, 34.556406], [-5.244169, 34.553861], [-5.244427, 34.554003], [-5.245543, 34.554286], [-5.251207, 34.554427], [-5.252409, 34.553791], [-5.253782, 34.553296], [-5.255156, 34.552872], [-5.257816, 34.55273], [-5.259962, 34.552094], [-5.261593, 34.55068], [-5.26228, 34.549691], [-5.263653, 34.546934], [-5.26391, 34.545661], [-5.263481, 34.543469], [-5.263138, 34.542762], [-5.263309, 34.542338], [-5.262966, 34.540712], [-5.262194, 34.539298], [-5.259361, 34.535763], [-5.25876, 34.534561], [-5.25862993262393, 34.53391673630452], [-5.258503, 34.533288], [-5.25773, 34.53145], [-5.259876, 34.53046], [-5.263224, 34.528551], [-5.263824, 34.529116], [-5.264082, 34.528904], [-5.263653, 34.528621], [-5.263739, 34.528339], [-5.263996, 34.528197], [-5.264339, 34.528268], [-5.264597, 34.528197], [-5.265026, 34.527702], [-5.265627, 34.52749], [-5.266142, 34.527066], [-5.265884, 34.526641], [-5.266056, 34.5265], [-5.266228, 34.526571], [-5.266485, 34.526429], [-5.266571, 34.526288], [-5.265713, 34.525793], [-5.265713, 34.52551], [-5.266228, 34.525227], [-5.266314, 34.524874], [-5.266571, 34.524619396270396], [-5.266571, 34.524591], [-5.266616824082263, 34.5245739994523], [-5.266743, 34.524449], [-5.268288, 34.523954], [-5.268545, 34.52353], [-5.268888, 34.523459], [-5.269318, 34.523601], [-5.26906, 34.524166], [-5.269232, 34.524379], [-5.269918, 34.524732], [-5.270004, 34.52452], [-5.269747, 34.523671], [-5.269918, 34.523247], [-5.269575, 34.523035], [-5.269747, 34.522752], [-5.269918, 34.522894], [-5.270176, 34.522752], [-5.270605, 34.522823], [-5.270777, 34.522681], [-5.270777, 34.522399], [-5.27112, 34.522045], [-5.271463, 34.522045], [-5.271721, 34.522116], [-5.271807, 34.522257], [-5.271635, 34.522681], [-5.271635, 34.522964], [-5.271807, 34.523035], [-5.272064, 34.522964], [-5.272322, 34.522469], [-5.272665, 34.522116], [-5.272665, 34.521974], [-5.272837, 34.521974], [-5.273266, 34.521621], [-5.273008, 34.521479], [-5.27318, 34.520984], [-5.273695, 34.520701], [-5.273867, 34.521055], [-5.274038, 34.521055], [-5.274467, 34.520843], [-5.274553, 34.520277], [-5.275326, 34.520348], [-5.275326, 34.520136], [-5.275583, 34.520136], [-5.275841, 34.520206], [-5.276098, 34.519994], [-5.276527, 34.520065], [-5.277042, 34.519853], [-5.277214, 34.519641], [-5.277643, 34.519782], [-5.277987, 34.519711], [-5.278158, 34.519923], [-5.278759, 34.520065], [-5.279274, 34.520065], [-5.279274, 34.51957], [-5.27936, 34.519641], [-5.279531, 34.519428], [-5.279446, 34.519358], [-5.279446, 34.519146], [-5.279703, 34.519146], [-5.279703, 34.518721], [-5.280218, 34.517519], [-5.280304, 34.51740562907735], [-5.282364, 34.51469], [-5.28451, 34.512922], [-5.286741, 34.512215], [-5.287342, 34.509386], [-5.2882, 34.507193], [-5.291891, 34.505708], [-5.294895, 34.50493], [-5.299015, 34.505071], [-5.303993, 34.506203], [-5.308456, 34.508608], [-5.311289, 34.510659], [-5.313778, 34.511578], [-5.313435, 34.51172], [-5.314035, 34.513983], [-5.316782, 34.514266], [-5.318327, 34.514549], [-5.318756, 34.515185], [-5.3197, 34.51568], [-5.321503, 34.516175], [-5.322533, 34.5166], [-5.32691, 34.517307], [-5.328455, 34.517165], [-5.329828, 34.517448], [-5.331287, 34.518297], [-5.33309, 34.519923], [-5.335836, 34.521196], [-5.336695, 34.521974], [-5.339785, 34.523247], [-5.342274, 34.524661], [-5.343904, 34.525864], [-5.345535, 34.527773], [-5.351887, 34.529823], [-5.358067, 34.533642], [-5.359869, 34.535268], [-5.361843, 34.536753], [-5.366821, 34.536258], [-5.370169, 34.536187], [-5.372143, 34.537955], [-5.37446, 34.538874], [-5.376778, 34.538308], [-5.37961, 34.537389], [-5.380211, 34.537318], [-5.380468, 34.536823], [-5.380726, 34.537036], [-5.380983, 34.536965], [-5.381327, 34.537601], [-5.382357, 34.538591], [-5.384245, 34.540217], [-5.385189, 34.540712], [-5.388107, 34.541136], [-5.39257, 34.541348], [-5.39463, 34.541702], [-5.396261, 34.542338], [-5.397806, 34.543399], [-5.399351, 34.543752], [-5.399952, 34.543611], [-5.401669, 34.543752], [-5.402956, 34.544247], [-5.404329, 34.54552], [-5.405102, 34.546014], [-5.405359, 34.546368], [-5.406733, 34.546156], [-5.407419, 34.547075], [-5.409393, 34.547216], [-5.410509, 34.547004], [-5.410938, 34.546792], [-5.411367, 34.546227], [-5.411882, 34.546014], [-5.412655, 34.545308], [-5.413084, 34.544459], [-5.413427, 34.544176], [-5.413857, 34.543611], [-5.414457, 34.542267], [-5.414543, 34.54156], [-5.415144, 34.541207], [-5.415831, 34.540571], [-5.416689, 34.540076], [-5.417719, 34.539864], [-5.418234, 34.539581], [-5.419521, 34.539369], [-5.420809, 34.538874], [-5.421324, 34.538308], [-5.422268, 34.537955], [-5.422697, 34.53753], [-5.423126, 34.53746], [-5.423384, 34.537672], [-5.424328, 34.537248], [-5.425186, 34.536541], [-5.425873, 34.536329], [-5.42613, 34.53647], [-5.426302, 34.537036], [-5.427418, 34.537389], [-5.428104, 34.538308], [-5.428276, 34.539157], [-5.429306, 34.539722], [-5.429649, 34.540146], [-5.429821, 34.540641], [-5.429649, 34.540924], [-5.428791, 34.541278], [-5.428534, 34.541985], [-5.428619, 34.542126], [-5.429049, 34.542126], [-5.429478, 34.54248], [-5.429821, 34.54248], [-5.429907, 34.542692], [-5.430508, 34.543116], [-5.431881, 34.543611], [-5.432138, 34.543823], [-5.432053, 34.544176], [-5.431623, 34.544247], [-5.431623, 34.544742], [-5.431452, 34.545025], [-5.430851, 34.545378], [-5.430765, 34.54552], [-5.430765, 34.547146], [-5.431108, 34.548065], [-5.430937, 34.548701], [-5.430679, 34.548842], [-5.430336, 34.548842], [-5.429993, 34.548701], [-5.429392, 34.548065], [-5.428963, 34.548206], [-5.428963, 34.548418], [-5.429049, 34.54856], [-5.428877, 34.549266], [-5.428877, 34.54962], [-5.429478, 34.550044], [-5.429735, 34.549973], [-5.429735, 34.549549], [-5.430079, 34.549549], [-5.430593, 34.549903], [-5.430508, 34.550185], [-5.431366, 34.55068], [-5.431194, 34.551034], [-5.430593, 34.551317], [-5.43025, 34.551317], [-5.429735, 34.551034], [-5.429478, 34.551104], [-5.429306, 34.551529], [-5.429478, 34.552236], [-5.429821, 34.55273], [-5.430079, 34.552872], [-5.430679, 34.553013], [-5.431538, 34.55273], [-5.431881, 34.552872], [-5.432396, 34.553367], [-5.432825, 34.553508], [-5.433254, 34.553296], [-5.433254, 34.553013], [-5.433598, 34.552589], [-5.434198, 34.552448], [-5.435486, 34.552518], [-5.435915, 34.55266], [-5.435915, 34.553084], [-5.4354, 34.553367], [-5.434799, 34.553579], [-5.4354, 34.554498], [-5.436773, 34.555346], [-5.437546, 34.556265], [-5.437546, 34.556477], [-5.437374, 34.556618], [-5.436859, 34.55683], [-5.437202, 34.557113], [-5.437717, 34.55676], [-5.438747, 34.556972], [-5.439005, 34.557113], [-5.439434, 34.557254], [-5.4395899218938, 34.55789491150533], [-5.440121, 34.558315], [-5.44055, 34.558739], [-5.440636, 34.559022], [-5.440378, 34.559375], [-5.439863, 34.559446], [-5.438576, 34.559092], [-5.438147, 34.559304], [-5.438061, 34.559516], [-5.438061, 34.55994], [-5.437889, 34.560223], [-5.43746, 34.560435], [-5.436859, 34.560506], [-5.435829, 34.560435], [-5.435658, 34.560506], [-5.434799, 34.561566], [-5.434542, 34.562485], [-5.433941, 34.562414], [-5.433598, 34.561496], [-5.432997, 34.561071], [-5.432482, 34.561213], [-5.431881, 34.561637], [-5.430079, 34.562132], [-5.430079, 34.562414], [-5.430422, 34.56298], [-5.430508, 34.563475], [-5.430508, 34.563969], [-5.430164, 34.56404], [-5.430079, 34.564323], [-5.430422, 34.564747], [-5.430765, 34.564959], [-5.431108, 34.564606], [-5.431366, 34.564535], [-5.431709, 34.564535], [-5.432053, 34.564676], [-5.432053, 34.565171], [-5.431623, 34.565524], [-5.431709, 34.56616], [-5.431967, 34.566373], [-5.432653, 34.566019], [-5.432997, 34.56609], [-5.432997, 34.566443], [-5.433512, 34.567221], [-5.433512, 34.567433], [-5.433083, 34.567362], [-5.432911, 34.567503], [-5.432911, 34.568139], [-5.433598, 34.56821], [-5.433855, 34.568281], [-5.434456, 34.569341], [-5.43437, 34.569412], [-5.433855, 34.569341], [-5.432911, 34.568988], [-5.432482, 34.568564], [-5.432224, 34.5692], [-5.431623, 34.569624], [-5.431194, 34.57026], [-5.430937, 34.57033], [-5.430593, 34.570118], [-5.430336, 34.57026], [-5.430422, 34.57132], [-5.430851, 34.571603], [-5.430937, 34.572097], [-5.430679, 34.572592], [-5.430422, 34.572804], [-5.430508, 34.573511], [-5.430679, 34.574005], [-5.430508, 34.574359], [-5.430164, 34.5745], [-5.429564, 34.574147], [-5.429306, 34.574076], [-5.429134, 34.574147], [-5.429049, 34.57443], [-5.428619, 34.57443], [-5.428276, 34.574712], [-5.428705, 34.57549], [-5.429735, 34.576267], [-5.429735, 34.577115], [-5.429564, 34.577115], [-5.42922, 34.576832], [-5.428534, 34.577256], [-5.428448, 34.577468], [-5.428877, 34.578316], [-5.429478, 34.57874], [-5.429478, 34.578882], [-5.42922, 34.579518], [-5.429306, 34.579942], [-5.428963, 34.580083], [-5.428362, 34.580012], [-5.427332, 34.579518], [-5.426302, 34.579306], [-5.425873, 34.57874], [-5.425701, 34.57867], [-5.425358, 34.578882], [-5.4251, 34.579376], [-5.424242, 34.580154], [-5.424156, 34.580507], [-5.423813, 34.580578], [-5.42347, 34.580436], [-5.423212, 34.580648], [-5.423298, 34.58086], [-5.424156, 34.581567], [-5.424242, 34.582062], [-5.424156, 34.582274], [-5.423813, 34.582415], [-5.423298, 34.582344], [-5.422869, 34.582132], [-5.422525, 34.58185], [-5.422096, 34.581779], [-5.422096, 34.581496], [-5.422525, 34.581143], [-5.422525, 34.580931], [-5.422354, 34.580719], [-5.42201, 34.580931], [-5.421667, 34.580931], [-5.421581, 34.581143], [-5.421066, 34.581002], [-5.420637, 34.581779], [-5.420637, 34.581991], [-5.420208, 34.582274], [-5.419693, 34.582274], [-5.418835, 34.58192], [-5.418062, 34.581708], [-5.417204, 34.582203], [-5.41626, 34.582203], [-5.416002, 34.582344], [-5.416002, 34.582839], [-5.416346, 34.584252], [-5.416088, 34.584606], [-5.415573, 34.584959], [-5.414972, 34.584747], [-5.414543, 34.584888], [-5.412312, 34.58609], [-5.411539, 34.586726], [-5.41111, 34.588421], [-5.411196, 34.588987], [-5.411797, 34.589905], [-5.4120317003076925, 34.591389], [-5.412054, 34.591389], [-5.412040478203332, 34.59144450225842], [-5.412054, 34.59153], [-5.411968, 34.591742], [-5.411367, 34.592308], [-5.411539, 34.592661], [-5.411453, 34.593791], [-5.411625, 34.594639], [-5.411024, 34.594993], [-5.410852, 34.595628], [-5.411282, 34.596618], [-5.410681, 34.597042], [-5.410509, 34.597324], [-5.410681, 34.597607], [-5.412054, 34.597607], [-5.413256, 34.598101], [-5.413513, 34.598525], [-5.413370443843217, 34.59861887439229], [-5.413342, 34.598737], [-5.412912, 34.59902], [-5.412721751243015, 34.59904604376188], [-5.412655, 34.59909], [-5.411882, 34.599161], [-5.411024, 34.599938], [-5.411024, 34.600362], [-5.411367, 34.601351], [-5.411625, 34.601704], [-5.412229995145203, 34.60232784455821], [-5.412483, 34.602411], [-5.413427, 34.601846], [-5.414286, 34.602199], [-5.414629, 34.602128], [-5.414972, 34.602552], [-5.415401, 34.602552], [-5.415677356940506, 34.602694], [-5.416088, 34.602905], [-5.417719, 34.603117], [-5.418406, 34.603541], [-5.419264, 34.603047], [-5.420551, 34.602694], [-5.420391964290968, 34.602737620516926], [-5.421839, 34.601493], [-5.422783, 34.60121], [-5.42304, 34.600927], [-5.425959, 34.600998], [-5.42716, 34.603471], [-5.428619, 34.60884], [-5.43025, 34.60884], [-5.432911, 34.608486], [-5.433083, 34.60891], [-5.433254, 34.609829], [-5.433941, 34.610606], [-5.434628, 34.61103], [-5.435228, 34.611877], [-5.435572, 34.612019], [-5.436344, 34.61223], [-5.436001, 34.612584], [-5.436859, 34.614208], [-5.437374, 34.615762], [-5.438061, 34.61661], [-5.439177, 34.617599], [-5.442095, 34.618305], [-5.443125, 34.618729], [-5.444498, 34.61887], [-5.445013, 34.619012], [-5.445356, 34.620071], [-5.446301, 34.621413], [-5.446987, 34.62212], [-5.447159, 34.622826], [-5.447159, 34.623603], [-5.448017, 34.624592], [-5.447416, 34.625934], [-5.447674, 34.626075], [-5.448532, 34.625934], [-5.448618, 34.62664], [-5.450592, 34.626428], [-5.450764, 34.62664], [-5.45085, 34.627346], [-5.451708, 34.62777], [-5.45188, 34.628405], [-5.45351, 34.628547], [-5.454283, 34.629465], [-5.454712, 34.629818], [-5.455484, 34.630383], [-5.455999, 34.630454], [-5.456772, 34.631795], [-5.457458, 34.63236], [-5.457458, 34.632502], [-5.457802, 34.632714], [-5.458746, 34.632855], [-5.459089, 34.632784], [-5.462437, 34.632431], [-5.463295, 34.632007], [-5.463724, 34.632007], [-5.465956, 34.632714], [-5.466814, 34.632784], [-5.468273, 34.633561], [-5.468788, 34.633632], [-5.469303, 34.634126], [-5.469646, 34.633914], [-5.471363, 34.633632], [-5.47205, 34.632996], [-5.472136, 34.632643], [-5.472479, 34.63236], [-5.472908, 34.631584], [-5.472908, 34.631301], [-5.473595, 34.631019], [-5.47368, 34.630807], [-5.474625, 34.630242], [-5.474968, 34.630383], [-5.475311, 34.6301], [-5.476084, 34.6301], [-5.47617, 34.630383], [-5.476427, 34.630171], [-5.47677, 34.630383], [-5.477028, 34.630383], [-5.477715, 34.630595], [-5.47883, 34.631654], [-5.479259, 34.631795], [-5.480289, 34.631866], [-5.480719, 34.631019], [-5.481319, 34.631089], [-5.481663, 34.631584], [-5.482435, 34.631584], [-5.482779, 34.631442], [-5.483294, 34.631937], [-5.483465, 34.63236], [-5.48398, 34.632572], [-5.485096, 34.631725], [-5.485611, 34.631795], [-5.486126, 34.632078], [-5.486641, 34.632078], [-5.487156, 34.631937], [-5.487499, 34.631372], [-5.487413, 34.63116], [-5.487585, 34.63123], [-5.488014, 34.63123], [-5.488615, 34.630948], [-5.488958, 34.630595], [-5.489559, 34.630807], [-5.49016, 34.630665], [-5.490761, 34.630877], [-5.490761, 34.631372], [-5.49119, 34.631442], [-5.491533, 34.631301], [-5.491877, 34.631654], [-5.492048, 34.631513], [-5.49222, 34.631725], [-5.492735, 34.631654], [-5.493164, 34.631725], [-5.493679, 34.63229], [-5.494795, 34.631937], [-5.495224, 34.632149], [-5.495138, 34.63236], [-5.495396, 34.63229], [-5.495481, 34.632784], [-5.495825, 34.632784], [-5.495996, 34.632572], [-5.496082, 34.632714], [-5.496082, 34.633067], [-5.496426, 34.633137], [-5.496597, 34.633561], [-5.496511, 34.633985], [-5.496254, 34.634197], [-5.49634, 34.634691], [-5.496597, 34.634903], [-5.496597, 34.635185], [-5.496168, 34.635609], [-5.496168, 34.635821], [-5.496426, 34.635962], [-5.496082, 34.636245], [-5.495653, 34.636315], [-5.49531, 34.63681], [-5.494881, 34.636951], [-5.494967, 34.637163], [-5.494795, 34.637445], [-5.495138, 34.637657], [-5.495224, 34.637869], [-5.494881, 34.638222], [-5.495052, 34.638787], [-5.494795, 34.638928], [-5.494366, 34.639564], [-5.494452, 34.639776], [-5.494194, 34.64034], [-5.494967, 34.641047], [-5.49531, 34.641188], [-5.496511, 34.6426], [-5.496769, 34.643447], [-5.49737, 34.643659], [-5.497456, 34.643942], [-5.49943, 34.644577], [-5.50312, 34.645425], [-5.50561, 34.645919], [-5.505953, 34.645848], [-5.508957, 34.644365], [-5.510845, 34.643659], [-5.511703, 34.643589], [-5.512218, 34.643447], [-5.512648, 34.643447], [-5.513163, 34.643659], [-5.514364, 34.643589], [-5.514879, 34.643377], [-5.51754, 34.641894], [-5.520201, 34.641047], [-5.521231, 34.641258], [-5.524406, 34.641682], [-5.52578, 34.647261], [-5.525866, 34.649026], [-5.526552, 34.649167], [-5.525951, 34.649591], [-5.525351, 34.651779], [-5.525007, 34.653898], [-5.525007, 34.654957], [-5.525265, 34.655521], [-5.524664, 34.655733], [-5.52475, 34.659052], [-5.52372, 34.659828], [-5.523462, 34.663076], [-5.523634, 34.665899], [-5.523977, 34.666605], [-5.52475, 34.667735], [-5.526295, 34.667664], [-5.5305, 34.666888], [-5.533247, 34.6671], [-5.535479, 34.667453], [-5.536079, 34.666888], [-5.537281, 34.666464], [-5.539255, 34.666182], [-5.540285, 34.665617], [-5.541143, 34.665264], [-5.542946, 34.665052], [-5.543718, 34.665194], [-5.543718, 34.666323], [-5.544405, 34.66837], [-5.545607, 34.668794], [-5.546894, 34.668723], [-5.548267, 34.670276], [-5.548954, 34.670417], [-5.55007, 34.670347], [-5.551014, 34.669641], [-5.551786, 34.670276], [-5.552473, 34.670559], [-5.552301, 34.671264], [-5.551958, 34.671476], [-5.550413, 34.671406], [-5.550241, 34.671829], [-5.550413, 34.672676], [-5.550156, 34.672888], [-5.549212, 34.672676], [-5.548525, 34.672888], [-5.548182, 34.67317], [-5.548182, 34.673665], [-5.548525, 34.674088], [-5.548954, 34.674159], [-5.54904, 34.67437], [-5.548697, 34.674723], [-5.549898, 34.676488], [-5.551186, 34.679241], [-5.553331, 34.685875], [-5.553846, 34.690604], [-5.55625, 34.690604], [-5.556936, 34.690674], [-5.558653, 34.691733], [-5.55934, 34.692933], [-5.560627, 34.692792], [-5.562172, 34.693991], [-5.564489, 34.69505], [-5.566721, 34.695755], [-5.570841, 34.696461], [-5.57436, 34.69512], [-5.574617, 34.695755], [-5.574188, 34.69632], [-5.573759, 34.697096], [-5.573673, 34.698296], [-5.573759, 34.69879], [-5.574102, 34.699072], [-5.574017, 34.699354], [-5.574188, 34.699566], [-5.574188, 34.699354], [-5.574532, 34.699354], [-5.574532, 34.699566], [-5.574703, 34.699778], [-5.574617, 34.69999], [-5.574446, 34.699778], [-5.57436, 34.699848], [-5.574446, 34.700201], [-5.574102, 34.700131], [-5.573845, 34.700342], [-5.574102, 34.700766], [-5.57436, 34.700766], [-5.57436, 34.701048], [-5.574617, 34.700977], [-5.574532, 34.700766], [-5.574875, 34.700836], [-5.575304, 34.701471], [-5.575132, 34.702106], [-5.57539, 34.702389], [-5.575562, 34.702106], [-5.575905, 34.702036], [-5.575905, 34.702671], [-5.575733, 34.702953], [-5.575476, 34.703024], [-5.575562, 34.703518], [-5.57539, 34.703659], [-5.575132, 34.703588], [-5.574789, 34.7038], [-5.574532, 34.703659], [-5.574188, 34.703659], [-5.574188, 34.704012], [-5.574617, 34.704294], [-5.574274, 34.704717], [-5.574017, 34.704506], [-5.573845, 34.704576], [-5.573845, 34.704858], [-5.573673, 34.704788], [-5.573587, 34.70507], [-5.573845, 34.705282], [-5.574017, 34.705282], [-5.574017, 34.70507], [-5.574188, 34.704929], [-5.574188, 34.70507], [-5.574532, 34.704999], [-5.574703, 34.705211], [-5.574703, 34.70507], [-5.574875, 34.705211], [-5.575047, 34.705141], [-5.574875, 34.705352], [-5.575047, 34.705564], [-5.575562, 34.705635], [-5.575562, 34.705705], [-5.575132, 34.705917], [-5.57539, 34.706199], [-5.575562, 34.706058], [-5.575819, 34.706128], [-5.576248, 34.706622], [-5.575905, 34.706622], [-5.575905, 34.706763], [-5.576248, 34.706905], [-5.576162, 34.706975], [-5.575733, 34.706975], [-5.576077, 34.707257], [-5.575991, 34.707328], [-5.575476, 34.707187], [-5.575476, 34.708245], [-5.576162, 34.708598], [-5.576334, 34.70888], [-5.576591, 34.70881], [-5.576591, 34.708457], [-5.576849, 34.70888], [-5.577021, 34.70888], [-5.576935, 34.709092], [-5.576591, 34.709092], [-5.576677, 34.709445], [-5.576248, 34.709515], [-5.576248, 34.709727], [-5.576506, 34.709727], [-5.576506, 34.709797], [-5.576677, 34.709797], [-5.576763, 34.71008], [-5.576334, 34.71008], [-5.576334, 34.710503], [-5.575991, 34.710644], [-5.575733, 34.711561], [-5.575562, 34.711773], [-5.575304, 34.711773], [-5.574961, 34.712055], [-5.574961, 34.712267], [-5.574617, 34.712408], [-5.57436, 34.713184], [-5.574532, 34.713466], [-5.574532, 34.714242], [-5.575218, 34.714454], [-5.577965, 34.715936], [-5.582514, 34.718123], [-5.585003, 34.719463], [-5.585775, 34.719887], [-5.585775, 34.723343], [-5.586891, 34.723625], [-5.587063, 34.723767], [-5.58732, 34.724684], [-5.591097, 34.727788], [-5.593414, 34.728775], [-5.595388, 34.728634], [-5.595474, 34.728211], [-5.595989, 34.727505], [-5.596075, 34.726659], [-5.595818, 34.726165], [-5.596075, 34.726095], [-5.596418, 34.725601], [-5.596161, 34.72546], [-5.596418, 34.725389], [-5.596848, 34.725671], [-5.597448, 34.725177], [-5.597534, 34.724825], [-5.597534, 34.724613], [-5.597105, 34.724472], [-5.596933, 34.723908], [-5.597105, 34.723343], [-5.596504, 34.722849], [-5.596504, 34.722567], [-5.597019, 34.722497], [-5.597019, 34.722638], [-5.597191, 34.722638], [-5.597277, 34.722426], [-5.597448, 34.722426], [-5.59762, 34.722285], [-5.597191, 34.721932], [-5.597277, 34.721791], [-5.597706, 34.722003], [-5.597963, 34.721932], [-5.598049, 34.722073], [-5.598392, 34.722003], [-5.59865, 34.72165], [-5.59865, 34.721227], [-5.599079, 34.720945], [-5.598736, 34.720804], [-5.598993, 34.720663], [-5.598907, 34.72031], [-5.59865, 34.72031], [-5.598736, 34.720028], [-5.599251, 34.719887], [-5.599937, 34.719463], [-5.600367, 34.719534], [-5.600367, 34.719322], [-5.60071, 34.719322], [-5.601654, 34.718899], [-5.601826, 34.718476], [-5.601397, 34.718476], [-5.601568, 34.717911], [-5.601912, 34.717276], [-5.602598, 34.717488], [-5.602942, 34.718264], [-5.602598, 34.718828], [-5.602598, 34.71911], [-5.602856, 34.719322], [-5.602856, 34.719463], [-5.602255, 34.72038], [-5.601826, 34.721509], [-5.601826, 34.722285], [-5.602083, 34.722708], [-5.602083, 34.723132], [-5.602341, 34.723767], [-5.603113, 34.723908], [-5.603714, 34.724754], [-5.603714, 34.725107], [-5.604229, 34.725107], [-5.605345, 34.724825], [-5.606546, 34.724119], [-5.606718, 34.722849], [-5.607748, 34.72165], [-5.608349, 34.72158], [-5.608778, 34.721791], [-5.608864, 34.722497], [-5.609035, 34.722638], [-5.60998, 34.723343], [-5.610924, 34.723625], [-5.61101, 34.723978], [-5.610838, 34.72426], [-5.611181, 34.724895], [-5.611782, 34.725812], [-5.613842, 34.727646], [-5.613842, 34.727929], [-5.61367, 34.728352], [-5.61367, 34.728846], [-5.61307, 34.730115], [-5.613155, 34.73075], [-5.613499, 34.731173], [-5.61367, 34.731808], [-5.614271, 34.730962], [-5.614872, 34.730609], [-5.615301, 34.729763], [-5.616074, 34.729339], [-5.617104, 34.729198], [-5.617361, 34.729057], [-5.617447, 34.72814], [-5.617104, 34.727364], [-5.617361, 34.727153], [-5.617361, 34.72687], [-5.618134, 34.72687], [-5.618477, 34.7268], [-5.61882, 34.726447], [-5.619078, 34.726377], [-5.620966, 34.726377], [-5.621395, 34.726447], [-5.621738, 34.7268], [-5.622082, 34.726518], [-5.622597, 34.726659], [-5.622597, 34.7268], [-5.622168, 34.72687], [-5.622082, 34.727082], [-5.622168, 34.727223], [-5.622425, 34.727364], [-5.622339, 34.727576], [-5.623283, 34.72687], [-5.623541, 34.727012], [-5.623798, 34.727012], [-5.624743, 34.726729], [-5.624914, 34.726518], [-5.624657, 34.726306], [-5.625, 34.726306], [-5.625429, 34.726236], [-5.625858, 34.726024], [-5.626373, 34.726024], [-5.626287, 34.725812], [-5.626373, 34.725742], [-5.626802, 34.725883], [-5.627317, 34.725953], [-5.627317, 34.726165], [-5.627747, 34.726165], [-5.62809, 34.726306], [-5.628347, 34.726165], [-5.628519, 34.726518], [-5.628862, 34.726447], [-5.629292, 34.726659], [-5.629377, 34.726518], [-5.62912, 34.726165], [-5.629463, 34.726165], [-5.629463, 34.726306], [-5.629807, 34.726377], [-5.63015, 34.726236], [-5.630236, 34.726095], [-5.630751, 34.726165], [-5.630751, 34.725883], [-5.631008, 34.725812], [-5.631121782534087, 34.725975873387284], [-5.631609, 34.726377], [-5.631695, 34.726165], [-5.631866, 34.726095], [-5.632038, 34.726165], [-5.63221, 34.726095], [-5.632038, 34.725953], [-5.63221, 34.725671], [-5.632467, 34.72546], [-5.632639, 34.72553], [-5.631872418023114, 34.72701531239467], [-5.631865999999998, 34.727027747815235], [-5.630236, 34.730186], [-5.630407, 34.730327], [-5.629978, 34.731456], [-5.630493, 34.731949], [-5.634613, 34.7347], [-5.635729, 34.735194], [-5.63633, 34.735829], [-5.642166, 34.73992], [-5.642252, 34.739708], [-5.642853, 34.739708], [-5.648174, 34.740484], [-5.66534, 34.736957], [-5.668945, 34.734136], [-5.670748, 34.733783], [-5.670404, 34.729974], [-5.669031, 34.721721], [-5.668602, 34.718334], [-5.668602, 34.715724], [-5.66843, 34.714525], [-5.669804, 34.714242], [-5.672207, 34.714172], [-5.672121, 34.712972], [-5.672293, 34.709939], [-5.682335, 34.698508], [-5.682936, 34.696955], [-5.684137, 34.69632], [-5.684824, 34.695755], [-5.688171, 34.69385], [-5.690145, 34.693356], [-5.698385, 34.689616], [-5.701475, 34.68891], [-5.704393, 34.688557], [-5.708342, 34.689616], [-5.711002, 34.691804], [-5.714607, 34.695685], [-5.715551, 34.696391], [-5.715723, 34.695967], [-5.715981, 34.696673], [-5.71641, 34.697167], [-5.717438361247312, 34.69780464290521], [-5.721645, 34.700413], [-5.72216, 34.701048], [-5.72216, 34.7026], [-5.723534, 34.703729], [-5.724134, 34.704576], [-5.724478, 34.706128], [-5.724564, 34.709162], [-5.724735, 34.709656], [-5.727482, 34.713043], [-5.728254, 34.713114], [-5.728941, 34.713607], [-5.729628, 34.71389], [-5.730486, 34.71389], [-5.730743, 34.71396], [-5.73143, 34.714948], [-5.731688, 34.715936], [-5.73143, 34.718052], [-5.731001, 34.71904], [-5.731258, 34.720592], [-5.731173, 34.722073], [-5.740871, 34.722779], [-5.74276, 34.72419], [-5.742846, 34.725177], [-5.743961, 34.725883], [-5.746708, 34.7268], [-5.749969, 34.727505], [-5.753317, 34.727646], [-5.756063, 34.727505], [-5.75984, 34.726236], [-5.760698, 34.726588], [-5.75984, 34.727788], [-5.758982, 34.729269], [-5.759068, 34.729481], [-5.763445, 34.731173], [-5.773659, 34.735758], [-5.774088, 34.736887], [-5.772886, 34.738156], [-5.772285, 34.739003], [-5.771942, 34.739849], [-5.77117, 34.74126], [-5.770483, 34.743658], [-5.770311, 34.745209], [-5.770397, 34.746056], [-5.769882, 34.746973], [-5.769453, 34.748383], [-5.768509, 34.750076], [-5.767479, 34.750569], [-5.766706, 34.751275], [-5.76602, 34.752191], [-5.766191, 34.75339], [-5.76602, 34.754095], [-5.765333, 34.754871], [-5.763874, 34.755576], [-5.76293, 34.756916], [-5.760956, 34.759314], [-5.759497, 34.760512], [-5.759068, 34.761711], [-5.758123, 34.762416], [-5.757694, 34.763826], [-5.75778, 34.764672], [-5.757437, 34.766083], [-5.757694, 34.766929], [-5.756664, 34.769044], [-5.756407, 34.770525], [-5.756493, 34.771512], [-5.760956, 34.774402], [-5.762501, 34.775742], [-5.763874, 34.777293], [-5.765333, 34.77835], [-5.770311, 34.780465], [-5.770912, 34.780606], [-5.771685, 34.781029], [-5.776834, 34.782721], [-5.778122, 34.783074], [-5.779753, 34.784413], [-5.780697, 34.786034], [-5.783358, 34.792942], [-5.783443, 34.794352], [-5.782928, 34.79555], [-5.78207, 34.79696], [-5.78009642219411, 34.79949631075858], [-5.78516, 34.802598], [-5.78722, 34.803373], [-5.784988, 34.805276], [-5.78516, 34.805488], [-5.78516, 34.806051], [-5.784817, 34.806897], [-5.785074, 34.807743], [-5.784988, 34.80887], [-5.784645, 34.809364], [-5.784216, 34.809575], [-5.784388, 34.81035], [-5.78413, 34.811125], [-5.783787, 34.811619], [-5.784473, 34.812464], [-5.784731, 34.812535], [-5.784988, 34.813099], [-5.785589, 34.812746], [-5.785933, 34.811971], [-5.786018, 34.812042], [-5.786018, 34.812605], [-5.786276, 34.812605], [-5.786362, 34.812887], [-5.786791, 34.812817], [-5.786963, 34.812958], [-5.786963, 34.813944], [-5.787821, 34.814508], [-5.787392, 34.815283], [-5.788078, 34.81627], [-5.788078, 34.816481], [-5.788593, 34.816692], [-5.789709, 34.816692], [-5.789709, 34.816552], [-5.790138, 34.816552], [-5.790482, 34.817115], [-5.790224, 34.817538], [-5.790482, 34.81789], [-5.790997, 34.817397], [-5.791512, 34.817538], [-5.791769, 34.817468], [-5.792284, 34.817749], [-5.793743, 34.819722], [-5.795116, 34.82233], [-5.795975, 34.823527], [-5.797691, 34.825148], [-5.797777, 34.825782], [-5.797434, 34.826134], [-5.797091, 34.826275], [-5.797176, 34.826064], [-5.797176, 34.825923], [-5.797005, 34.825923], [-5.797005, 34.826275], [-5.796404, 34.826346], [-5.796232, 34.826627], [-5.795717, 34.826768], [-5.795546, 34.826698], [-5.795546, 34.826839], [-5.794516, 34.82705], [-5.794258, 34.826839], [-5.793915, 34.827332], [-5.793314, 34.827262], [-5.792542, 34.827755], [-5.791941, 34.8286], [-5.791683, 34.829234], [-5.79134, 34.829516], [-5.790997, 34.829516], [-5.790482, 34.830503], [-5.790052, 34.830714], [-5.789967, 34.831137], [-5.789537, 34.831348], [-5.78928, 34.832193], [-5.789366, 34.832687], [-5.788937, 34.833109], [-5.789022, 34.833814], [-5.78825, 34.83473], [-5.788679, 34.83473], [-5.788937, 34.834589], [-5.789194, 34.834659], [-5.78928, 34.835152], [-5.789795, 34.835082], [-5.790224, 34.835927], [-5.791082, 34.836632], [-5.791082, 34.836843], [-5.79134, 34.836914], [-5.791597, 34.837548], [-5.791769, 34.838604], [-5.79031, 34.840084], [-5.788679, 34.840788], [-5.787649, 34.842197], [-5.787048, 34.84262], [-5.78619, 34.843747], [-5.785675, 34.844803], [-5.785074, 34.845578], [-5.784216, 34.846424], [-5.783272, 34.846987], [-5.782585, 34.847691], [-5.780783, 34.848255], [-5.780096, 34.848678], [-5.779839, 34.84903], [-5.781384, 34.850579], [-5.781469, 34.851495], [-5.781813, 34.852481], [-5.780697, 34.854101], [-5.778551, 34.858045], [-5.777864, 34.860158], [-5.777607, 34.861778], [-5.777521, 34.863468], [-5.777521, 34.864454], [-5.77795, 34.865581], [-5.777693, 34.867623], [-5.778036, 34.868398], [-5.781641, 34.874102], [-5.781984, 34.874313], [-5.782156, 34.874806], [-5.782671, 34.874806], [-5.783358, 34.875369], [-5.783529, 34.87544], [-5.782499, 34.877623], [-5.781813, 34.879735], [-5.780182, 34.882833], [-5.778122, 34.885931], [-5.777349, 34.887339], [-5.776405, 34.889381], [-5.7760980538104345, 34.891563], [-5.776097354200417, 34.89156797334422], [-5.77589, 34.893042], [-5.775976, 34.894027], [-5.776405, 34.894731], [-5.776834, 34.895858], [-5.777092, 34.897054], [-5.777349, 34.903038], [-5.777864, 34.904938], [-5.777779, 34.910499], [-5.777521, 34.911414], [-5.774775, 34.912259], [-5.773315, 34.913103], [-5.770998, 34.913455], [-5.770655, 34.914159], [-5.770569, 34.915144], [-5.769367, 34.915778], [-5.769281, 34.916341], [-5.768251, 34.917537], [-5.767479, 34.917467], [-5.765676, 34.916552], [-5.759926, 34.917326], [-5.75469, 34.924293], [-5.747566, 34.926405], [-5.741901, 34.926475], [-5.735207, 34.926264], [-5.731258, 34.928656], [-5.727482, 34.934004], [-5.726967, 34.934427], [-5.726194, 34.934427], [-5.723276, 34.935763], [-5.720959, 34.936256], [-5.716152, 34.936819], [-5.707655, 34.939704], [-5.699329, 34.948498], [-5.697613, 34.953915], [-5.698471, 34.961935], [-5.69109, 34.963904], [-5.685596, 34.967913], [-5.684738, 34.973681], [-5.686283, 34.978815], [-5.684824, 34.981557], [-5.683279, 34.984581], [-5.681047, 34.985073], [-5.667658, 34.990769], [-5.654526, 34.991543], [-5.650921, 34.989855], [-5.646629, 34.989293], [-5.646372, 34.989433], [-5.645685, 34.989433], [-5.644999, 34.989293], [-5.643196, 34.989504], [-5.64105, 34.989504], [-5.638733, 34.989644], [-5.638046, 34.989925], [-5.637445, 34.990488], [-5.63633, 34.99098], [-5.635386, 34.991965], [-5.6353, 34.993933], [-5.635557, 34.996183], [-5.6359, 34.997308], [-5.638132, 34.999347], [-5.638905, 35.001527], [-5.638819, 35.002371], [-5.639505, 35.003847], [-5.639763, 35.004761], [-5.641222, 35.007643], [-5.641909, 35.009331], [-5.641651, 35.010526], [-5.641565, 35.012494], [-5.641136, 35.0139], [-5.640621, 35.015306], [-5.640192, 35.016079], [-5.639591, 35.016782], [-5.637188, 35.018329], [-5.636673, 35.01875], [-5.635815, 35.019313], [-5.635214, 35.020156], [-5.634956, 35.020719], [-5.634785, 35.02346], [-5.634527, 35.023952], [-5.634613, 35.024514], [-5.635214, 35.025498], [-5.635729, 35.027044], [-5.635729, 35.027747], [-5.636501, 35.030348], [-5.636415, 35.031613], [-5.636072, 35.032386], [-5.635643, 35.033089], [-5.635128, 35.03344], [-5.634012, 35.034002], [-5.632553, 35.034002], [-5.631866, 35.033932], [-5.630751, 35.033581], [-5.630236, 35.033018], [-5.628862, 35.032175], [-5.62809, 35.030699], [-5.627918, 35.029856], [-5.62706, 35.028028], [-5.62603, 35.024022], [-5.625944, 35.022265], [-5.625257, 35.019102], [-5.625, 35.01868], [-5.623627, 35.016712], [-5.622768, 35.015939], [-5.62191, 35.015447], [-5.621138, 35.014884], [-5.620108, 35.0139], [-5.619593, 35.013057], [-5.619593, 35.012705], [-5.618734, 35.011791], [-5.618134, 35.01150053389831], [-5.616846, 35.010877], [-5.61307, 35.01144], [-5.609894, 35.012424], [-5.60689, 35.01383], [-5.605001, 35.015025], [-5.60483, 35.016993], [-5.604916, 35.01875], [-5.605516, 35.021], [-5.605946, 35.021773], [-5.606031, 35.022898], [-5.60483, 35.024655], [-5.604401, 35.025076], [-5.603113, 35.025498], [-5.601397, 35.025076], [-5.600367, 35.024936], [-5.600023, 35.024795], [-5.597363, 35.024444], [-5.595388, 35.023811], [-5.594273, 35.023952], [-5.593328, 35.023811], [-5.591784, 35.024163], [-5.591011, 35.024444], [-5.590582, 35.024655], [-5.590239, 35.025217], [-5.589294, 35.025428], [-5.588436, 35.025006], [-5.586634, 35.02346], [-5.586376, 35.022616], [-5.585518, 35.021843], [-5.584488, 35.021421], [-5.583286, 35.020789], [-5.581484, 35.020578], [-5.579252, 35.020648], [-5.577965, 35.020227], [-5.57642, 35.019594], [-5.575991, 35.019242], [-5.575476, 35.01861], [-5.574703, 35.017345], [-5.574274, 35.016782], [-5.574017, 35.01629], [-5.574017, 35.015728], [-5.574703, 35.014744], [-5.575304, 35.014181], [-5.57745, 35.012986], [-5.580111, 35.011158], [-5.581055, 35.010385], [-5.581827, 35.009401], [-5.583715, 35.007995], [-5.584402, 35.007292], [-5.585346, 35.005253], [-5.585346, 35.004409], [-5.584831, 35.003144], [-5.582256, 34.99998], [-5.5826, 34.999066], [-5.583372, 34.998152], [-5.583801, 34.997097], [-5.583801, 34.996535], [-5.583115, 34.995902], [-5.582771, 34.99541], [-5.582771, 34.994918], [-5.583029, 34.994566], [-5.581827, 34.994355], [-5.580797, 34.994004], [-5.579853, 34.993582], [-5.579166, 34.99309], [-5.576591, 34.992246], [-5.576591, 34.992949], [-5.576849, 34.994777], [-5.576248, 34.99534], [-5.574446, 34.996324], [-5.572729, 34.996605], [-5.571871, 34.996605], [-5.569468, 34.996394], [-5.566635, 34.99534], [-5.565691, 34.995621], [-5.56509, 34.999277], [-5.56509, 35.004902], [-5.564489, 35.007292], [-5.563631, 35.007854], [-5.554533, 35.008909], [-5.552301, 35.008698], [-5.549898, 35.007854], [-5.549469, 35.00687], [-5.549212, 35.005886], [-5.549469, 35.004128], [-5.549984, 35.003144], [-5.550585, 35.001246], [-5.550499, 35.000543], [-5.55007, 34.999699], [-5.549297, 34.998855], [-5.548096, 34.998012], [-5.546637, 34.995832], [-5.546036, 34.995199]]]]}, "properties": {"territoire_id": 9, "nom": "Ouezzane"}}]}