indicateur_id,nom_indicateur,nom_origine,theme,definition,unite,source,annee,statut,table_pg,mode_stockage,colonne_valeur,filtre_indicateur,colonne_territoire
1,Climat region tta — humidite,humidite,climate,Climat region tta — humidite. Thème : climate.,%,,,actif,climate_cleaned_climat_region_tta,long,valeur,humidite,territoire_id
2,Climat region tta — temp_max,temp_max,climate,Climat region tta — temp_max. Thème : climate.,°C,,,actif,climate_cleaned_climat_region_tta,long,valeur,temp_max,territoire_id
3,Climat region tta — temp_min,temp_min,climate,Climat region tta — temp_min. Thème : climate.,°C,,,actif,climate_cleaned_climat_region_tta,long,valeur,temp_min,territoire_id
4,temp_moyenne,temp_moyenne,climate,temp_moyenne. Thème : climate.,°C,,,actif,climate_cleaned_climat_region_tta,long,valeur,temp_moyenne,territoire_id
5,La base de donn es excel de la migration — entrees,entrees,demography,La base de donn es excel de la migration — entrees. Thème : demography.,nombre,,,actif,demography_cleaned_la_base_de_donn_es_excel_de_la_migration_,long,valeur,entrees,territoire_id
6,La base de donn es excel de la migration — indice_entrees (%),indice_entrees (%),demography,La base de donn es excel de la migration — indice_entrees (%). Thème : demography.,%,,,actif,demography_cleaned_la_base_de_donn_es_excel_de_la_migration_,long,valeur,indice_entrees (%),territoire_id
7,La base de donn es excel de la migration — indice_sortie (%),indice_sortie (%),demography,La base de donn es excel de la migration — indice_sortie (%). Thème : demography.,%,,,actif,demography_cleaned_la_base_de_donn_es_excel_de_la_migration_,long,valeur,indice_sortie (%),territoire_id
8,La base de donn es excel de la migration — natifs,natifs,demography,La base de donn es excel de la migration — natifs. Thème : demography.,,,,actif,demography_cleaned_la_base_de_donn_es_excel_de_la_migration_,long,valeur,natifs,territoire_id
9,La base de donn es excel de la migration — natifs_residents_non_migrants,natifs_residents_non_migrants,demography,La base de donn es excel de la migration — natifs_residents_non_migrants. Thème : demography.,,,,actif,demography_cleaned_la_base_de_donn_es_excel_de_la_migration_,long,valeur,natifs_residents_non_migrants,territoire_id
10,La base de donn es excel de la migration — population_sedentaire,population_sedentaire,demography,La base de donn es excel de la migration — population_sedentaire. Thème : demography.,hab,,,actif,demography_cleaned_la_base_de_donn_es_excel_de_la_migration_,long,valeur,population_sedentaire,territoire_id
11,La base de donn es excel de la migration — sorties,sorties,demography,La base de donn es excel de la migration — sorties. Thème : demography.,nombre,,,actif,demography_cleaned_la_base_de_donn_es_excel_de_la_migration_,long,valeur,sorties,territoire_id
12,La base de donn es excel de la migration 2 — entrees,entrees,demography,La base de donn es excel de la migration 2 — entrees. Thème : demography.,nombre,,,actif,demography_cleaned_la_base_de_donn_es_excel_de_la_migration__2,long,valeur,entrees,territoire_id
13,La base de donn es excel de la migration 2 — indice_entrees (%),indice_entrees (%),demography,La base de donn es excel de la migration 2 — indice_entrees (%). Thème : demography.,%,,,actif,demography_cleaned_la_base_de_donn_es_excel_de_la_migration__2,long,valeur,indice_entrees (%),territoire_id
14,La base de donn es excel de la migration 2 — indice_sortie (%),indice_sortie (%),demography,La base de donn es excel de la migration 2 — indice_sortie (%). Thème : demography.,%,,,actif,demography_cleaned_la_base_de_donn_es_excel_de_la_migration__2,long,valeur,indice_sortie (%),territoire_id
15,La base de donn es excel de la migration 2 — natifs_residents_non_migrants,natifs_residents_non_migrants,demography,La base de donn es excel de la migration 2 — natifs_residents_non_migrants. Thème : demography.,,,,actif,demography_cleaned_la_base_de_donn_es_excel_de_la_migration__2,long,valeur,natifs_residents_non_migrants,territoire_id
16,population_sedentaire_5ans_plus,population_sedentaire_5ans_plus,demography,population_sedentaire_5ans_plus. Thème : demography.,hab,,,actif,demography_cleaned_la_base_de_donn_es_excel_de_la_migration__2,long,valeur,population_sedentaire_5ans_plus,territoire_id
17,residents_recents_5ans,residents_recents_5ans,demography,residents_recents_5ans. Thème : demography.,,,,actif,demography_cleaned_la_base_de_donn_es_excel_de_la_migration__2,long,valeur,residents_recents_5ans,territoire_id
18,La base de donn es excel de la migration 2 — sorties,sorties,demography,La base de donn es excel de la migration 2 — sorties. Thème : demography.,nombre,,,actif,demography_cleaned_la_base_de_donn_es_excel_de_la_migration__2,long,valeur,sorties,territoire_id
19,La base de donn es excel de la migration 3 — entrees,entrees,demography,La base de donn es excel de la migration 3 — entrees. Thème : demography.,nombre,,,actif,demography_cleaned_la_base_de_donn_es_excel_de_la_migration__3,long,valeur,entrees,territoire_id
20,La base de donn es excel de la migration 3 — indice_entrees (%),indice_entrees (%),demography,La base de donn es excel de la migration 3 — indice_entrees (%). Thème : demography.,%,,,actif,demography_cleaned_la_base_de_donn_es_excel_de_la_migration__3,long,valeur,indice_entrees (%),territoire_id
21,La base de donn es excel de la migration 3 — indice_sortie (%),indice_sortie (%),demography,La base de donn es excel de la migration 3 — indice_sortie (%). Thème : demography.,%,,,actif,demography_cleaned_la_base_de_donn_es_excel_de_la_migration__3,long,valeur,indice_sortie (%),territoire_id
22,La base de donn es excel de la migration 3 — natifs_residents_non_migrants,natifs_residents_non_migrants,demography,La base de donn es excel de la migration 3 — natifs_residents_non_migrants. Thème : demography.,,,,actif,demography_cleaned_la_base_de_donn_es_excel_de_la_migration__3,long,valeur,natifs_residents_non_migrants,territoire_id
23,La base de donn es excel de la migration 3 — population_sedentaire,population_sedentaire,demography,La base de donn es excel de la migration 3 — population_sedentaire. Thème : demography.,hab,,,actif,demography_cleaned_la_base_de_donn_es_excel_de_la_migration__3,long,valeur,population_sedentaire,territoire_id
24,residents_recents_10ans,residents_recents_10ans,demography,residents_recents_10ans. Thème : demography.,,,,actif,demography_cleaned_la_base_de_donn_es_excel_de_la_migration__3,long,valeur,residents_recents_10ans,territoire_id
25,La base de donn es excel de la migration 3 — sorties,sorties,demography,La base de donn es excel de la migration 3 — sorties. Thème : demography.,nombre,,,actif,demography_cleaned_la_base_de_donn_es_excel_de_la_migration__3,long,valeur,sorties,territoire_id
26,effectif_migrants_internationaux,effectif_migrants_internationaux,demography,effectif_migrants_internationaux. Thème : demography.,nombre,,,actif,demography_cleaned_la_base_de_donn_es_excel_de_la_migration__4,long,valeur,effectif_migrants_internationaux,territoire_id
27,Ages mariage handicap — Descendance finale des femmes,Descendance finale des femmes,demography,Ages mariage handicap — Descendance finale des femmes. Thème : demography.,,,,actif,demography_demography_ages_mariage_handicap,long,valeur,Descendance finale des femmes,territoire_id
28,Indice Synthétique de fécondité,Indice Synthétique de fécondité,demography,Indice Synthétique de fécondité. Thème : demography.,,,,actif,demography_demography_ages_mariage_handicap,long,valeur,Indice Synthétique de fécondité,territoire_id
29,Ages mariage handicap — Population de 15 ans et plus,Population de 15 ans et plus,demography,Ages mariage handicap — Population de 15 ans et plus. Thème : demography.,hab,,,actif,demography_demography_ages_mariage_handicap,long,valeur,Population de 15 ans et plus,territoire_id
30,Taux de couverture médicale (%),Taux de couverture médicale (%),demography,Taux de couverture médicale (%). Thème : demography.,%,,,actif,demography_demography_ages_mariage_handicap,long,valeur,Taux de couverture médicale (%),territoire_id
32,Taux de prévalence du handicap par groupes d'âges (%),Taux de prévalence du handicap par groupes d'âges (%),demography,Taux de prévalence du handicap par groupes d'âges (%). Thème : demography.,%,,,actif,demography_demography_ages_mariage_handicap,long,valeur,Taux de prévalence du handicap par groupes d'âges (%),territoire_id
33,Âge moyen au premier mariage,Âge moyen au premier mariage,demography,Âge moyen au premier mariage. Thème : demography.,,,,actif,demography_demography_ages_mariage_handicap,long,valeur,Âge moyen au premier mariage,territoire_id
34,État matrimonial des 15 ans et plus (%),État matrimonial des 15 ans et plus (%),demography,État matrimonial des 15 ans et plus (%). Thème : demography.,%,,,actif,demography_demography_ages_mariage_handicap,long,valeur,État matrimonial des 15 ans et plus (%),territoire_id
35,Population rgph2024 population demogra — Descendance finale des femmes,Descendance finale des femmes,demography,Population rgph2024 population demogra — Descendance finale des femmes. Thème : demography.,hab,,,actif,demography_demography_population_rgph2024_population_demogra,long,valeur,Descendance finale des femmes,territoire_id
36,Indicateur conjoncturel de fécondité,Indicateur conjoncturel de fécondité,demography,Indicateur conjoncturel de fécondité. Thème : demography.,,,,actif,demography_demography_population_rgph2024_population_demogra,long,valeur,Indicateur conjoncturel de fécondité,territoire_id
37,Population rgph2024 population demogra — Population de 10 ans et plus,Population de 10 ans et plus,demography,Population rgph2024 population demogra — Population de 10 ans et plus. Thème : demography.,hab,,,actif,demography_demography_population_rgph2024_population_demogra,long,valeur,Population de 10 ans et plus,territoire_id
38,Population rgph2024 population demogra — Population de 15 ans et plus,Population de 15 ans et plus,demography,Population rgph2024 population demogra — Population de 15 ans et plus. Thème : demography.,hab,,,actif,demography_demography_population_rgph2024_population_demogra,long,valeur,Population de 15 ans et plus,territoire_id
39,Population rgph2024 population demogra — Population de 7-12 ans,Population de 7-12 ans,demography,Population rgph2024 population demogra — Population de 7-12 ans. Thème : demography.,hab,,,actif,demography_demography_population_rgph2024_population_demogra,long,valeur,Population de 7-12 ans,territoire_id
40,Population légale,Population légale,demography,Population légale. Thème : demography.,hab,,,validé,demography_demography_population_rgph2024_population_demogra,long,valeur,Population légale,territoire_id
41,Population municipale,Population municipale,demography,Population municipale. Thème : demography.,hab,,,actif,demography_demography_population_rgph2024_population_demogra,long,valeur,Population municipale,territoire_id
42,Sexe (%) - Féminin,Sexe (%) - Féminin,demography,Sexe (%) - Féminin. Thème : demography.,%,,,actif,demography_demography_population_rgph2024_population_demogra,long,valeur,Sexe (%) - Féminin,territoire_id
43,Sexe (%) - Masculin,Sexe (%) - Masculin,demography,Sexe (%) - Masculin. Thème : demography.,%,,,actif,demography_demography_population_rgph2024_population_demogra,long,valeur,Sexe (%) - Masculin,territoire_id
44,Âge moyen singulier au mariage,Âge moyen singulier au mariage,demography,Âge moyen singulier au mariage. Thème : demography.,,,,actif,demography_demography_population_rgph2024_population_demogra,long,valeur,Âge moyen singulier au mariage,territoire_id
45,Âge quinquennal (%) - 0-4 ans,Âge quinquennal (%) - 0-4 ans,demography,Âge quinquennal (%) - 0-4 ans. Thème : demography.,%,,,actif,demography_demography_population_rgph2024_population_demogra,long,valeur,Âge quinquennal (%) - 0-4 ans,territoire_id
46,Âge quinquennal (%) - 10-14 ans,Âge quinquennal (%) - 10-14 ans,demography,Âge quinquennal (%) - 10-14 ans. Thème : demography.,%,,,actif,demography_demography_population_rgph2024_population_demogra,long,valeur,Âge quinquennal (%) - 10-14 ans,territoire_id
47,Âge quinquennal (%) - 15-19 ans,Âge quinquennal (%) - 15-19 ans,demography,Âge quinquennal (%) - 15-19 ans. Thème : demography.,%,,,actif,demography_demography_population_rgph2024_population_demogra,long,valeur,Âge quinquennal (%) - 15-19 ans,territoire_id
48,Âge quinquennal (%) - 20-24 ans,Âge quinquennal (%) - 20-24 ans,demography,Âge quinquennal (%) - 20-24 ans. Thème : demography.,%,,,actif,demography_demography_population_rgph2024_population_demogra,long,valeur,Âge quinquennal (%) - 20-24 ans,territoire_id
49,Âge quinquennal (%) - 25-29 ans,Âge quinquennal (%) - 25-29 ans,demography,Âge quinquennal (%) - 25-29 ans. Thème : demography.,%,,,actif,demography_demography_population_rgph2024_population_demogra,long,valeur,Âge quinquennal (%) - 25-29 ans,territoire_id
50,Âge quinquennal (%) - 30-34 ans,Âge quinquennal (%) - 30-34 ans,demography,Âge quinquennal (%) - 30-34 ans. Thème : demography.,%,,,actif,demography_demography_population_rgph2024_population_demogra,long,valeur,Âge quinquennal (%) - 30-34 ans,territoire_id
51,Âge quinquennal (%) - 35-39 ans,Âge quinquennal (%) - 35-39 ans,demography,Âge quinquennal (%) - 35-39 ans. Thème : demography.,%,,,actif,demography_demography_population_rgph2024_population_demogra,long,valeur,Âge quinquennal (%) - 35-39 ans,territoire_id
52,Âge quinquennal (%) - 40-44 ans,Âge quinquennal (%) - 40-44 ans,demography,Âge quinquennal (%) - 40-44 ans. Thème : demography.,%,,,actif,demography_demography_population_rgph2024_population_demogra,long,valeur,Âge quinquennal (%) - 40-44 ans,territoire_id
53,Âge quinquennal (%) - 45-49 ans,Âge quinquennal (%) - 45-49 ans,demography,Âge quinquennal (%) - 45-49 ans. Thème : demography.,%,,,actif,demography_demography_population_rgph2024_population_demogra,long,valeur,Âge quinquennal (%) - 45-49 ans,territoire_id
54,Âge quinquennal (%) - 5-9 ans,Âge quinquennal (%) - 5-9 ans,demography,Âge quinquennal (%) - 5-9 ans. Thème : demography.,%,,,actif,demography_demography_population_rgph2024_population_demogra,long,valeur,Âge quinquennal (%) - 5-9 ans,territoire_id
55,Âge quinquennal (%) - 50-54 ans,Âge quinquennal (%) - 50-54 ans,demography,Âge quinquennal (%) - 50-54 ans. Thème : demography.,%,,,actif,demography_demography_population_rgph2024_population_demogra,long,valeur,Âge quinquennal (%) - 50-54 ans,territoire_id
56,Âge quinquennal (%) - 55-59 ans,Âge quinquennal (%) - 55-59 ans,demography,Âge quinquennal (%) - 55-59 ans. Thème : demography.,%,,,actif,demography_demography_population_rgph2024_population_demogra,long,valeur,Âge quinquennal (%) - 55-59 ans,territoire_id
57,Âge quinquennal (%) - 60-64 ans,Âge quinquennal (%) - 60-64 ans,demography,Âge quinquennal (%) - 60-64 ans. Thème : demography.,%,,,actif,demography_demography_population_rgph2024_population_demogra,long,valeur,Âge quinquennal (%) - 60-64 ans,territoire_id
58,Âge quinquennal (%) - 65-69 ans,Âge quinquennal (%) - 65-69 ans,demography,Âge quinquennal (%) - 65-69 ans. Thème : demography.,%,,,actif,demography_demography_population_rgph2024_population_demogra,long,valeur,Âge quinquennal (%) - 65-69 ans,territoire_id
59,Âge quinquennal (%) - 70-74 ans,Âge quinquennal (%) - 70-74 ans,demography,Âge quinquennal (%) - 70-74 ans. Thème : demography.,%,,,actif,demography_demography_population_rgph2024_population_demogra,long,valeur,Âge quinquennal (%) - 70-74 ans,territoire_id
60,Âge quinquennal (%) - 75 ans ou plus,Âge quinquennal (%) - 75 ans ou plus,demography,Âge quinquennal (%) - 75 ans ou plus. Thème : demography.,%,,,actif,demography_demography_population_rgph2024_population_demogra,long,valeur,Âge quinquennal (%) - 75 ans ou plus,territoire_id
61,État matrimonial des 15 ans et plus (%) - Célibataire,État matrimonial des 15 ans et plus (%) - Célibataire,demography,État matrimonial des 15 ans et plus (%) - Célibataire. Thème : demography.,%,,,actif,demography_demography_population_rgph2024_population_demogra,long,valeur,État matrimonial des 15 ans et plus (%) - Célibataire,territoire_id
62,État matrimonial des 15 ans et plus (%) - Divorcé.e,État matrimonial des 15 ans et plus (%) - Divorcé.e,demography,État matrimonial des 15 ans et plus (%) - Divorcé.e. Thème : demography.,%,,,actif,demography_demography_population_rgph2024_population_demogra,long,valeur,État matrimonial des 15 ans et plus (%) - Divorcé.e,territoire_id
63,État matrimonial des 15 ans et plus (%) - Marié.e,État matrimonial des 15 ans et plus (%) - Marié.e,demography,État matrimonial des 15 ans et plus (%) - Marié.e. Thème : demography.,%,,,actif,demography_demography_population_rgph2024_population_demogra,long,valeur,État matrimonial des 15 ans et plus (%) - Marié.e,territoire_id
64,État matrimonial des 15 ans et plus (%) - Veuf.ve,État matrimonial des 15 ans et plus (%) - Veuf.ve,demography,État matrimonial des 15 ans et plus (%) - Veuf.ve. Thème : demography.,%,,,actif,demography_demography_population_rgph2024_population_demogra,long,valeur,État matrimonial des 15 ans et plus (%) - Veuf.ve,territoire_id
65,menages_2014,menages_2014,demography,menages_2014. Thème : demography.,nombre,,,actif,demography_demography_population_population_1,long,valeur,menages_2014,territoire_id
66,menages_2024,menages_2024,demography,menages_2024. Thème : demography.,nombre,,,actif,demography_demography_population_population_1,long,valeur,menages_2024,territoire_id
67,population_legale_2014,population_legale_2014,demography,population_legale_2014. Thème : demography.,hab,,,actif,demography_demography_population_population_1,long,valeur,population_legale_2014,territoire_id
68,population_legale_2024,population_legale_2024,demography,population_legale_2024. Thème : demography.,hab,,,actif,demography_demography_population_population_1,long,valeur,population_legale_2024,territoire_id
69,taux_accroissement_menages_pct,taux_accroissement_menages_pct,demography,taux_accroissement_menages_pct. Thème : demography.,%,,,actif,demography_demography_population_population_1,long,valeur,taux_accroissement_menages_pct,territoire_id
70,taux_accroissement_pop_pct,taux_accroissement_pop_pct,demography,taux_accroissement_pop_pct. Thème : demography.,%,,,actif,demography_demography_population_population_1,long,valeur,taux_accroissement_pop_pct,territoire_id
71,Population legale 2025 urba — menages,menages,demography,Population legale 2025 urba — menages. Thème : demography.,hab,,,actif,demography_demography_population_population_legale_2025_urba,long,valeur,menages,territoire_id
72,Population legale 2025 urba,population,demography,Population legale 2025 urba. Thème : demography.,hab,,,actif,demography_demography_population_population_legale_2025_urba,long,valeur,population,territoire_id
73,distance_centre_sante_km,distance_centre_sante_km,demography,distance_centre_sante_km. Thème : demography.,,,,actif,demography_demography_population_population_rural,long,valeur,distance_centre_sante_km,territoire_id
74,distance_college_km,distance_college_km,demography,distance_college_km. Thème : demography.,,,,actif,demography_demography_population_population_rural,long,valeur,distance_college_km,territoire_id
75,distance_ecole_primaire_km,distance_ecole_primaire_km,demography,distance_ecole_primaire_km. Thème : demography.,,,,actif,demography_demography_population_population_rural,long,valeur,distance_ecole_primaire_km,territoire_id
76,distance_lycee_km,distance_lycee_km,demography,distance_lycee_km. Thème : demography.,,,,actif,demography_demography_population_population_rural,long,valeur,distance_lycee_km,territoire_id
77,distance_route_carrossable_km,distance_route_carrossable_km,demography,distance_route_carrossable_km. Thème : demography.,,,,actif,demography_demography_population_population_rural,long,valeur,distance_route_carrossable_km,territoire_id
78,distance_route_goudronnee_km,distance_route_goudronnee_km,demography,distance_route_goudronnee_km. Thème : demography.,,,,actif,demography_demography_population_population_rural,long,valeur,distance_route_goudronnee_km,territoire_id
79,nombre_menages,nombre_menages,demography,nombre_menages. Thème : demography.,nombre,,,actif,demography_demography_population_population_rural,long,valeur,nombre_menages,territoire_id
80,pct_15_59ans,pct_15_59ans,demography,pct_15_59ans. Thème : demography.,%,,,actif,demography_demography_population_population_rural,long,valeur,pct_15_59ans,territoire_id
81,pct_60ans_plus,pct_60ans_plus,demography,pct_60ans_plus. Thème : demography.,%,,,actif,demography_demography_population_population_rural,long,valeur,pct_60ans_plus,territoire_id
82,pct_celibataire,pct_celibataire,demography,pct_celibataire. Thème : demography.,%,,,actif,demography_demography_population_population_rural,long,valeur,pct_celibataire,territoire_id
83,Population rural — pct_divorce,pct_divorce,demography,Population rural — pct_divorce. Thème : demography.,%,,,actif,demography_demography_population_population_rural,long,valeur,pct_divorce,territoire_id
84,pct_enregistrement_etat_civil,pct_enregistrement_etat_civil,demography,pct_enregistrement_etat_civil. Thème : demography.,%,,,actif,demography_demography_population_population_rural,long,valeur,pct_enregistrement_etat_civil,territoire_id
85,pct_logement_appartement,pct_logement_appartement,demography,pct_logement_appartement. Thème : demography.,%,,,actif,demography_demography_population_population_rural,long,valeur,pct_logement_appartement,territoire_id
86,pct_logement_autre,pct_logement_autre,demography,pct_logement_autre. Thème : demography.,%,,,actif,demography_demography_population_population_rural,long,valeur,pct_logement_autre,territoire_id
87,pct_logement_dur_rural,pct_logement_dur_rural,demography,pct_logement_dur_rural. Thème : demography.,%,,,actif,demography_demography_population_population_rural,long,valeur,pct_logement_dur_rural,territoire_id
88,pct_logement_maison_marocaine_moderne,pct_logement_maison_marocaine_moderne,demography,pct_logement_maison_marocaine_moderne. Thème : demography.,%,,,actif,demography_demography_population_population_rural,long,valeur,pct_logement_maison_marocaine_moderne,territoire_id
89,pct_logement_maison_marocaine_traditionnelle,pct_logement_maison_marocaine_traditionnelle,demography,pct_logement_maison_marocaine_traditionnelle. Thème : demography.,%,,,actif,demography_demography_population_population_rural,long,valeur,pct_logement_maison_marocaine_traditionnelle,territoire_id
90,pct_logement_pise_rural,pct_logement_pise_rural,demography,pct_logement_pise_rural. Thème : demography.,%,,,actif,demography_demography_population_population_rural,long,valeur,pct_logement_pise_rural,territoire_id
91,pct_logement_sommaire_bidonville,pct_logement_sommaire_bidonville,demography,pct_logement_sommaire_bidonville. Thème : demography.,%,,,actif,demography_demography_population_population_rural,long,valeur,pct_logement_sommaire_bidonville,territoire_id
92,pct_logement_villa,pct_logement_villa,demography,pct_logement_villa. Thème : demography.,%,,,actif,demography_demography_population_population_rural,long,valeur,pct_logement_villa,territoire_id
93,Population rural — pct_marie,pct_marie,demography,Population rural — pct_marie. Thème : demography.,%,,,actif,demography_demography_population_population_rural,long,valeur,pct_marie,territoire_id
94,pct_moins_15ans,pct_moins_15ans,demography,pct_moins_15ans. Thème : demography.,%,,,actif,demography_demography_population_population_rural,long,valeur,pct_moins_15ans,territoire_id
95,pct_nationalite_etrangere,pct_nationalite_etrangere,demography,pct_nationalite_etrangere. Thème : demography.,%,,,actif,demography_demography_population_population_rural,long,valeur,pct_nationalite_etrangere,territoire_id
96,pct_nationalite_marocaine,pct_nationalite_marocaine,demography,pct_nationalite_marocaine. Thème : demography.,%,,,actif,demography_demography_population_population_rural,long,valeur,pct_nationalite_marocaine,territoire_id
97,pct_sexe_feminin,pct_sexe_feminin,demography,pct_sexe_feminin. Thème : demography.,%,,,actif,demography_demography_population_population_rural,long,valeur,pct_sexe_feminin,territoire_id
98,pct_sexe_masculin,pct_sexe_masculin,demography,pct_sexe_masculin. Thème : demography.,%,,,actif,demography_demography_population_population_rural,long,valeur,pct_sexe_masculin,territoire_id
99,Population rural — pct_veuf,pct_veuf,demography,Population rural — pct_veuf. Thème : demography.,%,,,actif,demography_demography_population_population_rural,long,valeur,pct_veuf,territoire_id
100,Population rural,population,demography,Population rural. Thème : demography.,hab,,,actif,demography_demography_population_population_rural,long,valeur,population,territoire_id
101,population_15ans_plus,population_15ans_plus,demography,population_15ans_plus. Thème : demography.,hab,,,actif,demography_demography_population_population_rural,long,valeur,population_15ans_plus,territoire_id
102,Langues lues et écrites par les alphabètes de 10 ans et plus (non exclusives) (%) - Amazigh (Tifinagh),Langues lues et écrites par les alphabètes de 10 ans et plus (non exclusives) (%) - Amazigh (Tifinagh),education,Langues lues et écrites par les alphabètes de 10 ans et plus (non exclusives) (%) - Amazigh (Tifinagh). Thème : education.,%,,,actif,education_etab_scoalires_mesures_rgph2024_population_educati,long,valeur,Langues lues et écrites par les alphabètes de 10 ans et plus (non exclusives) (%) - Amazigh (Tifinagh),territoire_id
103,Langues lues et écrites par les alphabètes de 10 ans et plus (non exclusives) (%) - Anglais,Langues lues et écrites par les alphabètes de 10 ans et plus (non exclusives) (%) - Anglais,education,Langues lues et écrites par les alphabètes de 10 ans et plus (non exclusives) (%) - Anglais. Thème : education.,%,,,actif,education_etab_scoalires_mesures_rgph2024_population_educati,long,valeur,Langues lues et écrites par les alphabètes de 10 ans et plus (non exclusives) (%) - Anglais,territoire_id
104,Langues lues et écrites par les alphabètes de 10 ans et plus (non exclusives) (%) - Arabe,Langues lues et écrites par les alphabètes de 10 ans et plus (non exclusives) (%) - Arabe,education,Langues lues et écrites par les alphabètes de 10 ans et plus (non exclusives) (%) - Arabe. Thème : education.,%,,,actif,education_etab_scoalires_mesures_rgph2024_population_educati,long,valeur,Langues lues et écrites par les alphabètes de 10 ans et plus (non exclusives) (%) - Arabe,territoire_id
105,Langues lues et écrites par les alphabètes de 10 ans et plus (non exclusives) (%) - Français,Langues lues et écrites par les alphabètes de 10 ans et plus (non exclusives) (%) - Français,education,Langues lues et écrites par les alphabètes de 10 ans et plus (non exclusives) (%) - Français. Thème : education.,%,,,actif,education_etab_scoalires_mesures_rgph2024_population_educati,long,valeur,Langues lues et écrites par les alphabètes de 10 ans et plus (non exclusives) (%) - Français,territoire_id
106,Niveau d'études dans l'enseignement général (%) - Aucun niveau d'études,Niveau d'études dans l'enseignement général (%) - Aucun niveau d'études,education,Niveau d'études dans l'enseignement général (%) - Aucun niveau d'études. Thème : education.,%,,,validé,education_etab_scoalires_mesures_rgph2024_population_educati,long,valeur,Niveau d'études dans l'enseignement général (%) - Aucun niveau d'études,territoire_id
107,Niveau d'études dans l'enseignement général (%) - Primaire,Niveau d'études dans l'enseignement général (%) - Primaire,education,Niveau d'études dans l'enseignement général (%) - Primaire. Thème : education.,%,,,actif,education_etab_scoalires_mesures_rgph2024_population_educati,long,valeur,Niveau d'études dans l'enseignement général (%) - Primaire,territoire_id
108,Niveau d'études dans l'enseignement général (%) - Préscolaire,Niveau d'études dans l'enseignement général (%) - Préscolaire,education,Niveau d'études dans l'enseignement général (%) - Préscolaire. Thème : education.,%,,,actif,education_etab_scoalires_mesures_rgph2024_population_educati,long,valeur,Niveau d'études dans l'enseignement général (%) - Préscolaire,territoire_id
109,Niveau d'études dans l'enseignement général (%) - Secondaire collégial,Niveau d'études dans l'enseignement général (%) - Secondaire collégial,education,Niveau d'études dans l'enseignement général (%) - Secondaire collégial. Thème : education.,%,,,actif,education_etab_scoalires_mesures_rgph2024_population_educati,long,valeur,Niveau d'études dans l'enseignement général (%) - Secondaire collégial,territoire_id
110,Niveau d'études dans l'enseignement général (%) - Secondaire qualifiant,Niveau d'études dans l'enseignement général (%) - Secondaire qualifiant,education,Niveau d'études dans l'enseignement général (%) - Secondaire qualifiant. Thème : education.,%,,,actif,education_etab_scoalires_mesures_rgph2024_population_educati,long,valeur,Niveau d'études dans l'enseignement général (%) - Secondaire qualifiant,territoire_id
111,Niveau d'études dans l'enseignement général (%) - Supérieur,Niveau d'études dans l'enseignement général (%) - Supérieur,education,Niveau d'études dans l'enseignement général (%) - Supérieur. Thème : education.,%,,,validé,education_etab_scoalires_mesures_rgph2024_population_educati,long,valeur,Niveau d'études dans l'enseignement général (%) - Supérieur,territoire_id
112,Etab scoalires mesures rgph2024 population educati — Population alphabète de 10 ans et plus,Population alphabète de 10 ans et plus,education,Etab scoalires mesures rgph2024 population educati — Population alphabète de 10 ans et plus. Thème : education.,hab,,,actif,education_etab_scoalires_mesures_rgph2024_population_educati,long,valeur,Population alphabète de 10 ans et plus,territoire_id
113,Etab scoalires mesures rgph2024 population educati — Taux d'analphabétisme des 10 ans et plus (%),Taux d'analphabétisme des 10 ans et plus (%),education,Etab scoalires mesures rgph2024 population educati — Taux d'analphabétisme des 10 ans et plus (%). Thème : education.,%,,,validé,education_etab_scoalires_mesures_rgph2024_population_educati,long,valeur,Taux d'analphabétisme des 10 ans et plus (%),territoire_id
114,Etab scoalires mesures rgph2024 population educati — Taux d'analphabétisme des 15 ans et plus (%),Taux d'analphabétisme des 15 ans et plus (%),education,Etab scoalires mesures rgph2024 population educati — Taux d'analphabétisme des 15 ans et plus (%). Thème : education.,%,,,actif,education_etab_scoalires_mesures_rgph2024_population_educati,long,valeur,Taux d'analphabétisme des 15 ans et plus (%),territoire_id
115,Taux de scolarisation des 6-11 ans en 2023/2024 (%),Taux de scolarisation des 6-11 ans en 2023/2024 (%),education,Taux de scolarisation des 6-11 ans en 2023/2024 (%). Thème : education.,%,,,validé,education_etab_scoalires_mesures_rgph2024_population_educati,long,valeur,Taux de scolarisation des 6-11 ans en 2023/2024 (%),territoire_id
116,Indicateur nombre etablissements — Nombre d'établissements collegial,Nombre d'établissements collegial,education,Indicateur nombre etablissements — Nombre d'établissements collegial. Thème : education.,nombre,,,actif,education_indicateur_nombre_etablissements,long,valeur,Nombre d'établissements collegial,territoire_id
117,Indicateur nombre etablissements — Nombre d'établissements primaire,Nombre d'établissements primaire,education,Indicateur nombre etablissements — Nombre d'établissements primaire. Thème : education.,nombre,,,actif,education_indicateur_nombre_etablissements,long,valeur,Nombre d'établissements primaire,territoire_id
118,Indicateur nombre etablissements — Nombre d'établissements qualifiant,Nombre d'établissements qualifiant,education,Indicateur nombre etablissements — Nombre d'établissements qualifiant. Thème : education.,nombre,,,actif,education_indicateur_nombre_etablissements,long,valeur,Nombre d'établissements qualifiant,territoire_id
119,Indicateur nombre etablissements commune — Nombre d'établissements collegial,Nombre d'établissements collegial,education,Indicateur nombre etablissements commune — Nombre d'établissements collegial. Thème : education.,nombre,,,actif,education_indicateur_nombre_etablissements_commune,long,valeur,Nombre d'établissements collegial,territoire_id
120,Indicateur nombre etablissements commune — Nombre d'établissements primaire,Nombre d'établissements primaire,education,Indicateur nombre etablissements commune — Nombre d'établissements primaire. Thème : education.,nombre,,,actif,education_indicateur_nombre_etablissements_commune,long,valeur,Nombre d'établissements primaire,territoire_id
121,Indicateur nombre etablissements commune — Nombre d'établissements qualifiant,Nombre d'établissements qualifiant,education,Indicateur nombre etablissements commune — Nombre d'établissements qualifiant. Thème : education.,nombre,,,actif,education_indicateur_nombre_etablissements_commune,long,valeur,Nombre d'établissements qualifiant,territoire_id
266,nombre_abonnes,nombre_abonnes,infrastructure,nombre_abonnes. Thème : infrastructure.,nombre,,,actif,infrastructure_cleaned_activit_de_l_office_national_d_electr,long,valeur,nombre_abonnes,territoire_id
267,Activit de l office national d electr — production,production,infrastructure,Activit de l office national d electr — production. Thème : infrastructure.,,,,actif,infrastructure_cleaned_activit_de_l_office_national_d_electr,long,valeur,production,territoire_id
268,ventes_abonnes,ventes_abonnes,infrastructure,ventes_abonnes. Thème : infrastructure.,,,,actif,infrastructure_cleaned_activit_de_l_office_national_d_electr,long,valeur,ventes_abonnes,territoire_id
269,ventes_regies_concessions,ventes_regies_concessions,infrastructure,ventes_regies_concessions. Thème : infrastructure.,,,,actif,infrastructure_cleaned_activit_de_l_office_national_d_electr,long,valeur,ventes_regies_concessions,territoire_id
270,Bonne Qualité 2021,Bonne Qualité 2021,infrastructure,Bonne Qualité 2021. Thème : infrastructure.,,,,actif,infrastructure_cleaned_evolution_du_nombre_de_plages_par_reg,long,valeur,Bonne Qualité 2021,territoire_id
271,Bonne Qualité 2022,Bonne Qualité 2022,infrastructure,Bonne Qualité 2022. Thème : infrastructure.,,,,actif,infrastructure_cleaned_evolution_du_nombre_de_plages_par_reg,long,valeur,Bonne Qualité 2022,territoire_id
272,Bonne Qualité 2023,Bonne Qualité 2023,infrastructure,Bonne Qualité 2023. Thème : infrastructure.,,,,actif,infrastructure_cleaned_evolution_du_nombre_de_plages_par_reg,long,valeur,Bonne Qualité 2023,territoire_id
273,Bonne Qualité 2024,Bonne Qualité 2024,infrastructure,Bonne Qualité 2024. Thème : infrastructure.,,,,actif,infrastructure_cleaned_evolution_du_nombre_de_plages_par_reg,long,valeur,Bonne Qualité 2024,territoire_id
274,Execellante Qaulité 2021,Execellante Qaulité 2021,infrastructure,Execellante Qaulité 2021. Thème : infrastructure.,,,,actif,infrastructure_cleaned_evolution_du_nombre_de_plages_par_reg,long,valeur,Execellante Qaulité 2021,territoire_id
275,Execellante Qaulité 2022,Execellante Qaulité 2022,infrastructure,Execellante Qaulité 2022. Thème : infrastructure.,,,,actif,infrastructure_cleaned_evolution_du_nombre_de_plages_par_reg,long,valeur,Execellante Qaulité 2022,territoire_id
276,Execellante Qaulité 2023,Execellante Qaulité 2023,infrastructure,Execellante Qaulité 2023. Thème : infrastructure.,,,,actif,infrastructure_cleaned_evolution_du_nombre_de_plages_par_reg,long,valeur,Execellante Qaulité 2023,territoire_id
277,Execellante Qaulité 2024,Execellante Qaulité 2024,infrastructure,Execellante Qaulité 2024. Thème : infrastructure.,,,,actif,infrastructure_cleaned_evolution_du_nombre_de_plages_par_reg,long,valeur,Execellante Qaulité 2024,territoire_id
278,Qualité Suffisante 2021,Qualité Suffisante 2021,infrastructure,Qualité Suffisante 2021. Thème : infrastructure.,,,,actif,infrastructure_cleaned_evolution_du_nombre_de_plages_par_reg,long,valeur,Qualité Suffisante 2021,territoire_id
279,Qualité Suffisante 2022,Qualité Suffisante 2022,infrastructure,Qualité Suffisante 2022. Thème : infrastructure.,,,,actif,infrastructure_cleaned_evolution_du_nombre_de_plages_par_reg,long,valeur,Qualité Suffisante 2022,territoire_id
280,Qualité Suffisante 2023,Qualité Suffisante 2023,infrastructure,Qualité Suffisante 2023. Thème : infrastructure.,,,,actif,infrastructure_cleaned_evolution_du_nombre_de_plages_par_reg,long,valeur,Qualité Suffisante 2023,territoire_id
281,Qualité Suffisante 2024,Qualité Suffisante 2024,infrastructure,Qualité Suffisante 2024. Thème : infrastructure.,,,,actif,infrastructure_cleaned_evolution_du_nombre_de_plages_par_reg,long,valeur,Qualité Suffisante 2024,territoire_id
282,Qualité insuffisante 2021,Qualité insuffisante 2021,infrastructure,Qualité insuffisante 2021. Thème : infrastructure.,,,,actif,infrastructure_cleaned_evolution_du_nombre_de_plages_par_reg,long,valeur,Qualité insuffisante 2021,territoire_id
283,Qualité insuffisante 2022,Qualité insuffisante 2022,infrastructure,Qualité insuffisante 2022. Thème : infrastructure.,,,,actif,infrastructure_cleaned_evolution_du_nombre_de_plages_par_reg,long,valeur,Qualité insuffisante 2022,territoire_id
284,Qualité insuffisante 2023,Qualité insuffisante 2023,infrastructure,Qualité insuffisante 2023. Thème : infrastructure.,,,,actif,infrastructure_cleaned_evolution_du_nombre_de_plages_par_reg,long,valeur,Qualité insuffisante 2023,territoire_id
285,Qualité insuffisante 2024,Qualité insuffisante 2024,infrastructure,Qualité insuffisante 2024. Thème : infrastructure.,,,,actif,infrastructure_cleaned_evolution_du_nombre_de_plages_par_reg,long,valeur,Qualité insuffisante 2024,territoire_id
286,Evolution du nombre de plages par reg — Total 2021,Total 2021,infrastructure,Evolution du nombre de plages par reg — Total 2021. Thème : infrastructure.,nombre,,,actif,infrastructure_cleaned_evolution_du_nombre_de_plages_par_reg,long,valeur,Total 2021,territoire_id
287,Evolution du nombre de plages par reg — Total 2022,Total 2022,infrastructure,Evolution du nombre de plages par reg — Total 2022. Thème : infrastructure.,nombre,,,actif,infrastructure_cleaned_evolution_du_nombre_de_plages_par_reg,long,valeur,Total 2022,territoire_id
288,Evolution du nombre de plages par reg — Total 2023,Total 2023,infrastructure,Evolution du nombre de plages par reg — Total 2023. Thème : infrastructure.,nombre,,,actif,infrastructure_cleaned_evolution_du_nombre_de_plages_par_reg,long,valeur,Total 2023,territoire_id
289,Evolution du nombre de plages par reg — Total 2024,Total 2024,infrastructure,Evolution du nombre de plages par reg — Total 2024. Thème : infrastructure.,nombre,,,actif,infrastructure_cleaned_evolution_du_nombre_de_plages_par_reg,long,valeur,Total 2024,territoire_id
290,nbre_prelevements_2021,nbre_prelevements_2021,infrastructure,nbre_prelevements_2021. Thème : infrastructure.,,,,actif,infrastructure_cleaned_evolution_du_nombre_de_plages_par_reg_2,long,valeur,nbre_prelevements_2021,territoire_id
291,nbre_prelevements_2022,nbre_prelevements_2022,infrastructure,nbre_prelevements_2022. Thème : infrastructure.,,,,actif,infrastructure_cleaned_evolution_du_nombre_de_plages_par_reg_2,long,valeur,nbre_prelevements_2022,territoire_id
292,nbre_prelevements_2023,nbre_prelevements_2023,infrastructure,nbre_prelevements_2023. Thème : infrastructure.,,,,actif,infrastructure_cleaned_evolution_du_nombre_de_plages_par_reg_2,long,valeur,nbre_prelevements_2023,territoire_id
293,nbre_prelevements_2024,nbre_prelevements_2024,infrastructure,nbre_prelevements_2024. Thème : infrastructure.,,,,actif,infrastructure_cleaned_evolution_du_nombre_de_plages_par_reg_2,long,valeur,nbre_prelevements_2024,territoire_id
294,nbre_stations_2021,nbre_stations_2021,infrastructure,nbre_stations_2021. Thème : infrastructure.,,,,actif,infrastructure_cleaned_evolution_du_nombre_de_plages_par_reg_2,long,valeur,nbre_stations_2021,territoire_id
295,nbre_stations_2022,nbre_stations_2022,infrastructure,nbre_stations_2022. Thème : infrastructure.,,,,actif,infrastructure_cleaned_evolution_du_nombre_de_plages_par_reg_2,long,valeur,nbre_stations_2022,territoire_id
296,nbre_stations_2023,nbre_stations_2023,infrastructure,nbre_stations_2023. Thème : infrastructure.,,,,actif,infrastructure_cleaned_evolution_du_nombre_de_plages_par_reg_2,long,valeur,nbre_stations_2023,territoire_id
297,nbre_stations_2024,nbre_stations_2024,infrastructure,nbre_stations_2024. Thème : infrastructure.,,,,actif,infrastructure_cleaned_evolution_du_nombre_de_plages_par_reg_2,long,valeur,nbre_stations_2024,territoire_id
298,plages_evolution_total 2021,plages_evolution_total 2021,infrastructure,plages_evolution_total 2021. Thème : infrastructure.,,,,actif,infrastructure_cleaned_evolution_du_nombre_de_plages_par_reg_3,long,valeur,plages_evolution_total 2021,territoire_id
299,plages_evolution_total 2022,plages_evolution_total 2022,infrastructure,plages_evolution_total 2022. Thème : infrastructure.,,,,actif,infrastructure_cleaned_evolution_du_nombre_de_plages_par_reg_3,long,valeur,plages_evolution_total 2022,territoire_id
300,plages_evolution_total 2023,plages_evolution_total 2023,infrastructure,plages_evolution_total 2023. Thème : infrastructure.,,,,actif,infrastructure_cleaned_evolution_du_nombre_de_plages_par_reg_3,long,valeur,plages_evolution_total 2023,territoire_id
301,plages_evolution_total 2024,plages_evolution_total 2024,infrastructure,plages_evolution_total 2024. Thème : infrastructure.,,,,actif,infrastructure_cleaned_evolution_du_nombre_de_plages_par_reg_3,long,valeur,plages_evolution_total 2024,territoire_id
302,Mouvements des avions selon les a rop — total,total_general,infrastructure,Mouvements des avions selon les a rop — total. Thème : infrastructure.,,,,actif,infrastructure_cleaned_mouvements_des_avions_selon_les_a_rop,long,valeur,total_general,territoire_id
303,trafic_commercial,trafic_commercial,infrastructure,trafic_commercial. Thème : infrastructure.,,,,actif,infrastructure_cleaned_mouvements_des_avions_selon_les_a_rop,long,valeur,trafic_commercial,territoire_id
304,trafic_non_commercial,trafic_non_commercial,infrastructure,trafic_non_commercial. Thème : infrastructure.,,,,actif,infrastructure_cleaned_mouvements_des_avions_selon_les_a_rop,long,valeur,trafic_non_commercial,territoire_id
305,routes_nationales_dont_revetues_km,routes_nationales_dont_revetues_km,infrastructure,routes_nationales_dont_revetues_km. Thème : infrastructure.,,,,actif,infrastructure_cleaned_routes_2024_routes_longueur_2024,long,valeur,routes_nationales_dont_revetues_km,territoire_id
306,routes_nationales_total_km,routes_nationales_total_km,infrastructure,routes_nationales_total_km. Thème : infrastructure.,,,,actif,infrastructure_cleaned_routes_2024_routes_longueur_2024,long,valeur,routes_nationales_total_km,territoire_id
307,routes_provinciales_dont_revetues_km,routes_provinciales_dont_revetues_km,infrastructure,routes_provinciales_dont_revetues_km. Thème : infrastructure.,,,,actif,infrastructure_cleaned_routes_2024_routes_longueur_2024,long,valeur,routes_provinciales_dont_revetues_km,territoire_id
308,routes_provinciales_total_km,routes_provinciales_total_km,infrastructure,routes_provinciales_total_km. Thème : infrastructure.,,,,actif,infrastructure_cleaned_routes_2024_routes_longueur_2024,long,valeur,routes_provinciales_total_km,territoire_id
309,routes_regionales_dont_revetues_km,routes_regionales_dont_revetues_km,infrastructure,routes_regionales_dont_revetues_km. Thème : infrastructure.,,,,actif,infrastructure_cleaned_routes_2024_routes_longueur_2024,long,valeur,routes_regionales_dont_revetues_km,territoire_id
310,routes_regionales_total_km,routes_regionales_total_km,infrastructure,routes_regionales_total_km. Thème : infrastructure.,,,,actif,infrastructure_cleaned_routes_2024_routes_longueur_2024,long,valeur,routes_regionales_total_km,territoire_id
311,autoroutes_km,autoroutes_km,infrastructure,autoroutes_km. Thème : infrastructure.,,,,actif,infrastructure_cleaned_routes_2024_routes_provinces_2024,long,valeur,autoroutes_km,territoire_id
312,niveau_fragilite_transport,niveau_fragilite_transport,infrastructure,niveau_fragilite_transport. Thème : infrastructure.,,,,actif,infrastructure_cleaned_routes_2024_routes_provinces_2024,long,valeur,niveau_fragilite_transport,territoire_id
313,part_autoroute_pct_du_reseau,part_autoroute_pct_du_reseau,infrastructure,part_autoroute_pct_du_reseau. Thème : infrastructure.,%,,,actif,infrastructure_cleaned_routes_2024_routes_provinces_2024,long,valeur,part_autoroute_pct_du_reseau,territoire_id
314,part_routes_provinciales_pct,part_routes_provinciales_pct,infrastructure,part_routes_provinciales_pct. Thème : infrastructure.,%,,,actif,infrastructure_cleaned_routes_2024_routes_provinces_2024,long,valeur,part_routes_provinciales_pct,territoire_id
315,reseau_revetu_km,reseau_revetu_km,infrastructure,reseau_revetu_km. Thème : infrastructure.,,,,actif,infrastructure_cleaned_routes_2024_routes_provinces_2024,long,valeur,reseau_revetu_km,territoire_id
316,reseau_total_km,reseau_total_km,infrastructure,reseau_total_km. Thème : infrastructure.,,,,actif,infrastructure_cleaned_routes_2024_routes_provinces_2024,long,valeur,reseau_total_km,territoire_id
317,routes_nationales_km,routes_nationales_km,infrastructure,routes_nationales_km. Thème : infrastructure.,,,,actif,infrastructure_cleaned_routes_2024_routes_provinces_2024,long,valeur,routes_nationales_km,territoire_id
318,routes_provinciales_km,routes_provinciales_km,infrastructure,routes_provinciales_km. Thème : infrastructure.,,,,actif,infrastructure_cleaned_routes_2024_routes_provinces_2024,long,valeur,routes_provinciales_km,territoire_id
319,routes_regionales_km,routes_regionales_km,infrastructure,routes_regionales_km. Thème : infrastructure.,,,,actif,infrastructure_cleaned_routes_2024_routes_provinces_2024,long,valeur,routes_regionales_km,territoire_id
320,score_fragilite_transport,score_fragilite_transport,infrastructure,score_fragilite_transport. Thème : infrastructure.,,,,actif,infrastructure_cleaned_routes_2024_routes_provinces_2024,long,valeur,score_fragilite_transport,territoire_id
321,taux_revetement_pct,taux_revetement_pct,infrastructure,taux_revetement_pct. Thème : infrastructure.,%,,,actif,infrastructure_cleaned_routes_2024_routes_provinces_2024,long,valeur,taux_revetement_pct,territoire_id
322,electricite_ventes_distributeur_2022,electricite_ventes_distributeur_2022,infrastructure,electricite_ventes_distributeur_2022. Thème : infrastructure.,,,,actif,infrastructure_electricite_ventes_distributeurs,long,valeur,electricite_ventes_distributeur_2022,territoire_id
323,electricite_ventes_distributeur_2023,electricite_ventes_distributeur_2023,infrastructure,electricite_ventes_distributeur_2023. Thème : infrastructure.,,,,actif,infrastructure_electricite_ventes_distributeurs,long,valeur,electricite_ventes_distributeur_2023,territoire_id
324,electricite_ventes_distributeur_2024,electricite_ventes_distributeur_2024,infrastructure,electricite_ventes_distributeur_2024. Thème : infrastructure.,,,,actif,infrastructure_electricite_ventes_distributeurs,long,valeur,electricite_ventes_distributeur_2024,territoire_id
325,electricite_ventes_provinces_2022,electricite_ventes_provinces_2022,infrastructure,electricite_ventes_provinces_2022. Thème : infrastructure.,,,,actif,infrastructure_electricite_ventes_provinces_electricite_vent,long,valeur,electricite_ventes_provinces_2022,territoire_id
326,electricite_ventes_provinces_2023,electricite_ventes_provinces_2023,infrastructure,electricite_ventes_provinces_2023. Thème : infrastructure.,,,,actif,infrastructure_electricite_ventes_provinces_electricite_vent,long,valeur,electricite_ventes_provinces_2023,territoire_id
327,electricite_ventes_provinces_2024,electricite_ventes_provinces_2024,infrastructure,electricite_ventes_provinces_2024. Thème : infrastructure.,,,,actif,infrastructure_electricite_ventes_provinces_electricite_vent,long,valeur,electricite_ventes_provinces_2024,territoire_id
328,Niveau d'études de la population âgée de 25 ans et plus (%),Niveau d'études de la population âgée de 25 ans et plus (%),socio_economic,Niveau d'études de la population âgée de 25 ans et plus (%). Thème : socio_economic.,%,,,actif,socio_economic_cleaned_capital_humain_cleaned_capital_humain,long,valeur,Niveau d'études de la population âgée de 25 ans et plus (%),territoire_id
329,Nombre moyen d'années d'études dans l'enseignement général,Nombre moyen d'années d'études dans l'enseignement général,socio_economic,Nombre moyen d'années d'études dans l'enseignement général. Thème : socio_economic.,nombre,,,actif,socio_economic_cleaned_capital_humain_cleaned_capital_humain,long,valeur,Nombre moyen d'années d'études dans l'enseignement général,territoire_id
330,Capital humain cleaned capital humain — Population alphabète de 10 ans et plus,Population alphabète de 10 ans et plus,socio_economic,Capital humain cleaned capital humain — Population alphabète de 10 ans et plus. Thème : socio_economic.,hab,,,actif,socio_economic_cleaned_capital_humain_cleaned_capital_humain,long,valeur,Population alphabète de 10 ans et plus,territoire_id
331,Capital humain cleaned capital humain — Population de 10 ans et plus,Population de 10 ans et plus,socio_economic,Capital humain cleaned capital humain — Population de 10 ans et plus. Thème : socio_economic.,hab,,,actif,socio_economic_cleaned_capital_humain_cleaned_capital_humain,long,valeur,Population de 10 ans et plus,territoire_id
332,Capital humain cleaned capital humain — Population de 15 ans et plus,Population de 15 ans et plus,socio_economic,Capital humain cleaned capital humain — Population de 15 ans et plus. Thème : socio_economic.,hab,,,actif,socio_economic_cleaned_capital_humain_cleaned_capital_humain,long,valeur,Population de 15 ans et plus,territoire_id
333,Capital humain cleaned capital humain — Population de 7-12 ans,Population de 7-12 ans,socio_economic,Capital humain cleaned capital humain — Population de 7-12 ans. Thème : socio_economic.,hab,,,actif,socio_economic_cleaned_capital_humain_cleaned_capital_humain,long,valeur,Population de 7-12 ans,territoire_id
334,Capital humain cleaned capital humain — Taux d'analphabétisme des 10 ans et plus (%),Taux d'analphabétisme des 10 ans et plus (%),socio_economic,Capital humain cleaned capital humain — Taux d'analphabétisme des 10 ans et plus (%). Thème : socio_economic.,%,,,actif,socio_economic_cleaned_capital_humain_cleaned_capital_humain,long,valeur,Taux d'analphabétisme des 10 ans et plus (%),territoire_id
335,Capital humain cleaned capital humain — Taux d'analphabétisme des 15 ans et plus (%),Taux d'analphabétisme des 15 ans et plus (%),socio_economic,Capital humain cleaned capital humain — Taux d'analphabétisme des 15 ans et plus (%). Thème : socio_economic.,%,,,actif,socio_economic_cleaned_capital_humain_cleaned_capital_humain,long,valeur,Taux d'analphabétisme des 15 ans et plus (%),territoire_id
336,Taux d'analphabétisme selon les groupes d’âges (%),Taux d'analphabétisme selon les groupes d’âges (%),socio_economic,Taux d'analphabétisme selon les groupes d’âges (%). Thème : socio_economic.,%,,,actif,socio_economic_cleaned_capital_humain_cleaned_capital_humain,long,valeur,Taux d'analphabétisme selon les groupes d’âges (%),territoire_id
337,Taux de scolarisation des 12-17 ans en 2023/2024 (%),Taux de scolarisation des 12-17 ans en 2023/2024 (%),socio_economic,Taux de scolarisation des 12-17 ans en 2023/2024 (%). Thème : socio_economic.,%,,,actif,socio_economic_cleaned_capital_humain_cleaned_capital_humain,long,valeur,Taux de scolarisation des 12-17 ans en 2023/2024 (%),territoire_id
338,Taux de scolarisation des 4- 5 ans en 2023/2024 (%),Taux de scolarisation des 4- 5 ans en 2023/2024 (%),socio_economic,Taux de scolarisation des 4- 5 ans en 2023/2024 (%). Thème : socio_economic.,%,,,actif,socio_economic_cleaned_capital_humain_cleaned_capital_humain,long,valeur,Taux de scolarisation des 4- 5 ans en 2023/2024 (%),territoire_id
367,Dataset fracture numerique fracture numerique — internet_utilisation_pct_5ansplus,internet_utilisation_pct_5ansplus,socio_economic,Dataset fracture numerique fracture numerique — internet_utilisation_pct_5ansplus. Thème : socio_economic.,%,,,actif,socio_economic_dataset_fracture_numerique_fracture_numerique,long,valeur,internet_utilisation_pct_5ansplus,territoire_id
368,Dataset fracture numerique fracture numerique — ordinateur_personnel_pct_5ansplus,ordinateur_personnel_pct_5ansplus,socio_economic,Dataset fracture numerique fracture numerique — ordinateur_personnel_pct_5ansplus. Thème : socio_economic.,%,,,actif,socio_economic_dataset_fracture_numerique_fracture_numerique,long,valeur,ordinateur_personnel_pct_5ansplus,territoire_id
369,Dataset fracture numerique fracture numerique — telephone_mobile_pct_5ansplus,telephone_mobile_pct_5ansplus,socio_economic,Dataset fracture numerique fracture numerique — telephone_mobile_pct_5ansplus. Thème : socio_economic.,%,,,actif,socio_economic_dataset_fracture_numerique_fracture_numerique,long,valeur,telephone_mobile_pct_5ansplus,territoire_id
370,Dataset fracture numerique provinces 2024,ordinateur_personnel_pct_5ansplus,socio_economic,Dataset fracture numerique provinces 2024. Thème : socio_economic.,,,,actif,socio_economic_dataset_fracture_numerique_provinces_2024,large,ordinateur_personnel_pct_5ansplus,,territoire_id
371,"Dataset fracture numerique provinces 2024 (socio_economic, id371)",internet_utilisation_pct_5ansplus,socio_economic,"Dataset fracture numerique provinces 2024 (socio_economic, id371). Thème : socio_economic.",,,,actif,socio_economic_dataset_fracture_numerique_provinces_2024,large,internet_utilisation_pct_5ansplus,,territoire_id
372,"Dataset fracture numerique provinces 2024 (socio_economic, id372)",telephone_mobile_pct_5ansplus,socio_economic,"Dataset fracture numerique provinces 2024 (socio_economic, id372). Thème : socio_economic.",,,,actif,socio_economic_dataset_fracture_numerique_provinces_2024,large,telephone_mobile_pct_5ansplus,,territoire_id
375,Dataset fracture numerique detail milieu — telephone_mobile_pct_5ansplus,telephone_mobile_pct_5ansplus,socio_economic,Dataset fracture numerique detail milieu — telephone_mobile_pct_5ansplus. Thème : socio_economic.,%,,,actif,socio_economic_dataset_fracture_numerique_detail_milieu,long,valeur,telephone_mobile_pct_5ansplus,territoire_id
376,Langues locales utilisées (non exclusives) (%) - Darija,Langues locales utilisées (non exclusives) (%) - Darija,socio_economic,Langues locales utilisées (non exclusives) (%) - Darija. Thème : socio_economic.,%,,,actif,socio_economic_rgph2024_population_socio_econo_rgph2024_popu,long,valeur,Langues locales utilisées (non exclusives) (%) - Darija,territoire_id
377,Langues locales utilisées (non exclusives) (%) - Hassania,Langues locales utilisées (non exclusives) (%) - Hassania,socio_economic,Langues locales utilisées (non exclusives) (%) - Hassania. Thème : socio_economic.,%,,,actif,socio_economic_rgph2024_population_socio_econo_rgph2024_popu,long,valeur,Langues locales utilisées (non exclusives) (%) - Hassania,territoire_id
378,Langues locales utilisées (non exclusives) (%) - Tachelhit,Langues locales utilisées (non exclusives) (%) - Tachelhit,socio_economic,Langues locales utilisées (non exclusives) (%) - Tachelhit. Thème : socio_economic.,%,,,actif,socio_economic_rgph2024_population_socio_econo_rgph2024_popu,long,valeur,Langues locales utilisées (non exclusives) (%) - Tachelhit,territoire_id
379,Langues locales utilisées (non exclusives) (%) - Tamazight,Langues locales utilisées (non exclusives) (%) - Tamazight,socio_economic,Langues locales utilisées (non exclusives) (%) - Tamazight. Thème : socio_economic.,%,,,actif,socio_economic_rgph2024_population_socio_econo_rgph2024_popu,long,valeur,Langues locales utilisées (non exclusives) (%) - Tamazight,territoire_id
380,Langues locales utilisées (non exclusives) (%) - Tarifit,Langues locales utilisées (non exclusives) (%) - Tarifit,socio_economic,Langues locales utilisées (non exclusives) (%) - Tarifit. Thème : socio_economic.,%,,,actif,socio_economic_rgph2024_population_socio_econo_rgph2024_popu,long,valeur,Langues locales utilisées (non exclusives) (%) - Tarifit,territoire_id
381,Population active de 15 ans et plus,Population active de 15 ans et plus,socio_economic,Population active de 15 ans et plus. Thème : socio_economic.,hab,,,actif,socio_economic_rgph2024_population_socio_econo_rgph2024_popu,long,valeur,Population active de 15 ans et plus,territoire_id
382,Population active occupée de 15 ans et plus,Population active occupée de 15 ans et plus,socio_economic,Population active occupée de 15 ans et plus. Thème : socio_economic.,hab,,,actif,socio_economic_rgph2024_population_socio_econo_rgph2024_popu,long,valeur,Population active occupée de 15 ans et plus,territoire_id
383,Population inactive de 15 ans et plus,Population inactive de 15 ans et plus,socio_economic,Population inactive de 15 ans et plus. Thème : socio_economic.,hab,,,actif,socio_economic_rgph2024_population_socio_econo_rgph2024_popu,long,valeur,Population inactive de 15 ans et plus,territoire_id
384,Statut professionnel des actifs occupés de 15 ans et plus (%) - Aide familial,Statut professionnel des actifs occupés de 15 ans et plus (%) - Aide familial,socio_economic,Statut professionnel des actifs occupés de 15 ans et plus (%) - Aide familial. Thème : socio_economic.,%,,,actif,socio_economic_rgph2024_population_socio_econo_rgph2024_popu,long,valeur,Statut professionnel des actifs occupés de 15 ans et plus (%) - Aide familial,territoire_id
385,Statut professionnel des actifs occupés de 15 ans et plus (%) - Apprenti,Statut professionnel des actifs occupés de 15 ans et plus (%) - Apprenti,socio_economic,Statut professionnel des actifs occupés de 15 ans et plus (%) - Apprenti. Thème : socio_economic.,%,,,actif,socio_economic_rgph2024_population_socio_econo_rgph2024_popu,long,valeur,Statut professionnel des actifs occupés de 15 ans et plus (%) - Apprenti,territoire_id
386,Statut professionnel des actifs occupés de 15 ans et plus (%) - Autre,Statut professionnel des actifs occupés de 15 ans et plus (%) - Autre,socio_economic,Statut professionnel des actifs occupés de 15 ans et plus (%) - Autre. Thème : socio_economic.,%,,,actif,socio_economic_rgph2024_population_socio_econo_rgph2024_popu,long,valeur,Statut professionnel des actifs occupés de 15 ans et plus (%) - Autre,territoire_id
387,Statut professionnel des actifs occupés de 15 ans et plus (%) - Coopérateur/Associé,Statut professionnel des actifs occupés de 15 ans et plus (%) - Coopérateur/Associé,socio_economic,Statut professionnel des actifs occupés de 15 ans et plus (%) - Coopérateur/Associé. Thème : socio_economic.,%,,,actif,socio_economic_rgph2024_population_socio_econo_rgph2024_popu,long,valeur,Statut professionnel des actifs occupés de 15 ans et plus (%) - Coopérateur/Associé,territoire_id
388,Statut professionnel des actifs occupés de 15 ans et plus (%) - Employeur,Statut professionnel des actifs occupés de 15 ans et plus (%) - Employeur,socio_economic,Statut professionnel des actifs occupés de 15 ans et plus (%) - Employeur. Thème : socio_economic.,%,,,actif,socio_economic_rgph2024_population_socio_econo_rgph2024_popu,long,valeur,Statut professionnel des actifs occupés de 15 ans et plus (%) - Employeur,territoire_id
389,Statut professionnel des actifs occupés de 15 ans et plus (%) - Indépendant,Statut professionnel des actifs occupés de 15 ans et plus (%) - Indépendant,socio_economic,Statut professionnel des actifs occupés de 15 ans et plus (%) - Indépendant. Thème : socio_economic.,%,,,actif,socio_economic_rgph2024_population_socio_econo_rgph2024_popu,long,valeur,Statut professionnel des actifs occupés de 15 ans et plus (%) - Indépendant,territoire_id
390,Statut professionnel des actifs occupés de 15 ans et plus (%) - Salarié du secteur privé,Statut professionnel des actifs occupés de 15 ans et plus (%) - Salarié du secteur privé,socio_economic,Statut professionnel des actifs occupés de 15 ans et plus (%) - Salarié du secteur privé. Thème : socio_economic.,%,,,actif,socio_economic_rgph2024_population_socio_econo_rgph2024_popu,long,valeur,Statut professionnel des actifs occupés de 15 ans et plus (%) - Salarié du secteur privé,territoire_id
391,Statut professionnel des actifs occupés de 15 ans et plus (%) - Salarié du secteur public,Statut professionnel des actifs occupés de 15 ans et plus (%) - Salarié du secteur public,socio_economic,Statut professionnel des actifs occupés de 15 ans et plus (%) - Salarié du secteur public. Thème : socio_economic.,%,,,actif,socio_economic_rgph2024_population_socio_econo_rgph2024_popu,long,valeur,Statut professionnel des actifs occupés de 15 ans et plus (%) - Salarié du secteur public,territoire_id
392,Taux d'activité des 15 ans et plus (%),Taux d'activité des 15 ans et plus (%),socio_economic,Taux d'activité des 15 ans et plus (%). Thème : socio_economic.,%,,,actif,socio_economic_rgph2024_population_socio_econo_rgph2024_popu,long,valeur,Taux d'activité des 15 ans et plus (%),territoire_id
393,Taux de chômage (%),Taux de chômage (%),socio_economic,Taux de chômage (%). Thème : socio_economic.,%,,,actif,socio_economic_rgph2024_population_socio_econo_rgph2024_popu,long,valeur,Taux de chômage (%),territoire_id
394,Rgph2024 population socio econo rgph2024 popu — Taux de prévalence du handicap (%),Taux de prévalence du handicap (%),socio_economic,Rgph2024 population socio econo rgph2024 popu — Taux de prévalence du handicap (%). Thème : socio_economic.,%,,,actif,socio_economic_rgph2024_population_socio_econo_rgph2024_popu,long,valeur,Taux de prévalence du handicap (%),territoire_id
402,Population urbaine (RGPH 2024),Population urbaine (RGPH 2024),demography,Population urbaine (RGPH 2024). Thème : demography.,hab,HCP — RGPH 2024,2024.0,validé,demo_population_milieu,long,valeur,pop_urbain,territoire_id
403,Population rurale (RGPH 2024),Population rurale (RGPH 2024),demography,Population rurale (RGPH 2024). Thème : demography.,hab,HCP — RGPH 2024,2024.0,validé,demo_population_milieu,long,valeur,pop_rural,territoire_id
404,Taux d'urbanisation,Taux d'urbanisation,demography,Taux d'urbanisation. Thème : demography.,%,HCP — RGPH 2024,2024.0,validé,demo_population_milieu,long,valeur,taux_urbanisation,territoire_id
405,Accès aux soins — distance moyenne au centre de santé (commune rurale),Accès aux soins — distance moyenne au centre de santé (commune rurale),demography,"Accès aux soins — distance moyenne au centre de santé (commune rurale). Dérivé des distances au niveau douar (RGPH), agrégées par commune.",km,HCP — RGPH (distances douar agrégées par commune),2024.0,validé,demo_acces_communal,long,valeur,acces_sante_km,territoire_id
406,Enclavement routier — distance moyenne à la route goudronnée (commune rurale),Enclavement routier — distance moyenne à la route goudronnée (commune rurale),demography,"Enclavement routier — distance moyenne à la route goudronnée (commune rurale). Dérivé des distances au niveau douar (RGPH), agrégées par commune.",km,HCP — RGPH (distances douar agrégées par commune),2024.0,validé,demo_acces_communal,long,valeur,acces_route_goudronnee_km,territoire_id
407,Accès à l'école primaire — distance moyenne (commune rurale),Accès à l'école primaire — distance moyenne (commune rurale),demography,"Accès à l'école primaire — distance moyenne (commune rurale). Dérivé des distances au niveau douar (RGPH), agrégées par commune.",km,HCP — RGPH (distances douar agrégées par commune),2024.0,validé,demo_acces_communal,long,valeur,acces_ecole_primaire_km,territoire_id
408,Accès au collège — distance moyenne (commune rurale),Accès au collège — distance moyenne (commune rurale),demography,"Accès au collège — distance moyenne (commune rurale). Dérivé des distances au niveau douar (RGPH), agrégées par commune.",km,HCP — RGPH (distances douar agrégées par commune),2024.0,validé,demo_acces_communal,long,valeur,acces_college_km,territoire_id
409,Part des douars à plus de 5 km d'un centre de santé,Part des douars à plus de 5 km d'un centre de santé,demography,"Part des douars à plus de 5 km d'un centre de santé. Dérivé des distances au niveau douar (RGPH), agrégées par commune.",%,HCP — RGPH (distances douar agrégées par commune),2024.0,validé,demo_acces_communal,long,valeur,pct_douars_sante_plus5km,territoire_id
410,Habitants par ESSP (ensemble),hab_par_essp_total,health,"Habitants par ESSP (ensemble). Ratio officiel (nombre d'habitants pour 1 unité d'offre). Plus la valeur est élevée, plus l'accès est faible. Thème : health.",hab./unité,"Carte Sanitaire (Ministère de la Santé et de la Protection Sociale) — Tableau de Bord Interactif, export officiel 2024",2024.0,validé,health_offre_province,long,valeur,hab_par_essp_total,territoire_id
411,Habitants par ESSP (milieu urbain),hab_par_essp_urbain,health,"Habitants par ESSP (milieu urbain). Ratio officiel (nombre d'habitants pour 1 unité d'offre). Plus la valeur est élevée, plus l'accès est faible. Thème : health.",hab./unité,"Carte Sanitaire (Ministère de la Santé et de la Protection Sociale) — Tableau de Bord Interactif, export officiel 2024",2024.0,validé,health_offre_province,long,valeur,hab_par_essp_urbain,territoire_id
412,Habitants par ESSP (milieu rural),hab_par_essp_rural,health,"Habitants par ESSP (milieu rural). Ratio officiel (nombre d'habitants pour 1 unité d'offre). Plus la valeur est élevée, plus l'accès est faible. Thème : health.",hab./unité,"Carte Sanitaire (Ministère de la Santé et de la Protection Sociale) — Tableau de Bord Interactif, export officiel 2024",2024.0,validé,health_offre_province,long,valeur,hab_par_essp_rural,territoire_id
413,Habitants par médecin (public + privé),hab_par_medecin_public_prive,health,"Habitants par médecin (public + privé). Ratio officiel (nombre d'habitants pour 1 unité d'offre). Plus la valeur est élevée, plus l'accès est faible. Thème : health.",hab./unité,"Carte Sanitaire (Ministère de la Santé et de la Protection Sociale) — Tableau de Bord Interactif, export officiel 2024",2024.0,validé,health_offre_province,long,valeur,hab_par_medecin_public_prive,territoire_id
414,Habitants par médecin (secteur public),hab_par_medecin_public,health,"Habitants par médecin (secteur public). Ratio officiel (nombre d'habitants pour 1 unité d'offre). Plus la valeur est élevée, plus l'accès est faible. Thème : health.",hab./unité,"Carte Sanitaire (Ministère de la Santé et de la Protection Sociale) — Tableau de Bord Interactif, export officiel 2024",2024.0,validé,health_offre_province,long,valeur,hab_par_medecin_public,territoire_id
415,Habitants par médecin du RESSP (ensemble),hab_par_medecin_ressp_total,health,"Habitants par médecin du RESSP (ensemble). Ratio officiel (nombre d'habitants pour 1 unité d'offre). Plus la valeur est élevée, plus l'accès est faible. Thème : health.",hab./unité,"Carte Sanitaire (Ministère de la Santé et de la Protection Sociale) — Tableau de Bord Interactif, export officiel 2024",2024.0,validé,health_offre_province,long,valeur,hab_par_medecin_ressp_total,territoire_id
416,Habitants par médecin du RESSP (urbain),hab_par_medecin_ressp_urbain,health,"Habitants par médecin du RESSP (urbain). Ratio officiel (nombre d'habitants pour 1 unité d'offre). Plus la valeur est élevée, plus l'accès est faible. Thème : health.",hab./unité,"Carte Sanitaire (Ministère de la Santé et de la Protection Sociale) — Tableau de Bord Interactif, export officiel 2024",2024.0,validé,health_offre_province,long,valeur,hab_par_medecin_ressp_urbain,territoire_id
417,Habitants par médecin du RESSP (rural),hab_par_medecin_ressp_rural,health,"Habitants par médecin du RESSP (rural). Ratio officiel (nombre d'habitants pour 1 unité d'offre). Plus la valeur est élevée, plus l'accès est faible. Thème : health.",hab./unité,"Carte Sanitaire (Ministère de la Santé et de la Protection Sociale) — Tableau de Bord Interactif, export officiel 2024",2024.0,validé,health_offre_province,long,valeur,hab_par_medecin_ressp_rural,territoire_id
418,Habitants par infirmier (secteur public),hab_par_infirmier_public,health,"Habitants par infirmier (secteur public). Ratio officiel (nombre d'habitants pour 1 unité d'offre). Plus la valeur est élevée, plus l'accès est faible. Thème : health.",hab./unité,"Carte Sanitaire (Ministère de la Santé et de la Protection Sociale) — Tableau de Bord Interactif, export officiel 2024",2024.0,validé,health_offre_province,long,valeur,hab_par_infirmier_public,territoire_id
419,Habitants par infirmier du RESSP (ensemble),hab_par_infirmier_ressp_total,health,"Habitants par infirmier du RESSP (ensemble). Ratio officiel (nombre d'habitants pour 1 unité d'offre). Plus la valeur est élevée, plus l'accès est faible. Thème : health.",hab./unité,"Carte Sanitaire (Ministère de la Santé et de la Protection Sociale) — Tableau de Bord Interactif, export officiel 2024",2024.0,validé,health_offre_province,long,valeur,hab_par_infirmier_ressp_total,territoire_id
420,Habitants par infirmier du RESSP (urbain),hab_par_infirmier_ressp_urbain,health,"Habitants par infirmier du RESSP (urbain). Ratio officiel (nombre d'habitants pour 1 unité d'offre). Plus la valeur est élevée, plus l'accès est faible. Thème : health.",hab./unité,"Carte Sanitaire (Ministère de la Santé et de la Protection Sociale) — Tableau de Bord Interactif, export officiel 2024",2024.0,validé,health_offre_province,long,valeur,hab_par_infirmier_ressp_urbain,territoire_id
421,Habitants par infirmier du RESSP (rural),hab_par_infirmier_ressp_rural,health,"Habitants par infirmier du RESSP (rural). Ratio officiel (nombre d'habitants pour 1 unité d'offre). Plus la valeur est élevée, plus l'accès est faible. Thème : health.",hab./unité,"Carte Sanitaire (Ministère de la Santé et de la Protection Sociale) — Tableau de Bord Interactif, export officiel 2024",2024.0,validé,health_offre_province,long,valeur,hab_par_infirmier_ressp_rural,territoire_id
422,Habitants par lit hospitalier (public + privé),hab_par_lit_public_prive,health,"Habitants par lit hospitalier (public + privé). Ratio officiel (nombre d'habitants pour 1 unité d'offre). Plus la valeur est élevée, plus l'accès est faible. Thème : health.",hab./unité,"Carte Sanitaire (Ministère de la Santé et de la Protection Sociale) — Tableau de Bord Interactif, export officiel 2024",2024.0,validé,health_offre_province,long,valeur,hab_par_lit_public_prive,territoire_id
423,Habitants par lit hospitalier (secteur public),hab_par_lit_public,health,"Habitants par lit hospitalier (secteur public). Ratio officiel (nombre d'habitants pour 1 unité d'offre). Plus la valeur est élevée, plus l'accès est faible. Thème : health.",hab./unité,"Carte Sanitaire (Ministère de la Santé et de la Protection Sociale) — Tableau de Bord Interactif, export officiel 2024",2024.0,validé,health_offre_province,long,valeur,hab_par_lit_public,territoire_id
424,Habitants par médecin dentiste (public + privé),hab_par_dentiste_public_prive,health,"Habitants par médecin dentiste (public + privé). Ratio officiel (nombre d'habitants pour 1 unité d'offre). Plus la valeur est élevée, plus l'accès est faible. Thème : health.",hab./unité,"Carte Sanitaire (Ministère de la Santé et de la Protection Sociale) — Tableau de Bord Interactif, export officiel 2024",2024.0,validé,health_offre_province,long,valeur,hab_par_dentiste_public_prive,territoire_id
425,Habitants par médecin dentiste (secteur public),hab_par_dentiste_public,health,"Habitants par médecin dentiste (secteur public). Ratio officiel (nombre d'habitants pour 1 unité d'offre). Plus la valeur est élevée, plus l'accès est faible. Thème : health.",hab./unité,"Carte Sanitaire (Ministère de la Santé et de la Protection Sociale) — Tableau de Bord Interactif, export officiel 2024",2024.0,validé,health_offre_province,long,valeur,hab_par_dentiste_public,territoire_id
426,Habitants par scanner (secteur public),hab_par_scanner_public,health,"Habitants par scanner (secteur public). Ratio officiel (nombre d'habitants pour 1 unité d'offre). Plus la valeur est élevée, plus l'accès est faible. Thème : health.",hab./unité,"Carte Sanitaire (Ministère de la Santé et de la Protection Sociale) — Tableau de Bord Interactif, export officiel 2024",2024.0,validé,health_offre_province,long,valeur,hab_par_scanner_public,territoire_id
427,Habitants par officine de pharmacie (ensemble),hab_par_officine_total,health,"Habitants par officine de pharmacie (ensemble). Ratio officiel (nombre d'habitants pour 1 unité d'offre). Plus la valeur est élevée, plus l'accès est faible. Thème : health.",hab./unité,"Carte Sanitaire (Ministère de la Santé et de la Protection Sociale) — Tableau de Bord Interactif, export officiel 2024",2024.0,validé,health_offre_province,long,valeur,hab_par_officine_total,territoire_id
428,Habitants par officine de pharmacie (milieu urbain),hab_par_officine_urbain,health,"Habitants par officine de pharmacie (milieu urbain). Ratio officiel (nombre d'habitants pour 1 unité d'offre). Plus la valeur est élevée, plus l'accès est faible. Thème : health.",hab./unité,"Carte Sanitaire (Ministère de la Santé et de la Protection Sociale) — Tableau de Bord Interactif, export officiel 2024",2024.0,validé,health_offre_province,long,valeur,hab_par_officine_urbain,territoire_id
429,Habitants par officine de pharmacie (milieu rural),hab_par_officine_rural,health,"Habitants par officine de pharmacie (milieu rural). Ratio officiel (nombre d'habitants pour 1 unité d'offre). Plus la valeur est élevée, plus l'accès est faible. Thème : health.",hab./unité,"Carte Sanitaire (Ministère de la Santé et de la Protection Sociale) — Tableau de Bord Interactif, export officiel 2024",2024.0,validé,health_offre_province,long,valeur,hab_par_officine_rural,territoire_id
430,Privation santé — mortalité infantile (indice de pauvreté multidimensionnelle),priv_mortalite_infantile,health,"Taux de privation des ménages lié à la mortalité infantile, composante officielle de la dimension Santé de l'indice de pauvreté multidimensionnelle (HCP, méthode Alkire-Foster). Thème : health.",%,"HCP — Cartographie de la pauvreté multidimensionnelle (Mai 2025), niveau commune, 2024",2024.0,validé,health_pauvrete_communale,long,valeur,priv_mortalite_infantile,territoire_id
431,Privation santé — handicap (indice de pauvreté multidimensionnelle),priv_handicap,health,"Taux de privation des ménages lié au handicap, composante officielle de la dimension Santé de l'indice de pauvreté multidimensionnelle (HCP, méthode Alkire-Foster). Thème : health.",%,"HCP — Cartographie de la pauvreté multidimensionnelle (Mai 2025), niveau commune, 2024",2024.0,validé,health_pauvrete_communale,long,valeur,priv_handicap,territoire_id
432,Contribution de la santé à la pauvreté multidimensionnelle,contrib_sante,health,Part (%) de la dimension santé (mortalité infantile + handicap) dans l'indice de pauvreté multidimensionnelle (MPI) de la commune. Thème : health.,%,"HCP — Cartographie de la pauvreté multidimensionnelle (Mai 2025), niveau commune, 2024",2024.0,validé,health_pauvrete_communale,long,valeur,contrib_sante,territoire_id
433,Table brute — Équipements biomédicaux lourds et haute technologie (détail établissement),health_equipements_biomedicaux,health,"Un équipement (scanner, mammographe, stérilisateur...) par ligne, par établissement. Colonnes : Province, Etablissement, Catégorie, Equipement, Nombre. Donnée établissement/localité, PAS un indicateur territoire->valeur simple : à interroger directement (filtrer par territoire_id/province/commune/établissement), ne pas moyenner ni sommer automatiquement.",,"Carte Sanitaire (Ministère de la Santé et de la Protection Sociale) — export TBI, fichiers bruts Santé_2025",2024.0,table_reference,health_equipements_biomedicaux,brut_etablissement,Nombre,,territoire_id
434,Table brute — Établissements avec module d'accouchement (détail commune),health_etablissements_accouchement,health,"Liste des établissements de santé disposant d'un module d'accouchement, au niveau commune. Colonnes : Province, Circ. sanitaire, Commune, Nom, Catégorie, Milieu. Donnée établissement/localité, PAS un indicateur territoire->valeur simple : à interroger directement (filtrer par territoire_id/province/commune/établissement), ne pas moyenner ni sommer automatiquement.",,"Carte Sanitaire (Ministère de la Santé et de la Protection Sociale) — export TBI, fichiers bruts Santé_2025",2024.0,table_reference,health_etablissements_accouchement,brut_etablissement,Nombre,,territoire_id
435,Table brute — Établissements avec unité UMP (détail commune),health_etablissements_ump,health,"Liste des établissements avec unité médicale de proximité (UMP), au niveau commune. Colonnes : Province, Circ. sanitaire, Commune, Nom, Catégorie, Milieu. Donnée établissement/localité, PAS un indicateur territoire->valeur simple : à interroger directement (filtrer par territoire_id/province/commune/établissement), ne pas moyenner ni sommer automatiquement.",,"Carte Sanitaire (Ministère de la Santé et de la Protection Sociale) — export TBI, fichiers bruts Santé_2025",2024.0,table_reference,health_etablissements_ump,brut_etablissement,Nombre,,territoire_id
436,Table brute — Établissements de rattachement RAMED (détail commune),health_etablissements_ramed,health,"Établissements de rattachement pour les bénéficiaires RAMED, au niveau commune. Colonnes : Province, Circ. sanitaire, Commune, Nom, Catégorie, Milieu. Donnée établissement/localité, PAS un indicateur territoire->valeur simple : à interroger directement (filtrer par territoire_id/province/commune/établissement), ne pas moyenner ni sommer automatiquement.",,"Carte Sanitaire (Ministère de la Santé et de la Protection Sociale) — export TBI, fichiers bruts Santé_2025",2024.0,table_reference,health_etablissements_ramed,brut_etablissement,Nombre,,territoire_id
437,Table brute — Personnel administratif de santé (détail établissement),health_corps_administratif,health,"Effectifs du corps administratif (administrateurs, adjoints...) par établissement. Colonnes : Province, Etablissement, Specialité, Nombre. Donnée établissement/localité, PAS un indicateur territoire->valeur simple : à interroger directement (filtrer par territoire_id/province/commune/établissement), ne pas moyenner ni sommer automatiquement.",,"Carte Sanitaire (Ministère de la Santé et de la Protection Sociale) — export TBI, fichiers bruts Santé_2025",2024.0,table_reference,health_corps_administratif,brut_etablissement,Nombre,,territoire_id
438,Table brute — Personnel technique de santé (détail établissement),health_corps_technique,health,"Effectifs du corps technique (techniciens, techniciens ambulanciers...) par établissement. Colonnes : Province, Etablissement, Specialité, Nombre. Donnée établissement/localité, PAS un indicateur territoire->valeur simple : à interroger directement (filtrer par territoire_id/province/commune/établissement), ne pas moyenner ni sommer automatiquement.",,"Carte Sanitaire (Ministère de la Santé et de la Protection Sociale) — export TBI, fichiers bruts Santé_2025",2024.0,table_reference,health_corps_technique,brut_etablissement,Nombre,,territoire_id
439,"Table brute — Nombre de cliniques privées par type (détail localité, TTA uniquement)",health_cliniques_nombre,health,"Nombre de cliniques privées par type d'infrastructure (CPBL, CMP...), filtré sur la région TTA (fichier source national). Colonnes : Code, C. sanitaire, Milieu, Province, Type infrastructure, Nombre. Donnée établissement/localité, PAS un indicateur territoire->valeur simple : à interroger directement (filtrer par territoire_id/province/commune/établissement), ne pas moyenner ni sommer automatiquement.",,"Carte Sanitaire (Ministère de la Santé et de la Protection Sociale) — export TBI, fichiers bruts Santé_2025",2024.0,table_reference,health_cliniques_nombre,brut_etablissement,Nombre,,territoire_id
440,"Table brute — Nombre de lits en cliniques privées par type (détail localité, TTA uniquement)",health_cliniques_lits,health,"Nombre de lits en cliniques privées par type d'infrastructure, filtré sur la région TTA. Colonnes : Code, C. sanitaire, Milieu, Province, Type infrastructure, Nombre. Donnée établissement/localité, PAS un indicateur territoire->valeur simple : à interroger directement (filtrer par territoire_id/province/commune/établissement), ne pas moyenner ni sommer automatiquement.",,"Carte Sanitaire (Ministère de la Santé et de la Protection Sociale) — export TBI, fichiers bruts Santé_2025",2024.0,table_reference,health_cliniques_lits,brut_etablissement,Nombre,,territoire_id
441,Table brute — Lits hospitaliers fonctionnels par discipline (détail établissement),health_lits_par_discipline,health,"Nombre de lits par discipline médicale (oncologie, urgences, pédiatrie...) par établissement hospitalier. Colonnes : Province, Nom, Catégorie, Discipline, Nombre. Donnée établissement/localité, PAS un indicateur territoire->valeur simple : à interroger directement (filtrer par territoire_id/province/commune/établissement), ne pas moyenner ni sommer automatiquement.",,"Carte Sanitaire (Ministère de la Santé et de la Protection Sociale) — export TBI, fichiers bruts Santé_2025",2024.0,table_reference,health_lits_par_discipline,brut_etablissement,Nombre,,territoire_id
442,"Table brute — Autres infrastructures sanitaires privées (détail localité, TTA uniquement)",health_infrastructures_privees_autres,health,"Infirmeries, cabinets de consultation, cabinets dentaires, ambulances, centres d'hémodialyse... du secteur privé, filtré TTA. Colonnes : Code, C. sanitaire, Milieu, Province, Type infrastructure, Nombre. Donnée établissement/localité, PAS un indicateur territoire->valeur simple : à interroger directement (filtrer par territoire_id/province/commune/établissement), ne pas moyenner ni sommer automatiquement.",,"Carte Sanitaire (Ministère de la Santé et de la Protection Sociale) — export TBI, fichiers bruts Santé_2025",2024.0,table_reference,health_infrastructures_privees_autres,brut_etablissement,Nombre,,territoire_id
443,"Table brute — Médecins du secteur privé par spécialité (détail localité, TTA uniquement)",health_medecins_prive,health,"Nombre de médecins privés par spécialité médicale (cardiologie, radiologie...), filtré TTA. Colonnes : Province, C. sanitaire, Milieu, Spécialité, Nombre. Donnée établissement/localité, PAS un indicateur territoire->valeur simple : à interroger directement (filtrer par territoire_id/province/commune/établissement), ne pas moyenner ni sommer automatiquement.",,"Carte Sanitaire (Ministère de la Santé et de la Protection Sociale) — export TBI, fichiers bruts Santé_2025",2024.0,table_reference,health_medecins_prive,brut_etablissement,Nombre,,territoire_id
444,Table brute — Médecins du secteur public par spécialité (détail établissement),health_professionnels_medicaux_public,health,"Effectifs de médecins publics par spécialité et par établissement. Colonnes : Province, Etablissement, Specialité, Nombre. Donnée établissement/localité, PAS un indicateur territoire->valeur simple : à interroger directement (filtrer par territoire_id/province/commune/établissement), ne pas moyenner ni sommer automatiquement.",,"Carte Sanitaire (Ministère de la Santé et de la Protection Sociale) — export TBI, fichiers bruts Santé_2025",2024.0,table_reference,health_professionnels_medicaux_public,brut_etablissement,Nombre,,territoire_id
445,Table brute — Personnel paramédical du secteur public (détail établissement),health_professionnels_paramedicaux_public,health,"Effectifs paramédicaux publics (infirmiers, sages-femmes...) par établissement. Colonnes : Province, Etablissement, Specialité, Nombre. Donnée établissement/localité, PAS un indicateur territoire->valeur simple : à interroger directement (filtrer par territoire_id/province/commune/établissement), ne pas moyenner ni sommer automatiquement.",,"Carte Sanitaire (Ministère de la Santé et de la Protection Sociale) — export TBI, fichiers bruts Santé_2025",2024.0,table_reference,health_professionnels_paramedicaux_public,brut_etablissement,Nombre,,territoire_id
446,Table brute — Salles de radiologie par type (détail établissement),health_salles_radiologie,health,"Nombre de salles de radiologie par type, par établissement. Colonnes : Province, Nom, Catégorie, Radiologie, Nombre. Donnée établissement/localité, PAS un indicateur territoire->valeur simple : à interroger directement (filtrer par territoire_id/province/commune/établissement), ne pas moyenner ni sommer automatiquement.",,"Carte Sanitaire (Ministère de la Santé et de la Protection Sociale) — export TBI, fichiers bruts Santé_2025",2024.0,table_reference,health_salles_radiologie,brut_etablissement,Nombre,,territoire_id
447,Table brute — Salles de bloc opératoire par type (détail établissement),health_salles_bloc_operatoire,health,"Nombre de salles de bloc opératoire par type (urgences, maternité, central...), par établissement. Colonnes : Province, Nom, Catégorie, Bloc opératoire, Nombre. Donnée établissement/localité, PAS un indicateur territoire->valeur simple : à interroger directement (filtrer par territoire_id/province/commune/établissement), ne pas moyenner ni sommer automatiquement.",,"Carte Sanitaire (Ministère de la Santé et de la Protection Sociale) — export TBI, fichiers bruts Santé_2025",2024.0,table_reference,health_salles_bloc_operatoire,brut_etablissement,Nombre,,territoire_id
448,Table brute — Moyens de mobilité sanitaire (détail établissement),health_mobilite,health,"Ambulances et véhicules par établissement. Colonnes : Province, Etablissement, Nombre. Donnée établissement/localité, PAS un indicateur territoire->valeur simple : à interroger directement (filtrer par territoire_id/province/commune/établissement), ne pas moyenner ni sommer automatiquement.",,"Carte Sanitaire (Ministère de la Santé et de la Protection Sociale) — export TBI, fichiers bruts Santé_2025",2024.0,table_reference,health_mobilite,brut_etablissement,Nombre,,territoire_id
449,Table brute — Répertoire des établissements de santé par réseau (détail établissement),health_etablissements_reseau,health,"Liste des établissements avec leur réseau de rattachement (RESSP, RH, REMS...). Colonnes : Nom, Catégorie, Réseau, CS, Province. Donnée établissement/localité, PAS un indicateur territoire->valeur simple : à interroger directement (filtrer par territoire_id/province/commune/établissement), ne pas moyenner ni sommer automatiquement.",,"Carte Sanitaire (Ministère de la Santé et de la Protection Sociale) — export TBI, fichiers bruts Santé_2025",2024.0,table_reference,health_etablissements_reseau,brut_etablissement,Nombre,,territoire_id
450,Population municipale - Pop_municipale,Population municipale - Pop_municipale,socio_economic,"Population municipale - Pop_municipale. Milieu Ensemble (urbain+rural), RGPH 2024. Remplace l'ancienne table 'habitat_conditions_combine' qui contenait en réalité des données milieu URBAIN uniquement (source mal étiquetée 'rgph2024_logement_urbain'), utilisées à tort comme valeur région/province globale. Thème : socio_economic.",,"HCP — Indicateurs démographiques et socioéconomiques RGPH 2024, feuille Ménages, milieu Ensemble",2024.0,validé,socio_economic_conditions_habitat_ensemble,long,valeur,Population municipale - Pop_municipale,territoire_id
451,Ménages - Ménages population,Ménages - Ménages population,socio_economic,"Ménages - Ménages population. Milieu Ensemble (urbain+rural), RGPH 2024. Remplace l'ancienne table 'habitat_conditions_combine' qui contenait en réalité des données milieu URBAIN uniquement (source mal étiquetée 'rgph2024_logement_urbain'), utilisées à tort comme valeur région/province globale. Thème : socio_economic.",,"HCP — Indicateurs démographiques et socioéconomiques RGPH 2024, feuille Ménages, milieu Ensemble",2024.0,validé,socio_economic_conditions_habitat_ensemble,long,valeur,Ménages - Ménages population,territoire_id
452,Taille moyenne des ménages - Taille moyenne,Taille moyenne des ménages - Taille moyenne,socio_economic,"Taille moyenne des ménages - Taille moyenne. Milieu Ensemble (urbain+rural), RGPH 2024. Remplace l'ancienne table 'habitat_conditions_combine' qui contenait en réalité des données milieu URBAIN uniquement (source mal étiquetée 'rgph2024_logement_urbain'), utilisées à tort comme valeur région/province globale. Thème : socio_economic.",,"HCP — Indicateurs démographiques et socioéconomiques RGPH 2024, feuille Ménages, milieu Ensemble",2024.0,validé,socio_economic_conditions_habitat_ensemble,long,valeur,Taille moyenne des ménages - Taille moyenne,territoire_id
453,Ménages sédentaires,Ménages sédentaires,socio_economic,"Ménages sédentaires. Milieu Ensemble (urbain+rural), RGPH 2024. Remplace l'ancienne table 'habitat_conditions_combine' qui contenait en réalité des données milieu URBAIN uniquement (source mal étiquetée 'rgph2024_logement_urbain'), utilisées à tort comme valeur région/province globale. Thème : socio_economic.",,"HCP — Indicateurs démographiques et socioéconomiques RGPH 2024, feuille Ménages, milieu Ensemble",2024.0,validé,socio_economic_conditions_habitat_ensemble,long,valeur,Ménages sédentaires,territoire_id
454,Type de logement (%) - Villa / Étage de villa,Type de logement (%) - Villa / Étage de villa,socio_economic,"Type de logement (%) - Villa / Étage de villa. Milieu Ensemble (urbain+rural), RGPH 2024. Remplace l'ancienne table 'habitat_conditions_combine' qui contenait en réalité des données milieu URBAIN uniquement (source mal étiquetée 'rgph2024_logement_urbain'), utilisées à tort comme valeur région/province globale. Thème : socio_economic.",%,"HCP — Indicateurs démographiques et socioéconomiques RGPH 2024, feuille Ménages, milieu Ensemble",2024.0,validé,socio_economic_conditions_habitat_ensemble,long,valeur,Type de logement (%) - Villa / Étage de villa,territoire_id
455,Type de logement (%) - Appartement,Type de logement (%) - Appartement,socio_economic,"Type de logement (%) - Appartement. Milieu Ensemble (urbain+rural), RGPH 2024. Remplace l'ancienne table 'habitat_conditions_combine' qui contenait en réalité des données milieu URBAIN uniquement (source mal étiquetée 'rgph2024_logement_urbain'), utilisées à tort comme valeur région/province globale. Thème : socio_economic.",%,"HCP — Indicateurs démographiques et socioéconomiques RGPH 2024, feuille Ménages, milieu Ensemble",2024.0,validé,socio_economic_conditions_habitat_ensemble,long,valeur,Type de logement (%) - Appartement,territoire_id
456,Type de logement (%) - Maison marocaine,Type de logement (%) - Maison marocaine,socio_economic,"Type de logement (%) - Maison marocaine. Milieu Ensemble (urbain+rural), RGPH 2024. Remplace l'ancienne table 'habitat_conditions_combine' qui contenait en réalité des données milieu URBAIN uniquement (source mal étiquetée 'rgph2024_logement_urbain'), utilisées à tort comme valeur région/province globale. Thème : socio_economic.",%,"HCP — Indicateurs démographiques et socioéconomiques RGPH 2024, feuille Ménages, milieu Ensemble",2024.0,validé,socio_economic_conditions_habitat_ensemble,long,valeur,Type de logement (%) - Maison marocaine,territoire_id
457,Type de logement (%) - Maison sommaire / Bidonville,Type de logement (%) - Maison sommaire / Bidonville,socio_economic,"Type de logement (%) - Maison sommaire / Bidonville. Milieu Ensemble (urbain+rural), RGPH 2024. Remplace l'ancienne table 'habitat_conditions_combine' qui contenait en réalité des données milieu URBAIN uniquement (source mal étiquetée 'rgph2024_logement_urbain'), utilisées à tort comme valeur région/province globale. Thème : socio_economic.",%,"HCP — Indicateurs démographiques et socioéconomiques RGPH 2024, feuille Ménages, milieu Ensemble",2024.0,validé,socio_economic_conditions_habitat_ensemble,long,valeur,Type de logement (%) - Maison sommaire / Bidonville,territoire_id
458,Type de logement (%) - Logement rural,Type de logement (%) - Logement rural,socio_economic,"Type de logement (%) - Logement rural. Milieu Ensemble (urbain+rural), RGPH 2024. Remplace l'ancienne table 'habitat_conditions_combine' qui contenait en réalité des données milieu URBAIN uniquement (source mal étiquetée 'rgph2024_logement_urbain'), utilisées à tort comme valeur région/province globale. Thème : socio_economic.",%,"HCP — Indicateurs démographiques et socioéconomiques RGPH 2024, feuille Ménages, milieu Ensemble",2024.0,validé,socio_economic_conditions_habitat_ensemble,long,valeur,Type de logement (%) - Logement rural,territoire_id
459,Type de logement (%) - Autre,Type de logement (%) - Autre,socio_economic,"Type de logement (%) - Autre. Milieu Ensemble (urbain+rural), RGPH 2024. Remplace l'ancienne table 'habitat_conditions_combine' qui contenait en réalité des données milieu URBAIN uniquement (source mal étiquetée 'rgph2024_logement_urbain'), utilisées à tort comme valeur région/province globale. Thème : socio_economic.",%,"HCP — Indicateurs démographiques et socioéconomiques RGPH 2024, feuille Ménages, milieu Ensemble",2024.0,validé,socio_economic_conditions_habitat_ensemble,long,valeur,Type de logement (%) - Autre,territoire_id
460,Nombre moyen de personnes par pièce d'habitation,Nombre moyen de personnes par pièce d'habitation,socio_economic,"Nombre moyen de personnes par pièce d'habitation. Milieu Ensemble (urbain+rural), RGPH 2024. Remplace l'ancienne table 'habitat_conditions_combine' qui contenait en réalité des données milieu URBAIN uniquement (source mal étiquetée 'rgph2024_logement_urbain'), utilisées à tort comme valeur région/province globale. Thème : socio_economic.",,"HCP — Indicateurs démographiques et socioéconomiques RGPH 2024, feuille Ménages, milieu Ensemble",2024.0,validé,socio_economic_conditions_habitat_ensemble,long,valeur,Nombre moyen de personnes par pièce d'habitation,territoire_id
461,Statut d'occupation du logement (%) - Propriétaire,Statut d'occupation du logement (%) - Propriétaire,socio_economic,"Statut d'occupation du logement (%) - Propriétaire. Milieu Ensemble (urbain+rural), RGPH 2024. Remplace l'ancienne table 'habitat_conditions_combine' qui contenait en réalité des données milieu URBAIN uniquement (source mal étiquetée 'rgph2024_logement_urbain'), utilisées à tort comme valeur région/province globale. Thème : socio_economic.",%,"HCP — Indicateurs démographiques et socioéconomiques RGPH 2024, feuille Ménages, milieu Ensemble",2024.0,validé,socio_economic_conditions_habitat_ensemble,long,valeur,Statut d'occupation du logement (%) - Propriétaire,territoire_id
462,Statut d'occupation du logement (%) - Locataire,Statut d'occupation du logement (%) - Locataire,socio_economic,"Statut d'occupation du logement (%) - Locataire. Milieu Ensemble (urbain+rural), RGPH 2024. Remplace l'ancienne table 'habitat_conditions_combine' qui contenait en réalité des données milieu URBAIN uniquement (source mal étiquetée 'rgph2024_logement_urbain'), utilisées à tort comme valeur région/province globale. Thème : socio_economic.",%,"HCP — Indicateurs démographiques et socioéconomiques RGPH 2024, feuille Ménages, milieu Ensemble",2024.0,validé,socio_economic_conditions_habitat_ensemble,long,valeur,Statut d'occupation du logement (%) - Locataire,territoire_id
463,Statut d'occupation du logement (%) - Autre,Statut d'occupation du logement (%) - Autre,socio_economic,"Statut d'occupation du logement (%) - Autre. Milieu Ensemble (urbain+rural), RGPH 2024. Remplace l'ancienne table 'habitat_conditions_combine' qui contenait en réalité des données milieu URBAIN uniquement (source mal étiquetée 'rgph2024_logement_urbain'), utilisées à tort comme valeur région/province globale. Thème : socio_economic.",%,"HCP — Indicateurs démographiques et socioéconomiques RGPH 2024, feuille Ménages, milieu Ensemble",2024.0,validé,socio_economic_conditions_habitat_ensemble,long,valeur,Statut d'occupation du logement (%) - Autre,territoire_id
464,Âge du logement (%) - Moins de 10 ans,Âge du logement (%) - Moins de 10 ans,socio_economic,"Âge du logement (%) - Moins de 10 ans. Milieu Ensemble (urbain+rural), RGPH 2024. Remplace l'ancienne table 'habitat_conditions_combine' qui contenait en réalité des données milieu URBAIN uniquement (source mal étiquetée 'rgph2024_logement_urbain'), utilisées à tort comme valeur région/province globale. Thème : socio_economic.",%,"HCP — Indicateurs démographiques et socioéconomiques RGPH 2024, feuille Ménages, milieu Ensemble",2024.0,validé,socio_economic_conditions_habitat_ensemble,long,valeur,Âge du logement (%) - Moins de 10 ans,territoire_id
465,Âge du logement (%) - 10-19 ans,Âge du logement (%) - 10-19 ans,socio_economic,"Âge du logement (%) - 10-19 ans. Milieu Ensemble (urbain+rural), RGPH 2024. Remplace l'ancienne table 'habitat_conditions_combine' qui contenait en réalité des données milieu URBAIN uniquement (source mal étiquetée 'rgph2024_logement_urbain'), utilisées à tort comme valeur région/province globale. Thème : socio_economic.",%,"HCP — Indicateurs démographiques et socioéconomiques RGPH 2024, feuille Ménages, milieu Ensemble",2024.0,validé,socio_economic_conditions_habitat_ensemble,long,valeur,Âge du logement (%) - 10-19 ans,territoire_id
466,Âge du logement (%) - 20-49 ans,Âge du logement (%) - 20-49 ans,socio_economic,"Âge du logement (%) - 20-49 ans. Milieu Ensemble (urbain+rural), RGPH 2024. Remplace l'ancienne table 'habitat_conditions_combine' qui contenait en réalité des données milieu URBAIN uniquement (source mal étiquetée 'rgph2024_logement_urbain'), utilisées à tort comme valeur région/province globale. Thème : socio_economic.",%,"HCP — Indicateurs démographiques et socioéconomiques RGPH 2024, feuille Ménages, milieu Ensemble",2024.0,validé,socio_economic_conditions_habitat_ensemble,long,valeur,Âge du logement (%) - 20-49 ans,territoire_id
467,Âge du logement (%) - 50 ans ou plus,Âge du logement (%) - 50 ans ou plus,socio_economic,"Âge du logement (%) - 50 ans ou plus. Milieu Ensemble (urbain+rural), RGPH 2024. Remplace l'ancienne table 'habitat_conditions_combine' qui contenait en réalité des données milieu URBAIN uniquement (source mal étiquetée 'rgph2024_logement_urbain'), utilisées à tort comme valeur région/province globale. Thème : socio_economic.",%,"HCP — Indicateurs démographiques et socioéconomiques RGPH 2024, feuille Ménages, milieu Ensemble",2024.0,validé,socio_economic_conditions_habitat_ensemble,long,valeur,Âge du logement (%) - 50 ans ou plus,territoire_id
468,Disponibilité des éléments essentiels de confort (%) - Cuisine,Disponibilité des éléments essentiels de confort (%) - Cuisine,socio_economic,"Disponibilité des éléments essentiels de confort (%) - Cuisine. Milieu Ensemble (urbain+rural), RGPH 2024. Remplace l'ancienne table 'habitat_conditions_combine' qui contenait en réalité des données milieu URBAIN uniquement (source mal étiquetée 'rgph2024_logement_urbain'), utilisées à tort comme valeur région/province globale. Thème : socio_economic.",%,"HCP — Indicateurs démographiques et socioéconomiques RGPH 2024, feuille Ménages, milieu Ensemble",2024.0,validé,socio_economic_conditions_habitat_ensemble,long,valeur,Disponibilité des éléments essentiels de confort (%) - Cuisine,territoire_id
469,Disponibilité des éléments essentiels de confort (%) - W.-C.,Disponibilité des éléments essentiels de confort (%) - W.-C.,socio_economic,"Disponibilité des éléments essentiels de confort (%) - W.-C.. Milieu Ensemble (urbain+rural), RGPH 2024. Remplace l'ancienne table 'habitat_conditions_combine' qui contenait en réalité des données milieu URBAIN uniquement (source mal étiquetée 'rgph2024_logement_urbain'), utilisées à tort comme valeur région/province globale. Thème : socio_economic.",%,"HCP — Indicateurs démographiques et socioéconomiques RGPH 2024, feuille Ménages, milieu Ensemble",2024.0,validé,socio_economic_conditions_habitat_ensemble,long,valeur,Disponibilité des éléments essentiels de confort (%) - W.-C.,territoire_id
470,Disponibilité des éléments essentiels de confort (%) - Pièce d'eau,Disponibilité des éléments essentiels de confort (%) - Pièce d'eau,socio_economic,"Disponibilité des éléments essentiels de confort (%) - Pièce d'eau. Milieu Ensemble (urbain+rural), RGPH 2024. Remplace l'ancienne table 'habitat_conditions_combine' qui contenait en réalité des données milieu URBAIN uniquement (source mal étiquetée 'rgph2024_logement_urbain'), utilisées à tort comme valeur région/province globale. Thème : socio_economic.",%,"HCP — Indicateurs démographiques et socioéconomiques RGPH 2024, feuille Ménages, milieu Ensemble",2024.0,validé,socio_economic_conditions_habitat_ensemble,long,valeur,Disponibilité des éléments essentiels de confort (%) - Pièce d'eau,territoire_id
471,Disponibilité des éléments essentiels de confort (%) - Électricité,Disponibilité des éléments essentiels de confort (%) - Électricité,socio_economic,"Disponibilité des éléments essentiels de confort (%) - Électricité. Milieu Ensemble (urbain+rural), RGPH 2024. Remplace l'ancienne table 'habitat_conditions_combine' qui contenait en réalité des données milieu URBAIN uniquement (source mal étiquetée 'rgph2024_logement_urbain'), utilisées à tort comme valeur région/province globale. Thème : socio_economic.",%,"HCP — Indicateurs démographiques et socioéconomiques RGPH 2024, feuille Ménages, milieu Ensemble",2024.0,validé,socio_economic_conditions_habitat_ensemble,long,valeur,Disponibilité des éléments essentiels de confort (%) - Électricité,territoire_id
472,Disponibilité des éléments essentiels de confort (%) - Eau courante,Disponibilité des éléments essentiels de confort (%) - Eau courante,socio_economic,"Disponibilité des éléments essentiels de confort (%) - Eau courante. Milieu Ensemble (urbain+rural), RGPH 2024. Remplace l'ancienne table 'habitat_conditions_combine' qui contenait en réalité des données milieu URBAIN uniquement (source mal étiquetée 'rgph2024_logement_urbain'), utilisées à tort comme valeur région/province globale. Thème : socio_economic.",%,"HCP — Indicateurs démographiques et socioéconomiques RGPH 2024, feuille Ménages, milieu Ensemble",2024.0,validé,socio_economic_conditions_habitat_ensemble,long,valeur,Disponibilité des éléments essentiels de confort (%) - Eau courante,territoire_id
473,Mode d’évacuation des eaux usées (%) - Réseau public d'assainissement,Mode d’évacuation des eaux usées (%) - Réseau public d'assainissement,socio_economic,"Mode d’évacuation des eaux usées (%) - Réseau public d'assainissement. Milieu Ensemble (urbain+rural), RGPH 2024. Remplace l'ancienne table 'habitat_conditions_combine' qui contenait en réalité des données milieu URBAIN uniquement (source mal étiquetée 'rgph2024_logement_urbain'), utilisées à tort comme valeur région/province globale. Thème : socio_economic.",%,"HCP — Indicateurs démographiques et socioéconomiques RGPH 2024, feuille Ménages, milieu Ensemble",2024.0,validé,socio_economic_conditions_habitat_ensemble,long,valeur,Mode d’évacuation des eaux usées (%) - Réseau public d'assainissement,territoire_id
474,Mode d’évacuation des eaux usées (%) - Fosse septique,Mode d’évacuation des eaux usées (%) - Fosse septique,socio_economic,"Mode d’évacuation des eaux usées (%) - Fosse septique. Milieu Ensemble (urbain+rural), RGPH 2024. Remplace l'ancienne table 'habitat_conditions_combine' qui contenait en réalité des données milieu URBAIN uniquement (source mal étiquetée 'rgph2024_logement_urbain'), utilisées à tort comme valeur région/province globale. Thème : socio_economic.",%,"HCP — Indicateurs démographiques et socioéconomiques RGPH 2024, feuille Ménages, milieu Ensemble",2024.0,validé,socio_economic_conditions_habitat_ensemble,long,valeur,Mode d’évacuation des eaux usées (%) - Fosse septique,territoire_id
475,Mode d’évacuation des eaux usées (%) - Autre,Mode d’évacuation des eaux usées (%) - Autre,socio_economic,"Mode d’évacuation des eaux usées (%) - Autre. Milieu Ensemble (urbain+rural), RGPH 2024. Remplace l'ancienne table 'habitat_conditions_combine' qui contenait en réalité des données milieu URBAIN uniquement (source mal étiquetée 'rgph2024_logement_urbain'), utilisées à tort comme valeur région/province globale. Thème : socio_economic.",%,"HCP — Indicateurs démographiques et socioéconomiques RGPH 2024, feuille Ménages, milieu Ensemble",2024.0,validé,socio_economic_conditions_habitat_ensemble,long,valeur,Mode d’évacuation des eaux usées (%) - Autre,territoire_id
476,Mode d’évacuation des déchets ménagers (%) - Bac à ordures de la commune,Mode d’évacuation des déchets ménagers (%) - Bac à ordures de la commune,socio_economic,"Mode d’évacuation des déchets ménagers (%) - Bac à ordures de la commune. Milieu Ensemble (urbain+rural), RGPH 2024. Remplace l'ancienne table 'habitat_conditions_combine' qui contenait en réalité des données milieu URBAIN uniquement (source mal étiquetée 'rgph2024_logement_urbain'), utilisées à tort comme valeur région/province globale. Thème : socio_economic.",%,"HCP — Indicateurs démographiques et socioéconomiques RGPH 2024, feuille Ménages, milieu Ensemble",2024.0,validé,socio_economic_conditions_habitat_ensemble,long,valeur,Mode d’évacuation des déchets ménagers (%) - Bac à ordures de la commune,territoire_id
477,Mode d’évacuation des déchets ménagers (%) - Camion de la commune / Camion privé,Mode d’évacuation des déchets ménagers (%) - Camion de la commune / Camion privé,socio_economic,"Mode d’évacuation des déchets ménagers (%) - Camion de la commune / Camion privé. Milieu Ensemble (urbain+rural), RGPH 2024. Remplace l'ancienne table 'habitat_conditions_combine' qui contenait en réalité des données milieu URBAIN uniquement (source mal étiquetée 'rgph2024_logement_urbain'), utilisées à tort comme valeur région/province globale. Thème : socio_economic.",%,"HCP — Indicateurs démographiques et socioéconomiques RGPH 2024, feuille Ménages, milieu Ensemble",2024.0,validé,socio_economic_conditions_habitat_ensemble,long,valeur,Mode d’évacuation des déchets ménagers (%) - Camion de la commune / Camion privé,territoire_id
478,Mode d’évacuation des déchets ménagers (%) - Dans la nature,Mode d’évacuation des déchets ménagers (%) - Dans la nature,socio_economic,"Mode d’évacuation des déchets ménagers (%) - Dans la nature. Milieu Ensemble (urbain+rural), RGPH 2024. Remplace l'ancienne table 'habitat_conditions_combine' qui contenait en réalité des données milieu URBAIN uniquement (source mal étiquetée 'rgph2024_logement_urbain'), utilisées à tort comme valeur région/province globale. Thème : socio_economic.",%,"HCP — Indicateurs démographiques et socioéconomiques RGPH 2024, feuille Ménages, milieu Ensemble",2024.0,validé,socio_economic_conditions_habitat_ensemble,long,valeur,Mode d’évacuation des déchets ménagers (%) - Dans la nature,territoire_id
479,Mode d’évacuation des déchets ménagers (%) - Autre,Mode d’évacuation des déchets ménagers (%) - Autre,socio_economic,"Mode d’évacuation des déchets ménagers (%) - Autre. Milieu Ensemble (urbain+rural), RGPH 2024. Remplace l'ancienne table 'habitat_conditions_combine' qui contenait en réalité des données milieu URBAIN uniquement (source mal étiquetée 'rgph2024_logement_urbain'), utilisées à tort comme valeur région/province globale. Thème : socio_economic.",%,"HCP — Indicateurs démographiques et socioéconomiques RGPH 2024, feuille Ménages, milieu Ensemble",2024.0,validé,socio_economic_conditions_habitat_ensemble,long,valeur,Mode d’évacuation des déchets ménagers (%) - Autre,territoire_id
480,Combustible de cuisson utilisé (%) - Gaz,Combustible de cuisson utilisé (%) - Gaz,socio_economic,"Combustible de cuisson utilisé (%) - Gaz. Milieu Ensemble (urbain+rural), RGPH 2024. Remplace l'ancienne table 'habitat_conditions_combine' qui contenait en réalité des données milieu URBAIN uniquement (source mal étiquetée 'rgph2024_logement_urbain'), utilisées à tort comme valeur région/province globale. Thème : socio_economic.",%,"HCP — Indicateurs démographiques et socioéconomiques RGPH 2024, feuille Ménages, milieu Ensemble",2024.0,validé,socio_economic_conditions_habitat_ensemble,long,valeur,Combustible de cuisson utilisé (%) - Gaz,territoire_id
481,Combustible de cuisson utilisé (%) - Électricité,Combustible de cuisson utilisé (%) - Électricité,socio_economic,"Combustible de cuisson utilisé (%) - Électricité. Milieu Ensemble (urbain+rural), RGPH 2024. Remplace l'ancienne table 'habitat_conditions_combine' qui contenait en réalité des données milieu URBAIN uniquement (source mal étiquetée 'rgph2024_logement_urbain'), utilisées à tort comme valeur région/province globale. Thème : socio_economic.",%,"HCP — Indicateurs démographiques et socioéconomiques RGPH 2024, feuille Ménages, milieu Ensemble",2024.0,validé,socio_economic_conditions_habitat_ensemble,long,valeur,Combustible de cuisson utilisé (%) - Électricité,territoire_id
482,Combustible de cuisson utilisé (%) - Charbon,Combustible de cuisson utilisé (%) - Charbon,socio_economic,"Combustible de cuisson utilisé (%) - Charbon. Milieu Ensemble (urbain+rural), RGPH 2024. Remplace l'ancienne table 'habitat_conditions_combine' qui contenait en réalité des données milieu URBAIN uniquement (source mal étiquetée 'rgph2024_logement_urbain'), utilisées à tort comme valeur région/province globale. Thème : socio_economic.",%,"HCP — Indicateurs démographiques et socioéconomiques RGPH 2024, feuille Ménages, milieu Ensemble",2024.0,validé,socio_economic_conditions_habitat_ensemble,long,valeur,Combustible de cuisson utilisé (%) - Charbon,territoire_id
483,Combustible de cuisson utilisé (%) - Bois énergie,Combustible de cuisson utilisé (%) - Bois énergie,socio_economic,"Combustible de cuisson utilisé (%) - Bois énergie. Milieu Ensemble (urbain+rural), RGPH 2024. Remplace l'ancienne table 'habitat_conditions_combine' qui contenait en réalité des données milieu URBAIN uniquement (source mal étiquetée 'rgph2024_logement_urbain'), utilisées à tort comme valeur région/province globale. Thème : socio_economic.",%,"HCP — Indicateurs démographiques et socioéconomiques RGPH 2024, feuille Ménages, milieu Ensemble",2024.0,validé,socio_economic_conditions_habitat_ensemble,long,valeur,Combustible de cuisson utilisé (%) - Bois énergie,territoire_id
484,Combustible de cuisson utilisé (%) - Autre,Combustible de cuisson utilisé (%) - Autre,socio_economic,"Combustible de cuisson utilisé (%) - Autre. Milieu Ensemble (urbain+rural), RGPH 2024. Remplace l'ancienne table 'habitat_conditions_combine' qui contenait en réalité des données milieu URBAIN uniquement (source mal étiquetée 'rgph2024_logement_urbain'), utilisées à tort comme valeur région/province globale. Thème : socio_economic.",%,"HCP — Indicateurs démographiques et socioéconomiques RGPH 2024, feuille Ménages, milieu Ensemble",2024.0,validé,socio_economic_conditions_habitat_ensemble,long,valeur,Combustible de cuisson utilisé (%) - Autre,territoire_id
485,Distance moyenne des logements à la route goudronnée (Km),Distance moyenne des logements à la route goudronnée (Km),socio_economic,"Distance moyenne des logements à la route goudronnée (Km). Milieu Ensemble (urbain+rural), RGPH 2024. Remplace l'ancienne table 'habitat_conditions_combine' qui contenait en réalité des données milieu URBAIN uniquement (source mal étiquetée 'rgph2024_logement_urbain'), utilisées à tort comme valeur région/province globale. Thème : socio_economic.",,"HCP — Indicateurs démographiques et socioéconomiques RGPH 2024, feuille Ménages, milieu Ensemble",2024.0,validé,socio_economic_conditions_habitat_ensemble,long,valeur,Distance moyenne des logements à la route goudronnée (Km),territoire_id
486,Privation éducation — scolarisation (indice de pauvreté multidimensionnelle),priv_scolarisation,education,"Privation éducation — scolarisation (indice de pauvreté multidimensionnelle). Niveau commune, 2024. Thème : education.",%,"HCP — Cartographie de la pauvreté multidimensionnelle (Mai 2025), niveau commune, 2024",2024.0,validé,education_pauvrete_communale,long,valeur,priv_scolarisation,territoire_id
487,Privation éducation — années de scolarité (indice de pauvreté multidimensionnelle),priv_annees_scolarite,education,"Privation éducation — années de scolarité (indice de pauvreté multidimensionnelle). Niveau commune, 2024. Thème : education.",%,"HCP — Cartographie de la pauvreté multidimensionnelle (Mai 2025), niveau commune, 2024",2024.0,validé,education_pauvrete_communale,long,valeur,priv_annees_scolarite,territoire_id
488,Contribution de l'éducation à la pauvreté multidimensionnelle,contrib_education,education,"Contribution de l'éducation à la pauvreté multidimensionnelle. Niveau commune, 2024. Thème : education.",%,"HCP — Cartographie de la pauvreté multidimensionnelle (Mai 2025), niveau commune, 2024",2024.0,validé,education_pauvrete_communale,long,valeur,contrib_education,territoire_id
489,Privation conditions de vie — électricité (indice de pauvreté multidimensionnelle),priv_electricite,socio_economic,"Privation conditions de vie — électricité (indice de pauvreté multidimensionnelle). Niveau commune, 2024. Thème : socio_economic.",%,"HCP — Cartographie de la pauvreté multidimensionnelle (Mai 2025), niveau commune, 2024",2024.0,validé,socio_economic_pauvrete_communale_conditions_vie,long,valeur,priv_electricite,territoire_id
490,Privation conditions de vie — eau (indice de pauvreté multidimensionnelle),priv_eau,socio_economic,"Privation conditions de vie — eau (indice de pauvreté multidimensionnelle). Niveau commune, 2024. Thème : socio_economic.",%,"HCP — Cartographie de la pauvreté multidimensionnelle (Mai 2025), niveau commune, 2024",2024.0,validé,socio_economic_pauvrete_communale_conditions_vie,long,valeur,priv_eau,territoire_id
491,Privation conditions de vie — assainissement (indice de pauvreté multidimensionnelle),priv_assainissement,socio_economic,"Privation conditions de vie — assainissement (indice de pauvreté multidimensionnelle). Niveau commune, 2024. Thème : socio_economic.",%,"HCP — Cartographie de la pauvreté multidimensionnelle (Mai 2025), niveau commune, 2024",2024.0,validé,socio_economic_pauvrete_communale_conditions_vie,long,valeur,priv_assainissement,territoire_id
492,Privation conditions de vie — logement (indice de pauvreté multidimensionnelle),priv_logement,socio_economic,"Privation conditions de vie — logement (indice de pauvreté multidimensionnelle). Niveau commune, 2024. Thème : socio_economic.",%,"HCP — Cartographie de la pauvreté multidimensionnelle (Mai 2025), niveau commune, 2024",2024.0,validé,socio_economic_pauvrete_communale_conditions_vie,long,valeur,priv_logement,territoire_id
493,Privation conditions de vie — combustible de cuisson (indice de pauvreté multidimensionnelle),priv_cuisson,socio_economic,"Privation conditions de vie — combustible de cuisson (indice de pauvreté multidimensionnelle). Niveau commune, 2024. Thème : socio_economic.",%,"HCP — Cartographie de la pauvreté multidimensionnelle (Mai 2025), niveau commune, 2024",2024.0,validé,socio_economic_pauvrete_communale_conditions_vie,long,valeur,priv_cuisson,territoire_id
494,Privation conditions de vie — communication (indice de pauvreté multidimensionnelle),priv_communication,socio_economic,"Privation conditions de vie — communication (indice de pauvreté multidimensionnelle). Niveau commune, 2024. Thème : socio_economic.",%,"HCP — Cartographie de la pauvreté multidimensionnelle (Mai 2025), niveau commune, 2024",2024.0,validé,socio_economic_pauvrete_communale_conditions_vie,long,valeur,priv_communication,territoire_id
495,Contribution des conditions de vie à la pauvreté multidimensionnelle,contrib_conditions_vie,socio_economic,"Contribution des conditions de vie à la pauvreté multidimensionnelle. Niveau commune, 2024. Thème : socio_economic.",%,"HCP — Cartographie de la pauvreté multidimensionnelle (Mai 2025), niveau commune, 2024",2024.0,validé,socio_economic_pauvrete_communale_conditions_vie,long,valeur,contrib_conditions_vie,territoire_id
496,Indice de pauvreté multidimensionnelle (MPI),MPI,socio_economic,"Indice de pauvreté multidimensionnelle (MPI). Niveau commune, 2024. Thème : socio_economic.",,"HCP — Cartographie de la pauvreté multidimensionnelle (Mai 2025), niveau commune, 2024",2024.0,validé,socio_economic_pauvrete_communale_indice_global,long,valeur,MPI,territoire_id
497,Taux de pauvreté multidimensionnelle (incidence H),taux_pauvrete_H,socio_economic,"Taux de pauvreté multidimensionnelle (incidence H). Niveau commune, 2024. Thème : socio_economic.",%,"HCP — Cartographie de la pauvreté multidimensionnelle (Mai 2025), niveau commune, 2024",2024.0,validé,socio_economic_pauvrete_communale_indice_global,long,valeur,taux_pauvrete_H,territoire_id
498,Intensité de la pauvreté multidimensionnelle (A),intensite_A,socio_economic,"Intensité de la pauvreté multidimensionnelle (A). Niveau commune, 2024. Thème : socio_economic.",,"HCP — Cartographie de la pauvreté multidimensionnelle (Mai 2025), niveau commune, 2024",2024.0,validé,socio_economic_pauvrete_communale_indice_global,long,valeur,intensite_A,territoire_id
499,Taux de vulnérabilité à la pauvreté multidimensionnelle,vulnerabilite,socio_economic,"Taux de vulnérabilité à la pauvreté multidimensionnelle. Niveau commune, 2024. Thème : socio_economic.",%,"HCP — Cartographie de la pauvreté multidimensionnelle (Mai 2025), niveau commune, 2024",2024.0,validé,socio_economic_pauvrete_communale_indice_global,long,valeur,vulnerabilite,territoire_id
