territoire_id,niveau,nom,parent_id,code_hcp,code_hcp_douar,nom_normalise,slug_legacy
1,region,Tanger-Tétouan-Al Hoceïma,,1.0,,tanger tetouan al hoceima,
2,prefecture_province,Tanger-Assilah,1.0,1511.0,,tanger assilah,
3,prefecture_province,M'diq-Fnideq,1.0,1573.0,,m'diq fnideq,
4,prefecture_province,Tétouan,1.0,1571.0,,tetouan,
5,prefecture_province,Fahs-Anjra,1.0,1227.0,,fahs anjra,
6,prefecture_province,Larache,1.0,1331.0,,larache,
7,prefecture_province,Al Hoceima,1.0,1051.0,,al hoceima,
8,prefecture_province,Chefchaouen,1.0,1151.0,,chefchaouen,
9,prefecture_province,Ouezzane,1.0,1405.0,,ouezzane,
10,cercle,Cercle de Tanger,2.0,151105.0,,cercle de tanger,
11,cercle,Cercle d'Assilah,2.0,151103.0,,cercle d'assilah,
12,cercle,Cercle de Jebala,4.0,157103.0,,cercle de jebala,
13,cercle,Cercle de Tétouan,4.0,157105.0,,cercle de tetouan,
14,cercle,Cercle de Fahs,5.0,122705.0,,cercle de fahs,
15,cercle,Cercle d'Anjra,5.0,122703.0,,cercle d'anjra,
16,cercle,Cercle de Loukouss,6.0,133107.0,,cercle de loukouss,
17,cercle,Cercle de Moulay Abdeslem-Ben M'chich,6.0,133109.0,,cercle de moulay abdeslem-ben m'chich,
18,cercle,Cercle d'Oued El Makhazine,6.0,133111.0,,cercle d'oued el makhazine,
19,cercle,Cercle de Bni Boufrah,7.0,105103.0,,cercle de bni boufrah,
20,cercle,Cercle de Bni Ouriaghel Charqia,7.0,105113.0,,cercle de bni ouriaghel charqia,
21,cercle,Cercle de Bni Ouriaghel Gharbia,7.0,105111.0,,cercle de bni ouriaghel gharbia,
22,cercle,Cercle de Targuist,7.0,105107.0,,cercle de targuist,
23,cercle,Cercle de Ketama,7.0,105109.0,,cercle de ketama,
24,cercle,Cercle de Bab Berred,8.0,115103.0,,cercle de bab berred,
25,cercle,Cercle de Jebha,8.0,115109.0,,cercle de jebha,
26,cercle,Cercle de Bni Ahmed,8.0,115106.0,,cercle de bni ahmed,
27,cercle,Cercle de Bab Taza,8.0,115105.0,,cercle de bab taza,
28,cercle,Cercle d'Assifane,8.0,115111.0,,cercle d'assifane,
29,cercle,Cercle de Bou Ahmed,8.0,115107.0,,cercle de bou ahmed,
30,cercle,Cercle d'Ouezzane,9.0,140507.0,,cercle d'ouezzane,
31,cercle,Cercle d'Al Ouahda,9.0,140513.0,,cercle d'al ouahda,
32,cercle,Cercle de Moqrissat,9.0,140509.0,,cercle de moqrissat,
33,cercle,Cercle de Zoumi,9.0,140511.0,,cercle de zoumi,
34,commune,Commune de Tanger,2.0,1511010.0,,commune de tanger,
35,commune,Commune d'Assilah,2.0,15110101.0,,commune d'assilah,
36,commune,Commune de Gueznaia,2.0,15110109.0,,commune de gueznaia,
37,commune,Commune de Hjar Ennhal,10.0,15110519.0,,commune de hjar ennhal,hjar_ennhal_tanger_assilah
38,commune,Commune de Dar Chaoui,10.0,15110507.0,,commune de dar chaoui,dar_chaoui_tanger_assilah
39,commune,Commune d'Al Manzla,10.0,15110501.0,,commune d'al manzla,al_manzla_tanger_assilah
40,commune,Commune de Laaouama,10.0,15110517.0,,commune de laaouama,laaouama_tanger_assilah
41,commune,Commune de Sebt Azzinate,10.0,15110505.0,,commune de sebt azzinate,
42,commune,Commune d'Aquouass Briech,11.0,15110303.0,,commune d'aquouass briech,aquouass_briech_tanger_assilah
43,commune,Commune de Had Al Gharbia,11.0,15110315.0,,commune de had al gharbia,had_al_gharbia_tanger_assilah
44,commune,Commune de Sahel Chamali,11.0,15110311.0,,commune de sahel chamali,sahel_chamali_tanger_assilah
45,commune,Commune de Sidi Lyamani,11.0,15110313.0,,commune de sidi lyamani,sidi_lyamani_tanger_assilah
46,commune,Commune de M'diq,3.0,15730105.0,,commune de m'diq,
47,commune,Commune de Fnideq,3.0,15730101.0,,commune de fnideq,
48,commune,Commune de Martil,3.0,15730103.0,,commune de martil,
49,commune,Commune d'Allyene,3.0,15730107.0,,commune d'allyene,allyene_m_diq_fnideq
50,commune,Commune de Belyounech,3.0,15730109.0,,commune de belyounech,belyounech_m_diq_fnideq
51,commune,Commune de Tétouan,4.0,15710111.0,,commune de tetouan,
52,commune,Commune d'Oued Laou,4.0,15710107.0,,commune d'oued laou,
53,commune,Commune d'Ain Lahsan,12.0,15710301.0,,commune d'ain lahsan,ain_lahsan_tetouan
54,commune,Commune de Souk Kdim,12.0,15710319.0,,commune de souk kdim,souk_kdim_tetouan
55,commune,Commune de Jbel Lahbib,12.0,15710309.0,,commune de jbel lahbib,jbel_lahbib_tetouan
56,commune,Commune de Bni Harchen,12.0,15710307.0,,commune de bni harchen,bni_harchen_tetouan
57,commune,Commune d'Al Kharroub,12.0,15710303.0,,commune d'al kharroub,al_kharroub_tetouan
58,commune,Commune de Mallalienne,12.0,15710315.0,,commune de mallalienne,mallalienne_tetouan
59,commune,Commune de Saddina,12.0,15710317.0,,commune de saddina,saddina_tetouan
60,commune,Commune de Sahtryine,12.0,15710321.0,,commune de sahtryine,sahtryine_tetouan
61,commune,Commune de Bni Idder,12.0,15710311.0,,commune de bni idder,bni_idder_tetouan
62,commune,Commune de Bghaghza,12.0,15710305.0,,commune de bghaghza,bghaghza_tetouan
63,commune,Commune de Bni Leit,13.0,15710513.0,,commune de bni leit,bni_leit_tetouan
64,commune,Commune d'Al Hamra,13.0,15710501.0,,commune d'al hamra,al_hamra_tetouan
65,commune,Commune d'Al Oued,13.0,15710505.0,,commune d'al oued,al_oued_tetouan
66,commune,Commune d'Oulad Ali Mansour,13.0,15710519.0,,commune d'oulad ali mansour,oulad_ali_mansour_tetouan
67,commune,Commune de Dar Bni Karrich,13.0,15710517.0,,commune de dar bni karrich,dar_bni_karrich_tetouan
68,commune,Commune de Zinat,13.0,15710527.0,,commune de zinat,zinat_tetouan
69,commune,Commune d'Azla,13.0,15710507.0,,commune d'azla,azla_tetouan
70,commune,Commune de Zaitoune,13.0,15710523.0,,commune de zaitoune,zaitoune_tetouan
71,commune,Commune de Bni Said,13.0,15710515.0,,commune de bni said,
72,commune,Commune de Zaouiat Sidi Kacem,13.0,15710525.0,,commune de zaouiat sidi kacem,zaouiat_sidi_kacem_tetouan
73,commune,Commune de Malloussa,14.0,12270509.0,,commune de malloussa,malloussa_fahs_anjra
74,commune,Commune d'Al Bahraoyine,14.0,12270501.0,,commune d'al bahraoyine,al_bahraoyine_fahs_anjra
75,commune,Commune de Ksar Sghir,14.0,12270505.0,,commune de ksar sghir,ksar_sghir_fahs_anjra
76,commune,Commune de Jouamaa,15.0,12270311.0,,commune de jouamaa,jouamaa_fahs_anjra
77,commune,Commune d'Anjra,15.0,12270305.0,,commune d'anjra,anjra_fahs_anjra
78,commune,Commune de Taghramt,15.0,12270321.0,,commune de taghramt,taghramt_fahs_anjra
79,commune,Commune de Ksar El Majaz,15.0,12270313.0,,commune de ksar el majaz,ksar_el_majaz_fahs_anjra
80,commune,Commune de Ksar El Kebir,6.0,13310101.0,,commune de ksar el kebir,
81,commune,Commune de Larache,6.0,13310103.0,,commune de larache,
82,commune,Commune de Laouamra,16.0,13310705.0,,commune de laouamra,laouamra_larache
83,commune,Commune de Zouada,16.0,13310717.0,,commune de zouada,zouada_larache
84,commune,Commune de Ksar Bjir,16.0,13310703.0,,commune de ksar bjir,ksar_bjir_larache
85,commune,Commune de Boujedyane,16.0,13310701.0,,commune de boujedyane,bou_jedyane_larache
86,commune,Commune de Tatoft,16.0,13310715.0,,commune de tatoft,tatoft_larache
87,commune,Commune de Souk L'qolla,16.0,13310711.0,,commune de souk l'qolla,souk_l_qolla_larache
88,commune,Commune de Bni Arouss,17.0,13310903.0,,commune de bni arouss,bni_arouss_larache
89,commune,Commune de Tazroute,17.0,13310913.0,,commune de tazroute,tazroute_larache
90,commune,Commune d'Ayacha,17.0,13310901.0,,commune d'ayacha,ayacha_larache
91,commune,Commune de Bni Garfett,17.0,13310905.0,,commune de bni garfett,bni_garfett_larache
92,commune,Commune de Zaaroura,17.0,13310915.0,,commune de zaaroura,zaaroura_larache
93,commune,Commune de Sahel,18.0,13311111.0,,commune de sahel,sahel_larache
94,commune,Commune de Rissana Chamalia,18.0,13311107.0,,commune de rissana chamalia,rissana_chamalia_larache
95,commune,Commune de Rissana Janoubia,18.0,13311109.0,,commune de rissana janoubia,rissana_janoubia_larache
96,commune,Commune d'Oulad Ouchih,18.0,13311103.0,,commune d'oulad ouchih,oulad_ouchih_larache
97,commune,Commune de Souaken,18.0,13311112.0,,commune de souaken,souaken_larache
98,commune,Commune de Souk Tolba,18.0,13311113.0,,commune de souk tolba,souk_tolba_larache
99,commune,Commune d'Al Hoceima,7.0,10510101.0,,commune d'al hoceima,
100,commune,Commune de Bni Bouayach,7.0,10510103.0,,commune de bni bouayach,
101,commune,Commune d'Imzouren,7.0,10510105.0,,commune d'imzouren,
102,commune,Commune de Targuist,7.0,10510107.0,,commune de targuist,
103,commune,Commune d'Ajdir,7.0,10510109.0,,commune d'ajdir,
104,commune,Commune de Bni Boufrah,19.0,10510301.0,,commune de bni boufrah,bni_boufrah_al_hoceima
105,commune,Commune de Senada,19.0,10510307.0,,commune de senada,senada_al_hoceima
106,commune,Commune de Bni Gmil Maksouline,19.0,10510305.0,,commune de bni gmil maksouline,bni_gmil_maksouline_al_hoceima
107,commune,Commune de Bni Gmil,19.0,10510303.0,,commune de bni gmil,beni_gmil_al_hoceima
108,commune,Commune de Chakrane,20.0,10511311.0,,commune de chakrane,chakrane_al_hoceima
109,commune,Commune d'Arbaa Taourirt,20.0,10511305.0,,commune d'arbaa taourirt,arbaa_taourirt_al_hoceima
110,commune,Commune de Tifarouine,20.0,10511323.0,,commune de tifarouine,tifarouine_al_hoceima
111,commune,Commune de Nekkour,20.0,10511319.0,,commune de nekkour,nekkour_al_hoceima
112,commune,Commune d'Ait Youssef Ou Ali,20.0,10511303.0,,commune d'ait youssef ou ali,ait_youssef_ou_ali_al_hoceima
113,commune,Commune de Louta,20.0,10511317.0,,commune de louta,louta_al_hoceima
114,commune,Commune d'Imrabten,20.0,10511313.0,,commune d'imrabten,imrabten_al_hoceima
115,commune,Commune de Zaouiat Sidi Abdelkader,21.0,10511125.0,,commune de zaouiat sidi abdelkader,zaouiat_sidi_abdelkader_al_hoceima
116,commune,Commune de Bni Hadifa,21.0,10511109.0,,commune de bni hadifa,bni_hadifa_al_hoceima
117,commune,Commune de Bni Abdellah,21.0,10511107.0,,commune de bni abdellah,bni_abdallah_al_hoceima
118,commune,Commune d'Izemmouren,21.0,10511115.0,,commune d'izemmouren,izemmouren_al_hoceima
119,commune,Commune d'Ait Kamra,21.0,10511101.0,,commune d'ait kamra,ait_kamra_al_hoceima
120,commune,Commune de Rouadi,21.0,10511121.0,,commune de rouadi,rouadi_al_hoceima
121,commune,Commune de Sidi Bouzineb,22.0,10510721.0,,commune de sidi bouzineb,sidi_bouzineb_al_hoceima
122,commune,Commune de Bni Ammart,22.0,10510705.0,,commune de bni ammart,bni_ammart_al_hoceima
123,commune,Commune de Sidi Boutmim,22.0,10510719.0,,commune de sidi boutmim,sidi_boutmim_al_hoceima
124,commune,Commune de Zarkt,22.0,10510727.0,,commune de zarkt,zarqt_al_hoceima
125,commune,Commune de Bni Bchir,22.0,10510707.0,,commune de bni bchir,bni_bchir_al_hoceima
126,commune,Commune de Bni Bounsar,22.0,10510711.0,,commune de bni bounsar,bni_bounsar_al_hoceima
127,commune,Commune de Bni Ahmed Imoukzan,22.0,10510703.0,,commune de bni ahmed imoukzan,bni_ahmed_imoukzan_al_hoceima
128,commune,Commune de Tamsaout,23.0,10510925.0,,commune de tamsaout,tamsaout_al_hoceima
129,commune,Commune de Ketama,23.0,10510915.0,,commune de ketama,ketama_al_hoceima
130,commune,Commune de Moulay Ahmed Cherif,23.0,10510917.0,,commune de moulay ahmed cherif,moulay_ahmed_cherif_al_hoceima
131,commune,Commune d'Issaguen,23.0,10510913.0,,commune d'issaguen,issaguen_al_hoceima
132,commune,Commune de Bni Bouchibet,23.0,10510909.0,,commune de bni bouchibet,bni_bouchibet_al_hoceima
133,commune,Commune de Taghzout,23.0,10510923.0,,commune de taghzout,taghzout_al_hoceima
134,commune,Commune d'Abdelghaya Souahel,23.0,10510901.0,,commune d'abdelghaya souahel,abdelghaya_souahel_al_hoceima
135,commune,Commune de Chefchaouen,8.0,11510101.0,,commune de chefchaouen,
136,commune,Commune de Bab Berred,24.0,11510303.0,,commune de bab berred,bab_berred_chefchaouen
137,commune,Commune d'Iounane,24.0,11510313.0,,commune d'iounane,iounane_chefchaouen
138,commune,Commune de Tamorot,24.0,11510323.0,,commune de tamorot,tamorot_chefchaouen
139,commune,Commune d'Amtar,25.0,11510901.0,,commune d'amtar,amtar_chefchaouen
140,commune,Commune de M'tioua,25.0,11510917.0,,commune de m'tioua,m_tioua_chefchaouen
141,commune,Commune d'Ouaouzgane,25.0,11510919.0,,commune d'ouaouzgane,ouaouzgane_chefchaouen
142,commune,Commune de Bni Rzine,25.0,11510909.0,,commune de bni rzine,bni_rzine_chefchaouen
143,commune,Commune de Bni Smih,25.0,11510911.0,,commune de bni smih,bni_smih_chefchaouen
144,commune,Commune de Bni Ahmed Cherqia,26.0,11510605.0,,commune de bni ahmed cherqia,bni_ahmed_cherqia_chefchaouen
145,commune,Commune de Bni Ahmed Gharbia,26.0,11510607.0,,commune de bni ahmed gharbia,bni_ahmed_gharbia_chefchaouen
146,commune,Commune d'Oued Malha,26.0,11510621.0,,commune d'oued malha,oued_malha_chefchaouen
147,commune,Commune de Mansoura,26.0,11510615.0,,commune de mansoura,mansoura_chefchaouen
148,commune,Commune de Bab Taza,27.0,11510501.0,,commune de bab taza,bab_taza_chefchaouen
149,commune,Commune de Bni Salah,27.0,11510507.0,,commune de bni salah,bni_salah_chefchaouen
150,commune,Commune de Bni Darkoul,27.0,11510503.0,,commune de bni darkoul,bni_darkoul_chefchaouen
151,commune,Commune de Bni Faghloum,27.0,11510505.0,,commune de bni faghloum,bni_faghloum_chefchaouen
152,commune,Commune de Fifi,27.0,11510511.0,,commune de fifi,fifi_chefchaouen
153,commune,Commune de Derdara,27.0,11510509.0,,commune de derdara,derdara_chefchaouen
154,commune,Commune de Tanaqoub,27.0,11510515.0,,commune de tanaqoub,tanaqoub_chefchaouen
155,commune,Commune de Laghdir,27.0,11510513.0,,commune de laghdir,laghdir_chefchaouen
156,commune,Commune de Bni Selmane,28.0,11511105.0,,commune de bni selmane,bni_selmane_chefchaouen
157,commune,Commune de Bni Mansour,28.0,11511103.0,,commune de bni mansour,bni_mansour_chefchaouen
158,commune,Commune de Bni Bouzra,29.0,11510701.0,,commune de bni bouzra,bni_bouzra_chefchaouen
159,commune,Commune de Steha,29.0,11510707.0,,commune de steha,steha_chefchaouen
160,commune,Commune de Tizgane,29.0,11510713.0,,commune de tizgane,tizgane_chefchaouen
161,commune,Commune de Tassift,29.0,11510711.0,,commune de tassift,tassift_chefchaouen
162,commune,Commune de Talambote,29.0,11510709.0,,commune de talambote,talambote_chefchaouen
163,commune,Commune d'Ouezzane,9.0,14050109.0,,commune d'ouezzane,
164,commune,Commune de Mzefroune,30.0,14050707.0,,commune de mzefroune,mzefroune_ouazzane
165,commune,Commune de Masmouda,30.0,14050705.0,,commune de masmouda,masmouda_ouazzane
166,commune,Commune de Sidi Redouane,30.0,14050715.0,,commune de sidi redouane,sidi_redouane_ouazzane
167,commune,Commune de Bni Quolla,30.0,14050701.0,,commune de bni quolla,bni_quolla_ouazzane
168,commune,Commune de Teroual,31.0,14051317.0,,commune de teroual,teroual_ouazzane
169,commune,Commune de Zghira,31.0,14051319.0,,commune de zghira,zghira_ouazzane
170,commune,Commune d'Ouannana,31.0,14051309.0,,commune d'ouannana,ounnana_ouazzane
171,commune,Commune de Lamjaara,31.0,14051303.0,,commune de lamjaara,lamjaara_ouazzane
172,commune,Commune de Sidi Ahmed Cherif,31.0,14051311.0,,commune de sidi ahmed cherif,sidi_ahmed_cherif_ouazzane
173,commune,Commune de Sidi Bousber,31.0,14051313.0,,commune de sidi bousber,sidi_bousber_ouazzane
174,commune,Commune de Brikcha,32.0,14050905.0,,commune de brikcha,brikcha_ouazzane
175,commune,Commune d'Asjen,32.0,14050903.0,,commune d'asjen,asjen_ouazzane
176,commune,Commune de Moqrissat,32.0,14050909.0,,commune de moqrissat,moqrisset_ouazzane
177,commune,Commune d'Ain Beida,32.0,14050901.0,,commune d'ain beida,ain_beida_ouazzane
178,commune,Commune de Kalaat Bouqorra,33.0,14051107.0,,commune de kalaat bouqorra,kalaat_bouqorra_ouazzane
179,commune,Commune de Zoumi,33.0,14051111.0,,commune de zoumi,zoumi_ouazzane
180,arrondissement,Arrondissement de Mghogha,34.0,15110105.0,,arrondissement de mghogha,
181,arrondissement,Arrondissement de Souani,34.0,15110106.0,,arrondissement de souani,
182,arrondissement,Arrondissement de Bni Makada,34.0,15110103.0,,arrondissement de bni makada,
183,arrondissement,Arrondissement de Médina,34.0,15110107.0,,arrondissement de medina,
184,centre_urbain,Dar Chaoui,38.0,151105073.0,,dar chaoui,
185,centre_urbain,Tnine Sidi Lyamani,45.0,151103133.0,,tnine sidi lyamani,
186,centre_urbain,Karia,55.0,157103093.0,,karia,
187,centre_urbain,Dar Bni Karrich,67.0,157105173.0,,dar bni karrich,
188,centre_urbain,Anjra,77.0,122703053.0,,anjra,
189,centre_urbain,Laouamra,82.0,133107053.0,,laouamra,
190,centre_urbain,Khemis Sahel,93.0,133111113.0,,khemis sahel,
191,centre_urbain,Sidi Bouafif,112.0,105113034.0,,sidi bouafif,
192,centre_urbain,Tamassint,114.0,105113133.0,,tamassint,
193,centre_urbain,Bni Hadifa,116.0,105111093.0,,bni hadifa,
194,centre_urbain,Ait Kamra,119.0,105111013.0,,ait kamra,
195,centre_urbain,Issaguen,131.0,105109133.0,,issaguen,
196,centre_urbain,Bab Berred,136.0,115103033.0,,bab berred,
197,centre_urbain,Jebha,140.0,115109173.0,,jebha,
198,centre_urbain,Bab Taza,148.0,115105013.0,,bab taza,
199,centre_urbain,Sidi Redouane,166.0,140507153.0,,sidi redouane,
200,centre_urbain,Ain Dorij,171.0,140513033.0,,ain dorij,
201,centre_urbain,Brikcha,174.0,140509053.0,,brikcha,
202,centre_urbain,Moqrissat,176.0,140509093.0,,moqrissat,
203,centre_urbain,Zoumi,179.0,140511113.0,,zoumi,
204,douar,اجنانات,104.0,,510301000000.0,اجنانات,
205,douar,امداوشن,104.0,,510301000000.0,امداوشن,
206,douar,قوبع,104.0,,510301000000.0,قوبع,
207,douar,الجوب,104.0,,510301000000.0,الجوب,
208,douar,طوريس القلعة,104.0,,510301000000.0,طوريس القلعة,
209,douar,كلايرس,104.0,,510301000000.0,كلايرس,
210,douar,ثورنتعيش,104.0,,510301000000.0,ثورنتعيش,
211,douar,بوكارة,104.0,,510301000000.0,بوكارة,
212,douar,اونوت,104.0,,510301000000.0,اونوت,
213,douar,ازلوكن,104.0,,510301000000.0,ازلوكن,
214,douar,ابيحياتا ABAHIATENE,104.0,,510301000000.0,ابيحياتا abahiatene,
215,douar,امهوطن,104.0,,510301000000.0,امهوطن,
216,douar,اماريغن,104.0,,510301000000.0,اماريغن,
217,douar,اهارونن,104.0,,510301000000.0,اهارونن,
218,douar,اكني,104.0,,510301000000.0,اكني,
219,douar,دار الزيخلف DHAR ZIKHLEF,104.0,,510301000000.0,دار الزيخلف dhar zikhlef,
220,douar,اكزناين,104.0,,510301000000.0,اكزناين,
221,douar,اخزوز,104.0,,510301000000.0,اخزوز,
222,douar,بني بوكمات,104.0,,510301000000.0,بني بوكمات,
223,douar,ايدغيرن,104.0,,510301000000.0,ايدغيرن,
224,douar,تفروين,104.0,,510301000000.0,تفروين,
225,douar,العزيب أخزوز,104.0,,510301000000.0,العزيب اخزوز,
226,douar,المعارط,104.0,,510301000000.0,المعارط,
227,douar,مركز بني بوفراح,104.0,,510301000000.0,مركز بني بوفراح,
228,douar,تلزضة,104.0,,510301000000.0,تلزضة,
229,douar,اعبود,107.0,,510303000000.0,اعبود,
230,douar,مسطاسة,107.0,,510303000000.0,مسطاسة,
231,douar,كركر,107.0,,510303000000.0,كركر,
232,douar,تغزوت,107.0,,510303000000.0,تغزوت,
233,douar,تزايرت,107.0,,510303000000.0,تزايرت,
234,douar,الحانوت,107.0,,510303000000.0,الحانوت,
235,douar,اعراصن,107.0,,510303000000.0,اعراصن,
236,douar,ابونصار,107.0,,510303000000.0,ابونصار,
237,douar,اشاوين,107.0,,510303000000.0,اشاوين,
238,douar,ابرانن,107.0,,510303000000.0,ابرانن,
239,douar,اعشيرن,107.0,,510303000000.0,اعشيرن,
240,douar,تيمويا,107.0,,510303000000.0,تيمويا,
241,douar,احموتن,107.0,,510303000000.0,احموتن,
242,douar,ازيانن,107.0,,510303000000.0,ازيانن,
243,douar,جابر,107.0,,510303000000.0,جابر,
244,douar,تيزي,107.0,,510303000000.0,تيزي,
245,douar,إلكان,107.0,,510303000000.0,الكان,
246,douar,تزروت,107.0,,510303000000.0,تزروت,
247,douar,اكنيون,107.0,,510303000000.0,اكنيون,
248,douar,الترشة,107.0,,510303000000.0,الترشة,
249,douar,بويونس,107.0,,510303000000.0,بويونس,
250,douar,توزالين,107.0,,510303000000.0,توزالين,
251,douar,اهراون,107.0,,510303000000.0,اهراون,
252,douar,اكذمان,107.0,,510303000000.0,اكذمان,
253,douar,تزارين,107.0,,510303000000.0,تزارين,
254,douar,امشحودن,107.0,,510303000000.0,امشحودن,
255,douar,أخلوقت,107.0,,510303000000.0,اخلوقت,
256,douar,اكربوحاج,107.0,,510303000000.0,اكربوحاج,
257,douar,امزوار,107.0,,510303000000.0,امزوار,
258,douar,تدارت,107.0,,510303000000.0,تدارت,
259,douar,بوميلك,107.0,,510303000000.0,بوميلك,
260,douar,ازرو نتيلي,107.0,,510303000000.0,ازرو نتيلي,
261,douar,واوسيف,107.0,,510303000000.0,واوسيف,
262,douar,ابرهونن,107.0,,510303000000.0,ابرهونن,
263,douar,انزاغ,107.0,,510303000000.0,انزاغ,
264,douar,المركز,107.0,,510303000000.0,المركز,
265,douar,تيقلا,107.0,,510303000000.0,تيقلا,
266,douar,اسفولة,106.0,,510305000000.0,اسفولة,
267,douar,اغنزكارت,106.0,,510305000000.0,اغنزكارت,
268,douar,كلت,106.0,,510305000000.0,كلت,
269,douar,امازين,106.0,,510305000000.0,امازين,
270,douar,بوغفر,106.0,,510305000000.0,بوغفر,
271,douar,اولاد الشعرة,106.0,,510305000000.0,اولاد الشعرة,
272,douar,ايت حدو,106.0,,510305000000.0,ايت حدو,
273,douar,أمزو,106.0,,510305000000.0,امزو,
274,douar,ايت يحي,106.0,,510305000000.0,ايت يحي,
275,douar,تيموغاي,106.0,,510305000000.0,تيموغاي,
276,douar,ابطوين,106.0,,510305000000.0,ابطوين,
277,douar,زاوية الميزاب,106.0,,510305000000.0,زاوية الميزاب,
278,douar,تيدمامين,106.0,,510305000000.0,تيدمامين,
279,douar,اتلولي,106.0,,510305000000.0,اتلولي,
280,douar,اسومار,106.0,,510305000000.0,اسومار,
281,douar,انوال,106.0,,510305000000.0,انوال,
282,douar,تيتولا,106.0,,510305000000.0,تيتولا,
283,douar,اولاد عبد الله,106.0,,510305000000.0,اولاد عبد الله,
284,douar,بلحك,106.0,,510305000000.0,بلحك,
285,douar,إهوارين,106.0,,510305000000.0,اهوارين,
286,douar,وهران,106.0,,510305000000.0,وهران,
287,douar,ازغار,106.0,,510305000000.0,ازغار,
288,douar,اعيرام,106.0,,510305000000.0,اعيرام,
289,douar,واوسيف,106.0,,510305000000.0,واوسيف,
290,douar,تزارت,106.0,,510305000000.0,تزارت,
291,douar,بوجيبار,106.0,,510305000000.0,بوجيبار,
292,douar,تزخت,106.0,,510305000000.0,تزخت,
293,douar,تفروين,106.0,,510305000000.0,تفروين,
294,douar,لصفوف,106.0,,510305000000.0,لصفوف,
295,douar,Zaitoune الزيتونة,105.0,,510307000000.0,zaitoune الزيتونة,
296,douar,دار العراص,105.0,,510307000000.0,دار العراص,
297,douar,دار بوجيدة,105.0,,510307000000.0,دار بوجيدة,
298,douar,سمار اعمار,105.0,,510307000000.0,سمار اعمار,
299,douar,الزاوية,105.0,,510307000000.0,الزاوية,
300,douar,اعماير,105.0,,510307000000.0,اعماير,
301,douar,باب الكوشة,105.0,,510307000000.0,باب الكوشة,
302,douar,سيدي يونس,105.0,,510307000000.0,سيدي يونس,
303,douar,اسنادة,105.0,,510307000000.0,اسنادة,
304,douar,تغالين,105.0,,510307000000.0,تغالين,
305,douar,ازرياحن,105.0,,510307000000.0,ازرياحن,
306,douar,بني شيكر,105.0,,510307000000.0,بني شيكر,
307,douar,مرنيسة,105.0,,510307000000.0,مرنيسة,
308,douar,أمزوج,105.0,,510307000000.0,امزوج,
309,douar,اويزخت,105.0,,510307000000.0,اويزخت,
310,douar,احرشونن,105.0,,510307000000.0,احرشونن,
311,douar,الحاج بوكر,105.0,,510307000000.0,الحاج بوكر,
312,douar,ايت شعيب,105.0,,510307000000.0,ايت شعيب,
313,douar,أيلان,105.0,,510307000000.0,ايلان,
314,douar,لعرص,105.0,,510307000000.0,لعرص,
315,douar,تغزا,105.0,,510307000000.0,تغزا,
316,douar,اشتوانن,105.0,,510307000000.0,اشتوانن,
317,douar,اولحاجن,105.0,,510307000000.0,اولحاجن,
318,douar,مسيك,105.0,,510307000000.0,مسيك,
319,douar,ايت عيسى,105.0,,510307000000.0,ايت عيسى,
320,douar,ابرحوثن,105.0,,510307000000.0,ابرحوثن,
321,douar,ازروالن,105.0,,510307000000.0,ازروالن,
322,douar,بوحساين,105.0,,510307000000.0,بوحساين,
323,douar,بوصمادة,105.0,,510307000000.0,بوصمادة,
324,douar,مركز سنادة,105.0,,510307000000.0,مركز سنادة,
325,douar,ارمزاد (لمرج),105.0,,510307000000.0,ارمزاد (لمرج),
326,douar,إقرارن,127.0,,510703000000.0,اقرارن,
327,douar,امزار,127.0,,510703000000.0,امزار,
328,douar,اوطيل,127.0,,510703000000.0,اوطيل,
329,douar,لبشيريين,127.0,,510703000000.0,لبشيريين,
330,douar,تافسوت,127.0,,510703000000.0,تافسوت,
331,douar,تيغزة,127.0,,510703000000.0,تيغزة,
332,douar,امعشرن,127.0,,510703000000.0,امعشرن,
333,douar,مازوز,127.0,,510703000000.0,مازوز,
334,douar,افكاي,127.0,,510703000000.0,افكاي,
335,douar,اموكزن,127.0,,510703000000.0,اموكزن,
336,douar,اذمام,127.0,,510703000000.0,اذمام,
337,douar,اربجي,127.0,,510703000000.0,اربجي,
338,douar,تافزا,127.0,,510703000000.0,تافزا,
339,douar,بومساهل,127.0,,510703000000.0,بومساهل,
340,douar,تافورنوت,127.0,,510703000000.0,تافورنوت,
341,douar,تمينصت,127.0,,510703000000.0,تمينصت,
342,douar,اسنسو,127.0,,510703000000.0,اسنسو,
343,douar,اوفيس,122.0,,510705000000.0,اوفيس,
344,douar,الما إباون,122.0,,510705000000.0,الما اباون,
345,douar,اسقيمن,122.0,,510705000000.0,اسقيمن,
346,douar,اݣنيس,122.0,,510705000000.0,اݣنيس,
347,douar,تيناست,122.0,,510705000000.0,تيناست,
348,douar,حرور,122.0,,510705000000.0,حرور,
349,douar,اولاد مخفاد,122.0,,510705000000.0,اولاد مخفاد,
350,douar,مركز بني عمارت,122.0,,510705000000.0,مركز بني عمارت,
351,douar,خزييت,122.0,,510705000000.0,خزييت,
352,douar,اغيل احمد,122.0,,510705000000.0,اغيل احمد,
353,douar,سيدى بوشتى,122.0,,510705000000.0,سيدى بوشتى,
354,douar,إزيرن,122.0,,510705000000.0,ازيرن,
355,douar,الدالية,122.0,,510705000000.0,الدالية,
356,douar,ابجبيجن,122.0,,510705000000.0,ابجبيجن,
357,douar,تاكورت,122.0,,510705000000.0,تاكورت,
358,douar,اجواون,122.0,,510705000000.0,اجواون,
359,douar,بوهوت,122.0,,510705000000.0,بوهوت,
360,douar,اسمار,122.0,,510705000000.0,اسمار,
361,douar,فدان المانا,125.0,,510707000000.0,فدان المانا,
362,douar,تاينيت,125.0,,510707000000.0,تاينيت,
363,douar,تافركا,125.0,,510707000000.0,تافركا,
364,douar,تيزي,125.0,,510707000000.0,تيزي,
365,douar,تاونزا,125.0,,510707000000.0,تاونزا,
366,douar,بوصلاح,125.0,,510707000000.0,بوصلاح,
367,douar,بوعمارة,125.0,,510707000000.0,بوعمارة,
368,douar,تتياشت,125.0,,510707000000.0,تتياشت,
369,douar,ابختين,125.0,,510707000000.0,ابختين,
370,douar,اوريطن,125.0,,510707000000.0,اوريطن,
371,douar,تفورنوت,125.0,,510707000000.0,تفورنوت,
372,douar,بوهادي,125.0,,510707000000.0,بوهادي,
373,douar,تساسنوت,125.0,,510707000000.0,تساسنوت,
374,douar,تيزيرت,125.0,,510707000000.0,تيزيرت,
375,douar,اولاسن,125.0,,510707000000.0,اولاسن,
376,douar,بويعلا,125.0,,510707000000.0,بويعلا,
377,douar,تفارت,125.0,,510707000000.0,تفارت,
378,douar,واد محكيم,125.0,,510707000000.0,واد محكيم,
379,douar,أوطيل,125.0,,510707000000.0,اوطيل,
380,douar,القوراع,125.0,,510707000000.0,القوراع,
381,douar,إمسد,125.0,,510707000000.0,امسد,
382,douar,إلماتن,125.0,,510707000000.0,الماتن,
383,douar,ايمعاكطن,126.0,,510711000000.0,ايمعاكطن,
384,douar,تمديت,126.0,,510711000000.0,تمديت,
385,douar,Louta لوطا,126.0,,510711000000.0,louta لوطا,
386,douar,اعطارن,126.0,,510711000000.0,اعطارن,
387,douar,امراض,126.0,,510711000000.0,امراض,
388,douar,ادوز,126.0,,510711000000.0,ادوز,
389,douar,امدرفو,126.0,,510711000000.0,امدرفو,
390,douar,زركات,126.0,,510711000000.0,زركات,
391,douar,زاوية لقناطر,126.0,,510711000000.0,زاوية لقناطر,
392,douar,ابرقشيشن,126.0,,510711000000.0,ابرقشيشن,
393,douar,غبولة,126.0,,510711000000.0,غبولة,
394,douar,مركز بني بونصار,126.0,,510711000000.0,مركز بني بونصار,
395,douar,لداي,126.0,,510711000000.0,لداي,
396,douar,اجرايمين,126.0,,510711000000.0,اجرايمين,
397,douar,تامسييت,126.0,,510711000000.0,تامسييت,
398,douar,تاروا,126.0,,510711000000.0,تاروا,
399,douar,تيݣراو,126.0,,510711000000.0,تيݣراو,
400,douar,تزي خطاب,126.0,,510711000000.0,تزي خطاب,
401,douar,أوني,126.0,,510711000000.0,اوني,
402,douar,إزرداز,126.0,,510711000000.0,ازرداز,
403,douar,زاوية ألمو,126.0,,510711000000.0,زاوية المو,
404,douar,أزرو إزوݣاغن,126.0,,510711000000.0,ازرو ازوݣاغن,
405,douar,ايت عيسى,123.0,,510719000000.0,ايت عيسى,
406,douar,مراحة,123.0,,510719000000.0,مراحة,
407,douar,كرملول,123.0,,510719000000.0,كرملول,
408,douar,تاوريرت,123.0,,510719000000.0,تاوريرت,
409,douar,امسعدية,123.0,,510719000000.0,امسعدية,
410,douar,احوصن,123.0,,510719000000.0,احوصن,
411,douar,ازغار,123.0,,510719000000.0,ازغار,
412,douar,توزالت,123.0,,510719000000.0,توزالت,
413,douar,بني بوجاي,123.0,,510719000000.0,بني بوجاي,
414,douar,بوعدي,123.0,,510719000000.0,بوعدي,
415,douar,اعزوزن,123.0,,510719000000.0,اعزوزن,
416,douar,بني بوزمور,123.0,,510719000000.0,بني بوزمور,
417,douar,لحصن,123.0,,510719000000.0,لحصن,
418,douar,زاوية التفاح,123.0,,510719000000.0,زاوية التفاح,
419,douar,المسا,123.0,,510719000000.0,المسا,
420,douar,اولاد احمد,121.0,,510721000000.0,اولاد احمد,
421,douar,اولاد مسيتا,121.0,,510721000000.0,اولاد مسيتا,
422,douar,تافرانت,121.0,,510721000000.0,تافرانت,
423,douar,تزروت,121.0,,510721000000.0,تزروت,
424,douar,ابويبغن,121.0,,510721000000.0,ابويبغن,
425,douar,ازغار,121.0,,510721000000.0,ازغار,
426,douar,ايت فناتن العليا,121.0,,510721000000.0,ايت فناتن العليا,
427,douar,ايت فناتن السفلى,121.0,,510721000000.0,ايت فناتن السفلى,
428,douar,واويزخت,121.0,,510721000000.0,واويزخت,
429,douar,أغيل مندو,121.0,,510721000000.0,اغيل مندو,
430,douar,تمليزين,121.0,,510721000000.0,تمليزين,
431,douar,تسكاط,121.0,,510721000000.0,تسكاط,
432,douar,عين قصب,121.0,,510721000000.0,عين قصب,
433,douar,العرصا,121.0,,510721000000.0,العرصا,
434,douar,تسمار,121.0,,510721000000.0,تسمار,
435,douar,إبزعدن,121.0,,510721000000.0,ابزعدن,
436,douar,احمايد,124.0,,510727000000.0,احمايد,
437,douar,اسعمارن,124.0,,510727000000.0,اسعمارن,
438,douar,القيطون,124.0,,510727000000.0,القيطون,
439,douar,افليحن,124.0,,510727000000.0,افليحن,
440,douar,المونتكزرت,124.0,,510727000000.0,المونتكزرت,
441,douar,بويدرن,124.0,,510727000000.0,بويدرن,
442,douar,علال,124.0,,510727000000.0,علال,
443,douar,اورسان,124.0,,510727000000.0,اورسان,
444,douar,كرمالت,124.0,,510727000000.0,كرمالت,
445,douar,تميلوت,124.0,,510727000000.0,تميلوت,
446,douar,بوقرواش,124.0,,510727000000.0,بوقرواش,
447,douar,امطار,124.0,,510727000000.0,امطار,
448,douar,تمديقت,124.0,,510727000000.0,تمديقت,
449,douar,عتاقة,124.0,,510727000000.0,عتاقة,
450,douar,بلحكم,124.0,,510727000000.0,بلحكم,
451,douar,إخرودن,124.0,,510727000000.0,اخرودن,
452,douar,تيزي ملول,124.0,,510727000000.0,تيزي ملول,
453,douar,افراݣوعيش,124.0,,510727000000.0,افراݣوعيش,
454,douar,بونجل,124.0,,510727000000.0,بونجل,
455,douar,Sahel الساحل,134.0,,510901000000.0,sahel الساحل,
456,douar,ازداد,134.0,,510901000000.0,ازداد,
457,douar,أسمار,134.0,,510901000000.0,اسمار,
458,douar,اغبال,134.0,,510901000000.0,اغبال,
459,douar,ازار مزدي,134.0,,510901000000.0,ازار مزدي,
460,douar,فرسيوة,134.0,,510901000000.0,فرسيوة,
461,douar,تفرنوت,134.0,,510901000000.0,تفرنوت,
462,douar,اوجدارن,134.0,,510901000000.0,اوجدارن,
463,douar,تكوشت,134.0,,510901000000.0,تكوشت,
464,douar,أوجكال,134.0,,510901000000.0,اوجكال,
465,douar,أيلا,134.0,,510901000000.0,ايلا,
466,douar,حلابة,134.0,,510901000000.0,حلابة,
467,douar,المخزن,134.0,,510901000000.0,المخزن,
468,douar,زكارة,134.0,,510901000000.0,زكارة,
469,douar,عزابة اشقارة,134.0,,510901000000.0,عزابة اشقارة,
470,douar,تايسرا,134.0,,510901000000.0,تايسرا,
471,douar,تاريا,134.0,,510901000000.0,تاريا,
472,douar,لعزيب تاريا,134.0,,510901000000.0,لعزيب تاريا,
473,douar,بني حسان,134.0,,510901000000.0,بني حسان,
474,douar,بوفلو,134.0,,510901000000.0,بوفلو,
475,douar,لعزيب بوفلو,134.0,,510901000000.0,لعزيب بوفلو,
476,douar,بني عيسي,134.0,,510901000000.0,بني عيسي,
477,douar,BniAhmed بني احمد,134.0,,510901000000.0,bniahmed بني احمد,
478,douar,المنصف,134.0,,510901000000.0,المنصف,
479,douar,العزيب بونصري,134.0,,510901000000.0,العزيب بونصري,
480,douar,تلغومت,134.0,,510901000000.0,تلغومت,
481,douar,مزياز,134.0,,510901000000.0,مزياز,
482,douar,عزابة مزياز,134.0,,510901000000.0,عزابة مزياز,
483,douar,شقارة,134.0,,510901000000.0,شقارة,
484,douar,تنفشوت,134.0,,510901000000.0,تنفشوت,
485,douar,مركز اكاون,134.0,,510901000000.0,مركز اكاون,
486,douar,سيدي شعيب,134.0,,510901000000.0,سيدي شعيب,
487,douar,المقاصب,134.0,,510901000000.0,المقاصب,
488,douar,أجرو,134.0,,510901000000.0,اجرو,
489,douar,ابزازن السفلى,132.0,,510909000000.0,ابزازن السفلى,
490,douar,ابزازن العليا,132.0,,510909000000.0,ابزازن العليا,
491,douar,لعزيب عبد العالي,132.0,,510909000000.0,لعزيب عبد العالي,
492,douar,تاورارت العليا,132.0,,510909000000.0,تاورارت العليا,
493,douar,تاورارت السفلى,132.0,,510909000000.0,تاورارت السفلى,
494,douar,التفاح,132.0,,510909000000.0,التفاح,
495,douar,ازغار,132.0,,510909000000.0,ازغار,
496,douar,اسنسو,132.0,,510909000000.0,اسنسو,
497,douar,تليوى,132.0,,510909000000.0,تليوى,
498,douar,اسكا,132.0,,510909000000.0,اسكا,
499,douar,اونا,132.0,,510909000000.0,اونا,
500,douar,المداود,132.0,,510909000000.0,المداود,
501,douar,المرافعا,132.0,,510909000000.0,المرافعا,
502,douar,العنقود,132.0,,510909000000.0,العنقود,
503,douar,حومة السوق,132.0,,510909000000.0,حومة السوق,
504,douar,الخندق السفلى,132.0,,510909000000.0,الخندق السفلى,
505,douar,بني عياش,132.0,,510909000000.0,بني عياش,
506,douar,علوان,132.0,,510909000000.0,علوان,
507,douar,تبرانت,132.0,,510909000000.0,تبرانت,
508,douar,أوشتام,132.0,,510909000000.0,اوشتام,
509,douar,تاريا,132.0,,510909000000.0,تاريا,
510,douar,الخندق العليا,132.0,,510909000000.0,الخندق العليا,
511,douar,تمايلت,132.0,,510909000000.0,تمايلت,
512,douar,تلارواق,131.0,,510913000000.0,تلارواق,
513,douar,ازيلال,131.0,,510913000000.0,ازيلال,
514,douar,تغيسا,131.0,,510913000000.0,تغيسا,
515,douar,اكرسيف,131.0,,510913000000.0,اكرسيف,
516,douar,اسكا,131.0,,510913000000.0,اسكا,
517,douar,تاشت,131.0,,510913000000.0,تاشت,
518,douar,أعشوش,131.0,,510913000000.0,اعشوش,
519,douar,تكركورت,131.0,,510913000000.0,تكركورت,
520,douar,تهية نيكثر,131.0,,510913000000.0,تهية نيكثر,
521,douar,الحد اموكروان,131.0,,510913000000.0,الحد اموكروان,
522,douar,تشوماش,131.0,,510913000000.0,تشوماش,
523,douar,امرسيان,131.0,,510913000000.0,امرسيان,
524,douar,أمنشار,131.0,,510913000000.0,امنشار,
525,douar,اهراون,131.0,,510913000000.0,اهراون,
526,douar,لعزيب تمدة,131.0,,510913000000.0,لعزيب تمدة,
527,douar,نهارة,131.0,,510913000000.0,نهارة,
528,douar,إغماض,131.0,,510913000000.0,اغماض,
529,douar,أصكصاف,131.0,,510913000000.0,اصكصاف,
530,douar,Al Oued الواديين,131.0,,510913000000.0,al oued الواديين,
531,douar,تمݣيݣنت,131.0,,510913000000.0,تمݣيݣنت,
532,douar,اموا ݣمار,131.0,,510913000000.0,اموا ݣمار,
533,douar,تنواين,131.0,,510913000000.0,تنواين,
534,douar,دويكدم,131.0,,510913000000.0,دويكدم,
535,douar,البخي,131.0,,510913000000.0,البخي,
536,douar,تيدوين السفلى,131.0,,510913000000.0,تيدوين السفلى,
537,douar,احيحاين,131.0,,510913000000.0,احيحاين,
538,douar,تنواين,131.0,,510913000000.0,تنواين,
539,douar,تغانيمين,131.0,,510913000000.0,تغانيمين,
540,douar,بويمان,131.0,,510913000000.0,بويمان,
541,douar,إفراسن,131.0,,510913000000.0,افراسن,
542,douar,تيدوين العليا,131.0,,510913000000.0,تيدوين العليا,
543,douar,فبريكة,131.0,,510913000000.0,فبريكة,
544,douar,اضغوص,129.0,,510915000000.0,اضغوص,
545,douar,اكجار,129.0,,510915000000.0,اكجار,
546,douar,اتوت,129.0,,510915000000.0,اتوت,
547,douar,باب بورفض,129.0,,510915000000.0,باب بورفض,
548,douar,ابضوش,129.0,,510915000000.0,ابضوش,
549,douar,تينزة,129.0,,510915000000.0,تينزة,
550,douar,بومادي,129.0,,510915000000.0,بومادي,
551,douar,تسكيت,129.0,,510915000000.0,تسكيت,
552,douar,تملوكيت,129.0,,510915000000.0,تملوكيت,
553,douar,اكدو ملاح,129.0,,510915000000.0,اكدو ملاح,
554,douar,مركز كتامة,129.0,,510915000000.0,مركز كتامة,
555,douar,وحشيت,129.0,,510915000000.0,وحشيت,
556,douar,مويا,129.0,,510915000000.0,مويا,
557,douar,كريحة,129.0,,510915000000.0,كريحة,
558,douar,عزابة كريحة,129.0,,510915000000.0,عزابة كريحة,
559,douar,تينفي,129.0,,510915000000.0,تينفي,
560,douar,ازغار,129.0,,510915000000.0,ازغار,
561,douar,بوهياي,129.0,,510915000000.0,بوهياي,
562,douar,تشتيت,129.0,,510915000000.0,تشتيت,
563,douar,إموزغار,129.0,,510915000000.0,اموزغار,
564,douar,الصيب,129.0,,510915000000.0,الصيب,
565,douar,وارك,130.0,,510917000000.0,وارك,
566,douar,امازيوا,130.0,,510917000000.0,امازيوا,
567,douar,بوغرضة,130.0,,510917000000.0,بوغرضة,
568,douar,عين البيضاء,130.0,,510917000000.0,عين البيضاء,
569,douar,اماسينان,130.0,,510917000000.0,اماسينان,
570,douar,اسطاح,130.0,,510917000000.0,اسطاح,
571,douar,تصغرا,130.0,,510917000000.0,تصغرا,
572,douar,تغروبة,130.0,,510917000000.0,تغروبة,
573,douar,تغفرت,130.0,,510917000000.0,تغفرت,
574,douar,إحدوثن,130.0,,510917000000.0,احدوثن,
575,douar,مركز مولاي أحمد الشريف,130.0,,510917000000.0,مركز مولاي احمد الشريف,
576,douar,أݣداي,130.0,,510917000000.0,اݣداي,
577,douar,لغريب,130.0,,510917000000.0,لغريب,
578,douar,لعزيب لغريب,130.0,,510917000000.0,لعزيب لغريب,
579,douar,بني تيمان,130.0,,510917000000.0,بني تيمان,
580,douar,اعرابن,130.0,,510917000000.0,اعرابن,
581,douar,اغوريان,130.0,,510917000000.0,اغوريان,
582,douar,اخاضيرن,130.0,,510917000000.0,اخاضيرن,
583,douar,اولاد الورطيط,133.0,,510923000000.0,اولاد الورطيط,
584,douar,اولاد البكار,133.0,,510923000000.0,اولاد البكار,
585,douar,بني يخلف,133.0,,510923000000.0,بني يخلف,
586,douar,القلعة سيدي مخفي,133.0,,510923000000.0,القلعة سيدي مخفي,
587,douar,قلعة مروان,133.0,,510923000000.0,قلعة مروان,
588,douar,تريرين,133.0,,510923000000.0,تريرين,
589,douar,اجورارن,133.0,,510923000000.0,اجورارن,
590,douar,الساقية,133.0,,510923000000.0,الساقية,
591,douar,تزارين,133.0,,510923000000.0,تزارين,
592,douar,تارية مزيت,133.0,,510923000000.0,تارية مزيت,
593,douar,اماتن,128.0,,510925000000.0,اماتن,
594,douar,الهوتة ادراق,128.0,,510925000000.0,الهوتة ادراق,
595,douar,اسول,128.0,,510925000000.0,اسول,
596,douar,مركن,128.0,,510925000000.0,مركن,
597,douar,زاوية الغمري,128.0,,510925000000.0,زاوية الغمري,
598,douar,تمساوت,128.0,,510925000000.0,تمساوت,
599,douar,ابكاير,128.0,,510925000000.0,ابكاير,
600,douar,البرقوق,128.0,,510925000000.0,البرقوق,
601,douar,ازوغار,128.0,,510925000000.0,ازوغار,
602,douar,اكرسيف,128.0,,510925000000.0,اكرسيف,
603,douar,بورافض,128.0,,510925000000.0,بورافض,
604,douar,تليرن,128.0,,510925000000.0,تليرن,
605,douar,ابطويين,128.0,,510925000000.0,ابطويين,
606,douar,اسلكي,128.0,,510925000000.0,اسلكي,
607,douar,اسمرطاس,128.0,,510925000000.0,اسمرطاس,
608,douar,اركيون,128.0,,510925000000.0,اركيون,
609,douar,يامنات,128.0,,510925000000.0,يامنات,
610,douar,تلامكسة,128.0,,510925000000.0,تلامكسة,
611,douar,زاوية السني,128.0,,510925000000.0,زاوية السني,
612,douar,برنص,128.0,,510925000000.0,برنص,
613,douar,Ait Kamra آيت قمرة,119.0,,511101000000.0,ait kamra ايت قمرة,
614,douar,ايت مسعود,119.0,,511101000000.0,ايت مسعود,
615,douar,آيت زكري,119.0,,511101000000.0,ايت زكري,
616,douar,تيزي عياش,119.0,,511101000000.0,تيزي عياش,
617,douar,تزاغين,119.0,,511101000000.0,تزاغين,
618,douar,آيت داوود,119.0,,511101000000.0,ايت داوود,
619,douar,بوهم,119.0,,511101000000.0,بوهم,
620,douar,إزفزافن,119.0,,511101000000.0,ازفزافن,
621,douar,إدالوحن,119.0,,511101000000.0,ادالوحن,
622,douar,إغدارن,119.0,,511101000000.0,اغدارن,
623,douar,ثانوت,119.0,,511101000000.0,ثانوت,
624,douar,تالوين,117.0,,511107000000.0,تالوين,
625,douar,ابونهارن,117.0,,511107000000.0,ابونهارن,
626,douar,بوخليفة,117.0,,511107000000.0,بوخليفة,
627,douar,اوقريشن,117.0,,511107000000.0,اوقريشن,
628,douar,دهار تزمورت,117.0,,511107000000.0,دهار تزمورت,
629,douar,اوحواحيا,117.0,,511107000000.0,اوحواحيا,
630,douar,بوزدور,117.0,,511107000000.0,بوزدور,
631,douar,بوصالح,117.0,,511107000000.0,بوصالح,
632,douar,آيت سعيد,117.0,,511107000000.0,ايت سعيد,
633,douar,آيت ادريس,117.0,,511107000000.0,ايت ادريس,
634,douar,مركز بني عبد الله,117.0,,511107000000.0,مركز بني عبد الله,
635,douar,اقنيين,117.0,,511107000000.0,اقنيين,
636,douar,مشكور,116.0,,511109000000.0,مشكور,
637,douar,بوجطاط,116.0,,511109000000.0,بوجطاط,
638,douar,كمون,116.0,,511109000000.0,كمون,
639,douar,تمركالت,116.0,,511109000000.0,تمركالت,
640,douar,تزمورين,116.0,,511109000000.0,تزمورين,
641,douar,إحدوثن,116.0,,511109000000.0,احدوثن,
642,douar,إهارونن,116.0,,511109000000.0,اهارونن,
643,douar,مركز ازمورن,118.0,,511115000000.0,مركز ازمورن,
644,douar,تموجوت,118.0,,511115000000.0,تموجوت,
645,douar,ايت حيتم,118.0,,511115000000.0,ايت حيتم,
646,douar,تفنسة,118.0,,511115000000.0,تفنسة,
647,douar,تلا يوسف,118.0,,511115000000.0,تلا يوسف,
648,douar,تيفارت,118.0,,511115000000.0,تيفارت,
649,douar,إيتسولين,118.0,,511115000000.0,ايتسولين,
650,douar,تساسنت,118.0,,511115000000.0,تساسنت,
651,douar,تغزة,120.0,,511121000000.0,تغزة,
652,douar,تدكانت,120.0,,511121000000.0,تدكانت,
653,douar,تجديت,120.0,,511121000000.0,تجديت,
654,douar,تجوت,120.0,,511121000000.0,تجوت,
655,douar,اسروتن,120.0,,511121000000.0,اسروتن,
656,douar,تزي علي,120.0,,511121000000.0,تزي علي,
657,douar,ازباريين,120.0,,511121000000.0,ازباريين,
658,douar,اجلوثن,120.0,,511121000000.0,اجلوثن,
659,douar,اسهيلة,120.0,,511121000000.0,اسهيلة,
660,douar,اعثمانن,120.0,,511121000000.0,اعثمانن,
661,douar,ماية,120.0,,511121000000.0,ماية,
662,douar,ابولفين,120.0,,511121000000.0,ابولفين,
663,douar,تجونسة,120.0,,511121000000.0,تجونسة,
664,douar,اغبال,120.0,,511121000000.0,اغبال,
665,douar,توسارت,120.0,,511121000000.0,توسارت,
666,douar,اسكرم,120.0,,511121000000.0,اسكرم,
667,douar,مركز الرواضي,120.0,,511121000000.0,مركز الرواضي,
668,douar,ادوز,120.0,,511121000000.0,ادوز,
669,douar,تكركرة,120.0,,511121000000.0,تكركرة,
670,douar,بوغمبو,120.0,,511121000000.0,بوغمبو,
671,douar,تاونيل,120.0,,511121000000.0,تاونيل,
672,douar,بادس,120.0,,511121000000.0,بادس,
673,douar,Zaouiat Sidi Abdelkaderزاوية سيدي عبد القادر,115.0,,511125000000.0,zaouiat sidi abdelkaderزاوية سيدي عبد القادر,
674,douar,ايت أعمار اوسعيد,115.0,,511125000000.0,ايت اعمار اوسعيد,
675,douar,اسكا,115.0,,511125000000.0,اسكا,
676,douar,احرشيا,115.0,,511125000000.0,احرشيا,
677,douar,اغزار عيسى,115.0,,511125000000.0,اغزار عيسى,
678,douar,بيهبان,115.0,,511125000000.0,بيهبان,
679,douar,باشكرا,115.0,,511125000000.0,باشكرا,
680,douar,تلكوزين,115.0,,511125000000.0,تلكوزين,
681,douar,يانيت,115.0,,511125000000.0,يانيت,
682,douar,القلة,115.0,,511125000000.0,القلة,
683,douar,وجدية,115.0,,511125000000.0,وجدية,
684,douar,تاغزويت,115.0,,511125000000.0,تاغزويت,
685,douar,تامشط,115.0,,511125000000.0,تامشط,
686,douar,اعشبان,115.0,,511125000000.0,اعشبان,
687,douar,بني معاذ,115.0,,511125000000.0,بني معاذ,
688,douar,أزغار,112.0,,511303000000.0,ازغار,
689,douar,آيت هيشم,112.0,,511303000000.0,ايت هيشم,
690,douar,تيݣارت,112.0,,511303000000.0,تيݣارت,
691,douar,إعبوثن,112.0,,511303000000.0,اعبوثن,
692,douar,السواني,112.0,,511303000000.0,السواني,
693,douar,بولمعيز,112.0,,511303000000.0,بولمعيز,
694,douar,ايت محند أو يحيى,112.0,,511303000000.0,ايت محند او يحيى,
695,douar,الشطاري,112.0,,511303000000.0,الشطاري,
696,douar,إمجوظن,112.0,,511303000000.0,امجوظن,
697,douar,تافراست,112.0,,511303000000.0,تافراست,
698,douar,المركز الأربعاء تاوريرت,109.0,,511305000000.0,المركز الاربعاء تاوريرت,
699,douar,باينتي,109.0,,511305000000.0,باينتي,
700,douar,الرواضي,109.0,,511305000000.0,الرواضي,
701,douar,Al Oued الواد,109.0,,511305000000.0,al oued الواد,
702,douar,تيزمورين,109.0,,511305000000.0,تيزمورين,
703,douar,آيت عامر,109.0,,511305000000.0,ايت عامر,
704,douar,إزاتيما,109.0,,511305000000.0,ازاتيما,
705,douar,آيت يوسف AIT YOUSSEF,109.0,,511305000000.0,ايت يوسف ait youssef,
706,douar,زاوية سيدي امحند,109.0,,511305000000.0,زاوية سيدي امحند,
707,douar,حبو,109.0,,511305000000.0,حبو,
708,douar,تكزرين,109.0,,511305000000.0,تكزرين,
709,douar,بولما,109.0,,511305000000.0,بولما,
710,douar,مالو,108.0,,511311000000.0,مالو,
711,douar,سمار,108.0,,511311000000.0,سمار,
712,douar,ايت جوهرة,108.0,,511311000000.0,ايت جوهرة,
713,douar,Chakrane شقران,108.0,,511311000000.0,chakrane شقران,
714,douar,بوسعيدة,108.0,,511311000000.0,بوسعيدة,
715,douar,المقسوريت,108.0,,511311000000.0,المقسوريت,
716,douar,تافساست TAFASSASST,108.0,,511311000000.0,تافساست tafassasst,
717,douar,تيلوضين,108.0,,511311000000.0,تيلوضين,
718,douar,حمودة,108.0,,511311000000.0,حمودة,
719,douar,ماروي,108.0,,511311000000.0,ماروي,
720,douar,تيمكلوين TIMAKOUINE,108.0,,511311000000.0,تيمكلوين timakouine,
721,douar,محلات,108.0,,511311000000.0,محلات,
722,douar,بومعدن,108.0,,511311000000.0,بومعدن,
723,douar,ادواهر,108.0,,511311000000.0,ادواهر,
724,douar,زاوية سيدي عيسى,114.0,,511313000000.0,زاوية سيدي عيسى,
725,douar,أغليظ,114.0,,511313000000.0,اغليظ,
726,douar,إداردوشن,114.0,,511313000000.0,اداردوشن,
727,douar,تماسينت السفلى,114.0,,511313000000.0,تماسينت السفلى,
728,douar,تماسينت العليا,114.0,,511313000000.0,تماسينت العليا,
729,douar,إعثمانن,114.0,,511313000000.0,اعثمانن,
730,douar,إعيادن,114.0,,511313000000.0,اعيادن,
731,douar,إصريحن,114.0,,511313000000.0,اصريحن,
732,douar,أيت محند أو يحيى AIT M'HAND OU YAHYA,114.0,,511313000000.0,ايت محند او يحيى ait m'hand ou yahya,
733,douar,تغانيت,114.0,,511313000000.0,تغانيت,
734,douar,آيت عزيز,114.0,,511313000000.0,ايت عزيز,
735,douar,آيت القاضي,114.0,,511313000000.0,ايت القاضي,
736,douar,إكلثومن,114.0,,511313000000.0,اكلثومن,
737,douar,إغميرن نجبل,114.0,,511313000000.0,اغميرن نجبل,
738,douar,آيت ابراهيم,113.0,,511317000000.0,ايت ابراهيم,
739,douar,إفاسيين,113.0,,511317000000.0,افاسيين,
740,douar,آيت عمار أوشعيب,113.0,,511317000000.0,ايت عمار اوشعيب,
741,douar,آيت عمارأوبوكار,113.0,,511317000000.0,ايت عماراوبوكار,
742,douar,تاسعدونت,113.0,,511317000000.0,تاسعدونت,
743,douar,إزغاين,113.0,,511317000000.0,ازغاين,
744,douar,إعكيين,113.0,,511317000000.0,اعكيين,
745,douar,ايت إسنار,113.0,,511317000000.0,ايت اسنار,
746,douar,إعاروذن,113.0,,511317000000.0,اعاروذن,
747,douar,إكلتومن,113.0,,511317000000.0,اكلتومن,
748,douar,أيت يوسف,113.0,,511317000000.0,ايت يوسف,
749,douar,بني بوستة,111.0,,511319000000.0,بني بوستة,
750,douar,بني بوخلف,111.0,,511319000000.0,بني بوخلف,
751,douar,تزوراخت,111.0,,511319000000.0,تزوراخت,
752,douar,أمنود,111.0,,511319000000.0,امنود,
753,douar,آيت إيشو,111.0,,511319000000.0,ايت ايشو,
754,douar,آيت طاعة,110.0,,511323000000.0,ايت طاعة,
755,douar,إصوفيين,110.0,,511323000000.0,اصوفيين,
756,douar,تفروين,110.0,,511323000000.0,تفروين,
757,douar,إزكيرن أوساسنو,110.0,,511323000000.0,ازكيرن اوساسنو,
758,douar,إريانن,110.0,,511323000000.0,اريانن,
759,douar,إسويقن,110.0,,511323000000.0,اسويقن,
760,douar,إكروانو,110.0,,511323000000.0,اكروانو,
761,douar,أمهجار,110.0,,511323000000.0,امهجار,
762,douar,إفاسيين,110.0,,511323000000.0,افاسيين,
763,douar,ازلجام,136.0,,1510300000000.0,ازلجام,
764,douar,تشكة,136.0,,1510300000000.0,تشكة,
765,douar,أيلا,136.0,,1510300000000.0,ايلا,
766,douar,اكسمان,136.0,,1510300000000.0,اكسمان,
767,douar,بني ريان,136.0,,1510300000000.0,بني ريان,
768,douar,قندية,136.0,,1510300000000.0,قندية,
769,douar,بني يبتة,136.0,,1510300000000.0,بني يبتة,
770,douar,بورخة,136.0,,1510300000000.0,بورخة,
771,douar,تزلافن,136.0,,1510300000000.0,تزلافن,
772,douar,المدينة,136.0,,1510300000000.0,المدينة,
773,douar,اجحون,136.0,,1510300000000.0,اجحون,
774,douar,بوروح,136.0,,1510300000000.0,بوروح,
775,douar,أنيمطن,136.0,,1510300000000.0,انيمطن,
776,douar,إفرطان,136.0,,1510300000000.0,افرطان,
777,douar,بني شيا,136.0,,1510300000000.0,بني شيا,
778,douar,تورارت,136.0,,1510300000000.0,تورارت,
779,douar,اصالحن,136.0,,1510300000000.0,اصالحن,
780,douar,شاب,136.0,,1510300000000.0,شاب,
781,douar,تلاملولت,136.0,,1510300000000.0,تلاملولت,
782,douar,العناصر العليا,136.0,,1510300000000.0,العناصر العليا,
783,douar,العناصر السفلى,136.0,,1510300000000.0,العناصر السفلى,
784,douar,مزداد,136.0,,1510300000000.0,مزداد,
785,douar,بوغيث,136.0,,1510300000000.0,بوغيث,
786,douar,ماشات,136.0,,1510300000000.0,ماشات,
787,douar,تملزيت,136.0,,1510300000000.0,تملزيت,
788,douar,زازو العليا,136.0,,1510300000000.0,زازو العليا,
789,douar,زازو السفلى,136.0,,1510300000000.0,زازو السفلى,
790,douar,تفركة,136.0,,1510300000000.0,تفركة,
791,douar,تلاموسى,136.0,,1510300000000.0,تلاموسى,
792,douar,تليوان,136.0,,1510300000000.0,تليوان,
793,douar,اولاسن الجنوبية,137.0,,1510310000000.0,اولاسن الجنوبية,
794,douar,علوي,137.0,,1510310000000.0,علوي,
795,douar,أميادي,137.0,,1510310000000.0,اميادي,
796,douar,موطي,137.0,,1510310000000.0,موطي,
797,douar,امرحال,137.0,,1510310000000.0,امرحال,
798,douar,أطباش,137.0,,1510310000000.0,اطباش,
799,douar,بوكامل,137.0,,1510310000000.0,بوكامل,
800,douar,أونان,137.0,,1510310000000.0,اونان,
801,douar,اولاسن العليا,137.0,,1510310000000.0,اولاسن العليا,
802,douar,أشداد,137.0,,1510310000000.0,اشداد,
803,douar,اشوكن,137.0,,1510310000000.0,اشوكن,
804,douar,أفرنو,137.0,,1510310000000.0,افرنو,
805,douar,بوسياف,137.0,,1510310000000.0,بوسياف,
806,douar,تغزوت,137.0,,1510310000000.0,تغزوت,
807,douar,أغبالو,137.0,,1510310000000.0,اغبالو,
808,douar,تفروان,137.0,,1510310000000.0,تفروان,
809,douar,أملوك,137.0,,1510310000000.0,املوك,
810,douar,املوحة,137.0,,1510310000000.0,املوحة,
811,douar,تسميلت,137.0,,1510310000000.0,تسميلت,
812,douar,بوظريف,137.0,,1510310000000.0,بوظريف,
813,douar,جرمون,137.0,,1510310000000.0,جرمون,
814,douar,تغساين,137.0,,1510310000000.0,تغساين,
815,douar,تندرت,137.0,,1510310000000.0,تندرت,
816,douar,إموكان,137.0,,1510310000000.0,اموكان,
817,douar,بوخلف,138.0,,1510320000000.0,بوخلف,
818,douar,اصفارن,138.0,,1510320000000.0,اصفارن,
819,douar,بوصمعة,138.0,,1510320000000.0,بوصمعة,
820,douar,إغران,138.0,,1510320000000.0,اغران,
821,douar,داروتان,138.0,,1510320000000.0,داروتان,
822,douar,اوكسلام,138.0,,1510320000000.0,اوكسلام,
823,douar,وزين,138.0,,1510320000000.0,وزين,
824,douar,إبوثان,138.0,,1510320000000.0,ابوثان,
825,douar,تلاريحان,138.0,,1510320000000.0,تلاريحان,
826,douar,جبل العسري,138.0,,1510320000000.0,جبل العسري,
827,douar,أسلي,138.0,,1510320000000.0,اسلي,
828,douar,تفراوت,138.0,,1510320000000.0,تفراوت,
829,douar,تقصبوت,138.0,,1510320000000.0,تقصبوت,
830,douar,ازكارن,138.0,,1510320000000.0,ازكارن,
831,douar,امزوغن,138.0,,1510320000000.0,امزوغن,
832,douar,جامع السيد,138.0,,1510320000000.0,جامع السيد,
833,douar,Sahel الساحل,138.0,,1510320000000.0,sahel الساحل,
834,douar,اوذال,138.0,,1510320000000.0,اوذال,
835,douar,تلانداود,138.0,,1510320000000.0,تلانداود,
836,douar,امزرة,138.0,,1510320000000.0,امزرة,
837,douar,محلي,138.0,,1510320000000.0,محلي,
838,douar,حداقة,138.0,,1510320000000.0,حداقة,
839,douar,المواسيف,138.0,,1510320000000.0,المواسيف,
840,douar,تغونة,138.0,,1510320000000.0,تغونة,
841,douar,مركز تمروت,138.0,,1510320000000.0,مركز تمروت,
842,douar,تلوتاف,138.0,,1510320000000.0,تلوتاف,
843,douar,تلامكسة,138.0,,1510320000000.0,تلامكسة,
844,douar,زاوية السني,138.0,,1510320000000.0,زاوية السني,
845,douar,تسوكة,148.0,,1510500000000.0,تسوكة,
846,douar,الزاوية,148.0,,1510500000000.0,الزاوية,
847,douar,ماكو,148.0,,1510500000000.0,ماكو,
848,douar,بني زيد,148.0,,1510500000000.0,بني زيد,
849,douar,تيفوزال,148.0,,1510500000000.0,تيفوزال,
850,douar,الخزانة,148.0,,1510500000000.0,الخزانة,
851,douar,بني حولان,148.0,,1510500000000.0,بني حولان,
852,douar,معكاشة,148.0,,1510500000000.0,معكاشة,
853,douar,بني وطلي,148.0,,1510500000000.0,بني وطلي,
854,douar,بوزطاط,148.0,,1510500000000.0,بوزطاط,
855,douar,ابروج,148.0,,1510500000000.0,ابروج,
856,douar,تنغاية,148.0,,1510500000000.0,تنغاية,
857,douar,أقجيون,148.0,,1510500000000.0,اقجيون,
858,douar,مشكرالة,148.0,,1510500000000.0,مشكرالة,
859,douar,امݣري,148.0,,1510500000000.0,امݣري,
860,douar,عين الرامي,148.0,,1510500000000.0,عين الرامي,
861,douar,لوبار,148.0,,1510500000000.0,لوبار,
862,douar,زرهون,148.0,,1510500000000.0,زرهون,
863,douar,المونزيل,148.0,,1510500000000.0,المونزيل,
864,douar,المنطيب,148.0,,1510500000000.0,المنطيب,
865,douar,القوب,150.0,,1510500000000.0,القوب,
866,douar,تزكنان,150.0,,1510500000000.0,تزكنان,
867,douar,اعدان,150.0,,1510500000000.0,اعدان,
868,douar,تسفت,150.0,,1510500000000.0,تسفت,
869,douar,وردان,150.0,,1510500000000.0,وردان,
870,douar,ارغلان,150.0,,1510500000000.0,ارغلان,
871,douar,ادلدال,150.0,,1510500000000.0,ادلدال,
872,douar,تاينزة,150.0,,1510500000000.0,تاينزة,
873,douar,اشدادين,150.0,,1510500000000.0,اشدادين,
874,douar,مركز بني دركول,150.0,,1510500000000.0,مركز بني دركول,
875,douar,بوحلة,150.0,,1510500000000.0,بوحلة,
876,douar,اصريح,150.0,,1510500000000.0,اصريح,
877,douar,الشبارين,150.0,,1510500000000.0,الشبارين,
878,douar,اطرافة,150.0,,1510500000000.0,اطرافة,
879,douar,الماثن,150.0,,1510500000000.0,الماثن,
880,douar,بوزينة,150.0,,1510500000000.0,بوزينة,
881,douar,برندة,150.0,,1510500000000.0,برندة,
882,douar,ارموتة,150.0,,1510500000000.0,ارموتة,
883,douar,تزية,150.0,,1510500000000.0,تزية,
884,douar,امطراس السفليين,150.0,,1510500000000.0,امطراس السفليين,
885,douar,اغدان,150.0,,1510500000000.0,اغدان,
886,douar,ازرزا,150.0,,1510500000000.0,ازرزا,
887,douar,احبايش,150.0,,1510500000000.0,احبايش,
888,douar,اعوران,150.0,,1510500000000.0,اعوران,
889,douar,تغليت,150.0,,1510500000000.0,تغليت,
890,douar,الحرم,150.0,,1510500000000.0,الحرم,
891,douar,تلاخالد,150.0,,1510500000000.0,تلاخالد,
892,douar,أجلوان,150.0,,1510500000000.0,اجلوان,
893,douar,القولة,150.0,,1510500000000.0,القولة,
894,douar,إحمداثين,150.0,,1510500000000.0,احمداثين,
895,douar,تونات,150.0,,1510500000000.0,تونات,
896,douar,زاوية الزياتي,151.0,,1510510000000.0,زاوية الزياتي,
897,douar,بني يجل,151.0,,1510510000000.0,بني يجل,
898,douar,تارية,151.0,,1510510000000.0,تارية,
899,douar,دكالة,151.0,,1510510000000.0,دكالة,
900,douar,البلاط,151.0,,1510510000000.0,البلاط,
901,douar,تورارين,151.0,,1510510000000.0,تورارين,
902,douar,أمركو,151.0,,1510510000000.0,امركو,
903,douar,التيالين الشرقية,151.0,,1510510000000.0,التيالين الشرقية,
904,douar,العزائب,151.0,,1510510000000.0,العزايب,
905,douar,الفحصيين,151.0,,1510510000000.0,الفحصيين,
906,douar,ميمونات,151.0,,1510510000000.0,ميمونات,
907,douar,التيالين الغربية,151.0,,1510510000000.0,التيالين الغربية,
908,douar,الموذين,149.0,,1510510000000.0,الموذين,
909,douar,السقيفة,149.0,,1510510000000.0,السقيفة,
910,douar,ايتيت,149.0,,1510510000000.0,ايتيت,
911,douar,تيمسلان,149.0,,1510510000000.0,تيمسلان,
912,douar,بونتاير,149.0,,1510510000000.0,بونتاير,
913,douar,بني عمار,149.0,,1510510000000.0,بني عمار,
914,douar,تاليوان,149.0,,1510510000000.0,تاليوان,
915,douar,العرب,149.0,,1510510000000.0,العرب,
916,douar,تيماثن,149.0,,1510510000000.0,تيماثن,
917,douar,أرويلان,149.0,,1510510000000.0,ارويلان,
918,douar,أسردون,149.0,,1510510000000.0,اسردون,
919,douar,مرج الزعيم,149.0,,1510510000000.0,مرج الزعيم,
920,douar,أزنات,149.0,,1510510000000.0,ازنات,
921,douar,الشقرة,149.0,,1510510000000.0,الشقرة,
922,douar,البرقوق,149.0,,1510510000000.0,البرقوق,
923,douar,عين السيد,149.0,,1510510000000.0,عين السيد,
924,douar,تمضيت,149.0,,1510510000000.0,تمضيت,
925,douar,العزايب,149.0,,1510510000000.0,العزايب,
926,douar,كركر,153.0,,1510510000000.0,كركر,
927,douar,بني يفتن,153.0,,1510510000000.0,بني يفتن,
928,douar,بني عشير,153.0,,1510510000000.0,بني عشير,
929,douar,القوابعة,153.0,,1510510000000.0,القوابعة,
930,douar,تازة,153.0,,1510510000000.0,تازة,
931,douar,مركز الدردارة,153.0,,1510510000000.0,مركز الدردارة,
932,douar,المرابطيش,153.0,,1510510000000.0,المرابطيش,
933,douar,اهلاليش,153.0,,1510510000000.0,اهلاليش,
934,douar,لبعابعة,153.0,,1510510000000.0,لبعابعة,
935,douar,الشتنواغن,153.0,,1510510000000.0,الشتنواغن,
936,douar,تلايتة,153.0,,1510510000000.0,تلايتة,
937,douar,المازين,153.0,,1510510000000.0,المازين,
938,douar,حراقات,153.0,,1510510000000.0,حراقات,
939,douar,بني أكمانو,153.0,,1510510000000.0,بني اكمانو,
940,douar,اكراط,153.0,,1510510000000.0,اكراط,
941,douar,العشايش,153.0,,1510510000000.0,العشايش,
942,douar,الماوزكر,153.0,,1510510000000.0,الماوزكر,
943,douar,مركز دار اقوباع,153.0,,1510510000000.0,مركز دار اقوباع,
944,douar,الدهيسة,153.0,,1510510000000.0,الدهيسة,
945,douar,Anjra أنجرة,153.0,,1510510000000.0,anjra انجرة,
946,douar,المركز الفلاحي,153.0,,1510510000000.0,المركز الفلاحي,
947,douar,الريحانة,153.0,,1510510000000.0,الريحانة,
948,douar,المهرشن,153.0,,1510510000000.0,المهرشن,
949,douar,تونيت,153.0,,1510510000000.0,تونيت,
950,douar,الكتان,153.0,,1510510000000.0,الكتان,
951,douar,امرحومين,153.0,,1510510000000.0,امرحومين,
952,douar,بوعلدين,153.0,,1510510000000.0,بوعلدين,
953,douar,Mansoura المنصورة,153.0,,1510510000000.0,mansoura المنصورة,
954,douar,اودال,153.0,,1510510000000.0,اودال,
955,douar,تانفلت,153.0,,1510510000000.0,تانفلت,
956,douar,تارية,153.0,,1510510000000.0,تارية,
957,douar,كرداد,153.0,,1510510000000.0,كرداد,
958,douar,اعثمانين,153.0,,1510510000000.0,اعثمانين,
959,douar,شقورة,153.0,,1510510000000.0,شقورة,
960,douar,إسوراح,153.0,,1510510000000.0,اسوراح,
961,douar,تبرانت,153.0,,1510510000000.0,تبرانت,
962,douar,بني نعايم,152.0,,1510510000000.0,بني نعايم,
963,douar,النجارين,152.0,,1510510000000.0,النجارين,
964,douar,الوسطى,152.0,,1510510000000.0,الوسطى,
965,douar,سيدي يخلف,152.0,,1510510000000.0,سيدي يخلف,
966,douar,توديين,152.0,,1510510000000.0,توديين,
967,douar,احميدة,152.0,,1510510000000.0,احميدة,
968,douar,تيجوت,152.0,,1510510000000.0,تيجوت,
969,douar,الصليب,152.0,,1510510000000.0,الصليب,
970,douar,بني برو,152.0,,1510510000000.0,بني برو,
971,douar,غسنوس,152.0,,1510510000000.0,غسنوس,
972,douar,بوليلت,152.0,,1510510000000.0,بوليلت,
973,douar,أغرام,152.0,,1510510000000.0,اغرام,
974,douar,أيرسيف,152.0,,1510510000000.0,ايرسيف,
975,douar,تزرة,152.0,,1510510000000.0,تزرة,
976,douar,بني يرزين,152.0,,1510510000000.0,بني يرزين,
977,douar,تمكوث,152.0,,1510510000000.0,تمكوث,
978,douar,الحرايق,152.0,,1510510000000.0,الحرايق,
979,douar,Derdara الدردارة,152.0,,1510510000000.0,derdara الدردارة,
980,douar,فيفي المركز,152.0,,1510510000000.0,فيفي المركز,
981,douar,المناصرة,152.0,,1510510000000.0,المناصرة,
982,douar,تنكرامة,155.0,,1510510000000.0,تنكرامة,
983,douar,تاينزة,155.0,,1510510000000.0,تاينزة,
984,douar,بني ولال,155.0,,1510510000000.0,بني ولال,
985,douar,بوحامد,155.0,,1510510000000.0,بوحامد,
986,douar,البحرويين,155.0,,1510510000000.0,البحرويين,
987,douar,الصادقيين,155.0,,1510510000000.0,الصادقيين,
988,douar,زيطانيش,155.0,,1510510000000.0,زيطانيش,
989,douar,إغرباون,155.0,,1510510000000.0,اغرباون,
990,douar,منوقرة,155.0,,1510510000000.0,منوقرة,
991,douar,تاونات,155.0,,1510510000000.0,تاونات,
992,douar,تاواريشت,155.0,,1510510000000.0,تاواريشت,
993,douar,أمغري,155.0,,1510510000000.0,امغري,
994,douar,زاوية مولاي إدريس,155.0,,1510510000000.0,زاوية مولاي ادريس,
995,douar,أشكيم,155.0,,1510510000000.0,اشكيم,
996,douar,سوق الأحد المركز,155.0,,1510510000000.0,سوق الاحد المركز,
997,douar,تفراون,155.0,,1510510000000.0,تفراون,
998,douar,أغران قاضي,155.0,,1510510000000.0,اغران قاضي,
999,douar,بني حمد الله,155.0,,1510510000000.0,بني حمد الله,
1000,douar,الدشريين,155.0,,1510510000000.0,الدشريين,
1001,douar,تاج ناصر,155.0,,1510510000000.0,تاج ناصر,
1002,douar,تاونيت,155.0,,1510510000000.0,تاونيت,
1003,douar,تدغوت,155.0,,1510510000000.0,تدغوت,
1004,douar,المزاديين,155.0,,1510510000000.0,المزاديين,
1005,douar,أيلا,155.0,,1510510000000.0,ايلا,
1006,douar,أزغار,154.0,,1510520000000.0,ازغار,
1007,douar,اولاد ابراهيم,154.0,,1510520000000.0,اولاد ابراهيم,
1008,douar,زيادنة,154.0,,1510520000000.0,زيادنة,
1009,douar,المعزة,154.0,,1510520000000.0,المعزة,
1010,douar,ادرو,154.0,,1510520000000.0,ادرو,
1011,douar,الشنتوف,154.0,,1510520000000.0,الشنتوف,
1012,douar,بني يمون,154.0,,1510520000000.0,بني يمون,
1013,douar,تلافت,154.0,,1510520000000.0,تلافت,
1014,douar,بوهادون,154.0,,1510520000000.0,بوهادون,
1015,douar,الحارك,154.0,,1510520000000.0,الحارك,
1016,douar,القلعة,154.0,,1510520000000.0,القلعة,
1017,douar,بوجمار,154.0,,1510520000000.0,بوجمار,
1018,douar,اولاد بن علال,154.0,,1510520000000.0,اولاد بن علال,
1019,douar,الزركات,154.0,,1510520000000.0,الزركات,
1020,douar,الزاوية,154.0,,1510520000000.0,الزاوية,
1021,douar,الهوتة,154.0,,1510520000000.0,الهوتة,
1022,douar,أقبيرة,154.0,,1510520000000.0,اقبيرة,
1023,douar,اركشو,154.0,,1510520000000.0,اركشو,
1024,douar,تاغليمين,154.0,,1510520000000.0,تاغليمين,
1025,douar,افرطان,154.0,,1510520000000.0,افرطان,
1026,douar,بني عمار,154.0,,1510520000000.0,بني عمار,
1027,douar,دار أقوباع,154.0,,1510520000000.0,دار اقوباع,
1028,douar,مركز تناقوب,154.0,,1510520000000.0,مركز تناقوب,
1029,douar,أولاد بن داوود,154.0,,1510520000000.0,اولاد بن داوود,
1030,douar,أمرازي,154.0,,1510520000000.0,امرازي,
1031,douar,الحومر,154.0,,1510520000000.0,الحومر,
1032,douar,الجير,154.0,,1510520000000.0,الجير,
1033,douar,بياضة,154.0,,1510520000000.0,بياضة,
1034,douar,بني بوهار,154.0,,1510520000000.0,بني بوهار,
1035,douar,أغبالو,154.0,,1510520000000.0,اغبالو,
1036,douar,أغرم,154.0,,1510520000000.0,اغرم,
1037,douar,تيرطة,154.0,,1510520000000.0,تيرطة,
1038,douar,تيوكال,154.0,,1510520000000.0,تيوكال,
1039,douar,آيلزن,154.0,,1510520000000.0,ايلزن,
1040,douar,عين لحسن,154.0,,1510520000000.0,عين لحسن,
1041,douar,ابرهونين,154.0,,1510520000000.0,ابرهونين,
1042,douar,القواورة,154.0,,1510520000000.0,القواورة,
1043,douar,المصلى,154.0,,1510520000000.0,المصلى,
1044,douar,Derdara الدردارة,154.0,,1510520000000.0,derdara الدردارة,
1045,douar,عين سيتن,154.0,,1510520000000.0,عين سيتن,
1046,douar,أولاد بن بلال,154.0,,1510520000000.0,اولاد بن بلال,
1047,douar,بوشيبة,144.0,,1510610000000.0,بوشيبة,
1048,douar,الدراويين,144.0,,1510610000000.0,الدراويين,
1049,douar,المعصرة,144.0,,1510610000000.0,المعصرة,
1050,douar,تلانداود السفلى,144.0,,1510610000000.0,تلانداود السفلى,
1051,douar,تلانداود العليا,144.0,,1510610000000.0,تلانداود العليا,
1052,douar,ترتكعلو,144.0,,1510610000000.0,ترتكعلو,
1053,douar,الكدية,144.0,,1510610000000.0,الكدية,
1054,douar,السراق,144.0,,1510610000000.0,السراق,
1055,douar,تاية,144.0,,1510610000000.0,تاية,
1056,douar,النمري,144.0,,1510610000000.0,النمري,
1057,douar,اكلالة العليا,144.0,,1510610000000.0,اكلالة العليا,
1058,douar,كلالة السفلى,144.0,,1510610000000.0,كلالة السفلى,
1059,douar,تاليوان,144.0,,1510610000000.0,تاليوان,
1060,douar,بني خليفة,144.0,,1510610000000.0,بني خليفة,
1061,douar,اسكيكت,144.0,,1510610000000.0,اسكيكت,
1062,douar,المركز بني احمد,144.0,,1510610000000.0,المركز بني احمد,
1063,douar,تافزة,145.0,,1510610000000.0,تافزة,
1064,douar,الميزال,145.0,,1510610000000.0,الميزال,
1065,douar,بزت,145.0,,1510610000000.0,بزت,
1066,douar,بريات,145.0,,1510610000000.0,بريات,
1067,douar,دار غابة,145.0,,1510610000000.0,دار غابة,
1068,douar,بني ميزار,145.0,,1510610000000.0,بني ميزار,
1069,douar,أونة,145.0,,1510610000000.0,اونة,
1070,douar,ايرسف,145.0,,1510610000000.0,ايرسف,
1071,douar,طهاوشة,145.0,,1510610000000.0,طهاوشة,
1072,douar,ميمونات,145.0,,1510610000000.0,ميمونات,
1073,douar,لرنج,145.0,,1510610000000.0,لرنج,
1074,douar,عزيب ميمونات,145.0,,1510610000000.0,عزيب ميمونات,
1075,douar,تلازمور النخلة,145.0,,1510610000000.0,تلازمور النخلة,
1076,douar,تاورات,145.0,,1510610000000.0,تاورات,
1077,douar,تلازمور بوشخ,145.0,,1510610000000.0,تلازمور بوشخ,
1078,douar,القور,145.0,,1510610000000.0,القور,
1079,douar,الرملة,145.0,,1510610000000.0,الرملة,
1080,douar,لحمايديين بوشخ,145.0,,1510610000000.0,لحمايديين بوشخ,
1081,douar,أولاد سليمان,145.0,,1510610000000.0,اولاد سليمان,
1082,douar,العوزيين,145.0,,1510610000000.0,العوزيين,
1083,douar,اشتنبلة,145.0,,1510610000000.0,اشتنبلة,
1084,douar,اهلولة,145.0,,1510610000000.0,اهلولة,
1085,douar,المنصورة السفلى,147.0,,1510620000000.0,المنصورة السفلى,
1086,douar,المنصورة العليا,147.0,,1510620000000.0,المنصورة العليا,
1087,douar,أفرطان,147.0,,1510620000000.0,افرطان,
1088,douar,مزلون,147.0,,1510620000000.0,مزلون,
1089,douar,زاوية الحرا ش,147.0,,1510620000000.0,زاوية الحرا ش,
1090,douar,الريحانة,147.0,,1510620000000.0,الريحانة,
1091,douar,أشتيتمة,147.0,,1510620000000.0,اشتيتمة,
1092,douar,اغيوار,147.0,,1510620000000.0,اغيوار,
1093,douar,أرواطن,147.0,,1510620000000.0,ارواطن,
1094,douar,تيمارت,147.0,,1510620000000.0,تيمارت,
1095,douar,أسقيفة,147.0,,1510620000000.0,اسقيفة,
1096,douar,اولاد افرح,147.0,,1510620000000.0,اولاد افرح,
1097,douar,أيبارن,147.0,,1510620000000.0,ايبارن,
1098,douar,بوليدة,147.0,,1510620000000.0,بوليدة,
1099,douar,آزروض,147.0,,1510620000000.0,ازروض,
1100,douar,آغبار,147.0,,1510620000000.0,اغبار,
1101,douar,أحجارة,147.0,,1510620000000.0,احجارة,
1102,douar,ايدي,147.0,,1510620000000.0,ايدي,
1103,douar,الزاوية العرب,147.0,,1510620000000.0,الزاوية العرب,
1104,douar,الجوابرة,147.0,,1510620000000.0,الجوابرة,
1105,douar,تايدة,147.0,,1510620000000.0,تايدة,
1106,douar,تايزة,147.0,,1510620000000.0,تايزة,
1107,douar,القوب,147.0,,1510620000000.0,القوب,
1108,douar,ازازو,147.0,,1510620000000.0,ازازو,
1109,douar,مزينيش,147.0,,1510620000000.0,مزينيش,
1110,douar,تسكالة,147.0,,1510620000000.0,تسكالة,
1111,douar,عيادن,147.0,,1510620000000.0,عيادن,
1112,douar,مواس,146.0,,1510620000000.0,مواس,
1113,douar,أمزادجيك,146.0,,1510620000000.0,امزادجيك,
1114,douar,أسمساد,146.0,,1510620000000.0,اسمساد,
1115,douar,Azla أزلاف,146.0,,1510620000000.0,azla ازلاف,
1116,douar,بوسلام,146.0,,1510620000000.0,بوسلام,
1117,douar,البلاط,146.0,,1510620000000.0,البلاط,
1118,douar,الهوتة الكحلة,146.0,,1510620000000.0,الهوتة الكحلة,
1119,douar,عنقود,146.0,,1510620000000.0,عنقود,
1120,douar,بوجعاد,146.0,,1510620000000.0,بوجعاد,
1121,douar,احليمت,146.0,,1510620000000.0,احليمت,
1122,douar,امعلا,146.0,,1510620000000.0,امعلا,
1123,douar,تاركيست,146.0,,1510620000000.0,تاركيست,
1124,douar,الزمامرة,146.0,,1510620000000.0,الزمامرة,
1125,douar,ادوار,146.0,,1510620000000.0,ادوار,
1126,douar,بونون,146.0,,1510620000000.0,بونون,
1127,douar,القلعة,146.0,,1510620000000.0,القلعة,
1128,douar,اسمارة,146.0,,1510620000000.0,اسمارة,
1129,douar,الخوخ,146.0,,1510620000000.0,الخوخ,
1130,douar,زاوية سيدي يوسف,146.0,,1510620000000.0,زاوية سيدي يوسف,
1131,douar,زريفن,146.0,,1510620000000.0,زريفن,
1132,douar,بوغيات,146.0,,1510620000000.0,بوغيات,
1133,douar,غربال,146.0,,1510620000000.0,غربال,
1134,douar,بوسدون,146.0,,1510620000000.0,بوسدون,
1135,douar,أعلالش,146.0,,1510620000000.0,اعلالش,
1136,douar,تازة,146.0,,1510620000000.0,تازة,
1137,douar,مركز واد ملحة,146.0,,1510620000000.0,مركز واد ملحة,
1138,douar,بو احمد المركز,158.0,,1510700000000.0,بو احمد المركز,
1139,douar,تندمان,158.0,,1510700000000.0,تندمان,
1140,douar,بوسكن,158.0,,1510700000000.0,بوسكن,
1141,douar,تازة,158.0,,1510700000000.0,تازة,
1142,douar,بو كريم,158.0,,1510700000000.0,بو كريم,
1143,douar,دار ميمون,158.0,,1510700000000.0,دار ميمون,
1144,douar,إسوناتن,158.0,,1510700000000.0,اسوناتن,
1145,douar,إشرحان,158.0,,1510700000000.0,اشرحان,
1146,douar,إشنديرن,158.0,,1510700000000.0,اشنديرن,
1147,douar,إلونتا,158.0,,1510700000000.0,الونتا,
1148,douar,أزغار,158.0,,1510700000000.0,ازغار,
1149,douar,تيوغزة,158.0,,1510700000000.0,تيوغزة,
1150,douar,أكرسيف,158.0,,1510700000000.0,اكرسيف,
1151,douar,إنوالن,158.0,,1510700000000.0,انوالن,
1152,douar,إسلوفان,158.0,,1510700000000.0,اسلوفان,
1153,douar,أناري,158.0,,1510700000000.0,اناري,
1154,douar,تغدولة,158.0,,1510700000000.0,تغدولة,
1155,douar,أدوز,158.0,,1510700000000.0,ادوز,
1156,douar,إعرابن,158.0,,1510700000000.0,اعرابن,
1157,douar,تمايلت,158.0,,1510700000000.0,تمايلت,
1158,douar,إيزيون,158.0,,1510700000000.0,ايزيون,
1159,douar,تزمورت,158.0,,1510700000000.0,تزمورت,
1160,douar,المحمود,158.0,,1510700000000.0,المحمود,
1161,douar,فاليز,158.0,,1510700000000.0,فاليز,
1162,douar,أمطيقان,158.0,,1510700000000.0,امطيقان,
1163,douar,أورݣت,158.0,,1510700000000.0,اورݣت,
1164,douar,احلاوت,158.0,,1510700000000.0,احلاوت,
1165,douar,اشريعات,158.0,,1510700000000.0,اشريعات,
1166,douar,ترارت,158.0,,1510700000000.0,ترارت,
1167,douar,تازة أشباك,158.0,,1510700000000.0,تازة اشباك,
1168,douar,القلعة,158.0,,1510700000000.0,القلعة,
1169,douar,جنان النيش,158.0,,1510700000000.0,جنان النيش,
1170,douar,أعرقوب,158.0,,1510700000000.0,اعرقوب,
1171,douar,الدحيت,158.0,,1510700000000.0,الدحيت,
1172,douar,أولاد بلحاج,158.0,,1510700000000.0,اولاد بلحاج,
1173,douar,المقورة,158.0,,1510700000000.0,المقورة,
1174,douar,ضهار أبريرق,158.0,,1510700000000.0,ضهار ابريرق,
1175,douar,حومة ابراهيم,158.0,,1510700000000.0,حومة ابراهيم,
1176,douar,خندق الكلاب,158.0,,1510700000000.0,خندق الكلاب,
1177,douar,دار منقوش (اشماعلة),158.0,,1510700000000.0,دار منقوش (اشماعلة),
1178,douar,أغيل أسنوس,159.0,,1510710000000.0,اغيل اسنوس,
1179,douar,ݣلدت,159.0,,1510710000000.0,ݣلدت,
1180,douar,تزمورت,159.0,,1510710000000.0,تزمورت,
1181,douar,مركز اسطيحة,159.0,,1510710000000.0,مركز اسطيحة,
1182,douar,الزاوية,159.0,,1510710000000.0,الزاوية,
1183,douar,ݣلمات,159.0,,1510710000000.0,ݣلمات,
1184,douar,إجافن,159.0,,1510710000000.0,اجافن,
1185,douar,تكنزة,159.0,,1510710000000.0,تكنزة,
1186,douar,إخريمن,159.0,,1510710000000.0,اخريمن,
1187,douar,إسمار,159.0,,1510710000000.0,اسمار,
1188,douar,إخشينن,159.0,,1510710000000.0,اخشينن,
1189,douar,إفيلالن,159.0,,1510710000000.0,افيلالن,
1190,douar,تيفزوان,159.0,,1510710000000.0,تيفزوان,
1191,douar,الخوخ,159.0,,1510710000000.0,الخوخ,
1192,douar,تركان,159.0,,1510710000000.0,تركان,
1193,douar,بني عيدون,159.0,,1510710000000.0,بني عيدون,
1194,douar,زاوية السوق,159.0,,1510710000000.0,زاوية السوق,
1195,douar,بورد,159.0,,1510710000000.0,بورد,
1196,douar,إمزاردن,159.0,,1510710000000.0,امزاردن,
1197,douar,أجولال,159.0,,1510710000000.0,اجولال,
1198,douar,أزغار,159.0,,1510710000000.0,ازغار,
1199,douar,كامل,159.0,,1510710000000.0,كامل,
1200,douar,إشقلالن,159.0,,1510710000000.0,اشقلالن,
1201,douar,مركادو,159.0,,1510710000000.0,مركادو,
1202,douar,القلعة,159.0,,1510710000000.0,القلعة,
1203,douar,أزغار,159.0,,1510710000000.0,ازغار,
1204,douar,تاسيفتان,159.0,,1510710000000.0,تاسيفتان,
1205,douar,جامع القبور,159.0,,1510710000000.0,جامع القبور,
1206,douar,سعادت,159.0,,1510710000000.0,سعادت,
1207,douar,بولا,159.0,,1510710000000.0,بولا,
1208,douar,أسول,159.0,,1510710000000.0,اسول,
1209,douar,بو يعلى,159.0,,1510710000000.0,بو يعلى,
1210,douar,تفروان,159.0,,1510710000000.0,تفروان,
1211,douar,أزغار السفلى,159.0,,1510710000000.0,ازغار السفلى,
1212,douar,أزغار العليا,159.0,,1510710000000.0,ازغار العليا,
1213,douar,وسلاف,162.0,,1510710000000.0,وسلاف,
1214,douar,تاورات,162.0,,1510710000000.0,تاورات,
1215,douar,إغرمان,162.0,,1510710000000.0,اغرمان,
1216,douar,القليعة,162.0,,1510710000000.0,القليعة,
1217,douar,بو قرار,162.0,,1510710000000.0,بو قرار,
1218,douar,إمودنان,162.0,,1510710000000.0,امودنان,
1219,douar,إمنصوران,162.0,,1510710000000.0,امنصوران,
1220,douar,إزرهان,162.0,,1510710000000.0,ازرهان,
1221,douar,إيكراج,162.0,,1510710000000.0,ايكراج,
1222,douar,السريفيين,162.0,,1510710000000.0,السريفيين,
1223,douar,عبد الرحمانن,162.0,,1510710000000.0,عبد الرحمانن,
1224,douar,إيمخشنان,162.0,,1510710000000.0,ايمخشنان,
1225,douar,إيمصماد,162.0,,1510710000000.0,ايمصماد,
1226,douar,الدلعودي,162.0,,1510710000000.0,الدلعودي,
1227,douar,بوبنار,162.0,,1510710000000.0,بوبنار,
1228,douar,بني امحمد,162.0,,1510710000000.0,بني امحمد,
1229,douar,إزرافن,162.0,,1510710000000.0,ازرافن,
1230,douar,آزيلان,162.0,,1510710000000.0,ازيلان,
1231,douar,أمزار,162.0,,1510710000000.0,امزار,
1232,douar,تارية,162.0,,1510710000000.0,تارية,
1233,douar,Talambote تلمبوط,162.0,,1510710000000.0,talambote تلمبوط,
1234,douar,آكومي,162.0,,1510710000000.0,اكومي,
1235,douar,الزاوية,162.0,,1510710000000.0,الزاوية,
1236,douar,يعقوبان,162.0,,1510710000000.0,يعقوبان,
1237,douar,حنين,162.0,,1510710000000.0,حنين,
1238,douar,اكان,162.0,,1510710000000.0,اكان,
1239,douar,آزغار,162.0,,1510710000000.0,ازغار,
1240,douar,تاورات,162.0,,1510710000000.0,تاورات,
1241,douar,آكلا,162.0,,1510710000000.0,اكلا,
1242,douar,إموراسن,162.0,,1510710000000.0,اموراسن,
1243,douar,ترينس,161.0,,1510710000000.0,ترينس,
1244,douar,تمرابط,161.0,,1510710000000.0,تمرابط,
1245,douar,تينيس,161.0,,1510710000000.0,تينيس,
1246,douar,تازة,161.0,,1510710000000.0,تازة,
1247,douar,تاسيفت السفلى,161.0,,1510710000000.0,تاسيفت السفلى,
1248,douar,تاسيفت الفوقية,161.0,,1510710000000.0,تاسيفت الفوقية,
1249,douar,مختار,161.0,,1510710000000.0,مختار,
1250,douar,آغيل نعام,161.0,,1510710000000.0,اغيل نعام,
1251,douar,أعطا,161.0,,1510710000000.0,اعطا,
1252,douar,إمدازن,161.0,,1510710000000.0,امدازن,
1253,douar,إكلوان,161.0,,1510710000000.0,اكلوان,
1254,douar,آبليق,161.0,,1510710000000.0,ابليق,
1255,douar,تازه وسعيد,161.0,,1510710000000.0,تازه وسعيد,
1256,douar,آماغوس السفلى,161.0,,1510710000000.0,اماغوس السفلى,
1257,douar,أماغوس العليا,161.0,,1510710000000.0,اماغوس العليا,
1258,douar,تجنيارت,161.0,,1510710000000.0,تجنيارت,
1259,douar,تاجنيارت,161.0,,1510710000000.0,تاجنيارت,
1260,douar,تمسسنوت,161.0,,1510710000000.0,تمسسنوت,
1261,douar,بني معلا,161.0,,1510710000000.0,بني معلا,
1262,douar,Tifarouine تيفروين,161.0,,1510710000000.0,tifarouine تيفروين,
1263,douar,بورمان,160.0,,1510710000000.0,بورمان,
1264,douar,زاوية بورمان,160.0,,1510710000000.0,زاوية بورمان,
1265,douar,آملول,160.0,,1510710000000.0,املول,
1266,douar,إباطونن,160.0,,1510710000000.0,اباطونن,
1267,douar,إغزاون,160.0,,1510710000000.0,اغزاون,
1268,douar,إغموقن,160.0,,1510710000000.0,اغموقن,
1269,douar,إكنان,160.0,,1510710000000.0,اكنان,
1270,douar,البور,160.0,,1510710000000.0,البور,
1271,douar,تازكوت,160.0,,1510710000000.0,تازكوت,
1272,douar,ألالو,160.0,,1510710000000.0,الالو,
1273,douar,دوكشن,160.0,,1510710000000.0,دوكشن,
1274,douar,أعريفات,160.0,,1510710000000.0,اعريفات,
1275,douar,تامضيت,160.0,,1510710000000.0,تامضيت,
1276,douar,آمنتاك,160.0,,1510710000000.0,امنتاك,
1277,douar,تيغلان,160.0,,1510710000000.0,تيغلان,
1278,douar,إقنين,160.0,,1510710000000.0,اقنين,
1279,douar,آبزرهونن,160.0,,1510710000000.0,ابزرهونن,
1280,douar,آكرملوك,160.0,,1510710000000.0,اكرملوك,
1281,douar,أزنتي,160.0,,1510710000000.0,ازنتي,
1282,douar,الزاوية تارغة,160.0,,1510710000000.0,الزاوية تارغة,
1283,douar,كزينت,160.0,,1510710000000.0,كزينت,
1284,douar,مركز تارغة,160.0,,1510710000000.0,مركز تارغة,
1285,douar,وراء الجامع,160.0,,1510710000000.0,وراء الجامع,
1286,douar,إشركيتان,160.0,,1510710000000.0,اشركيتان,
1287,douar,آكرير,160.0,,1510710000000.0,اكرير,
1288,douar,يلان,160.0,,1510710000000.0,يلان,
1289,douar,إطهيران,160.0,,1510710000000.0,اطهيران,
1290,douar,امارصوتن,160.0,,1510710000000.0,امارصوتن,
1291,douar,إحسانن,160.0,,1510710000000.0,احسانن,
1292,douar,إطنيبرن,160.0,,1510710000000.0,اطنيبرن,
1293,douar,تيزكان,160.0,,1510710000000.0,تيزكان,
1294,douar,الحما,160.0,,1510710000000.0,الحما,
1295,douar,البركة,160.0,,1510710000000.0,البركة,
1296,douar,دار نسوق,160.0,,1510710000000.0,دار نسوق,
1297,douar,إمذران,139.0,,1510900000000.0,امذران,
1298,douar,أمزاجي,139.0,,1510900000000.0,امزاجي,
1299,douar,تغسة,139.0,,1510900000000.0,تغسة,
1300,douar,خنوبة,139.0,,1510900000000.0,خنوبة,
1301,douar,أركيل,139.0,,1510900000000.0,اركيل,
1302,douar,أزغار موسى,139.0,,1510900000000.0,ازغار موسى,
1303,douar,بني بوحرايت,139.0,,1510900000000.0,بني بوحرايت,
1304,douar,أفرسيو,139.0,,1510900000000.0,افرسيو,
1305,douar,إشراطن,139.0,,1510900000000.0,اشراطن,
1306,douar,أمراحل,139.0,,1510900000000.0,امراحل,
1307,douar,أنسفول,139.0,,1510900000000.0,انسفول,
1308,douar,الناليين,139.0,,1510900000000.0,الناليين,
1309,douar,إكوراد,139.0,,1510900000000.0,اكوراد,
1310,douar,تزلت,139.0,,1510900000000.0,تزلت,
1311,douar,إفريون,139.0,,1510900000000.0,افريون,
1312,douar,تيغسوان,139.0,,1510900000000.0,تيغسوان,
1313,douar,تمايلت,139.0,,1510900000000.0,تمايلت,
1314,douar,إحناشن,139.0,,1510900000000.0,احناشن,
1315,douar,أحضار,139.0,,1510900000000.0,احضار,
1316,douar,أزغار حيون,139.0,,1510900000000.0,ازغار حيون,
1317,douar,تينوالن,139.0,,1510900000000.0,تينوالن,
1318,douar,عبد الحميد,139.0,,1510900000000.0,عبد الحميد,
1319,douar,تازة,139.0,,1510900000000.0,تازة,
1320,douar,تلامحمد,139.0,,1510900000000.0,تلامحمد,
1321,douar,بولد,139.0,,1510900000000.0,بولد,
1322,douar,اخليلة,139.0,,1510900000000.0,اخليلة,
1323,douar,أمتار المركز,139.0,,1510900000000.0,امتار المركز,
1324,douar,دار وانوا,139.0,,1510900000000.0,دار وانوا,
1325,douar,مركز بني رزين,142.0,,1510910000000.0,مركز بني رزين,
1326,douar,تمازاين,142.0,,1510910000000.0,تمازاين,
1327,douar,أستوف السفلى,142.0,,1510910000000.0,استوف السفلى,
1328,douar,أفركوض,142.0,,1510910000000.0,افركوض,
1329,douar,أساكي,142.0,,1510910000000.0,اساكي,
1330,douar,تلمست,142.0,,1510910000000.0,تلمست,
1331,douar,أݣيا,142.0,,1510910000000.0,اݣيا,
1332,douar,تينواين,142.0,,1510910000000.0,تينواين,
1333,douar,تاونات,142.0,,1510910000000.0,تاونات,
1334,douar,أمزاورو,142.0,,1510910000000.0,امزاورو,
1335,douar,إمزوجن,142.0,,1510910000000.0,امزوجن,
1336,douar,تفركا,142.0,,1510910000000.0,تفركا,
1337,douar,احميداشن,142.0,,1510910000000.0,احميداشن,
1338,douar,بوخالد,142.0,,1510910000000.0,بوخالد,
1339,douar,تيفركيون,142.0,,1510910000000.0,تيفركيون,
1340,douar,إيموساتن,142.0,,1510910000000.0,ايموساتن,
1341,douar,إيعديثن,142.0,,1510910000000.0,ايعديثن,
1342,douar,إحجامن,142.0,,1510910000000.0,احجامن,
1343,douar,تغيلت,142.0,,1510910000000.0,تغيلت,
1344,douar,أغبالو,142.0,,1510910000000.0,اغبالو,
1345,douar,إبوحاثن,142.0,,1510910000000.0,ابوحاثن,
1346,douar,أخيج,142.0,,1510910000000.0,اخيج,
1347,douar,تيزوال,142.0,,1510910000000.0,تيزوال,
1348,douar,بوينفاع,142.0,,1510910000000.0,بوينفاع,
1349,douar,أستوف العليا,142.0,,1510910000000.0,استوف العليا,
1350,douar,أزغار,142.0,,1510910000000.0,ازغار,
1351,douar,عنقود,142.0,,1510910000000.0,عنقود,
1352,douar,إسراس,142.0,,1510910000000.0,اسراس,
1353,douar,لوظة,142.0,,1510910000000.0,لوظة,
1354,douar,إهروازن,142.0,,1510910000000.0,اهروازن,
1355,douar,بني يزرف,143.0,,1510910000000.0,بني يزرف,
1356,douar,أدار,143.0,,1510910000000.0,ادار,
1357,douar,الجبل,143.0,,1510910000000.0,الجبل,
1358,douar,تزروت,143.0,,1510910000000.0,تزروت,
1359,douar,أسيفان,143.0,,1510910000000.0,اسيفان,
1360,douar,بني صدرت,143.0,,1510910000000.0,بني صدرت,
1361,douar,توناتن,143.0,,1510910000000.0,توناتن,
1362,douar,إونان,143.0,,1510910000000.0,اونان,
1363,douar,إقوران,143.0,,1510910000000.0,اقوران,
1364,douar,تلانتازارت,143.0,,1510910000000.0,تلانتازارت,
1365,douar,تلايزلافن,143.0,,1510910000000.0,تلايزلافن,
1366,douar,أفغال,143.0,,1510910000000.0,افغال,
1367,douar,إقراوشن,143.0,,1510910000000.0,اقراوشن,
1368,douar,تلانطالب,143.0,,1510910000000.0,تلانطالب,
1369,douar,تلاوجاهم,143.0,,1510910000000.0,تلاوجاهم,
1370,douar,منعات,143.0,,1510910000000.0,منعات,
1371,douar,أمجاتلوا,143.0,,1510910000000.0,امجاتلوا,
1372,douar,بوياحمد,143.0,,1510910000000.0,بوياحمد,
1373,douar,تفراطن,143.0,,1510910000000.0,تفراطن,
1374,douar,زيزان,143.0,,1510910000000.0,زيزان,
1375,douar,تاوصالت,143.0,,1510910000000.0,تاوصالت,
1376,douar,أعمران,143.0,,1510910000000.0,اعمران,
1377,douar,أشطاب,143.0,,1510910000000.0,اشطاب,
1378,douar,أمانويزلف,143.0,,1510910000000.0,امانويزلف,
1379,douar,زمانة,143.0,,1510910000000.0,زمانة,
1380,douar,بومازيغ,143.0,,1510910000000.0,بومازيغ,
1381,douar,تلاورتة,143.0,,1510910000000.0,تلاورتة,
1382,douar,تازط,143.0,,1510910000000.0,تازط,
1383,douar,بني نصار,143.0,,1510910000000.0,بني نصار,
1384,douar,أملاوك,143.0,,1510910000000.0,املاوك,
1385,douar,إعيادين,143.0,,1510910000000.0,اعيادين,
1386,douar,زدمات السفلى,143.0,,1510910000000.0,زدمات السفلى,
1387,douar,زدمات العليا,143.0,,1510910000000.0,زدمات العليا,
1388,douar,تزمورت,143.0,,1510910000000.0,تزمورت,
1389,douar,أغيل,143.0,,1510910000000.0,اغيل,
1390,douar,السبت المركز,143.0,,1510910000000.0,السبت المركز,
1391,douar,تلاحسن السفلى,143.0,,1510910000000.0,تلاحسن السفلى,
1392,douar,تلاحسن العليا,143.0,,1510910000000.0,تلاحسن العليا,
1393,douar,العزابة,143.0,,1510910000000.0,العزابة,
1394,douar,إغليسان,143.0,,1510910000000.0,اغليسان,
1395,douar,تلغامن,143.0,,1510910000000.0,تلغامن,
1396,douar,تبودة,143.0,,1510910000000.0,تبودة,
1397,douar,إيبينة,143.0,,1510910000000.0,ايبينة,
1398,douar,لقوار,140.0,,1510920000000.0,لقوار,
1399,douar,لعزيب,140.0,,1510920000000.0,لعزيب,
1400,douar,تكموت,140.0,,1510920000000.0,تكموت,
1401,douar,تبرانين,140.0,,1510920000000.0,تبرانين,
1402,douar,تلامقران,140.0,,1510920000000.0,تلامقران,
1403,douar,بوسلام,140.0,,1510920000000.0,بوسلام,
1404,douar,تلانتازرت,140.0,,1510920000000.0,تلانتازرت,
1405,douar,بوحنين,140.0,,1510920000000.0,بوحنين,
1406,douar,طوجيت,140.0,,1510920000000.0,طوجيت,
1407,douar,يݣون,140.0,,1510920000000.0,يݣون,
1408,douar,تانوت,140.0,,1510920000000.0,تانوت,
1409,douar,تاسمرطاست,140.0,,1510920000000.0,تاسمرطاست,
1410,douar,تاوريرت,140.0,,1510920000000.0,تاوريرت,
1411,douar,Taghzout تاغزوت,140.0,,1510920000000.0,taghzout تاغزوت,
1412,douar,تورارن,140.0,,1510920000000.0,تورارن,
1413,douar,تلاعبو,140.0,,1510920000000.0,تلاعبو,
1414,douar,العرعارة,140.0,,1510920000000.0,العرعارة,
1415,douar,ولمسة,140.0,,1510920000000.0,ولمسة,
1416,douar,تلغامن,140.0,,1510920000000.0,تلغامن,
1417,douar,مرقد قدور,140.0,,1510920000000.0,مرقد قدور,
1418,douar,إحدوشن,140.0,,1510920000000.0,احدوشن,
1419,douar,تثولة,140.0,,1510920000000.0,تثولة,
1420,douar,أمزاورو,140.0,,1510920000000.0,امزاورو,
1421,douar,تاجليت,140.0,,1510920000000.0,تاجليت,
1422,douar,أغرام,140.0,,1510920000000.0,اغرام,
1423,douar,القلعة,140.0,,1510920000000.0,القلعة,
1424,douar,إمزوغن,140.0,,1510920000000.0,امزوغن,
1425,douar,إزمورن,140.0,,1510920000000.0,ازمورن,
1426,douar,أجرسيف,140.0,,1510920000000.0,اجرسيف,
1427,douar,أيول,140.0,,1510920000000.0,ايول,
1428,douar,حادق,140.0,,1510920000000.0,حادق,
1429,douar,أجرمالك,140.0,,1510920000000.0,اجرمالك,
1430,douar,شاينور,140.0,,1510920000000.0,شاينور,
1431,douar,إمنزة,140.0,,1510920000000.0,امنزة,
1432,douar,إخنيخن,140.0,,1510920000000.0,اخنيخن,
1433,douar,إخريفن,141.0,,1510920000000.0,اخريفن,
1434,douar,واوكدة,141.0,,1510920000000.0,واوكدة,
1435,douar,تمرسلت,141.0,,1510920000000.0,تمرسلت,
1436,douar,تسودال,141.0,,1510920000000.0,تسودال,
1437,douar,إجفالن,141.0,,1510920000000.0,اجفالن,
1438,douar,ترمصت,141.0,,1510920000000.0,ترمصت,
1439,douar,إجواون,141.0,,1510920000000.0,اجواون,
1440,douar,لمزاعدة,141.0,,1510920000000.0,لمزاعدة,
1441,douar,الزاوية,141.0,,1510920000000.0,الزاوية,
1442,douar,بومدور,141.0,,1510920000000.0,بومدور,
1443,douar,تاݣما,141.0,,1510920000000.0,تاݣما,
1444,douar,البنيان,141.0,,1510920000000.0,البنيان,
1445,douar,أيت ابراهيم,141.0,,1510920000000.0,ايت ابراهيم,
1446,douar,يوبار,141.0,,1510920000000.0,يوبار,
1447,douar,زقاق,141.0,,1510920000000.0,زقاق,
1448,douar,ساحل,141.0,,1510920000000.0,ساحل,
1449,douar,إجانتن,141.0,,1510920000000.0,اجانتن,
1450,douar,بوحرمة,141.0,,1510920000000.0,بوحرمة,
1451,douar,المكسرة,141.0,,1510920000000.0,المكسرة,
1452,douar,أكرسيف,141.0,,1510920000000.0,اكرسيف,
1453,douar,إلكان,141.0,,1510920000000.0,الكان,
1454,douar,أرزي,141.0,,1510920000000.0,ارزي,
1455,douar,تمايلت,141.0,,1510920000000.0,تمايلت,
1456,douar,تمالوت,141.0,,1510920000000.0,تمالوت,
1457,douar,بني عمرت,141.0,,1510920000000.0,بني عمرت,
1458,douar,خامبا,141.0,,1510920000000.0,خامبا,
1459,douar,إمنكران,141.0,,1510920000000.0,امنكران,
1460,douar,تارجدالت,141.0,,1510920000000.0,تارجدالت,
1461,douar,أغبال,141.0,,1510920000000.0,اغبال,
1462,douar,إبراقن,141.0,,1510920000000.0,ابراقن,
1463,douar,إحليتن,141.0,,1510920000000.0,احليتن,
1464,douar,إعكوكن,141.0,,1510920000000.0,اعكوكن,
1465,douar,إخشاعن,141.0,,1510920000000.0,اخشاعن,
1466,douar,تمالوت,141.0,,1510920000000.0,تمالوت,
1467,douar,بوخالد,157.0,,1511100000000.0,بوخالد,
1468,douar,أزغار,157.0,,1511100000000.0,ازغار,
1469,douar,أدران,157.0,,1511100000000.0,ادران,
1470,douar,تلامنة,157.0,,1511100000000.0,تلامنة,
1471,douar,خميس أمعوشة,157.0,,1511100000000.0,خميس امعوشة,
1472,douar,تافراوكت,157.0,,1511100000000.0,تافراوكت,
1473,douar,أوناين,157.0,,1511100000000.0,اوناين,
1474,douar,مركز عين حجر,157.0,,1511100000000.0,مركز عين حجر,
1475,douar,دار ماكو,157.0,,1511100000000.0,دار ماكو,
1476,douar,تلامسنت,157.0,,1511100000000.0,تلامسنت,
1477,douar,إطلحاتن,157.0,,1511100000000.0,اطلحاتن,
1478,douar,إنسوان,157.0,,1511100000000.0,انسوان,
1479,douar,الميزاب,157.0,,1511100000000.0,الميزاب,
1480,douar,بني بشار,157.0,,1511100000000.0,بني بشار,
1481,douar,تورات إناطن,157.0,,1511100000000.0,تورات اناطن,
1482,douar,اسوكة,157.0,,1511100000000.0,اسوكة,
1483,douar,بني عفارة,157.0,,1511100000000.0,بني عفارة,
1484,douar,آغيل عازب,157.0,,1511100000000.0,اغيل عازب,
1485,douar,تورات مرابطين,157.0,,1511100000000.0,تورات مرابطين,
1486,douar,توجكان,157.0,,1511100000000.0,توجكان,
1487,douar,إطروهاش,157.0,,1511100000000.0,اطروهاش,
1488,douar,تجنزة,157.0,,1511100000000.0,تجنزة,
1489,douar,تغزوت النوار,157.0,,1511100000000.0,تغزوت النوار,
1490,douar,إينوكزان,157.0,,1511100000000.0,اينوكزان,
1491,douar,ترزات,157.0,,1511100000000.0,ترزات,
1492,douar,تيزكناتت,157.0,,1511100000000.0,تيزكناتت,
1493,douar,بني اوكتة,157.0,,1511100000000.0,بني اوكتة,
1494,douar,السعوديين,157.0,,1511100000000.0,السعوديين,
1495,douar,أنيماط,157.0,,1511100000000.0,انيماط,
1496,douar,المدينة,157.0,,1511100000000.0,المدينة,
1497,douar,آبطيون,157.0,,1511100000000.0,ابطيون,
1498,douar,تاورات ووتليغة,157.0,,1511100000000.0,تاورات ووتليغة,
1499,douar,إشريبن,157.0,,1511100000000.0,اشريبن,
1500,douar,امزار,156.0,,1511110000000.0,امزار,
1501,douar,بني افتوح,156.0,,1511110000000.0,بني افتوح,
1502,douar,أشتة,156.0,,1511110000000.0,اشتة,
1503,douar,بني بوحلو,156.0,,1511110000000.0,بني بوحلو,
1504,douar,تيورطيوان,156.0,,1511110000000.0,تيورطيوان,
1505,douar,ازليمة,156.0,,1511110000000.0,ازليمة,
1506,douar,اعبايدن,156.0,,1511110000000.0,اعبايدن,
1507,douar,تجايلت,156.0,,1511110000000.0,تجايلت,
1508,douar,تلمط,156.0,,1511110000000.0,تلمط,
1509,douar,Al Oued الواديين,156.0,,1511110000000.0,al oued الواديين,
1510,douar,تزمورت,156.0,,1511110000000.0,تزمورت,
1511,douar,أونة,156.0,,1511110000000.0,اونة,
1512,douar,تورات,156.0,,1511110000000.0,تورات,
1513,douar,أسفيان,156.0,,1511110000000.0,اسفيان,
1514,douar,إجوراين,156.0,,1511110000000.0,اجوراين,
1515,douar,تارية السفلى,156.0,,1511110000000.0,تارية السفلى,
1516,douar,تارية العليا,156.0,,1511110000000.0,تارية العليا,
1517,douar,تازخت,156.0,,1511110000000.0,تازخت,
1518,douar,مركز أسيفان,156.0,,1511110000000.0,مركز اسيفان,
1519,douar,لبان,156.0,,1511110000000.0,لبان,
1520,douar,أسمران,156.0,,1511110000000.0,اسمران,
1521,douar,إخورشاش,156.0,,1511110000000.0,اخورشاش,
1522,douar,بوهدون,156.0,,1511110000000.0,بوهدون,
1523,douar,تلاودمان,156.0,,1511110000000.0,تلاودمان,
1524,douar,Zaitoune الزيتونة,156.0,,1511110000000.0,zaitoune الزيتونة,
1525,douar,إشريتن,156.0,,1511110000000.0,اشريتن,
1526,douar,تكيت,156.0,,1511110000000.0,تكيت,
1527,douar,تورارن,156.0,,1511110000000.0,تورارن,
1528,douar,النعيمة,156.0,,1511110000000.0,النعيمة,
1529,douar,تزروت,156.0,,1511110000000.0,تزروت,
1530,douar,بو دقيق,156.0,,1511110000000.0,بو دقيق,
1531,douar,إزناجن,156.0,,1511110000000.0,ازناجن,
1532,douar,إغلفاين,156.0,,1511110000000.0,اغلفاين,
1533,douar,بني برون,156.0,,1511110000000.0,بني برون,
1534,douar,أمطيل,156.0,,1511110000000.0,امطيل,
1535,douar,تسراي,156.0,,1511110000000.0,تسراي,
1536,douar,أنرجل,156.0,,1511110000000.0,انرجل,
1537,douar,إلوجان,156.0,,1511110000000.0,الوجان,
1538,douar,تغدوان,156.0,,1511110000000.0,تغدوان,
1539,douar,تلاتفراط,156.0,,1511110000000.0,تلاتفراط,
1540,douar,زاوية أعشاب,156.0,,1511110000000.0,زاوية اعشاب,
1541,douar,زاوية نورث,156.0,,1511110000000.0,زاوية نورث,
1542,douar,إمدرنان,156.0,,1511110000000.0,امدرنان,
1543,douar,مركز باب المضيق,156.0,,1511110000000.0,مركز باب المضيق,
1544,douar,إمولة,156.0,,1511110000000.0,امولة,
1545,douar,تفراوكت,156.0,,1511110000000.0,تفراوكت,
1546,douar,إحناشن,156.0,,1511110000000.0,احناشن,
1547,douar,إسقيفن,156.0,,1511110000000.0,اسقيفن,
1548,douar,تلاعطية,156.0,,1511110000000.0,تلاعطية,
1549,douar,الزاوية العليا,156.0,,1511110000000.0,الزاوية العليا,
1550,douar,عصفورت,156.0,,1511110000000.0,عصفورت,
1551,douar,متاع,156.0,,1511110000000.0,متاع,
1552,douar,جندوزت,156.0,,1511110000000.0,جندوزت,
1553,douar,درمانث,156.0,,1511110000000.0,درمانث,
1554,douar,إخلادن,156.0,,1511110000000.0,اخلادن,
1555,douar,لشقرش,77.0,,2270310000000.0,لشقرش,
1556,douar,جبل الحجام,77.0,,2270310000000.0,جبل الحجام,
1557,douar,بني معدان,77.0,,2270310000000.0,بني معدان,
1558,douar,ٱسعيدش,77.0,,2270310000000.0,ٱسعيدش,
1559,douar,سيوانة,77.0,,2270310000000.0,سيوانة,
1560,douar,الرميلات,77.0,,2270310000000.0,الرميلات,
1561,douar,عين حرات,77.0,,2270310000000.0,عين حرات,
1562,douar,ٱغليعش,77.0,,2270310000000.0,ٱغليعش,
1563,douar,الجردة,77.0,,2270310000000.0,الجردة,
1564,douar,دار العقال,77.0,,2270310000000.0,دار العقال,
1565,douar,دار قشانة,77.0,,2270310000000.0,دار قشانة,
1566,douar,الرملة,77.0,,2270310000000.0,الرملة,
1567,douar,الملالح,77.0,,2270310000000.0,الملالح,
1568,douar,الفحامين,77.0,,2270310000000.0,الفحامين,
1569,douar,عين الفخوخ,77.0,,2270310000000.0,عين الفخوخ,
1570,douar,بوبرداع,77.0,,2270310000000.0,بوبرداع,
1571,douar,دار الغريب,77.0,,2270310000000.0,دار الغريب,
1572,douar,أبرارق,77.0,,2270310000000.0,ابرارق,
1573,douar,أشعيريش,77.0,,2270310000000.0,اشعيريش,
1574,douar,لحساسنة,77.0,,2270310000000.0,لحساسنة,
1575,douar,بني حلو,77.0,,2270310000000.0,بني حلو,
1576,douar,القلعة,77.0,,2270310000000.0,القلعة,
1577,douar,أزميزمش,77.0,,2270310000000.0,ازميزمش,
1578,douar,بني اعتاب,77.0,,2270310000000.0,بني اعتاب,
1579,douar,بولعيشيش,77.0,,2270310000000.0,بولعيشيش,
1580,douar,الزاوية,77.0,,2270310000000.0,الزاوية,
1581,douar,القصيبة,77.0,,2270310000000.0,القصيبة,
1582,douar,ٱعزيبيش,77.0,,2270310000000.0,ٱعزيبيش,
1583,douar,ابغيلش,77.0,,2270310000000.0,ابغيلش,
1584,douar,اجوانب,77.0,,2270310000000.0,اجوانب,
1585,douar,الكديوة,77.0,,2270310000000.0,الكديوة,
1586,douar,منݣرلة,77.0,,2270310000000.0,منݣرلة,
1587,douar,دار اطويلش,77.0,,2270310000000.0,دار اطويلش,
1588,douar,بوزاكي,77.0,,2270310000000.0,بوزاكي,
1589,douar,تافزة,77.0,,2270310000000.0,تافزة,
1590,douar,الخندق,77.0,,2270310000000.0,الخندق,
1591,douar,احلاتت,77.0,,2270310000000.0,احلاتت,
1592,douar,Jouamaa جوامعة,76.0,,2270310000000.0,jouamaa جوامعة,
1593,douar,أعزيب أبرارق,76.0,,2270310000000.0,اعزيب ابرارق,
1594,douar,سيوفة,76.0,,2270310000000.0,سيوفة,
1595,douar,الطايفي,76.0,,2270310000000.0,الطايفي,
1596,douar,ادهار الوسطي,76.0,,2270310000000.0,ادهار الوسطي,
1597,douar,الضاية,76.0,,2270310000000.0,الضاية,
1598,douar,لغريفة,76.0,,2270310000000.0,لغريفة,
1599,douar,ݣرݣر,76.0,,2270310000000.0,ݣرݣر,
1600,douar,ادهار البردعة,76.0,,2270310000000.0,ادهار البردعة,
1601,douar,حكامة,76.0,,2270310000000.0,حكامة,
1602,douar,مرج اللوة,76.0,,2270310000000.0,مرج اللوة,
1603,douar,الرمل,76.0,,2270310000000.0,الرمل,
1604,douar,دار ميمون,76.0,,2270310000000.0,دار ميمون,
1605,douar,ݣليد,76.0,,2270310000000.0,ݣليد,
1606,douar,العتنون,76.0,,2270310000000.0,العتنون,
1607,douar,المخالد,76.0,,2270310000000.0,المخالد,
1608,douar,الحوض,76.0,,2270310000000.0,الحوض,
1609,douar,المجابحة,76.0,,2270310000000.0,المجابحة,
1610,douar,خندق الكبش,76.0,,2270310000000.0,خندق الكبش,
1611,douar,عيدادة,76.0,,2270310000000.0,عيدادة,
1612,douar,غرباوة,76.0,,2270310000000.0,غرباوة,
1613,douar,بوݣردوس,76.0,,2270310000000.0,بوݣردوس,
1614,douar,مركز القصر المجاز,79.0,,2270310000000.0,مركز القصر المجاز,
1615,douar,عين شوكة,79.0,,2270310000000.0,عين شوكة,
1616,douar,Louta لوطا,79.0,,2270310000000.0,louta لوطا,
1617,douar,واد الرمل,79.0,,2270310000000.0,واد الرمل,
1618,douar,الدالية,79.0,,2270310000000.0,الدالية,
1619,douar,Mansoura المنصورة,79.0,,2270310000000.0,mansoura المنصورة,
1620,douar,واد غلالة,79.0,,2270310000000.0,واد غلالة,
1621,douar,Ketama كتامة,79.0,,2270310000000.0,ketama كتامة,
1622,douar,عين الصغير,79.0,,2270310000000.0,عين الصغير,
1623,douar,الحامة,79.0,,2270310000000.0,الحامة,
1624,douar,احتاتش,79.0,,2270310000000.0,احتاتش,
1625,douar,الحومة,79.0,,2270310000000.0,الحومة,
1626,douar,ساقية الحوتة,79.0,,2270310000000.0,ساقية الحوتة,
1627,douar,الحجيرة,79.0,,2270310000000.0,الحجيرة,
1628,douar,اللويد,79.0,,2270310000000.0,اللويد,
1629,douar,أݣواز,79.0,,2270310000000.0,اݣواز,
1630,douar,الدقشير,79.0,,2270310000000.0,الدقشير,
1631,douar,عين العكايز,79.0,,2270310000000.0,عين العكايز,
1632,douar,اضهار الخروب العليا,79.0,,2270310000000.0,اضهار الخروب العليا,
1633,douar,اضهار الخروب السفلى,79.0,,2270310000000.0,اضهار الخروب السفلى,
1634,douar,تجزئة اضهار الخروب,79.0,,2270310000000.0,تجزية اضهار الخروب,
1635,douar,الدراويش,79.0,,2270310000000.0,الدراويش,
1636,douar,بوعباد,79.0,,2270310000000.0,بوعباد,
1637,douar,العناصر,78.0,,2270320000000.0,العناصر,
1638,douar,مراح الدبان,78.0,,2270320000000.0,مراح الدبان,
1639,douar,بوريحان,78.0,,2270320000000.0,بوريحان,
1640,douar,الحافة,78.0,,2270320000000.0,الحافة,
1641,douar,الدشيشة,78.0,,2270320000000.0,الدشيشة,
1642,douar,عين الجير,78.0,,2270320000000.0,عين الجير,
1643,douar,البيوت,78.0,,2270320000000.0,البيوت,
1644,douar,دار الحجار,78.0,,2270320000000.0,دار الحجار,
1645,douar,الداهر,78.0,,2270320000000.0,الداهر,
1646,douar,دار عيادش,78.0,,2270320000000.0,دار عيادش,
1647,douar,الخوايم,78.0,,2270320000000.0,الخوايم,
1648,douar,Taghramt تغرامت,78.0,,2270320000000.0,taghramt تغرامت,
1649,douar,بين الويدان,78.0,,2270320000000.0,بين الويدان,
1650,douar,الكحالين,78.0,,2270320000000.0,الكحالين,
1651,douar,أمزوك,78.0,,2270320000000.0,امزوك,
1652,douar,المغاربة,78.0,,2270320000000.0,المغاربة,
1653,douar,واد الحدادين,78.0,,2270320000000.0,واد الحدادين,
1654,douar,ادهار الودارسة,78.0,,2270320000000.0,ادهار الودارسة,
1655,douar,واد المرسى,78.0,,2270320000000.0,واد المرسى,
1656,douar,توطية البيوت,78.0,,2270320000000.0,توطية البيوت,
1657,douar,المنار,74.0,,2270500000000.0,المنار,
1658,douar,النوينويش,74.0,,2270500000000.0,النوينويش,
1659,douar,بني واسين,74.0,,2270500000000.0,بني واسين,
1660,douar,فدان السعيدي,74.0,,2270500000000.0,فدان السعيدي,
1661,douar,بني مجمل,74.0,,2270500000000.0,بني مجمل,
1662,douar,بني مسعود,74.0,,2270500000000.0,بني مسعود,
1663,douar,فدان شابو,74.0,,2270500000000.0,فدان شابو,
1664,douar,عين زيتونة,74.0,,2270500000000.0,عين زيتونة,
1665,douar,عين الرمل,75.0,,2270510000000.0,عين الرمل,
1666,douar,دار فوال,75.0,,2270510000000.0,دار فوال,
1667,douar,اللشبا,75.0,,2270510000000.0,اللشبا,
1668,douar,فرسيوة,75.0,,2270510000000.0,فرسيوة,
1669,douar,قصر الصغير,75.0,,2270510000000.0,قصر الصغير,
1670,douar,الزهارة,75.0,,2270510000000.0,الزهارة,
1671,douar,واد أليان,75.0,,2270510000000.0,واد اليان,
1672,douar,ملييش السفلية,75.0,,2270510000000.0,ملييش السفلية,
1673,douar,ملييش الفوقية,75.0,,2270510000000.0,ملييش الفوقية,
1674,douar,غوجين,75.0,,2270510000000.0,غوجين,
1675,douar,حسانة,75.0,,2270510000000.0,حسانة,
1676,douar,فرديوة,75.0,,2270510000000.0,فرديوة,
1677,douar,الدهاده,75.0,,2270510000000.0,الدهاده,
1678,douar,أݣنوان,75.0,,2270510000000.0,اݣنوان,
1679,douar,غرباوة,75.0,,2270510000000.0,غرباوة,
1680,douar,خندق ازرارع,75.0,,2270510000000.0,خندق ازرارع,
1681,douar,طالع الشريف,75.0,,2270510000000.0,طالع الشريف,
1682,douar,طالع القرع,75.0,,2270510000000.0,طالع القرع,
1683,douar,دار حمران,73.0,,2270510000000.0,دار حمران,
1684,douar,البرج,73.0,,2270510000000.0,البرج,
1685,douar,عين عنصر,73.0,,2270510000000.0,عين عنصر,
1686,douar,بولعيشيش,73.0,,2270510000000.0,بولعيشيش,
1687,douar,المخفي,73.0,,2270510000000.0,المخفي,
1688,douar,Malloussa ملوسة,73.0,,2270510000000.0,malloussa ملوسة,
1689,douar,الرمان,73.0,,2270510000000.0,الرمان,
1690,douar,وازلة,73.0,,2270510000000.0,وازلة,
1691,douar,الزميج,73.0,,2270510000000.0,الزميج,
1692,douar,الحمومي,73.0,,2270510000000.0,الحمومي,
1693,douar,عين اسعيد,73.0,,2270510000000.0,عين اسعيد,
1694,douar,عزيب بولعيش,73.0,,2270510000000.0,عزيب بولعيش,
1695,douar,غدير الدفلة,73.0,,2270510000000.0,غدير الدفلة,
1696,douar,تافوغالت,73.0,,2270510000000.0,تافوغالت,
1697,douar,اغزييلش,73.0,,2270510000000.0,اغزييلش,
1698,douar,عين حمراء,73.0,,2270510000000.0,عين حمراء,
1699,douar,اللنجرييش,73.0,,2270510000000.0,اللنجرييش,
1700,douar,العزيب الفوقي,85.0,,3310700000000.0,العزيب الفوقي,
1701,douar,العزيب السفلي,85.0,,3310700000000.0,العزيب السفلي,
1702,douar,فدان الكبير,85.0,,3310700000000.0,فدان الكبير,
1703,douar,احميمون,85.0,,3310700000000.0,احميمون,
1704,douar,القزقاز,85.0,,3310700000000.0,القزقاز,
1705,douar,سيدي بوصفرة,85.0,,3310700000000.0,سيدي بوصفرة,
1706,douar,دار Al Oued الواد,85.0,,3310700000000.0,دار al oued الواد,
1707,douar,دار الصف,85.0,,3310700000000.0,دار الصف,
1708,douar,عين اقرار,85.0,,3310700000000.0,عين اقرار,
1709,douar,الشعرة,85.0,,3310700000000.0,الشعرة,
1710,douar,تغربوت,85.0,,3310700000000.0,تغربوت,
1711,douar,أهل الماء,85.0,,3310700000000.0,اهل الماء,
1712,douar,اعزيب اولاد الدامون,85.0,,3310700000000.0,اعزيب اولاد الدامون,
1713,douar,أمكادي,85.0,,3310700000000.0,امكادي,
1714,douar,الحلية,85.0,,3310700000000.0,الحلية,
1715,douar,سيدي يسف,85.0,,3310700000000.0,سيدي يسف,
1716,douar,بني صفار,85.0,,3310700000000.0,بني صفار,
1717,douar,أوجا,85.0,,3310700000000.0,اوجا,
1718,douar,عين قصب,85.0,,3310700000000.0,عين قصب,
1719,douar,عين السمن,85.0,,3310700000000.0,عين السمن,
1720,douar,الغراف,85.0,,3310700000000.0,الغراف,
1721,douar,بوادران,85.0,,3310700000000.0,بوادران,
1722,douar,عين بوعامر,85.0,,3310700000000.0,عين بوعامر,
1723,douar,بير الدوار,85.0,,3310700000000.0,بير الدوار,
1724,douar,جهجوكة,85.0,,3310700000000.0,جهجوكة,
1725,douar,العنصر,85.0,,3310700000000.0,العنصر,
1726,douar,الكارة,85.0,,3310700000000.0,الكارة,
1727,douar,الدمنة,85.0,,3310700000000.0,الدمنة,
1728,douar,القيايرة البدور,84.0,,3310700000000.0,القيايرة البدور,
1729,douar,الدباريين,84.0,,3310700000000.0,الدباريين,
1730,douar,القيايرة الرمل,84.0,,3310700000000.0,القيايرة الرمل,
1731,douar,عين معسكر,84.0,,3310700000000.0,عين معسكر,
1732,douar,المعادة,84.0,,3310700000000.0,المعادة,
1733,douar,جهجوكة,84.0,,3310700000000.0,جهجوكة,
1734,douar,جبل الغني,84.0,,3310700000000.0,جبل الغني,
1735,douar,عين توتة,84.0,,3310700000000.0,عين توتة,
1736,douar,البواحطة,84.0,,3310700000000.0,البواحطة,
1737,douar,صيار بوجناح,84.0,,3310700000000.0,صيار بوجناح,
1738,douar,السرايمة,84.0,,3310700000000.0,السرايمة,
1739,douar,البناندة,84.0,,3310700000000.0,البناندة,
1740,douar,أولاد يشو,84.0,,3310700000000.0,اولاد يشو,
1741,douar,كشاشرة,84.0,,3310700000000.0,كشاشرة,
1742,douar,الضوامر,84.0,,3310700000000.0,الضوامر,
1743,douar,الدكاكلة,84.0,,3310700000000.0,الدكاكلة,
1744,douar,أولاد سدرة,84.0,,3310700000000.0,اولاد سدرة,
1745,douar,كراروة,84.0,,3310700000000.0,كراروة,
1746,douar,الخيايطة,84.0,,3310700000000.0,الخيايطة,
1747,douar,أولاد شتوان,84.0,,3310700000000.0,اولاد شتوان,
1748,douar,مدشر المعلم,84.0,,3310700000000.0,مدشر المعلم,
1749,douar,المزاينة,84.0,,3310700000000.0,المزاينة,
1750,douar,لحلالفة,84.0,,3310700000000.0,لحلالفة,
1751,douar,البدور أولاد موسى,84.0,,3310700000000.0,البدور اولاد موسى,
1752,douar,البدور الجوابر,84.0,,3310700000000.0,البدور الجوابر,
1753,douar,الغديرة الرياح,82.0,,3310710000000.0,الغديرة الرياح,
1754,douar,الرحامنة,82.0,,3310710000000.0,الرحامنة,
1755,douar,العوامرة الدوار,82.0,,3310710000000.0,العوامرة الدوار,
1756,douar,تعاونية بوجدور,82.0,,3310710000000.0,تعاونية بوجدور,
1757,douar,دوار أولاد صخر,82.0,,3310710000000.0,دوار اولاد صخر,
1758,douar,أولاد الغماري الرمل,82.0,,3310710000000.0,اولاد الغماري الرمل,
1759,douar,دوار الزلاولة,82.0,,3310710000000.0,دوار الزلاولة,
1760,douar,بوشارن,82.0,,3310710000000.0,بوشارن,
1761,douar,دهيرية,82.0,,3310710000000.0,دهيرية,
1762,douar,العدارة,82.0,,3310710000000.0,العدارة,
1763,douar,العدير,82.0,,3310710000000.0,العدير,
1764,douar,الهيايضة,82.0,,3310710000000.0,الهيايضة,
1765,douar,الموارعة الرمل,82.0,,3310710000000.0,الموارعة الرمل,
1766,douar,أولاد حمو الغابة,82.0,,3310710000000.0,اولاد حمو الغابة,
1767,douar,الحساسنة,82.0,,3310710000000.0,الحساسنة,
1768,douar,برغة,82.0,,3310710000000.0,برغة,
1769,douar,صوير,82.0,,3310710000000.0,صوير,
1770,douar,الهشايشة,82.0,,3310710000000.0,الهشايشة,
1771,douar,الغوازي,82.0,,3310710000000.0,الغوازي,
1772,douar,الهراكشة,82.0,,3310710000000.0,الهراكشة,
1773,douar,فرارة,87.0,,3310710000000.0,فرارة,
1774,douar,اولاد بوميلاح,87.0,,3310710000000.0,اولاد بوميلاح,
1775,douar,توجاخت,87.0,,3310710000000.0,توجاخت,
1776,douar,Izemmouren ازمورن,87.0,,3310710000000.0,izemmouren ازمورن,
1777,douar,تزروت,87.0,,3310710000000.0,تزروت,
1778,douar,أفوزار,87.0,,3310710000000.0,افوزار,
1779,douar,مترازة,87.0,,3310710000000.0,مترازة,
1780,douar,العزابة واد اللوكوس,87.0,,3310710000000.0,العزابة واد اللوكوس,
1781,douar,أكير,87.0,,3310710000000.0,اكير,
1782,douar,مرشاق,87.0,,3310710000000.0,مرشاق,
1783,douar,المنجرة,87.0,,3310710000000.0,المنجرة,
1784,douar,عنصر الحاج,87.0,,3310710000000.0,عنصر الحاج,
1785,douar,تيمزلان,87.0,,3310710000000.0,تيمزلان,
1786,douar,أورغازن,87.0,,3310710000000.0,اورغازن,
1787,douar,الريحانة,87.0,,3310710000000.0,الريحانة,
1788,douar,أكلا,87.0,,3310710000000.0,اكلا,
1789,douar,فدان الدرا,87.0,,3310710000000.0,فدان الدرا,
1790,douar,عين شاق,87.0,,3310710000000.0,عين شاق,
1791,douar,عين كلبة,87.0,,3310710000000.0,عين كلبة,
1792,douar,بوبرقاق,87.0,,3310710000000.0,بوبرقاق,
1793,douar,كندماس,87.0,,3310710000000.0,كندماس,
1794,douar,العنصار بني عبد الله,87.0,,3310710000000.0,العنصار بني عبد الله,
1795,douar,ثلاثاء بني يسف,87.0,,3310710000000.0,ثلاثاء بني يسف,
1796,douar,Al Oued الواديين,87.0,,3310710000000.0,al oued الواديين,
1797,douar,الطاهير,87.0,,3310710000000.0,الطاهير,
1798,douar,الغابة,87.0,,3310710000000.0,الغابة,
1799,douar,المسيلة,87.0,,3310710000000.0,المسيلة,
1800,douar,أكلا أحدادين,87.0,,3310710000000.0,اكلا احدادين,
1801,douar,أناسيل أحدادين,87.0,,3310710000000.0,اناسيل احدادين,
1802,douar,الصفيفة,87.0,,3310710000000.0,الصفيفة,
1803,douar,اجبيلة,87.0,,3310710000000.0,اجبيلة,
1804,douar,القصبة,87.0,,3310710000000.0,القصبة,
1805,douar,دار الوطا,87.0,,3310710000000.0,دار الوطا,
1806,douar,الخربة,87.0,,3310710000000.0,الخربة,
1807,douar,أمجادي,87.0,,3310710000000.0,امجادي,
1808,douar,غدير بوعلي,87.0,,3310710000000.0,غدير بوعلي,
1809,douar,فدان الجبل,87.0,,3310710000000.0,فدان الجبل,
1810,douar,ورزيان,87.0,,3310710000000.0,ورزيان,
1811,douar,بني سليمان,87.0,,3310710000000.0,بني سليمان,
1812,douar,الرحبة,87.0,,3310710000000.0,الرحبة,
1813,douar,بودا,87.0,,3310710000000.0,بودا,
1814,douar,أدغوس,87.0,,3310710000000.0,ادغوس,
1815,douar,القلة,87.0,,3310710000000.0,القلة,
1816,douar,خندق أجنة,87.0,,3310710000000.0,خندق اجنة,
1817,douar,دار القديمة,87.0,,3310710000000.0,دار القديمة,
1818,douar,عين ازياتين,87.0,,3310710000000.0,عين ازياتين,
1819,douar,ازرايب,87.0,,3310710000000.0,ازرايب,
1820,douar,أناسل,87.0,,3310710000000.0,اناسل,
1821,douar,الحامة,87.0,,3310710000000.0,الحامة,
1822,douar,تارية,87.0,,3310710000000.0,تارية,
1823,douar,الدار,87.0,,3310710000000.0,الدار,
1824,douar,سافوهار,87.0,,3310710000000.0,سافوهار,
1825,douar,الشبيكة الديب,87.0,,3310710000000.0,الشبيكة الديب,
1826,douar,لقلوع,87.0,,3310710000000.0,لقلوع,
1827,douar,الجزيرة,87.0,,3310710000000.0,الجزيرة,
1828,douar,دار بن سليمان,87.0,,3310710000000.0,دار بن سليمان,
1829,douar,الركيبة,87.0,,3310710000000.0,الركيبة,
1830,douar,الصاف,87.0,,3310710000000.0,الصاف,
1831,douar,الغلمان,87.0,,3310710000000.0,الغلمان,
1832,douar,عين فاسة,87.0,,3310710000000.0,عين فاسة,
1833,douar,امزواق,87.0,,3310710000000.0,امزواق,
1834,douar,تارية بني يحيى,87.0,,3310710000000.0,تارية بني يحيى,
1835,douar,عين خنزيرة,87.0,,3310710000000.0,عين خنزيرة,
1836,douar,بني صاين,86.0,,3310720000000.0,بني صاين,
1837,douar,البيار,86.0,,3310720000000.0,البيار,
1838,douar,بقارة,86.0,,3310720000000.0,بقارة,
1839,douar,بورخة,86.0,,3310720000000.0,بورخة,
1840,douar,مركز تطفت,86.0,,3310720000000.0,مركز تطفت,
1841,douar,القوس,86.0,,3310720000000.0,القوس,
1842,douar,وطاح,86.0,,3310720000000.0,وطاح,
1843,douar,مليانة,86.0,,3310720000000.0,مليانة,
1844,douar,الجايزة,86.0,,3310720000000.0,الجايزة,
1845,douar,الصباب,86.0,,3310720000000.0,الصباب,
1846,douar,مخطير,86.0,,3310720000000.0,مخطير,
1847,douar,عين حجل,86.0,,3310720000000.0,عين حجل,
1848,douar,بني كدور,86.0,,3310720000000.0,بني كدور,
1849,douar,المنجرة,86.0,,3310720000000.0,المنجرة,
1850,douar,دار معيزو,86.0,,3310720000000.0,دار معيزو,
1851,douar,الزعازع,86.0,,3310720000000.0,الزعازع,
1852,douar,بني معافة,86.0,,3310720000000.0,بني معافة,
1853,douar,العوش,86.0,,3310720000000.0,العوش,
1854,douar,خندق Al Hamra الحمراء,86.0,,3310720000000.0,خندق al hamra الحمراء,
1855,douar,دار الوزاري,86.0,,3310720000000.0,دار الوزاري,
1856,douar,أدلم الغميق,86.0,,3310720000000.0,ادلم الغميق,
1857,douar,صخرة القط,86.0,,3310720000000.0,صخرة القط,
1858,douar,دار العطار,86.0,,3310720000000.0,دار العطار,
1859,douar,تفير,86.0,,3310720000000.0,تفير,
1860,douar,صف تراولة,86.0,,3310720000000.0,صف تراولة,
1861,douar,الودينييين,83.0,,3310720000000.0,الودينييين,
1862,douar,ابداوة قمقوم,83.0,,3310720000000.0,ابداوة قمقوم,
1863,douar,أولاد الغماري الغابة,83.0,,3310720000000.0,اولاد الغماري الغابة,
1864,douar,القواسمة,83.0,,3310720000000.0,القواسمة,
1865,douar,الدياب,83.0,,3310720000000.0,الدياب,
1866,douar,المراونة,83.0,,3310720000000.0,المراونة,
1867,douar,المناكيب,83.0,,3310720000000.0,المناكيب,
1868,douar,البراكتة,83.0,,3310720000000.0,البراكتة,
1869,douar,أولاد رافع,83.0,,3310720000000.0,اولاد رافع,
1870,douar,الرحاحلة,83.0,,3310720000000.0,الرحاحلة,
1871,douar,أولاد مانون,83.0,,3310720000000.0,اولاد مانون,
1872,douar,أولاد بوربيع,83.0,,3310720000000.0,اولاد بوربيع,
1873,douar,أولاد بوغنام,83.0,,3310720000000.0,اولاد بوغنام,
1874,douar,الفريحيين,83.0,,3310720000000.0,الفريحيين,
1875,douar,عين العبيد,83.0,,3310720000000.0,عين العبيد,
1876,douar,الصوالح,83.0,,3310720000000.0,الصوالح,
1877,douar,الصنادلة,83.0,,3310720000000.0,الصنادلة,
1878,douar,المريسة,83.0,,3310720000000.0,المريسة,
1879,douar,الشقيقيين,83.0,,3310720000000.0,الشقيقيين,
1880,douar,أولاد باخشو,83.0,,3310720000000.0,اولاد باخشو,
1881,douar,أولاد سعيد,83.0,,3310720000000.0,اولاد سعيد,
1882,douar,ركراكة,83.0,,3310720000000.0,ركراكة,
1883,douar,اسحيسحات,83.0,,3310720000000.0,اسحيسحات,
1884,douar,الشليحات,83.0,,3310720000000.0,الشليحات,
1885,douar,برواكة,83.0,,3310720000000.0,برواكة,
1886,douar,المجاهدين,83.0,,3310720000000.0,المجاهدين,
1887,douar,لخنادق,90.0,,3310900000000.0,لخنادق,
1888,douar,أمكازليين,90.0,,3310900000000.0,امكازليين,
1889,douar,دار براطية,90.0,,3310900000000.0,دار براطية,
1890,douar,أولاد بوجمعة,90.0,,3310900000000.0,اولاد بوجمعة,
1891,douar,منيالة,90.0,,3310900000000.0,منيالة,
1892,douar,لقصيبة,90.0,,3310900000000.0,لقصيبة,
1893,douar,الماء الحايل,90.0,,3310900000000.0,الماء الحايل,
1894,douar,أولاد الشاوي,90.0,,3310900000000.0,اولاد الشاوي,
1895,douar,أبياض,90.0,,3310900000000.0,ابياض,
1896,douar,اولاد عبد الصمد,90.0,,3310900000000.0,اولاد عبد الصمد,
1897,douar,الجهيمات,90.0,,3310900000000.0,الجهيمات,
1898,douar,تزمارت,90.0,,3310900000000.0,تزمارت,
1899,douar,لبراهمة,90.0,,3310900000000.0,لبراهمة,
1900,douar,أولاد مسعود,90.0,,3310900000000.0,اولاد مسعود,
1901,douar,خندق احمار,90.0,,3310900000000.0,خندق احمار,
1902,douar,عين غرزول,90.0,,3310900000000.0,عين غرزول,
1903,douar,عين الثوم,90.0,,3310900000000.0,عين الثوم,
1904,douar,امكراط,90.0,,3310900000000.0,امكراط,
1905,douar,أولاد عيسى,90.0,,3310900000000.0,اولاد عيسى,
1906,douar,الشواهد,90.0,,3310900000000.0,الشواهد,
1907,douar,المراكشيين,90.0,,3310900000000.0,المراكشيين,
1908,douar,امسانوة,90.0,,3310900000000.0,امسانوة,
1909,douar,أولاد عكيلة,90.0,,3310900000000.0,اولاد عكيلة,
1910,douar,ظهر السعيدي فرجان,90.0,,3310900000000.0,ظهر السعيدي فرجان,
1911,douar,الجاهمة,90.0,,3310900000000.0,الجاهمة,
1912,douar,بني مالك,90.0,,3310900000000.0,بني مالك,
1913,douar,بوقمو,90.0,,3310900000000.0,بوقمو,
1914,douar,الخالديين,90.0,,3310900000000.0,الخالديين,
1915,douar,عيادش,90.0,,3310900000000.0,عيادش,
1916,douar,عين أقصاب,90.0,,3310900000000.0,عين اقصاب,
1917,douar,عين أسوار,90.0,,3310900000000.0,عين اسوار,
1918,douar,عين معبد,90.0,,3310900000000.0,عين معبد,
1919,douar,دار الخيل,90.0,,3310900000000.0,دار الخيل,
1920,douar,مركز عياشة,90.0,,3310900000000.0,مركز عياشة,
1921,douar,بوخشبة,90.0,,3310900000000.0,بوخشبة,
1922,douar,اسلاطنة,90.0,,3310900000000.0,اسلاطنة,
1923,douar,الحمامات,90.0,,3310900000000.0,الحمامات,
1924,douar,لحنانشة,90.0,,3310900000000.0,لحنانشة,
1925,douar,بومهدي,90.0,,3310900000000.0,بومهدي,
1926,douar,زنيد,90.0,,3310900000000.0,زنيد,
1927,douar,الكروز,90.0,,3310900000000.0,الكروز,
1928,douar,وامراس,88.0,,3310900000000.0,وامراس,
1929,douar,بوحبيل,88.0,,3310900000000.0,بوحبيل,
1930,douar,بوزهري,88.0,,3310900000000.0,بوزهري,
1931,douar,مجمولة,88.0,,3310900000000.0,مجمولة,
1932,douar,تجزرت,88.0,,3310900000000.0,تجزرت,
1933,douar,بوعلقمة,88.0,,3310900000000.0,بوعلقمة,
1934,douar,أفرنو الفوقي,88.0,,3310900000000.0,افرنو الفوقي,
1935,douar,أفرنو السفلي,88.0,,3310900000000.0,افرنو السفلي,
1936,douar,تمزكيدة,88.0,,3310900000000.0,تمزكيدة,
1937,douar,طردان,88.0,,3310900000000.0,طردان,
1938,douar,بغورة,88.0,,3310900000000.0,بغورة,
1939,douar,بودعلال,88.0,,3310900000000.0,بودعلال,
1940,douar,الحارش,88.0,,3310900000000.0,الحارش,
1941,douar,دار الحيط,88.0,,3310900000000.0,دار الحيط,
1942,douar,عين اجدار,88.0,,3310900000000.0,عين اجدار,
1943,douar,ميزن,88.0,,3310900000000.0,ميزن,
1944,douar,عين زيانة,88.0,,3310900000000.0,عين زيانة,
1945,douar,خجيون,88.0,,3310900000000.0,خجيون,
1946,douar,أولاد بن يعيش,88.0,,3310900000000.0,اولاد بن يعيش,
1947,douar,مرج حمود,88.0,,3310900000000.0,مرج حمود,
1948,douar,بوعمار,88.0,,3310900000000.0,بوعمار,
1949,douar,ميصرة,88.0,,3310900000000.0,ميصرة,
1950,douar,عين أحديد,88.0,,3310900000000.0,عين احديد,
1951,douar,بوجارية,88.0,,3310900000000.0,بوجارية,
1952,douar,الرملة,88.0,,3310900000000.0,الرملة,
1953,douar,مركز سيدي علي,88.0,,3310900000000.0,مركز سيدي علي,
1954,douar,ظهر جعادة,88.0,,3310900000000.0,ظهر جعادة,
1955,douar,بوهاني,91.0,,3310910000000.0,بوهاني,
1956,douar,لاهرا,91.0,,3310910000000.0,لاهرا,
1957,douar,الخطوط,91.0,,3310910000000.0,الخطوط,
1958,douar,الصخرة 1,91.0,,3310910000000.0,الصخرة 1,
1959,douar,بني مرقي,91.0,,3310910000000.0,بني مرقي,
1960,douar,عين منصور,91.0,,3310910000000.0,عين منصور,
1961,douar,السهوليين,91.0,,3310910000000.0,السهوليين,
1962,douar,الصفصاف,91.0,,3310910000000.0,الصفصاف,
1963,douar,عين المير,91.0,,3310910000000.0,عين المير,
1964,douar,مركز السبت بني كرفط,91.0,,3310910000000.0,مركز السبت بني كرفط,
1965,douar,الصخرة 2,91.0,,3310910000000.0,الصخرة 2,
1966,douar,صاف,91.0,,3310910000000.0,صاف,
1967,douar,لعيون,91.0,,3310910000000.0,لعيون,
1968,douar,ماهر,91.0,,3310910000000.0,ماهر,
1969,douar,سعدانة,91.0,,3310910000000.0,سعدانة,
1970,douar,عين مامون,91.0,,3310910000000.0,عين مامون,
1971,douar,تسملال,91.0,,3310910000000.0,تسملال,
1972,douar,صف الخلاف,91.0,,3310910000000.0,صف الخلاف,
1973,douar,لقليعة,91.0,,3310910000000.0,لقليعة,
1974,douar,عين بوكرشون,91.0,,3310910000000.0,عين بوكرشون,
1975,douar,الكيفان,91.0,,3310910000000.0,الكيفان,
1976,douar,لحرش,91.0,,3310910000000.0,لحرش,
1977,douar,عين اقداح,91.0,,3310910000000.0,عين اقداح,
1978,douar,Tazroute تازروت,89.0,,3310910000000.0,tazroute تازروت,
1979,douar,بوسراوس,89.0,,3310910000000.0,بوسراوس,
1980,douar,السلالم,89.0,,3310910000000.0,السلالم,
1981,douar,بومنديل,89.0,,3310910000000.0,بومنديل,
1982,douar,أدشيار,89.0,,3310910000000.0,ادشيار,
1983,douar,تزكلوت,89.0,,3310910000000.0,تزكلوت,
1984,douar,دار أبجاو,89.0,,3310910000000.0,دار ابجاو,
1985,douar,الدرادر,89.0,,3310910000000.0,الدرادر,
1986,douar,أرريوش,89.0,,3310910000000.0,ارريوش,
1987,douar,العجالية,89.0,,3310910000000.0,العجالية,
1988,douar,الحمة,89.0,,3310910000000.0,الحمة,
1989,douar,تلفتة,89.0,,3310910000000.0,تلفتة,
1990,douar,Al Manzla المنزلة,89.0,,3310910000000.0,al manzla المنزلة,
1991,douar,أغبالو,89.0,,3310910000000.0,اغبالو,
1992,douar,ادرو,89.0,,3310910000000.0,ادرو,
1993,douar,تازية,89.0,,3310910000000.0,تازية,
1994,douar,أمسمليل,89.0,,3310910000000.0,امسمليل,
1995,douar,لعمريش,89.0,,3310910000000.0,لعمريش,
1996,douar,حماديش,89.0,,3310910000000.0,حماديش,
1997,douar,أدياز,89.0,,3310910000000.0,ادياز,
1998,douar,تيدة,89.0,,3310910000000.0,تيدة,
1999,douar,لحصان,89.0,,3310910000000.0,لحصان,
2000,douar,تليامين,89.0,,3310910000000.0,تليامين,
2001,douar,مشيشوان,89.0,,3310910000000.0,مشيشوان,
2002,douar,مركز مولاي عبد السلام,89.0,,3310910000000.0,مركز مولاي عبد السلام,
2003,douar,تاولة,92.0,,3310920000000.0,تاولة,
2004,douar,خربة الشناتفة,92.0,,3310920000000.0,خربة الشناتفة,
2005,douar,دار قرمود,92.0,,3310920000000.0,دار قرمود,
2006,douar,أكرسان,92.0,,3310920000000.0,اكرسان,
2007,douar,بوحمصي,92.0,,3310920000000.0,بوحمصي,
2008,douar,دار الراطي,92.0,,3310920000000.0,دار الراطي,
2009,douar,عين بيضة,92.0,,3310920000000.0,عين بيضة,
2010,douar,تفرانت,92.0,,3310920000000.0,تفرانت,
2011,douar,الخريبة,92.0,,3310920000000.0,الخريبة,
2012,douar,شفراوش,92.0,,3310920000000.0,شفراوش,
2013,douar,الشنايلة,92.0,,3310920000000.0,الشنايلة,
2014,douar,الرملة,92.0,,3310920000000.0,الرملة,
2015,douar,الهوتة,92.0,,3310920000000.0,الهوتة,
2016,douar,اورموت,92.0,,3310920000000.0,اورموت,
2017,douar,أغليمن,92.0,,3310920000000.0,اغليمن,
2018,douar,أفرا,92.0,,3310920000000.0,افرا,
2019,douar,الطاين,92.0,,3310920000000.0,الطاين,
2020,douar,الحرشة,92.0,,3310920000000.0,الحرشة,
2021,douar,النواول,92.0,,3310920000000.0,النواول,
2022,douar,اصوالح اخريشيفة,96.0,,3311100000000.0,اصوالح اخريشيفة,
2023,douar,أولاد خزعل,96.0,,3311100000000.0,اولاد خزعل,
2024,douar,الصنايجة,96.0,,3311100000000.0,الصنايجة,
2025,douar,ابداوة نجمة,96.0,,3311100000000.0,ابداوة نجمة,
2026,douar,عامر النجمة,96.0,,3311100000000.0,عامر النجمة,
2027,douar,الشليحات الشفيرات,96.0,,3311100000000.0,الشليحات الشفيرات,
2028,douar,أولاد عمران اخريشيفة,96.0,,3311100000000.0,اولاد عمران اخريشيفة,
2029,douar,اولاد حمايد اخريشيفة,96.0,,3311100000000.0,اولاد حمايد اخريشيفة,
2030,douar,الوراردة,96.0,,3311100000000.0,الوراردة,
2031,douar,دويعيسة اخريشيفة,96.0,,3311100000000.0,دويعيسة اخريشيفة,
2032,douar,الرياينة,96.0,,3311100000000.0,الرياينة,
2033,douar,أولاد بودراع,96.0,,3311100000000.0,اولاد بودراع,
2034,douar,Oulad Ouchih أولاد اوشيح,96.0,,3311100000000.0,oulad ouchih اولاد اوشيح,
2035,douar,الهراسة شماخة,96.0,,3311100000000.0,الهراسة شماخة,
2036,douar,الهرارسة أولاد التهامي,96.0,,3311100000000.0,الهرارسة اولاد التهامي,
2037,douar,البواشتة وارور,96.0,,3311100000000.0,البواشتة وارور,
2038,douar,أولاد عمران المكي,94.0,,3311110000000.0,اولاد عمران المكي,
2039,douar,أولاد حمو بن علي,94.0,,3311110000000.0,اولاد حمو بن علي,
2040,douar,أولاد سلطان,94.0,,3311110000000.0,اولاد سلطان,
2041,douar,صيار تركونت,94.0,,3311110000000.0,صيار تركونت,
2042,douar,عرباوة حمري,94.0,,3311110000000.0,عرباوة حمري,
2043,douar,أولاد زيتون,94.0,,3311110000000.0,اولاد زيتون,
2044,douar,أولاد عمران الكروطة,94.0,,3311110000000.0,اولاد عمران الكروطة,
2045,douar,عامرعين الحنة,94.0,,3311110000000.0,عامرعين الحنة,
2046,douar,المركز,94.0,,3311110000000.0,المركز,
2047,douar,الصوالح,94.0,,3311110000000.0,الصوالح,
2048,douar,دوي عيسى الطايشة,94.0,,3311110000000.0,دوي عيسى الطايشة,
2049,douar,لغياليف,94.0,,3311110000000.0,لغياليف,
2050,douar,الزراهنة,94.0,,3311110000000.0,الزراهنة,
2051,douar,الخراشفة,94.0,,3311110000000.0,الخراشفة,
2052,douar,البريج,94.0,,3311110000000.0,البريج,
2053,douar,البجيحين,94.0,,3311110000000.0,البجيحين,
2054,douar,أولاد بوحميدة,94.0,,3311110000000.0,اولاد بوحميدة,
2055,douar,دوار 31,94.0,,3311110000000.0,دوار 31,
2056,douar,عامر الرويحيين,94.0,,3311110000000.0,عامر الرويحيين,
2057,douar,أولاد بوملحة,94.0,,3311110000000.0,اولاد بوملحة,
2058,douar,أولاد بن داود,94.0,,3311110000000.0,اولاد بن داود,
2059,douar,أولاد حمو خزعال,94.0,,3311110000000.0,اولاد حمو خزعال,
2060,douar,الكريديين,94.0,,3311110000000.0,الكريديين,
2061,douar,البغادة,95.0,,3311110000000.0,البغادة,
2062,douar,أولاد الكلاعي,95.0,,3311110000000.0,اولاد الكلاعي,
2063,douar,الخماملة,95.0,,3311110000000.0,الخماملة,
2064,douar,أولاد بن الصيد,95.0,,3311110000000.0,اولاد بن الصيد,
2065,douar,أولاد يحيى,95.0,,3311110000000.0,اولاد يحيى,
2066,douar,دوار 12(الضوسي),95.0,,3311110000000.0,دوار 12(الضوسي),
2067,douar,الموارعة القنطرة,95.0,,3311110000000.0,الموارعة القنطرة,
2068,douar,الغربية السلة,95.0,,3311110000000.0,الغربية السلة,
2069,douar,الكحانة,95.0,,3311110000000.0,الكحانة,
2070,douar,الطواجنة,95.0,,3311110000000.0,الطواجنة,
2071,douar,الخوارة,95.0,,3311110000000.0,الخوارة,
2072,douar,العماير البويض,95.0,,3311110000000.0,العماير البويض,
2073,douar,أولاد خلخال,95.0,,3311110000000.0,اولاد خلخال,
2074,douar,أولاد مصباح,95.0,,3311110000000.0,اولاد مصباح,
2075,douar,ابداوة الشجرة,95.0,,3311110000000.0,ابداوة الشجرة,
2076,douar,الدشر الرواح,93.0,,3311110000000.0,الدشر الرواح,
2077,douar,العنصر,93.0,,3311110000000.0,العنصر,
2078,douar,القريمدة,93.0,,3311110000000.0,القريمدة,
2079,douar,مزكالف,93.0,,3311110000000.0,مزكالف,
2080,douar,الدشير,93.0,,3311110000000.0,الدشير,
2081,douar,بني كيسان,93.0,,3311110000000.0,بني كيسان,
2082,douar,عين قطاع,93.0,,3311110000000.0,عين قطاع,
2083,douar,النجارين,93.0,,3311110000000.0,النجارين,
2084,douar,الدشر الجديد,93.0,,3311110000000.0,الدشر الجديد,
2085,douar,لبلاط,93.0,,3311110000000.0,لبلاط,
2086,douar,الريحيين,93.0,,3311110000000.0,الريحيين,
2087,douar,السنديين,93.0,,3311110000000.0,السنديين,
2088,douar,اقسيريسي,93.0,,3311110000000.0,اقسيريسي,
2089,douar,النكارجة,93.0,,3311110000000.0,النكارجة,
2090,douar,دوكالة,93.0,,3311110000000.0,دوكالة,
2091,douar,بوصافي,93.0,,3311110000000.0,بوصافي,
2092,douar,يداوة الطايف,93.0,,3311110000000.0,يداوة الطايف,
2093,douar,خميس الساحل,93.0,,3311110000000.0,خميس الساحل,
2094,douar,أولاد بوجنون بونقاب,97.0,,3311110000000.0,اولاد بوجنون بونقاب,
2095,douar,الجبينات,97.0,,3311110000000.0,الجبينات,
2096,douar,أولاد جميل الجنوبية,97.0,,3311110000000.0,اولاد جميل الجنوبية,
2097,douar,أولاد جميل الشمالية,97.0,,3311110000000.0,اولاد جميل الشمالية,
2098,douar,Souaken السواكن,97.0,,3311110000000.0,souaken السواكن,
2099,douar,أولاد حداد,97.0,,3311110000000.0,اولاد حداد,
2100,douar,أولاد سالم,97.0,,3311110000000.0,اولاد سالم,
2101,douar,الدرابلة,97.0,,3311110000000.0,الدرابلة,
2102,douar,أولاد بوجنون طلايا,97.0,,3311110000000.0,اولاد بوجنون طلايا,
2103,douar,أولاد بوجنون الحرش,97.0,,3311110000000.0,اولاد بوجنون الحرش,
2104,douar,أولاد يشو الوراردة,97.0,,3311110000000.0,اولاد يشو الوراردة,
2105,douar,العظومة,97.0,,3311110000000.0,العظومة,
2106,douar,العماير الطليق,97.0,,3311110000000.0,العماير الطليق,
2107,douar,العماير الكوحل,97.0,,3311110000000.0,العماير الكوحل,
2108,douar,الزنابلة,97.0,,3311110000000.0,الزنابلة,
2109,douar,أولاد مونس,97.0,,3311110000000.0,اولاد مونس,
2110,douar,أولاد بنعياد,97.0,,3311110000000.0,اولاد بنعياد,
2111,douar,الموارعة سكومة,97.0,,3311110000000.0,الموارعة سكومة,
2112,douar,العذب,97.0,,3311110000000.0,العذب,
2113,douar,أولاد الشهبي,97.0,,3311110000000.0,اولاد الشهبي,
2114,douar,اولاد بومعيزات,98.0,,3311110000000.0,اولاد بومعيزات,
2115,douar,اهلالات,98.0,,3311110000000.0,اهلالات,
2116,douar,القرابات,98.0,,3311110000000.0,القرابات,
2117,douar,الدشيرة,98.0,,3311110000000.0,الدشيرة,
2118,douar,أولاد الحاج,98.0,,3311110000000.0,اولاد الحاج,
2119,douar,اولاد سلطان,98.0,,3311110000000.0,اولاد سلطان,
2120,douar,الدويعيسة العزاوزة,98.0,,3311110000000.0,الدويعيسة العزاوزة,
2121,douar,أولاد علي المدنة,98.0,,3311110000000.0,اولاد علي المدنة,
2122,douar,الݣزولة,98.0,,3311110000000.0,الݣزولة,
2123,douar,علاك,98.0,,3311110000000.0,علاك,
2124,douar,بويكرات,98.0,,3311110000000.0,بويكرات,
2125,douar,الركاكدة,98.0,,3311110000000.0,الركاكدة,
2126,douar,النعيميين,98.0,,3311110000000.0,النعيميين,
2127,douar,الشواريين,98.0,,3311110000000.0,الشواريين,
2128,douar,بوعشات,98.0,,3311110000000.0,بوعشات,
2129,douar,البودور وارور,98.0,,3311110000000.0,البودور وارور,
2130,douar,أولاد جابر,98.0,,3311110000000.0,اولاد جابر,
2131,douar,الهياطة,98.0,,3311110000000.0,الهياطة,
2132,douar,أولاد سعيد وارور,98.0,,3311110000000.0,اولاد سعيد وارور,
2133,douar,الحوارث,98.0,,3311110000000.0,الحوارث,
2134,douar,أولاد عساس,98.0,,3311110000000.0,اولاد عساس,
2135,douar,أولاد الجيلالي,98.0,,3311110000000.0,اولاد الجيلالي,
2136,douar,أولاد علي الطليق,98.0,,3311110000000.0,اولاد علي الطليق,
2137,douar,أولاد بوزيد,98.0,,3311110000000.0,اولاد بوزيد,
2138,douar,الشراركة,98.0,,3311110000000.0,الشراركة,
2139,douar,الغواوتة السفلى,167.0,,4050700000000.0,الغواوتة السفلى,
2140,douar,عين عليق,167.0,,4050700000000.0,عين عليق,
2141,douar,وزكانة,167.0,,4050700000000.0,وزكانة,
2142,douar,دياب,167.0,,4050700000000.0,دياب,
2143,douar,بوناهض,167.0,,4050700000000.0,بوناهض,
2144,douar,دار الشيخ,167.0,,4050700000000.0,دار الشيخ,
2145,douar,كعلال,167.0,,4050700000000.0,كعلال,
2146,douar,المناصرة,167.0,,4050700000000.0,المناصرة,
2147,douar,بولمة,167.0,,4050700000000.0,بولمة,
2148,douar,تورارت,167.0,,4050700000000.0,تورارت,
2149,douar,الدحاحنة,167.0,,4050700000000.0,الدحاحنة,
2150,douar,دار أوريغل,167.0,,4050700000000.0,دار اوريغل,
2151,douar,الرميلة,167.0,,4050700000000.0,الرميلة,
2152,douar,الصخيرة,167.0,,4050700000000.0,الصخيرة,
2153,douar,نصف رمل العشاب,167.0,,4050700000000.0,نصف رمل العشاب,
2154,douar,السند,167.0,,4050700000000.0,السند,
2155,douar,السبيت,167.0,,4050700000000.0,السبيت,
2156,douar,فج القلعة,167.0,,4050700000000.0,فج القلعة,
2157,douar,أولاد زيان,167.0,,4050700000000.0,اولاد زيان,
2158,douar,العجاجرة,167.0,,4050700000000.0,العجاجرة,
2159,douar,خندق الجيران,167.0,,4050700000000.0,خندق الجيران,
2160,douar,أولاد ريانة,167.0,,4050700000000.0,اولاد ريانة,
2161,douar,دويرة الوزري,167.0,,4050700000000.0,دويرة الوزري,
2162,douar,سيدي بودمة,167.0,,4050700000000.0,سيدي بودمة,
2163,douar,عين الحاج,167.0,,4050700000000.0,عين الحاج,
2164,douar,الصخرة,167.0,,4050700000000.0,الصخرة,
2165,douar,المرنيين,167.0,,4050700000000.0,المرنيين,
2166,douar,ظهار الهواري,167.0,,4050700000000.0,ظهار الهواري,
2167,douar,العناصر,167.0,,4050700000000.0,العناصر,
2168,douar,الغواوتة العليا,167.0,,4050700000000.0,الغواوتة العليا,
2169,douar,لبيار,167.0,,4050700000000.0,لبيار,
2170,douar,نصف رمل العشاب,167.0,,4050700000000.0,نصف رمل العشاب,
2171,douar,زموريين,167.0,,4050700000000.0,زموريين,
2172,douar,زريزرة,167.0,,4050700000000.0,زريزرة,
2173,douar,بوسرور,167.0,,4050700000000.0,بوسرور,
2174,douar,زوراك,167.0,,4050700000000.0,زوراك,
2175,douar,عين قصاب,167.0,,4050700000000.0,عين قصاب,
2176,douar,كليدة,167.0,,4050700000000.0,كليدة,
2177,douar,النفزة,167.0,,4050700000000.0,النفزة,
2178,douar,القطارة,167.0,,4050700000000.0,القطارة,
2179,douar,الدشيرة,167.0,,4050700000000.0,الدشيرة,
2180,douar,بودروة,167.0,,4050700000000.0,بودروة,
2181,douar,واد البياض 1,167.0,,4050700000000.0,واد البياض 1,
2182,douar,الرميل,167.0,,4050700000000.0,الرميل,
2183,douar,الضهورش,167.0,,4050700000000.0,الضهورش,
2184,douar,واد البياض 2,167.0,,4050700000000.0,واد البياض 2,
2185,douar,اغطيطس,167.0,,4050700000000.0,اغطيطس,
2186,douar,الشنتيل,167.0,,4050700000000.0,الشنتيل,
2187,douar,أسكار,167.0,,4050700000000.0,اسكار,
2188,douar,أولاد محمد,167.0,,4050700000000.0,اولاد محمد,
2189,douar,سيدي قاسم,167.0,,4050700000000.0,سيدي قاسم,
2190,douar,خروبة,167.0,,4050700000000.0,خروبة,
2191,douar,مدشر قلال,165.0,,4050710000000.0,مدشر قلال,
2192,douar,خندق البير,165.0,,4050710000000.0,خندق البير,
2193,douar,جبل لحرش,165.0,,4050710000000.0,جبل لحرش,
2194,douar,دوار كومة,165.0,,4050710000000.0,دوار كومة,
2195,douar,اركونة,165.0,,4050710000000.0,اركونة,
2196,douar,أولاد سيدي علي,165.0,,4050710000000.0,اولاد سيدي علي,
2197,douar,أولاد الغازي,165.0,,4050710000000.0,اولاد الغازي,
2198,douar,سوكرة,165.0,,4050710000000.0,سوكرة,
2199,douar,فرسيو العليا,165.0,,4050710000000.0,فرسيو العليا,
2200,douar,فرسيو السفلى,165.0,,4050710000000.0,فرسيو السفلى,
2201,douar,المنازل,165.0,,4050710000000.0,المنازل,
2202,douar,كناونة,165.0,,4050710000000.0,كناونة,
2203,douar,الجياب,165.0,,4050710000000.0,الجياب,
2204,douar,الرمال,165.0,,4050710000000.0,الرمال,
2205,douar,بوزيري,165.0,,4050710000000.0,بوزيري,
2206,douar,المركز,165.0,,4050710000000.0,المركز,
2207,douar,أغنيوة,165.0,,4050710000000.0,اغنيوة,
2208,douar,بني مالك,165.0,,4050710000000.0,بني مالك,
2209,douar,تعاونية التحرير,165.0,,4050710000000.0,تعاونية التحرير,
2210,douar,بني أحسن,165.0,,4050710000000.0,بني احسن,
2211,douar,تعاونية سيدي أحمد الغريب,165.0,,4050710000000.0,تعاونية سيدي احمد الغريب,
2212,douar,الكزروف,165.0,,4050710000000.0,الكزروف,
2213,douar,المرابيح,165.0,,4050710000000.0,المرابيح,
2214,douar,اجلاولاوة,165.0,,4050710000000.0,اجلاولاوة,
2215,douar,الصفاصف,165.0,,4050710000000.0,الصفاصف,
2216,douar,الظهار,165.0,,4050710000000.0,الظهار,
2217,douar,بينوط,165.0,,4050710000000.0,بينوط,
2218,douar,تسلاغوة,165.0,,4050710000000.0,تسلاغوة,
2219,douar,بوحمو,165.0,,4050710000000.0,بوحمو,
2220,douar,الريحيين,165.0,,4050710000000.0,الريحيين,
2221,douar,الشاوية,164.0,,4050710000000.0,الشاوية,
2222,douar,القلعة,164.0,,4050710000000.0,القلعة,
2223,douar,دار الضبع,164.0,,4050710000000.0,دار الضبع,
2224,douar,الزرازر,164.0,,4050710000000.0,الزرازر,
2225,douar,الحمارة,164.0,,4050710000000.0,الحمارة,
2226,douar,أمزرفون,164.0,,4050710000000.0,امزرفون,
2227,douar,زاوية سيدي موسى,164.0,,4050710000000.0,زاوية سيدي موسى,
2228,douar,الزراهنة,164.0,,4050710000000.0,الزراهنة,
2229,douar,الحارث,164.0,,4050710000000.0,الحارث,
2230,douar,بوحسينة,164.0,,4050710000000.0,بوحسينة,
2231,douar,الحيط,164.0,,4050710000000.0,الحيط,
2232,douar,القصيبة,164.0,,4050710000000.0,القصيبة,
2233,douar,مدشر عالية,164.0,,4050710000000.0,مدشر عالية,
2234,douar,بني عاصم,164.0,,4050710000000.0,بني عاصم,
2235,douar,تورات,164.0,,4050710000000.0,تورات,
2236,douar,تويرتة,164.0,,4050710000000.0,تويرتة,
2237,douar,ولاد بوعنان,164.0,,4050710000000.0,ولاد بوعنان,
2238,douar,القيطون,166.0,,4050720000000.0,القيطون,
2239,douar,أولاد ابن سليمان,166.0,,4050720000000.0,اولاد ابن سليمان,
2240,douar,أولاد عبد الله,166.0,,4050720000000.0,اولاد عبد الله,
2241,douar,احساسن,166.0,,4050720000000.0,احساسن,
2242,douar,الكزيرة,166.0,,4050720000000.0,الكزيرة,
2243,douar,البسابس,166.0,,4050720000000.0,البسابس,
2244,douar,كريكر,166.0,,4050720000000.0,كريكر,
2245,douar,تمالوس,166.0,,4050720000000.0,تمالوس,
2246,douar,سباعيين,166.0,,4050720000000.0,سباعيين,
2247,douar,الدشير,166.0,,4050720000000.0,الدشير,
2248,douar,السّيلة,166.0,,4050720000000.0,السيلة,
2249,douar,الشاوية,166.0,,4050720000000.0,الشاوية,
2250,douar,مطالسة,166.0,,4050720000000.0,مطالسة,
2251,douar,عين الأربعاء,166.0,,4050720000000.0,عين الاربعاء,
2252,douar,القيطون,166.0,,4050720000000.0,القيطون,
2253,douar,ضهر التاج,166.0,,4050720000000.0,ضهر التاج,
2254,douar,وݣرار,166.0,,4050720000000.0,وݣرار,
2255,douar,تاكسارت,166.0,,4050720000000.0,تاكسارت,
2256,douar,بوقية,166.0,,4050720000000.0,بوقية,
2257,douar,عين مزيد,166.0,,4050720000000.0,عين مزيد,
2258,douar,الزباطيين,166.0,,4050720000000.0,الزباطيين,
2259,douar,مونة,166.0,,4050720000000.0,مونة,
2260,douar,خروبة,166.0,,4050720000000.0,خروبة,
2261,douar,عين رحوي,166.0,,4050720000000.0,عين رحوي,
2262,douar,عين صاف,166.0,,4050720000000.0,عين صاف,
2263,douar,الدبوز,166.0,,4050720000000.0,الدبوز,
2264,douar,امخافة,166.0,,4050720000000.0,امخافة,
2265,douar,الحلويين,166.0,,4050720000000.0,الحلويين,
2266,douar,الزواويين,166.0,,4050720000000.0,الزواويين,
2267,douar,الجلاولاوة,166.0,,4050720000000.0,الجلاولاوة,
2268,douar,الخرب,166.0,,4050720000000.0,الخرب,
2269,douar,تادلة,166.0,,4050720000000.0,تادلة,
2270,douar,لقلاعة,166.0,,4050720000000.0,لقلاعة,
2271,douar,تيزيران,177.0,,4050900000000.0,تيزيران,
2272,douar,فتراس,177.0,,4050900000000.0,فتراس,
2273,douar,فج الحانوت,177.0,,4050900000000.0,فج الحانوت,
2274,douar,الما,177.0,,4050900000000.0,الما,
2275,douar,Tizgane تزكان,177.0,,4050900000000.0,tizgane تزكان,
2276,douar,أمزار,177.0,,4050900000000.0,امزار,
2277,douar,ألقب,177.0,,4050900000000.0,القب,
2278,douar,فج الحانوت,177.0,,4050900000000.0,فج الحانوت,
2279,douar,أغبالو,177.0,,4050900000000.0,اغبالو,
2280,douar,القنطرة,177.0,,4050900000000.0,القنطرة,
2281,douar,الكراكرة,177.0,,4050900000000.0,الكراكرة,
2282,douar,قلعة الصبانة,177.0,,4050900000000.0,قلعة الصبانة,
2283,douar,تانجرو,177.0,,4050900000000.0,تانجرو,
2284,douar,ألبرة,177.0,,4050900000000.0,البرة,
2285,douar,أزمور,177.0,,4050900000000.0,ازمور,
2286,douar,المريجات,177.0,,4050900000000.0,المريجات,
2287,douar,أولاد علال,177.0,,4050900000000.0,اولاد علال,
2288,douar,فراحة,177.0,,4050900000000.0,فراحة,
2289,douar,الطراشلة,177.0,,4050900000000.0,الطراشلة,
2290,douar,فج النسر,177.0,,4050900000000.0,فج النسر,
2291,douar,أمالو,177.0,,4050900000000.0,امالو,
2292,douar,احريز,177.0,,4050900000000.0,احريز,
2293,douar,المقاصب,177.0,,4050900000000.0,المقاصب,
2294,douar,هرارة,177.0,,4050900000000.0,هرارة,
2295,douar,بوكانوس,177.0,,4050900000000.0,بوكانوس,
2296,douar,أحمار,177.0,,4050900000000.0,احمار,
2297,douar,تكمشت,177.0,,4050900000000.0,تكمشت,
2298,douar,Al Oued الواديين,177.0,,4050900000000.0,al oued الواديين,
2299,douar,لعزايب آمالو,177.0,,4050900000000.0,لعزايب امالو,
2300,douar,قلعة بني روثن,177.0,,4050900000000.0,قلعة بني روثن,
2301,douar,اكرازن,177.0,,4050900000000.0,اكرازن,
2302,douar,الرويضة,177.0,,4050900000000.0,الرويضة,
2303,douar,الزاوية,177.0,,4050900000000.0,الزاوية,
2304,douar,الرقيعة,177.0,,4050900000000.0,الرقيعة,
2305,douar,الريحانة,177.0,,4050900000000.0,الريحانة,
2306,douar,مركز عين بيضاء,177.0,,4050900000000.0,مركز عين بيضاء,
2307,douar,دشر الخير,175.0,,4050900000000.0,دشر الخير,
2308,douar,Zaitoune الزيتونة,175.0,,4050900000000.0,zaitoune الزيتونة,
2309,douar,دار العباس,175.0,,4050900000000.0,دار العباس,
2310,douar,دار المودن,175.0,,4050900000000.0,دار المودن,
2311,douar,مغواسة,175.0,,4050900000000.0,مغواسة,
2312,douar,فج الدمنة,175.0,,4050900000000.0,فج الدمنة,
2313,douar,أمزو,175.0,,4050900000000.0,امزو,
2314,douar,عين امشالو,175.0,,4050900000000.0,عين امشالو,
2315,douar,ألوس,175.0,,4050900000000.0,الوس,
2316,douar,أعساوس,175.0,,4050900000000.0,اعساوس,
2317,douar,لعبابدة,175.0,,4050900000000.0,لعبابدة,
2318,douar,العزيب سيدي يوسف,175.0,,4050900000000.0,العزيب سيدي يوسف,
2319,douar,بونيضار,175.0,,4050900000000.0,بونيضار,
2320,douar,الدشايير,175.0,,4050900000000.0,الدشايير,
2321,douar,البعاجين,175.0,,4050900000000.0,البعاجين,
2322,douar,بوعلوان,175.0,,4050900000000.0,بوعلوان,
2323,douar,اللوار,175.0,,4050900000000.0,اللوار,
2324,douar,النشارين,175.0,,4050900000000.0,النشارين,
2325,douar,ازعانين,175.0,,4050900000000.0,ازعانين,
2326,douar,الغويبة,175.0,,4050900000000.0,الغويبة,
2327,douar,العزيب أسطار,175.0,,4050900000000.0,العزيب اسطار,
2328,douar,أسجن,175.0,,4050900000000.0,اسجن,
2329,douar,القلعة,175.0,,4050900000000.0,القلعة,
2330,douar,العنصر,175.0,,4050900000000.0,العنصر,
2331,douar,أمزيزو,175.0,,4050900000000.0,امزيزو,
2332,douar,بني امحمد,174.0,,4050910000000.0,بني امحمد,
2333,douar,ريغة,174.0,,4050910000000.0,ريغة,
2334,douar,اصداق,174.0,,4050910000000.0,اصداق,
2335,douar,البور,174.0,,4050910000000.0,البور,
2336,douar,الولجة,174.0,,4050910000000.0,الولجة,
2337,douar,العدامين,174.0,,4050910000000.0,العدامين,
2338,douar,عين لحسن,174.0,,4050910000000.0,عين لحسن,
2339,douar,عين غابث,174.0,,4050910000000.0,عين غابث,
2340,douar,الصاف,174.0,,4050910000000.0,الصاف,
2341,douar,زيدور,174.0,,4050910000000.0,زيدور,
2342,douar,كنتور,174.0,,4050910000000.0,كنتور,
2343,douar,اسقيفة,174.0,,4050910000000.0,اسقيفة,
2344,douar,تزروت,174.0,,4050910000000.0,تزروت,
2345,douar,قطارة,174.0,,4050910000000.0,قطارة,
2346,douar,مرسالة,174.0,,4050910000000.0,مرسالة,
2347,douar,الفرحة,174.0,,4050910000000.0,الفرحة,
2348,douar,الظواهر,174.0,,4050910000000.0,الظواهر,
2349,douar,بثنو,174.0,,4050910000000.0,بثنو,
2350,douar,اللشان,174.0,,4050910000000.0,اللشان,
2351,douar,تالة,174.0,,4050910000000.0,تالة,
2352,douar,الغرة,174.0,,4050910000000.0,الغرة,
2353,douar,زكتاوة العليا,174.0,,4050910000000.0,زكتاوة العليا,
2354,douar,خندق الزيارة,174.0,,4050910000000.0,خندق الزيارة,
2355,douar,البلوطة,174.0,,4050910000000.0,البلوطة,
2356,douar,اكضة,174.0,,4050910000000.0,اكضة,
2357,douar,التيامة,174.0,,4050910000000.0,التيامة,
2358,douar,تيليوان,176.0,,4050910000000.0,تيليوان,
2359,douar,أمطيل,176.0,,4050910000000.0,امطيل,
2360,douar,الشراطين,176.0,,4050910000000.0,الشراطين,
2361,douar,أغلادن,176.0,,4050910000000.0,اغلادن,
2362,douar,القلعة,176.0,,4050910000000.0,القلعة,
2363,douar,القلعة الحراقين,176.0,,4050910000000.0,القلعة الحراقين,
2364,douar,عين قوب,176.0,,4050910000000.0,عين قوب,
2365,douar,الشعرة,176.0,,4050910000000.0,الشعرة,
2366,douar,دار هيدور,176.0,,4050910000000.0,دار هيدور,
2367,douar,دار Al Oued الواد,176.0,,4050910000000.0,دار al oued الواد,
2368,douar,تتولت,176.0,,4050910000000.0,تتولت,
2369,douar,العزيب,176.0,,4050910000000.0,العزيب,
2370,douar,دهار,176.0,,4050910000000.0,دهار,
2371,douar,أولاد شقيرة,176.0,,4050910000000.0,اولاد شقيرة,
2372,douar,أغبالو,176.0,,4050910000000.0,اغبالو,
2373,douar,أولاد ناصر,176.0,,4050910000000.0,اولاد ناصر,
2374,douar,البريات,176.0,,4050910000000.0,البريات,
2375,douar,المسقة,176.0,,4050910000000.0,المسقة,
2376,douar,السند,176.0,,4050910000000.0,السند,
2377,douar,بوسدرات,176.0,,4050910000000.0,بوسدرات,
2378,douar,برانة,176.0,,4050910000000.0,برانة,
2379,douar,بني برايح,176.0,,4050910000000.0,بني برايح,
2380,douar,سحانة,176.0,,4050910000000.0,سحانة,
2381,douar,أسويل,176.0,,4050910000000.0,اسويل,
2382,douar,أمود,176.0,,4050910000000.0,امود,
2383,douar,أسردون,176.0,,4050910000000.0,اسردون,
2384,douar,بني معاوية,176.0,,4050910000000.0,بني معاوية,
2385,douar,دار خوخ,176.0,,4050910000000.0,دار خوخ,
2386,douar,الرملة,176.0,,4050910000000.0,الرملة,
2387,douar,عين حمو,176.0,,4050910000000.0,عين حمو,
2388,douar,النازية,176.0,,4050910000000.0,النازية,
2389,douar,أولاد سي عمار,176.0,,4050910000000.0,اولاد سي عمار,
2390,douar,مصابحة,176.0,,4050910000000.0,مصابحة,
2391,douar,الحرايق,176.0,,4050910000000.0,الحرايق,
2392,douar,عين بوحسان,176.0,,4050910000000.0,عين بوحسان,
2393,douar,واد أنكوشت,176.0,,4050910000000.0,واد انكوشت,
2394,douar,الجنان,176.0,,4050910000000.0,الجنان,
2395,douar,تاكست,176.0,,4050910000000.0,تاكست,
2396,douar,حي الإعدادي,176.0,,4050910000000.0,حي الاعدادي,
2397,douar,دهيور أزيات,178.0,,4051110000000.0,دهيور ازيات,
2398,douar,الشهبية,178.0,,4051110000000.0,الشهبية,
2399,douar,دشار الكبير,178.0,,4051110000000.0,دشار الكبير,
2400,douar,أغيل,178.0,,4051110000000.0,اغيل,
2401,douar,رشاقة,178.0,,4051110000000.0,رشاقة,
2402,douar,بني كولش,178.0,,4051110000000.0,بني كولش,
2403,douar,بني زياد,178.0,,4051110000000.0,بني زياد,
2404,douar,تينزة,178.0,,4051110000000.0,تينزة,
2405,douar,مركز قلعة بوقرة,178.0,,4051110000000.0,مركز قلعة بوقرة,
2406,douar,القلعة,178.0,,4051110000000.0,القلعة,
2407,douar,العنينة,178.0,,4051110000000.0,العنينة,
2408,douar,الحلحال,178.0,,4051110000000.0,الحلحال,
2409,douar,أمنداس,178.0,,4051110000000.0,امنداس,
2410,douar,ظهار منقاش,178.0,,4051110000000.0,ظهار منقاش,
2411,douar,أحجار أملاغي,178.0,,4051110000000.0,احجار املاغي,
2412,douar,تامسيت,178.0,,4051110000000.0,تامسيت,
2413,douar,أولاد بن دلحة,178.0,,4051110000000.0,اولاد بن دلحة,
2414,douar,الشAllyene عليين,178.0,,4051110000000.0,الشallyene عليين,
2415,douar,كهف الغول,178.0,,4051110000000.0,كهف الغول,
2416,douar,الدسول,178.0,,4051110000000.0,الدسول,
2417,douar,السداري,178.0,,4051110000000.0,السداري,
2418,douar,واد أساية,178.0,,4051110000000.0,واد اساية,
2419,douar,الزاوية,178.0,,4051110000000.0,الزاوية,
2420,douar,كشكاشة,178.0,,4051110000000.0,كشكاشة,
2421,douar,اليونان,178.0,,4051110000000.0,اليونان,
2422,douar,باب ديوار,179.0,,4051110000000.0,باب ديوار,
2423,douar,عين أقطار,179.0,,4051110000000.0,عين اقطار,
2424,douar,ظهار أسنو,179.0,,4051110000000.0,ظهار اسنو,
2425,douar,أكراينو,179.0,,4051110000000.0,اكراينو,
2426,douar,الحراقين,179.0,,4051110000000.0,الحراقين,
2427,douar,دار الحاج,179.0,,4051110000000.0,دار الحاج,
2428,douar,اغلولة,179.0,,4051110000000.0,اغلولة,
2429,douar,لاوة,179.0,,4051110000000.0,لاوة,
2430,douar,أولاد بن تامو,179.0,,4051110000000.0,اولاد بن تامو,
2431,douar,القليعة,179.0,,4051110000000.0,القليعة,
2432,douar,نفزي,179.0,,4051110000000.0,نفزي,
2433,douar,الكديوة,179.0,,4051110000000.0,الكديوة,
2434,douar,الشAllyene عليين,179.0,,4051110000000.0,الشallyene عليين,
2435,douar,تكشران,179.0,,4051110000000.0,تكشران,
2436,douar,الهباجين,179.0,,4051110000000.0,الهباجين,
2437,douar,تيفوتة,179.0,,4051110000000.0,تيفوتة,
2438,douar,الخيص,179.0,,4051110000000.0,الخيص,
2439,douar,عين بلحرش,179.0,,4051110000000.0,عين بلحرش,
2440,douar,العزيب,179.0,,4051110000000.0,العزيب,
2441,douar,عين كبير,179.0,,4051110000000.0,عين كبير,
2442,douar,الموالدة,179.0,,4051110000000.0,الموالدة,
2443,douar,الرملة,179.0,,4051110000000.0,الرملة,
2444,douar,قلعة بني راوس,179.0,,4051110000000.0,قلعة بني راوس,
2445,douar,الهساكرة,179.0,,4051110000000.0,الهساكرة,
2446,douar,باب الرياحين,179.0,,4051110000000.0,باب الرياحين,
2447,douar,مازورة,179.0,,4051110000000.0,مازورة,
2448,douar,بوحيمل,179.0,,4051110000000.0,بوحيمل,
2449,douar,عسارة,179.0,,4051110000000.0,عسارة,
2450,douar,دار الغابة,179.0,,4051110000000.0,دار الغابة,
2451,douar,أقرار,179.0,,4051110000000.0,اقرار,
2452,douar,تملة,179.0,,4051110000000.0,تملة,
2453,douar,الحرشية,179.0,,4051110000000.0,الحرشية,
2454,douar,أولاد خيرون,179.0,,4051110000000.0,اولاد خيرون,
2455,douar,المشرف,179.0,,4051110000000.0,المشرف,
2456,douar,بني عمران,179.0,,4051110000000.0,بني عمران,
2457,douar,حراقة,179.0,,4051110000000.0,حراقة,
2458,douar,الكراجين,179.0,,4051110000000.0,الكراجين,
2459,douar,أولاد بني طريبق,179.0,,4051110000000.0,اولاد بني طريبق,
2460,douar,عين يمل,179.0,,4051110000000.0,عين يمل,
2461,douar,الصبانيين,179.0,,4051110000000.0,الصبانيين,
2462,douar,أولاد بني رضوان,179.0,,4051110000000.0,اولاد بني رضوان,
2463,douar,الحمرية,179.0,,4051110000000.0,الحمرية,
2464,douar,أسفالو,179.0,,4051110000000.0,اسفالو,
2465,douar,أفرى,179.0,,4051110000000.0,افرى,
2466,douar,القشاشدة,179.0,,4051110000000.0,القشاشدة,
2467,douar,قلعة بني مرشود,179.0,,4051110000000.0,قلعة بني مرشود,
2468,douar,المرج,179.0,,4051110000000.0,المرج,
2469,douar,الأمراج,179.0,,4051110000000.0,الامراج,
2470,douar,تغنيت,179.0,,4051110000000.0,تغنيت,
2471,douar,الغويبة,179.0,,4051110000000.0,الغويبة,
2472,douar,أزاريف,179.0,,4051110000000.0,ازاريف,
2473,douar,الحورش,179.0,,4051110000000.0,الحورش,
2474,douar,اولاد بن سبيكة,179.0,,4051110000000.0,اولاد بن سبيكة,
2475,douar,الرهونييش,179.0,,4051110000000.0,الرهونييش,
2476,douar,أولاد حيج,179.0,,4051110000000.0,اولاد حيج,
2477,douar,عين جير,179.0,,4051110000000.0,عين جير,
2478,douar,أسݣي,179.0,,4051110000000.0,اسݣي,
2479,douar,النضامين,179.0,,4051110000000.0,النضامين,
2480,douar,أحلاوة,179.0,,4051110000000.0,احلاوة,
2481,douar,أمحيجار,179.0,,4051110000000.0,امحيجار,
2482,douar,المناثة,179.0,,4051110000000.0,المناثة,
2483,douar,الصادة,179.0,,4051110000000.0,الصادة,
2484,douar,أخرشيش,179.0,,4051110000000.0,اخرشيش,
2485,douar,الريحان,179.0,,4051110000000.0,الريحان,
2486,douar,الخرفان,179.0,,4051110000000.0,الخرفان,
2487,douar,العنصار,179.0,,4051110000000.0,العنصار,
2488,douar,أولاد يعقوب,179.0,,4051110000000.0,اولاد يعقوب,
2489,douar,العرقوب السفلى,171.0,,4051300000000.0,العرقوب السفلى,
2490,douar,العرقوب العليا,171.0,,4051300000000.0,العرقوب العليا,
2491,douar,عين بوعزة,171.0,,4051300000000.0,عين بوعزة,
2492,douar,التعاونية الجزولي,171.0,,4051300000000.0,التعاونية الجزولي,
2493,douar,كدية بن يوسف,171.0,,4051300000000.0,كدية بن يوسف,
2494,douar,كاف الضربان,171.0,,4051300000000.0,كاف الضربان,
2495,douar,لهويتة,171.0,,4051300000000.0,لهويتة,
2496,douar,الشAllyene عليين,171.0,,4051300000000.0,الشallyene عليين,
2497,douar,يوكة,171.0,,4051300000000.0,يوكة,
2498,douar,اشهابن,171.0,,4051300000000.0,اشهابن,
2499,douar,الحليين,171.0,,4051300000000.0,الحليين,
2500,douar,الهواوس,171.0,,4051300000000.0,الهواوس,
2501,douar,باب معروف,171.0,,4051300000000.0,باب معروف,
2502,douar,عين بوعطية,171.0,,4051300000000.0,عين بوعطية,
2503,douar,مشاشطة,171.0,,4051300000000.0,مشاشطة,
2504,douar,الموالي,171.0,,4051300000000.0,الموالي,
2505,douar,العدوة,171.0,,4051300000000.0,العدوة,
2506,douar,النهير,171.0,,4051300000000.0,النهير,
2507,douar,الهندية,171.0,,4051300000000.0,الهندية,
2508,douar,بئر أبراهيم,171.0,,4051300000000.0,بير ابراهيم,
2509,douar,المغاسل,171.0,,4051300000000.0,المغاسل,
2510,douar,المجاعرة,171.0,,4051300000000.0,المجاعرة,
2511,douar,Tazroute تازروت,171.0,,4051300000000.0,tazroute تازروت,
2512,douar,طويسة,171.0,,4051300000000.0,طويسة,
2513,douar,الدهاري,171.0,,4051300000000.0,الدهاري,
2514,douar,لغويبة,171.0,,4051300000000.0,لغويبة,
2515,douar,حجر عباس,171.0,,4051300000000.0,حجر عباس,
2516,douar,الجرف,171.0,,4051300000000.0,الجرف,
2517,douar,الخروبة,171.0,,4051300000000.0,الخروبة,
2518,douar,المكازيين,171.0,,4051300000000.0,المكازيين,
2519,douar,الدشير,171.0,,4051300000000.0,الدشير,
2520,douar,البخوتين,170.0,,4051310000000.0,البخوتين,
2521,douar,البغال,170.0,,4051310000000.0,البغال,
2522,douar,السبوعة,170.0,,4051310000000.0,السبوعة,
2523,douar,الفلاقين العليا,170.0,,4051310000000.0,الفلاقين العليا,
2524,douar,أولاد علي,170.0,,4051310000000.0,اولاد علي,
2525,douar,أمغيلة,170.0,,4051310000000.0,امغيلة,
2526,douar,القطوط,170.0,,4051310000000.0,القطوط,
2527,douar,عين السوق,170.0,,4051310000000.0,عين السوق,
2528,douar,قرطبة,170.0,,4051310000000.0,قرطبة,
2529,douar,الزراهنة,170.0,,4051310000000.0,الزراهنة,
2530,douar,البطم,170.0,,4051310000000.0,البطم,
2531,douar,الصفيصف,170.0,,4051310000000.0,الصفيصف,
2532,douar,بوشريف,170.0,,4051310000000.0,بوشريف,
2533,douar,الدهاري,170.0,,4051310000000.0,الدهاري,
2534,douar,الفلاقين السفلى,170.0,,4051310000000.0,الفلاقين السفلى,
2535,douar,لميار,170.0,,4051310000000.0,لميار,
2536,douar,بوركيز,170.0,,4051310000000.0,بوركيز,
2537,douar,الحريشة,170.0,,4051310000000.0,الحريشة,
2538,douar,الصخرة,170.0,,4051310000000.0,الصخرة,
2539,douar,بوحمير,170.0,,4051310000000.0,بوحمير,
2540,douar,دکارة,170.0,,4051310000000.0,دکارة,
2541,douar,بوهلال,170.0,,4051310000000.0,بوهلال,
2542,douar,واد العمريين,170.0,,4051310000000.0,واد العمريين,
2543,douar,أفراوة,170.0,,4051310000000.0,افراوة,
2544,douar,أسليط,170.0,,4051310000000.0,اسليط,
2545,douar,أمزاورو,172.0,,4051310000000.0,امزاورو,
2546,douar,الدراوي,172.0,,4051310000000.0,الدراوي,
2547,douar,سيدي بوزيتون,172.0,,4051310000000.0,سيدي بوزيتون,
2548,douar,اݣدومة السفلى,172.0,,4051310000000.0,اݣدومة السفلى,
2549,douar,أݣدومة العليا,172.0,,4051310000000.0,اݣدومة العليا,
2550,douar,دار أشعاب,172.0,,4051310000000.0,دار اشعاب,
2551,douar,حيدوس,172.0,,4051310000000.0,حيدوس,
2552,douar,تعاونية الزاوية,172.0,,4051310000000.0,تعاونية الزاوية,
2553,douar,تعاونية سيدي الصافي,172.0,,4051310000000.0,تعاونية سيدي الصافي,
2554,douar,خربناين,172.0,,4051310000000.0,خربناين,
2555,douar,دار حداد,172.0,,4051310000000.0,دار حداد,
2556,douar,الحراقين,172.0,,4051310000000.0,الحراقين,
2557,douar,قلعة دار حداد,172.0,,4051310000000.0,قلعة دار حداد,
2558,douar,مجمولة,172.0,,4051310000000.0,مجمولة,
2559,douar,الفرزاوي,172.0,,4051310000000.0,الفرزاوي,
2560,douar,الخزان,172.0,,4051310000000.0,الخزان,
2561,douar,السدريين,172.0,,4051310000000.0,السدريين,
2562,douar,سيدي محمد الحاج,172.0,,4051310000000.0,سيدي محمد الحاج,
2563,douar,الحجريين,172.0,,4051310000000.0,الحجريين,
2564,douar,حجر موش,172.0,,4051310000000.0,حجر موش,
2565,douar,ولاد النهار,172.0,,4051310000000.0,ولاد النهار,
2566,douar,اولاد بن حدو,172.0,,4051310000000.0,اولاد بن حدو,
2567,douar,Ain Beida عين بيضاء,172.0,,4051310000000.0,ain beida عين بيضاء,
2568,douar,ازناتة,172.0,,4051310000000.0,ازناتة,
2569,douar,عين الرحى,173.0,,4051310000000.0,عين الرحى,
2570,douar,بينو,173.0,,4051310000000.0,بينو,
2571,douar,مركز سيدي بوصبر,173.0,,4051310000000.0,مركز سيدي بوصبر,
2572,douar,اشويجرات,173.0,,4051310000000.0,اشويجرات,
2573,douar,بوسغات,173.0,,4051310000000.0,بوسغات,
2574,douar,ملولة,173.0,,4051310000000.0,ملولة,
2575,douar,الزاوية العليا,173.0,,4051310000000.0,الزاوية العليا,
2576,douar,محليل,173.0,,4051310000000.0,محليل,
2577,douar,عين ورد,173.0,,4051310000000.0,عين ورد,
2578,douar,البغال السفلى,173.0,,4051310000000.0,البغال السفلى,
2579,douar,البغال العليا,173.0,,4051310000000.0,البغال العليا,
2580,douar,الزاوية السفلى,173.0,,4051310000000.0,الزاوية السفلى,
2581,douar,مسكر,173.0,,4051310000000.0,مسكر,
2582,douar,منوالة,173.0,,4051310000000.0,منوالة,
2583,douar,المعلقيين,173.0,,4051310000000.0,المعلقيين,
2584,douar,سيدي الصوفي,173.0,,4051310000000.0,سيدي الصوفي,
2585,douar,العثامنة,173.0,,4051310000000.0,العثامنة,
2586,douar,القراطي,173.0,,4051310000000.0,القراطي,
2587,douar,أولاد الجرار,173.0,,4051310000000.0,اولاد الجرار,
2588,douar,العلاونة,173.0,,4051310000000.0,العلاونة,
2589,douar,أغبالو,168.0,,4051320000000.0,اغبالو,
2590,douar,عشيرة,168.0,,4051320000000.0,عشيرة,
2591,douar,عين عرصة,168.0,,4051320000000.0,عين عرصة,
2592,douar,بقالة,168.0,,4051320000000.0,بقالة,
2593,douar,الهدارين,168.0,,4051320000000.0,الهدارين,
2594,douar,الزورق,168.0,,4051320000000.0,الزورق,
2595,douar,أولاد حمو,168.0,,4051320000000.0,اولاد حمو,
2596,douar,أولاد بن طاهر,168.0,,4051320000000.0,اولاد بن طاهر,
2597,douar,امكرول,168.0,,4051320000000.0,امكرول,
2598,douar,المراقين,168.0,,4051320000000.0,المراقين,
2599,douar,سيدي علال الزغاري,168.0,,4051320000000.0,سيدي علال الزغاري,
2600,douar,العثامنة,168.0,,4051320000000.0,العثامنة,
2601,douar,برية الرمل,168.0,,4051320000000.0,برية الرمل,
2602,douar,الكليثة,168.0,,4051320000000.0,الكليثة,
2603,douar,الرملة,168.0,,4051320000000.0,الرملة,
2604,douar,أولاد بقال,168.0,,4051320000000.0,اولاد بقال,
2605,douar,الحومر,168.0,,4051320000000.0,الحومر,
2606,douar,مركز تروال,168.0,,4051320000000.0,مركز تروال,
2607,douar,خندق البرد,168.0,,4051320000000.0,خندق البرد,
2608,douar,الكذية,168.0,,4051320000000.0,الكذية,
2609,douar,حجر طويل,168.0,,4051320000000.0,حجر طويل,
2610,douar,لالة عائشة,168.0,,4051320000000.0,لالة عايشة,
2611,douar,أولاد لحسن,168.0,,4051320000000.0,اولاد لحسن,
2612,douar,Azla أزلايح,168.0,,4051320000000.0,azla ازلايح,
2613,douar,أمالو,168.0,,4051320000000.0,امالو,
2614,douar,عين حداد,168.0,,4051320000000.0,عين حداد,
2615,douar,أولاد عمران,168.0,,4051320000000.0,اولاد عمران,
2616,douar,يندغار,168.0,,4051320000000.0,يندغار,
2617,douar,العرقوب,168.0,,4051320000000.0,العرقوب,
2618,douar,عين بوعسة,169.0,,4051320000000.0,عين بوعسة,
2619,douar,أبغاوة,169.0,,4051320000000.0,ابغاوة,
2620,douar,مستيتف,169.0,,4051320000000.0,مستيتف,
2621,douar,الفوارات,169.0,,4051320000000.0,الفوارات,
2622,douar,الرتبة,169.0,,4051320000000.0,الرتبة,
2623,douar,العرايش,169.0,,4051320000000.0,العرايش,
2624,douar,الرمل الشماش,169.0,,4051320000000.0,الرمل الشماش,
2625,douar,تمزيملت,169.0,,4051320000000.0,تمزيملت,
2626,douar,احباين,169.0,,4051320000000.0,احباين,
2627,douar,العزابة,169.0,,4051320000000.0,العزابة,
2628,douar,برواوة,169.0,,4051320000000.0,برواوة,
2629,douar,الحناتة,169.0,,4051320000000.0,الحناتة,
2630,douar,فدان عبد الله,169.0,,4051320000000.0,فدان عبد الله,
2631,douar,الحناوت,169.0,,4051320000000.0,الحناوت,
2632,douar,ادرو,169.0,,4051320000000.0,ادرو,
2633,douar,الرمل بوكندوز,169.0,,4051320000000.0,الرمل بوكندوز,
2634,douar,الرمل الحنوات,169.0,,4051320000000.0,الرمل الحنوات,
2635,douar,بني ربيعة,169.0,,4051320000000.0,بني ربيعة,
2636,douar,الخربة,169.0,,4051320000000.0,الخربة,
2637,douar,اجلدين,169.0,,4051320000000.0,اجلدين,
2638,douar,الغابة الكبيرة,169.0,,4051320000000.0,الغابة الكبيرة,
2639,douar,القلالبة,169.0,,4051320000000.0,القلالبة,
2640,douar,الرمل أجلدين,169.0,,4051320000000.0,الرمل اجلدين,
2641,douar,لخماس,169.0,,4051320000000.0,لخماس,
2642,douar,ميدمان,169.0,,4051320000000.0,ميدمان,
2643,douar,Zghira ازغيرة,169.0,,4051320000000.0,zghira ازغيرة,
2644,douar,الظاهير,169.0,,4051320000000.0,الظاهير,
2645,douar,جامع Al Oued الواد,169.0,,4051320000000.0,جامع al oued الواد,
2646,douar,الكديوة,169.0,,4051320000000.0,الكديوة,
2647,douar,القلعة,169.0,,4051320000000.0,القلعة,
2648,douar,القطيبيين,42.0,,5110300000000.0,القطيبيين,
2649,douar,أولاد المهدي,42.0,,5110300000000.0,اولاد المهدي,
2650,douar,أولاد مسعود,42.0,,5110300000000.0,اولاد مسعود,
2651,douar,أولاد اعمر,42.0,,5110300000000.0,اولاد اعمر,
2652,douar,أولاد العلج,42.0,,5110300000000.0,اولاد العلج,
2653,douar,أولاد يسف,42.0,,5110300000000.0,اولاد يسف,
2654,douar,ابريش السفلى,42.0,,5110300000000.0,ابريش السفلى,
2655,douar,ابريش العليا,42.0,,5110300000000.0,ابريش العليا,
2656,douar,لكحاوشة,42.0,,5110300000000.0,لكحاوشة,
2657,douar,عين ابن عمر,42.0,,5110300000000.0,عين ابن عمر,
2658,douar,عين اجديوي,42.0,,5110300000000.0,عين اجديوي,
2659,douar,بوفراح,44.0,,5110310000000.0,بوفراح,
2660,douar,ادشار غانم,44.0,,5110310000000.0,ادشار غانم,
2661,douar,الحومر,44.0,,5110310000000.0,الحومر,
2662,douar,مجلاو,44.0,,5110310000000.0,مجلاو,
2663,douar,حسناوة,44.0,,5110310000000.0,حسناوة,
2664,douar,ارهونة,44.0,,5110310000000.0,ارهونة,
2665,douar,البنونيين,44.0,,5110310000000.0,البنونيين,
2666,douar,الدمنية,44.0,,5110310000000.0,الدمنية,
2667,douar,العقبة,44.0,,5110310000000.0,العقبة,
2668,douar,تندافل,44.0,,5110310000000.0,تندافل,
2669,douar,بني مسلم,44.0,,5110310000000.0,بني مسلم,
2670,douar,بني مالك,44.0,,5110310000000.0,بني مالك,
2671,douar,ادشار قلال,44.0,,5110310000000.0,ادشار قلال,
2672,douar,أولاد عبد الله,45.0,,5110310000000.0,اولاد عبد الله,
2673,douar,ازعارة,45.0,,5110310000000.0,ازعارة,
2674,douar,أولاد عطية ادهار الزاوية,45.0,,5110310000000.0,اولاد عطية ادهار الزاوية,
2675,douar,أولاد عطية الملالكة,45.0,,5110310000000.0,اولاد عطية الملالكة,
2676,douar,أولاد عطية بنعلي,45.0,,5110310000000.0,اولاد عطية بنعلي,
2677,douar,أولاد بوعايشة,45.0,,5110310000000.0,اولاد بوعايشة,
2678,douar,أولاد العياشي,45.0,,5110310000000.0,اولاد العياشي,
2679,douar,البرانة,45.0,,5110310000000.0,البرانة,
2680,douar,قورار,45.0,,5110310000000.0,قورار,
2681,douar,أولاد بروحو,45.0,,5110310000000.0,اولاد بروحو,
2682,douar,أولاد الكوش,45.0,,5110310000000.0,اولاد الكوش,
2683,douar,أولاد الحاج الطاهر,45.0,,5110310000000.0,اولاد الحاج الطاهر,
2684,douar,أولاد العربي,45.0,,5110310000000.0,اولاد العربي,
2685,douar,أولاد موسى,45.0,,5110310000000.0,اولاد موسى,
2686,douar,أولاد يحيى,45.0,,5110310000000.0,اولاد يحيى,
2687,douar,ابداوة فحص الريحان,45.0,,5110310000000.0,ابداوة فحص الريحان,
2688,douar,أولاد الرياحي,45.0,,5110310000000.0,اولاد الرياحي,
2689,douar,الطواهر,45.0,,5110310000000.0,الطواهر,
2690,douar,أولاد علال,45.0,,5110310000000.0,اولاد علال,
2691,douar,أولاد الشرقي,45.0,,5110310000000.0,اولاد الشرقي,
2692,douar,النقاقشة,45.0,,5110310000000.0,النقاقشة,
2693,douar,عين حلوفة,43.0,,5110320000000.0,عين حلوفة,
2694,douar,التوانسة,43.0,,5110320000000.0,التوانسة,
2695,douar,أولاد زايير,43.0,,5110320000000.0,اولاد زايير,
2696,douar,ادعيديعة,43.0,,5110320000000.0,ادعيديعة,
2697,douar,البريدية,43.0,,5110320000000.0,البريدية,
2698,douar,أولاد اللنجري,43.0,,5110320000000.0,اولاد اللنجري,
2699,douar,مرس القوار,43.0,,5110320000000.0,مرس القوار,
2700,douar,الجبابرة,43.0,,5110320000000.0,الجبابرة,
2701,douar,الحورش,43.0,,5110320000000.0,الحورش,
2702,douar,دار السيد,43.0,,5110320000000.0,دار السيد,
2703,douar,عيسى الخلوفي,43.0,,5110320000000.0,عيسى الخلوفي,
2704,douar,الحراريين,43.0,,5110320000000.0,الحراريين,
2705,douar,الهواويين,43.0,,5110320000000.0,الهواويين,
2706,douar,الزراولة,43.0,,5110320000000.0,الزراولة,
2707,douar,بئر صباح,43.0,,5110320000000.0,بير صباح,
2708,douar,الرفايف,43.0,,5110320000000.0,الرفايف,
2709,douar,ادحيحات,43.0,,5110320000000.0,ادحيحات,
2710,douar,أولاد بن عزي,43.0,,5110320000000.0,اولاد بن عزي,
2711,douar,شرقية,43.0,,5110320000000.0,شرقية,
2712,douar,البواخرة,43.0,,5110320000000.0,البواخرة,
2713,douar,أولاد بنغانم,43.0,,5110320000000.0,اولاد بنغانم,
2714,douar,العمارات,43.0,,5110320000000.0,العمارات,
2715,douar,أولاد سيدي عبد القادر,43.0,,5110320000000.0,اولاد سيدي عبد القادر,
2716,douar,المركز,43.0,,5110320000000.0,المركز,
2717,douar,أولاد الفتوح,43.0,,5110320000000.0,اولاد الفتوح,
2718,douar,أولاد فارس,43.0,,5110320000000.0,اولاد فارس,
2719,douar,دشار الجديد,43.0,,5110320000000.0,دشار الجديد,
2720,douar,الخلوة,43.0,,5110320000000.0,الخلوة,
2721,douar,النعيميين,43.0,,5110320000000.0,النعيميين,
2722,douar,أولاد العياشي,43.0,,5110320000000.0,اولاد العياشي,
2723,douar,أولاد حباس,43.0,,5110320000000.0,اولاد حباس,
2724,douar,اروافة,43.0,,5110320000000.0,اروافة,
2725,douar,أولاد بوليفة,43.0,,5110320000000.0,اولاد بوليفة,
2726,douar,أولاد عنتر,43.0,,5110320000000.0,اولاد عنتر,
2727,douar,اعراوة,43.0,,5110320000000.0,اعراوة,
2728,douar,اظهار بوفاس,43.0,,5110320000000.0,اظهار بوفاس,
2729,douar,اجلاولة,43.0,,5110320000000.0,اجلاولة,
2730,douar,أولاد اسبايطة,43.0,,5110320000000.0,اولاد اسبايطة,
2731,douar,أولاد عبو,43.0,,5110320000000.0,اولاد عبو,
2732,douar,عيسى الريفي,43.0,,5110320000000.0,عيسى الريفي,
2733,douar,الرياينة,43.0,,5110320000000.0,الرياينة,
2734,douar,عين جيارة,39.0,,5110500000000.0,عين جيارة,
2735,douar,الݣور,39.0,,5110500000000.0,الݣور,
2736,douar,الخاب,39.0,,5110500000000.0,الخاب,
2737,douar,الزوة,39.0,,5110500000000.0,الزوة,
2738,douar,دار فلاق,39.0,,5110500000000.0,دار فلاق,
2739,douar,بوحديفة,39.0,,5110500000000.0,بوحديفة,
2740,douar,البراج,39.0,,5110500000000.0,البراج,
2741,douar,حميوش,39.0,,5110500000000.0,حميوش,
2742,douar,أحريق,39.0,,5110500000000.0,احريق,
2743,douar,الحجرة,39.0,,5110500000000.0,الحجرة,
2744,douar,الهار,39.0,,5110500000000.0,الهار,
2745,douar,فريغش,39.0,,5110500000000.0,فريغش,
2746,douar,Al Manzla المنزلة,39.0,,5110500000000.0,al manzla المنزلة,
2747,douar,المدور,39.0,,5110500000000.0,المدور,
2748,douar,علوش,39.0,,5110500000000.0,علوش,
2749,douar,ادشيرة,39.0,,5110500000000.0,ادشيرة,
2750,douar,الشرابخة,39.0,,5110500000000.0,الشرابخة,
2751,douar,قنوعة,39.0,,5110500000000.0,قنوعة,
2752,douar,جبل الريح,39.0,,5110500000000.0,جبل الريح,
2753,douar,Dar Chaoui دار الشاوي,38.0,,5110510000000.0,dar chaoui دار الشاوي,
2754,douar,شراكة,38.0,,5110510000000.0,شراكة,
2755,douar,تمسيلة,38.0,,5110510000000.0,تمسيلة,
2756,douar,الرملة,38.0,,5110510000000.0,الرملة,
2757,douar,بني منكود,38.0,,5110510000000.0,بني منكود,
2758,douar,خندق السنان,38.0,,5110510000000.0,خندق السنان,
2759,douar,القلعة,38.0,,5110510000000.0,القلعة,
2760,douar,دار الصاف,38.0,,5110510000000.0,دار الصاف,
2761,douar,بني حكيم,38.0,,5110510000000.0,بني حكيم,
2762,douar,عيون قصب,38.0,,5110510000000.0,عيون قصب,
2763,douar,الديموس,40.0,,5110520000000.0,الديموس,
2764,douar,الشريعة,40.0,,5110520000000.0,الشريعة,
2765,douar,المومبار,40.0,,5110520000000.0,المومبار,
2766,douar,الكوارت المحارزة,40.0,,5110520000000.0,الكوارت المحارزة,
2767,douar,الكوارت المشاعلة,40.0,,5110520000000.0,الكوارت المشاعلة,
2768,douar,السلاويين,40.0,,5110520000000.0,السلاويين,
2769,douar,الشاوية,40.0,,5110520000000.0,الشاوية,
2770,douar,عين دالية الكبيرة,40.0,,5110520000000.0,عين دالية الكبيرة,
2771,douar,عين دالية الصغيرة,40.0,,5110520000000.0,عين دالية الصغيرة,
2772,douar,سكدلة,37.0,,5110520000000.0,سكدلة,
2773,douar,المديار,37.0,,5110520000000.0,المديار,
2774,douar,HJAR ENNHAL حجر النحل,37.0,,5110520000000.0,hjar ennhal حجر النحل,
2775,douar,شراقة,37.0,,5110520000000.0,شراقة,
2776,douar,دار زهيرو,37.0,,5110520000000.0,دار زهيرو,
2777,douar,بوكدور,37.0,,5110520000000.0,بوكدور,
2778,douar,عين بلوط,37.0,,5110520000000.0,عين بلوط,
2779,douar,قنوعة,37.0,,5110520000000.0,قنوعة,
2780,douar,اعزيب عين لعلاق,53.0,,5710300000000.0,اعزيب عين لعلاق,
2781,douar,فشكارة,53.0,,5710300000000.0,فشكارة,
2782,douar,الحريف,53.0,,5710300000000.0,الحريف,
2783,douar,عين لعلاق,53.0,,5710300000000.0,عين لعلاق,
2784,douar,اغدير الحاج,53.0,,5710300000000.0,اغدير الحاج,
2785,douar,تجالة,53.0,,5710300000000.0,تجالة,
2786,douar,الفندق,53.0,,5710300000000.0,الفندق,
2787,douar,مݣاݣرة,53.0,,5710300000000.0,مݣاݣرة,
2788,douar,بوريان,53.0,,5710300000000.0,بوريان,
2789,douar,دار الغابة,53.0,,5710300000000.0,دار الغابة,
2790,douar,لحظية,53.0,,5710300000000.0,لحظية,
2791,douar,ازكارية,53.0,,5710300000000.0,ازكارية,
2792,douar,علالش,53.0,,5710300000000.0,علالش,
2793,douar,توايتش,53.0,,5710300000000.0,توايتش,
2794,douar,لسناد,53.0,,5710300000000.0,لسناد,
2795,douar,زݣاوط,57.0,,5710300000000.0,زݣاوط,
2796,douar,زاوية بني حمايد,57.0,,5710300000000.0,زاوية بني حمايد,
2797,douar,أبراق,57.0,,5710300000000.0,ابراق,
2798,douar,عين قمور,57.0,,5710300000000.0,عين قمور,
2799,douar,تفروت,57.0,,5710300000000.0,تفروت,
2800,douar,العيوان,57.0,,5710300000000.0,العيوان,
2801,douar,لثنين,57.0,,5710300000000.0,لثنين,
2802,douar,Zaitoune الزيتونة,57.0,,5710300000000.0,zaitoune الزيتونة,
2803,douar,القلعة,57.0,,5710300000000.0,القلعة,
2804,douar,بولنوار,57.0,,5710300000000.0,بولنوار,
2805,douar,اشتاونة,62.0,,5710310000000.0,اشتاونة,
2806,douar,فج حنون,62.0,,5710310000000.0,فج حنون,
2807,douar,فج الريح,62.0,,5710310000000.0,فج الريح,
2808,douar,واد أسلا,62.0,,5710310000000.0,واد اسلا,
2809,douar,قريرش,62.0,,5710310000000.0,قريرش,
2810,douar,الزاوية السفلية,62.0,,5710310000000.0,الزاوية السفلية,
2811,douar,الزاوية الفوقية,62.0,,5710310000000.0,الزاوية الفوقية,
2812,douar,ولاد زينة,62.0,,5710310000000.0,ولاد زينة,
2813,douar,دار مسعد,62.0,,5710310000000.0,دار مسعد,
2814,douar,اBghaghza بغاغزة,62.0,,5710310000000.0,اbghaghza بغاغزة,
2815,douar,اشقايرش,62.0,,5710310000000.0,اشقايرش,
2816,douar,الهسكرة,62.0,,5710310000000.0,الهسكرة,
2817,douar,تزروت,62.0,,5710310000000.0,تزروت,
2818,douar,دار الشراط,62.0,,5710310000000.0,دار الشراط,
2819,douar,أعروقش,62.0,,5710310000000.0,اعروقش,
2820,douar,الزكارية,62.0,,5710310000000.0,الزكارية,
2821,douar,اخلوفش,62.0,,5710310000000.0,اخلوفش,
2822,douar,أعبودش,62.0,,5710310000000.0,اعبودش,
2823,douar,أغراين,62.0,,5710310000000.0,اغراين,
2824,douar,الهرارزة,62.0,,5710310000000.0,الهرارزة,
2825,douar,السواقي,62.0,,5710310000000.0,السواقي,
2826,douar,أنكري,62.0,,5710310000000.0,انكري,
2827,douar,الدشيرة,62.0,,5710310000000.0,الدشيرة,
2828,douar,عثمانش,62.0,,5710310000000.0,عثمانش,
2829,douar,الوهرنة,62.0,,5710310000000.0,الوهرنة,
2830,douar,حمادش,56.0,,5710310000000.0,حمادش,
2831,douar,الحارشة,56.0,,5710310000000.0,الحارشة,
2832,douar,الرمامنة,56.0,,5710310000000.0,الرمامنة,
2833,douar,المطروحة,56.0,,5710310000000.0,المطروحة,
2834,douar,عين نينو,56.0,,5710310000000.0,عين نينو,
2835,douar,بني حاتم,56.0,,5710310000000.0,بني حاتم,
2836,douar,بليفش,56.0,,5710310000000.0,بليفش,
2837,douar,الحجريين,56.0,,5710310000000.0,الحجريين,
2838,douar,يعقوبيش,56.0,,5710310000000.0,يعقوبيش,
2839,douar,الحريشة,56.0,,5710310000000.0,الحريشة,
2840,douar,بلعباس,56.0,,5710310000000.0,بلعباس,
2841,douar,عين التين,56.0,,5710310000000.0,عين التين,
2842,douar,اعزيب اسلاهمة,56.0,,5710310000000.0,اعزيب اسلاهمة,
2843,douar,المغارة,56.0,,5710310000000.0,المغارة,
2844,douar,غرباوة,56.0,,5710310000000.0,غرباوة,
2845,douar,الخومس,56.0,,5710310000000.0,الخومس,
2846,douar,المواوجة,56.0,,5710310000000.0,المواوجة,
2847,douar,الغمامطة,56.0,,5710310000000.0,الغمامطة,
2848,douar,بين الويدان,56.0,,5710310000000.0,بين الويدان,
2849,douar,عين اسناد,56.0,,5710310000000.0,عين اسناد,
2850,douar,بزوالة,56.0,,5710310000000.0,بزوالة,
2851,douar,الخنادق,56.0,,5710310000000.0,الخنادق,
2852,douar,عين قلبون,56.0,,5710310000000.0,عين قلبون,
2853,douar,الصخرة,56.0,,5710310000000.0,الصخرة,
2854,douar,الرمان,56.0,,5710310000000.0,الرمان,
2855,douar,عاشيوش,56.0,,5710310000000.0,عاشيوش,
2856,douar,عين امطيع,56.0,,5710310000000.0,عين امطيع,
2857,douar,بوغابش,56.0,,5710310000000.0,بوغابش,
2858,douar,دهار دالصور,56.0,,5710310000000.0,دهار دالصور,
2859,douar,الفرارحة,56.0,,5710310000000.0,الفرارحة,
2860,douar,احلاحلة,56.0,,5710310000000.0,احلاحلة,
2861,douar,عين ابلال,56.0,,5710310000000.0,عين ابلال,
2862,douar,الغربة,56.0,,5710310000000.0,الغربة,
2863,douar,أجوانب,56.0,,5710310000000.0,اجوانب,
2864,douar,الخميسة,56.0,,5710310000000.0,الخميسة,
2865,douar,النوانوة,56.0,,5710310000000.0,النوانوة,
2866,douar,عين مولاتم,56.0,,5710310000000.0,عين مولاتم,
2867,douar,المنازل,56.0,,5710310000000.0,المنازل,
2868,douar,أحرايت,56.0,,5710310000000.0,احرايت,
2869,douar,اعميرة,56.0,,5710310000000.0,اعميرة,
2870,douar,بوحديداش,56.0,,5710310000000.0,بوحديداش,
2871,douar,أحرشان,56.0,,5710310000000.0,احرشان,
2872,douar,اخناق الحاد,56.0,,5710310000000.0,اخناق الحاد,
2873,douar,المركز,56.0,,5710310000000.0,المركز,
2874,douar,الرمل,55.0,,5710310000000.0,الرمل,
2875,douar,هباطة,55.0,,5710310000000.0,هباطة,
2876,douar,ريحانة,55.0,,5710310000000.0,ريحانة,
2877,douar,بني اهداين,55.0,,5710310000000.0,بني اهداين,
2878,douar,الصف,55.0,,5710310000000.0,الصف,
2879,douar,تازروتن,55.0,,5710310000000.0,تازروتن,
2880,douar,الفلالسة,55.0,,5710310000000.0,الفلالسة,
2881,douar,الروسييش,55.0,,5710310000000.0,الروسييش,
2882,douar,اخشابش,55.0,,5710310000000.0,اخشابش,
2883,douar,اجبيلة,55.0,,5710310000000.0,اجبيلة,
2884,douar,بومزود,55.0,,5710310000000.0,بومزود,
2885,douar,AL Kharroub الخروب,55.0,,5710310000000.0,al kharroub الخروب,
2886,douar,دار بن صدوق,55.0,,5710310000000.0,دار بن صدوق,
2887,douar,الحجريين,55.0,,5710310000000.0,الحجريين,
2888,douar,العيوان,61.0,,5710310000000.0,العيوان,
2889,douar,الدهريين,61.0,,5710310000000.0,الدهريين,
2890,douar,أمزيوش,61.0,,5710310000000.0,امزيوش,
2891,douar,الحجيين,61.0,,5710310000000.0,الحجيين,
2892,douar,عين عروس,61.0,,5710310000000.0,عين عروس,
2893,douar,تخيامت,61.0,,5710310000000.0,تخيامت,
2894,douar,الحليين,61.0,,5710310000000.0,الحليين,
2895,douar,العنصر,61.0,,5710310000000.0,العنصر,
2896,douar,دار الشريف,61.0,,5710310000000.0,دار الشريف,
2897,douar,نقاقصة,61.0,,5710310000000.0,نقاقصة,
2898,douar,Al Oued الواديين,61.0,,5710310000000.0,al oued الواديين,
2899,douar,الهراول,61.0,,5710310000000.0,الهراول,
2900,douar,النوايل,61.0,,5710310000000.0,النوايل,
2901,douar,الشقاقرة,61.0,,5710310000000.0,الشقاقرة,
2902,douar,دار هيدور,61.0,,5710310000000.0,دار هيدور,
2903,douar,الغربة,61.0,,5710310000000.0,الغربة,
2904,douar,دار العطم,61.0,,5710310000000.0,دار العطم,
2905,douar,القريين,61.0,,5710310000000.0,القريين,
2906,douar,البوارشة,61.0,,5710310000000.0,البوارشة,
2907,douar,الخرارزة,61.0,,5710310000000.0,الخرارزة,
2908,douar,تاقة عامر,61.0,,5710310000000.0,تاقة عامر,
2909,douar,الهواورة,61.0,,5710310000000.0,الهواورة,
2910,douar,خندق عشيش,61.0,,5710310000000.0,خندق عشيش,
2911,douar,الحضريين,61.0,,5710310000000.0,الحضريين,
2912,douar,الخندقيين,61.0,,5710310000000.0,الخندقيين,
2913,douar,الصباب,61.0,,5710310000000.0,الصباب,
2914,douar,دار الحراش,61.0,,5710310000000.0,دار الحراش,
2915,douar,Mallalienne الملاليين,58.0,,5710320000000.0,mallalienne الملاليين,
2916,douar,واد الشجرة,58.0,,5710320000000.0,واد الشجرة,
2917,douar,القلالين,58.0,,5710320000000.0,القلالين,
2918,douar,الشوييخيين,58.0,,5710320000000.0,الشوييخيين,
2919,douar,زيادر,58.0,,5710320000000.0,زيادر,
2920,douar,المعادل,58.0,,5710320000000.0,المعادل,
2921,douar,المزروقة,58.0,,5710320000000.0,المزروقة,
2922,douar,واد الليل,58.0,,5710320000000.0,واد الليل,
2923,douar,غنيوات,58.0,,5710320000000.0,غنيوات,
2924,douar,بير الشيخ,58.0,,5710320000000.0,بير الشيخ,
2925,douar,فندلاوة,59.0,,5710320000000.0,فندلاوة,
2926,douar,الرواوس,59.0,,5710320000000.0,الرواوس,
2927,douar,Saddina صدينة,59.0,,5710320000000.0,saddina صدينة,
2928,douar,الجعابق,59.0,,5710320000000.0,الجعابق,
2929,douar,لعلاوية,59.0,,5710320000000.0,لعلاوية,
2930,douar,كدان,59.0,,5710320000000.0,كدان,
2931,douar,اعجيبش,59.0,,5710320000000.0,اعجيبش,
2932,douar,أݣلا,59.0,,5710320000000.0,اݣلا,
2933,douar,ترانت,59.0,,5710320000000.0,ترانت,
2934,douar,واد أݣلا,59.0,,5710320000000.0,واد اݣلا,
2935,douar,اللوزيين,59.0,,5710320000000.0,اللوزيين,
2936,douar,الدشريين,59.0,,5710320000000.0,الدشريين,
2937,douar,بني عمران,59.0,,5710320000000.0,بني عمران,
2938,douar,بونزال,54.0,,5710320000000.0,بونزال,
2939,douar,الهرا,54.0,,5710320000000.0,الهرا,
2940,douar,دار الشريف,54.0,,5710320000000.0,دار الشريف,
2941,douar,صليعة,54.0,,5710320000000.0,صليعة,
2942,douar,اشوبية,54.0,,5710320000000.0,اشوبية,
2943,douar,الصباب,54.0,,5710320000000.0,الصباب,
2944,douar,المورد,54.0,,5710320000000.0,المورد,
2945,douar,سلمونش,54.0,,5710320000000.0,سلمونش,
2946,douar,عين كنان,54.0,,5710320000000.0,عين كنان,
2947,douar,عين الرندة,54.0,,5710320000000.0,عين الرندة,
2948,douar,شرفاء Al Oued الواد,54.0,,5710320000000.0,شرفاء al oued الواد,
2949,douar,دهر العيدون,54.0,,5710320000000.0,دهر العيدون,
2950,douar,وطاء جامع,54.0,,5710320000000.0,وطاء جامع,
2951,douar,البرارق,54.0,,5710320000000.0,البرارق,
2952,douar,احميمدش,54.0,,5710320000000.0,احميمدش,
2953,douar,ازبيرش,54.0,,5710320000000.0,ازبيرش,
2954,douar,الزݣالوة,54.0,,5710320000000.0,الزݣالوة,
2955,douar,أمرسان,54.0,,5710320000000.0,امرسان,
2956,douar,زيانش,54.0,,5710320000000.0,زيانش,
2957,douar,بوحرقوص,54.0,,5710320000000.0,بوحرقوص,
2958,douar,العنصر,54.0,,5710320000000.0,العنصر,
2959,douar,عين هابط,60.0,,5710320000000.0,عين هابط,
2960,douar,بني وسيم,60.0,,5710320000000.0,بني وسيم,
2961,douar,بني متاع,60.0,,5710320000000.0,بني متاع,
2962,douar,تونت,60.0,,5710320000000.0,تونت,
2963,douar,حبان,60.0,,5710320000000.0,حبان,
2964,douar,حيونش,60.0,,5710320000000.0,حيونش,
2965,douar,الهوتيين,60.0,,5710320000000.0,الهوتيين,
2966,douar,الحدادين,60.0,,5710320000000.0,الحدادين,
2967,douar,اخداشن,60.0,,5710320000000.0,اخداشن,
2968,douar,منكال,60.0,,5710320000000.0,منكال,
2969,douar,أمزال,60.0,,5710320000000.0,امزال,
2970,douar,فيلالش,60.0,,5710320000000.0,فيلالش,
2971,douar,بنو خلف,60.0,,5710320000000.0,بنو خلف,
2972,douar,اشتاونة,60.0,,5710320000000.0,اشتاونة,
2973,douar,لحليمييش,60.0,,5710320000000.0,لحليمييش,
2974,douar,كراكش,60.0,,5710320000000.0,كراكش,
2975,douar,المناصرة,60.0,,5710320000000.0,المناصرة,
2976,douar,اللهلهى,60.0,,5710320000000.0,اللهلهى,
2977,douar,دار الحراش,60.0,,5710320000000.0,دار الحراش,
2978,douar,دار بني زيد,60.0,,5710320000000.0,دار بني زيد,
2979,douar,احسنيوش,60.0,,5710320000000.0,احسنيوش,
2980,douar,أزمور,64.0,,5710500000000.0,ازمور,
2981,douar,بواتو,64.0,,5710500000000.0,بواتو,
2982,douar,أشكراد,64.0,,5710500000000.0,اشكراد,
2983,douar,بني موسى,64.0,,5710500000000.0,بني موسى,
2984,douar,بني عمران,64.0,,5710500000000.0,بني عمران,
2985,douar,قرية Al Hamra الحمراء,64.0,,5710500000000.0,قرية al hamra الحمراء,
2986,douar,إسوماتن,64.0,,5710500000000.0,اسوماتن,
2987,douar,بوعاون,64.0,,5710500000000.0,بوعاون,
2988,douar,بطارة,64.0,,5710500000000.0,بطارة,
2989,douar,Al Oued الواديين,64.0,,5710500000000.0,al oued الواديين,
2990,douar,إفقيرن,64.0,,5710500000000.0,افقيرن,
2991,douar,طونت,64.0,,5710500000000.0,طونت,
2992,douar,الحيوط,64.0,,5710500000000.0,الحيوط,
2993,douar,أغلمان,64.0,,5710500000000.0,اغلمان,
2994,douar,إعيادن,64.0,,5710500000000.0,اعيادن,
2995,douar,إدمامن,65.0,,5710510000000.0,ادمامن,
2996,douar,بوباين,65.0,,5710510000000.0,بوباين,
2997,douar,شروطة,65.0,,5710510000000.0,شروطة,
2998,douar,كباش,65.0,,5710510000000.0,كباش,
2999,douar,إخشافن,65.0,,5710510000000.0,اخشافن,
3000,douar,الزاوية,65.0,,5710510000000.0,الزاوية,
3001,douar,تغزوت,65.0,,5710510000000.0,تغزوت,
3002,douar,إخجة,65.0,,5710510000000.0,اخجة,
3003,douar,إمزلافن,65.0,,5710510000000.0,امزلافن,
3004,douar,تلنفروخ,65.0,,5710510000000.0,تلنفروخ,
3005,douar,مجبار,65.0,,5710510000000.0,مجبار,
3006,douar,تلانكرامت,65.0,,5710510000000.0,تلانكرامت,
3007,douar,تصرت,65.0,,5710510000000.0,تصرت,
3008,douar,دار أملال,65.0,,5710510000000.0,دار املال,
3009,douar,خزان لاو,65.0,,5710510000000.0,خزان لاو,
3010,douar,إهلال,65.0,,5710510000000.0,اهلال,
3011,douar,أديوغ,65.0,,5710510000000.0,اديوغ,
3012,douar,الرملة,65.0,,5710510000000.0,الرملة,
3013,douar,إغزاون,65.0,,5710510000000.0,اغزاون,
3014,douar,إرديفن,65.0,,5710510000000.0,ارديفن,
3015,douar,عبادة,65.0,,5710510000000.0,عبادة,
3016,douar,إحمدان,65.0,,5710510000000.0,احمدان,
3017,douar,تغبالوت,65.0,,5710510000000.0,تغبالوت,
3018,douar,تمطيلت,65.0,,5710510000000.0,تمطيلت,
3019,douar,إمليل,65.0,,5710510000000.0,امليل,
3020,douar,إفحصة,65.0,,5710510000000.0,افحصة,
3021,douar,إبوهرن,65.0,,5710510000000.0,ابوهرن,
3022,douar,إسلان,65.0,,5710510000000.0,اسلان,
3023,douar,Azla أزلا,69.0,,5710510000000.0,azla ازلا,
3024,douar,هليلة,69.0,,5710510000000.0,هليلة,
3025,douar,المعاصم السفلية,69.0,,5710510000000.0,المعاصم السفلية,
3026,douar,سيدي عبد السلام,69.0,,5710510000000.0,سيدي عبد السلام,
3027,douar,التلول,69.0,,5710510000000.0,التلول,
3028,douar,اشطحن,69.0,,5710510000000.0,اشطحن,
3029,douar,اسحنان,69.0,,5710510000000.0,اسحنان,
3030,douar,أسوال,69.0,,5710510000000.0,اسوال,
3031,douar,ايداسن,69.0,,5710510000000.0,ايداسن,
3032,douar,ولبان,69.0,,5710510000000.0,ولبان,
3033,douar,مغنوجة,69.0,,5710510000000.0,مغنوجة,
3034,douar,Tazroute تازروت,69.0,,5710510000000.0,tazroute تازروت,
3035,douar,البوير,69.0,,5710510000000.0,البوير,
3036,douar,دار اعلالو,69.0,,5710510000000.0,دار اعلالو,
3037,douar,الطهر,69.0,,5710510000000.0,الطهر,
3038,douar,اقنيقرة الفوقية,69.0,,5710510000000.0,اقنيقرة الفوقية,
3039,douar,اقنيقرة السفلية,69.0,,5710510000000.0,اقنيقرة السفلية,
3040,douar,المعاصم الفوقية,69.0,,5710510000000.0,المعاصم الفوقية,
3041,douar,تمزار,63.0,,5710510000000.0,تمزار,
3042,douar,تينزة,63.0,,5710510000000.0,تينزة,
3043,douar,أوراغن,63.0,,5710510000000.0,اوراغن,
3044,douar,Al Oued الواد,63.0,,5710510000000.0,al oued الواد,
3045,douar,الحيوط,63.0,,5710510000000.0,الحيوط,
3046,douar,أفرطن,63.0,,5710510000000.0,افرطن,
3047,douar,الدرادر,63.0,,5710510000000.0,الدرادر,
3048,douar,مزواط,71.0,,5710520000000.0,مزواط,
3049,douar,تدمامت,71.0,,5710520000000.0,تدمامت,
3050,douar,إحطبن,71.0,,5710520000000.0,احطبن,
3051,douar,إحلوبتن,71.0,,5710520000000.0,احلوبتن,
3052,douar,إنجرن,71.0,,5710520000000.0,انجرن,
3053,douar,إمرزوقن,71.0,,5710520000000.0,امرزوقن,
3054,douar,إفقن,71.0,,5710520000000.0,افقن,
3055,douar,إدرن,71.0,,5710520000000.0,ادرن,
3056,douar,إكمارن,71.0,,5710520000000.0,اكمارن,
3057,douar,القجابلة,71.0,,5710520000000.0,القجابلة,
3058,douar,إمحيحن,71.0,,5710520000000.0,امحيحن,
3059,douar,إيدايدان,71.0,,5710520000000.0,ايدايدان,
3060,douar,إهرموشن,71.0,,5710520000000.0,اهرموشن,
3061,douar,زمورت,71.0,,5710520000000.0,زمورت,
3062,douar,وراق جامع الزهر,71.0,,5710520000000.0,وراق جامع الزهر,
3063,douar,إخلفن,71.0,,5710520000000.0,اخلفن,
3064,douar,قاع العقبة,71.0,,5710520000000.0,قاع العقبة,
3065,douar,أشروضة,71.0,,5710520000000.0,اشروضة,
3066,douar,تزغارين,71.0,,5710520000000.0,تزغارين,
3067,douar,القليع,71.0,,5710520000000.0,القليع,
3068,douar,أخلال,71.0,,5710520000000.0,اخلال,
3069,douar,Tassift تاسيفت,71.0,,5710520000000.0,tassift تاسيفت,
3070,douar,أوشتام,71.0,,5710520000000.0,اوشتام,
3071,douar,اكرديدة,71.0,,5710520000000.0,اكرديدة,
3072,douar,إوهران,71.0,,5710520000000.0,اوهران,
3073,douar,إحتاشن,71.0,,5710520000000.0,احتاشن,
3074,douar,درابنة,71.0,,5710520000000.0,درابنة,
3075,douar,إخديمن,71.0,,5710520000000.0,اخديمن,
3076,douar,إحدونن,71.0,,5710520000000.0,احدونن,
3077,douar,بوخنايس,71.0,,5710520000000.0,بوخنايس,
3078,douar,إمخوتن,71.0,,5710520000000.0,امخوتن,
3079,douar,إصالحن,71.0,,5710520000000.0,اصالحن,
3080,douar,تميال,71.0,,5710520000000.0,تميال,
3081,douar,أريك,71.0,,5710520000000.0,اريك,
3082,douar,الدكار,71.0,,5710520000000.0,الدكار,
3083,douar,دار الخياط,67.0,,5710520000000.0,دار الخياط,
3084,douar,تمزاقت,67.0,,5710520000000.0,تمزاقت,
3085,douar,بوخلاد,67.0,,5710520000000.0,بوخلاد,
3086,douar,بن قريش السفلى,67.0,,5710520000000.0,بن قريش السفلى,
3087,douar,بني صابر,66.0,,5710520000000.0,بني صابر,
3088,douar,Jebala جبالة,66.0,,5710520000000.0,jebala جبالة,
3089,douar,السݣن,66.0,,5710520000000.0,السݣن,
3090,douar,أسفلو,66.0,,5710520000000.0,اسفلو,
3091,douar,تمطروس,66.0,,5710520000000.0,تمطروس,
3092,douar,إحاحين,66.0,,5710520000000.0,احاحين,
3093,douar,تمالوت,66.0,,5710520000000.0,تمالوت,
3094,douar,الحامة,66.0,,5710520000000.0,الحامة,
3095,douar,إبحديدن_إشمداد,66.0,,5710520000000.0,ابحديدن_اشمداد,
3096,douar,تازرت,66.0,,5710520000000.0,تازرت,
3097,douar,مجو,66.0,,5710520000000.0,مجو,
3098,douar,احمادة,66.0,,5710520000000.0,احمادة,
3099,douar,حلابة (Oulad Ali Mansourأولاد علي منصور),66.0,,5710520000000.0,حلابة (oulad ali mansourاولاد علي منصور),
3100,douar,دار الغازي,70.0,,5710520000000.0,دار الغازي,
3101,douar,دار الخنوس,70.0,,5710520000000.0,دار الخنوس,
3102,douar,دار خرخور,70.0,,5710520000000.0,دار خرخور,
3103,douar,أشرودن,70.0,,5710520000000.0,اشرودن,
3104,douar,تزارين,70.0,,5710520000000.0,تزارين,
3105,douar,دار الراعي,70.0,,5710520000000.0,دار الراعي,
3106,douar,دار الحلقة,70.0,,5710520000000.0,دار الحلقة,
3107,douar,أسعادن,70.0,,5710520000000.0,اسعادن,
3108,douar,دار بنعيسى,70.0,,5710520000000.0,دار بنعيسى,
3109,douar,كتان,70.0,,5710520000000.0,كتان,
3110,douar,الطوب,70.0,,5710520000000.0,الطوب,
3111,douar,مشروحة,70.0,,5710520000000.0,مشروحة,
3112,douar,يرغيت,70.0,,5710520000000.0,يرغيت,
3113,douar,Bni Salah بني صالح,70.0,,5710520000000.0,bni salah بني صالح,
3114,douar,أحريق,70.0,,5710520000000.0,احريق,
3115,douar,طريطة,70.0,,5710520000000.0,طريطة,
3116,douar,لالة عائشة,70.0,,5710520000000.0,لالة عايشة,
3117,douar,دار اشقارة,72.0,,5710530000000.0,دار اشقارة,
3118,douar,أمدوح,72.0,,5710530000000.0,امدوح,
3119,douar,الريفيين,72.0,,5710530000000.0,الريفيين,
3120,douar,Tassift تاسيفت,72.0,,5710530000000.0,tassift تاسيفت,
3121,douar,إعسكرن,72.0,,5710530000000.0,اعسكرن,
3122,douar,وطا أمسا,72.0,,5710530000000.0,وطا امسا,
3123,douar,الماء المسوس,72.0,,5710530000000.0,الماء المسوس,
3124,douar,القيطون,72.0,,5710530000000.0,القيطون,
3125,douar,مركان,72.0,,5710530000000.0,مركان,
3126,douar,العدويين,72.0,,5710530000000.0,العدويين,
3127,douar,إخلفتن,72.0,,5710530000000.0,اخلفتن,
3128,douar,أوشتام,72.0,,5710530000000.0,اوشتام,
3129,douar,إصبحن,72.0,,5710530000000.0,اصبحن,
3130,douar,دار البلار,72.0,,5710530000000.0,دار البلار,
3131,douar,إكفيفن,72.0,,5710530000000.0,اكفيفن,
3132,douar,إهرسن,72.0,,5710530000000.0,اهرسن,
3133,douar,إحمدانن,72.0,,5710530000000.0,احمدانن,
3134,douar,إطرزنت,72.0,,5710530000000.0,اطرزنت,
3135,douar,اللانزيري,72.0,,5710530000000.0,اللانزيري,
3136,douar,أعياطن,72.0,,5710530000000.0,اعياطن,
3137,douar,إغطاسن,72.0,,5710530000000.0,اغطاسن,
3138,douar,إقرباصن,72.0,,5710530000000.0,اقرباصن,
3139,douar,دار برنيشو,72.0,,5710530000000.0,دار برنيشو,
3140,douar,تمرابط,72.0,,5710530000000.0,تمرابط,
3141,douar,تامرنوت,72.0,,5710530000000.0,تامرنوت,
3142,douar,اسلكي,72.0,,5710530000000.0,اسلكي,
3143,douar,تالاخت,72.0,,5710530000000.0,تالاخت,
3144,douar,الرطيلة,72.0,,5710530000000.0,الرطيلة,
3145,douar,الزاوية -بني بغداد,72.0,,5710530000000.0,الزاوية -بني بغداد,
3146,douar,إكنان,72.0,,5710530000000.0,اكنان,
3147,douar,أحكام,72.0,,5710530000000.0,احكام,
3148,douar,أملالات,72.0,,5710530000000.0,املالات,
3149,douar,إقزازن,72.0,,5710530000000.0,اقزازن,
3150,douar,إمكوارن,72.0,,5710530000000.0,امكوارن,
3151,douar,إعجنن,72.0,,5710530000000.0,اعجنن,
3152,douar,الهرازمة,72.0,,5710530000000.0,الهرازمة,
3153,douar,إبراقن,72.0,,5710530000000.0,ابراقن,
3154,douar,إبلاطن,72.0,,5710530000000.0,ابلاطن,
3155,douar,تسجوت,72.0,,5710530000000.0,تسجوت,
3156,douar,إشويبن,72.0,,5710530000000.0,اشويبن,
3157,douar,إمهدى,72.0,,5710530000000.0,امهدى,
3158,douar,تكنزيون,72.0,,5710530000000.0,تكنزيون,
3159,douar,إحمدانن بني عاصم,72.0,,5710530000000.0,احمدانن بني عاصم,
3160,douar,ايسليماتن,72.0,,5710530000000.0,ايسليماتن,
3161,douar,عيشون,72.0,,5710530000000.0,عيشون,
3162,douar,إلاحمران,72.0,,5710530000000.0,الاحمران,
3163,douar,احمدانن تزكة,72.0,,5710530000000.0,احمدانن تزكة,
3164,douar,لشياخ,72.0,,5710530000000.0,لشياخ,
3165,douar,رندة,72.0,,5710530000000.0,رندة,
3166,douar,إحمطن,72.0,,5710530000000.0,احمطن,
3167,douar,امودنن,72.0,,5710530000000.0,امودنن,
3168,douar,أعنان,72.0,,5710530000000.0,اعنان,
3169,douar,امفتاحن,72.0,,5710530000000.0,امفتاحن,
3170,douar,زاوية بني عاصم,72.0,,5710530000000.0,زاوية بني عاصم,
3171,douar,إمشكطن,72.0,,5710530000000.0,امشكطن,
3172,douar,أمطيل,68.0,,5710530000000.0,امطيل,
3173,douar,احماميوش,68.0,,5710530000000.0,احماميوش,
3174,douar,أحلو,68.0,,5710530000000.0,احلو,
3175,douar,المهارزة,68.0,,5710530000000.0,المهارزة,
3176,douar,طونت,68.0,,5710530000000.0,طونت,
3177,douar,اشقاقرة,68.0,,5710530000000.0,اشقاقرة,
3178,douar,Zinat الزينات,68.0,,5710530000000.0,zinat الزينات,
3179,douar,ترنكت,68.0,,5710530000000.0,ترنكت,
3180,douar,أݣلا,68.0,,5710530000000.0,اݣلا,
3181,douar,تغرامت (Oulad Ali Mansourأولاد علي منصور),68.0,,5710530000000.0,تغرامت (oulad ali mansourاولاد علي منصور),
3182,douar,بني عمران,68.0,,5710530000000.0,بني عمران,
3183,douar,أمصبحن,68.0,,5710530000000.0,امصبحن,
3184,douar,أحباق,68.0,,5710530000000.0,احباق,
3185,douar,أدقاشن,68.0,,5710530000000.0,ادقاشن,
3186,douar,الكوف الفوقي,49.0,,5730110000000.0,الكوف الفوقي,
3187,douar,الكوف السفلي,49.0,,5730110000000.0,الكوف السفلي,
3188,douar,واد زرجون,49.0,,5730110000000.0,واد زرجون,
3189,douar,بوجميل,49.0,,5730110000000.0,بوجميل,
3190,douar,كدانة,49.0,,5730110000000.0,كدانة,
3191,douar,أكنان,49.0,,5730110000000.0,اكنان,
3192,douar,عين اللين,49.0,,5730110000000.0,عين اللين,
3193,douar,فرسيوة,49.0,,5730110000000.0,فرسيوة,
3194,douar,تاشة,49.0,,5730110000000.0,تاشة,
3195,douar,أفراسو,49.0,,5730110000000.0,افراسو,
3196,douar,حراقة,49.0,,5730110000000.0,حراقة,
3197,douar,بلوازن,49.0,,5730110000000.0,بلوازن,
3198,douar,البين,49.0,,5730110000000.0,البين,
3199,douar,Belyounech بليونش,50.0,,5730110000000.0,belyounech بليونش,
3200,douar,واد الخلوط,50.0,,5730110000000.0,واد الخلوط,
3201,douar,واد الليمونة,50.0,,5730110000000.0,واد الليمونة,
3202,douar,بني مزالة السفلى,50.0,,5730110000000.0,بني مزالة السفلى,
3203,douar,بني مزالة العليا,50.0,,5730110000000.0,بني مزالة العليا,
3204,douar,شراربة,41.0,,5110510000000.0,شراربة,
3205,douar,القلعية,41.0,,5110510000000.0,القلعية,
3206,douar,الخرب,41.0,,5110510000000.0,الخرب,
3207,douar,النحل,41.0,,5110510000000.0,النحل,
3208,douar,المرس,41.0,,5110510000000.0,المرس,
3209,douar,Zinat الزينات,41.0,,5110510000000.0,Zinat الزينات,
3210,douar,الغزلان,41.0,,5110510000000.0,الغزلان,
3211,douar,البراج,41.0,,5110510000000.0,البراج,
3212,douar,الركايع,41.0,,5110510000000.0,الركايع,
3213,douar,البيبان,41.0,,5110510000000.0,البيبان,
3214,douar,أولاد زيان,41.0,,5110510000000.0,أولاد زيان,
3215,douar,القصيير,41.0,,5110510000000.0,القصيير,
3216,douar,الصخرة,41.0,,5110510000000.0,الصخرة,
3217,douar,القزموري,41.0,,5110510000000.0,القزموري,
3218,douar,الروييف,41.0,,5110510000000.0,الروييف,
3219,douar,دار اللماعي,41.0,,5110510000000.0,دار اللماعي,
3220,douar,الصفصافة,41.0,,5110510000000.0,الصفصافة,
