indicateur_id,nom_indicateur,nom_origine,theme,definition,unite,source,annee,statut,table_pg,mode_stockage,colonne_valeur,filtre_indicateur,colonne_territoire,libelle_court,secteur,dispo_province,dispo_commune,sens,mots_cles
1,Climat region tta — humidite,humidite,climate,"Climat region tta — humidite. Thème : climate. [Traçabilité : vérifié : Al Hoceïma 2020-2021 = 19,2 °C, identique à l'Annuaire.]",%,"Annuaire Statistique du Maroc (HCP). https://www.hcp.ma/downloads/Annuaire-Statistique-du-Maroc-format-Excel_t22392.html Chapitre 23 — Environnement, tableaux 23-5, 23-6 et 23-7 (stations de la Direction de la Météorologie Nationale).",2020-2024,actif,climate_cleaned_climat_region_tta,long,valeur,humidite,territoire_id,Humidité relative moyenne,Conditions de vie,True,False,neutre,
2,Climat region tta — temp_max,temp_max,climate,"Climat region tta — temp_max. Thème : climate. [Traçabilité : vérifié : Al Hoceïma 2020-2021 = 19,2 °C, identique à l'Annuaire.]",°C,"Annuaire Statistique du Maroc (HCP). https://www.hcp.ma/downloads/Annuaire-Statistique-du-Maroc-format-Excel_t22392.html Chapitre 23 — Environnement, tableaux 23-5, 23-6 et 23-7 (stations de la Direction de la Météorologie Nationale).",2020-2024,actif,climate_cleaned_climat_region_tta,long,valeur,temp_max,territoire_id,Température maximale moyenne,Conditions de vie,True,False,neutre,
3,Climat region tta — temp_min,temp_min,climate,"Climat region tta — temp_min. Thème : climate. [Traçabilité : vérifié : Al Hoceïma 2020-2021 = 19,2 °C, identique à l'Annuaire.]",°C,"Annuaire Statistique du Maroc (HCP). https://www.hcp.ma/downloads/Annuaire-Statistique-du-Maroc-format-Excel_t22392.html Chapitre 23 — Environnement, tableaux 23-5, 23-6 et 23-7 (stations de la Direction de la Météorologie Nationale).",2020-2024,actif,climate_cleaned_climat_region_tta,long,valeur,temp_min,territoire_id,Température minimale moyenne,Conditions de vie,True,False,neutre,
4,temp_moyenne,temp_moyenne,climate,"temp_moyenne. Thème : climate. [Traçabilité : vérifié : Al Hoceïma 2020-2021 = 19,2 °C, identique à l'Annuaire.]",°C,"Annuaire Statistique du Maroc (HCP). https://www.hcp.ma/downloads/Annuaire-Statistique-du-Maroc-format-Excel_t22392.html Chapitre 23 — Environnement, tableaux 23-5, 23-6 et 23-7 (stations de la Direction de la Météorologie Nationale).",2020-2024,actif,climate_cleaned_climat_region_tta,long,valeur,temp_moyenne,territoire_id,Température moyenne,Conditions de vie,True,False,neutre,
5,La base de donn es excel de la migration — entrees,entrees,demography,"Nombre de personnes résidant dans le territoire mais nées dans une autre zone du pays. La migration « durée de vie » compare le lieu de naissance au lieu de résidence au recensement, sans tenir compte des déplacements intermédiaires ni des retours. [Traçabilité : source RGPH 2024, publication d'octobre 2025.]",personnes,"RGPH 2024 — Base de données de la migration interne, Octobre 2025 (HCP). Méthodologie : document de métadonnées HCP.",2024,actif,demography_cleaned_la_base_de_donn_es_excel_de_la_migration_,long,valeur,entrees,territoire_id,Entrées migratoires (durée de vie),Démographie,True,True,neutre,
6,La base de donn es excel de la migration — indice_entrees (%),indice_entrees (%),demography,"Part des entrées de durée de vie dans la population sédentaire du territoire. Attention : l'indice de sorties n'a pas le même dénominateur — il est rapporté aux natifs du territoire. Les deux indices ne se soustraient pas et leur différence ne constitue pas un solde migratoire. [Traçabilité : source RGPH 2024, publication d'octobre 2025.]",%,"RGPH 2024 — Base de données de la migration interne, Octobre 2025 (HCP). Méthodologie : document de métadonnées HCP.",2024,actif,demography_cleaned_la_base_de_donn_es_excel_de_la_migration_,long,valeur,indice_entrees (%),territoire_id,Indice d'entrées migratoires (durée de vie),Démographie,True,True,neutre,
7,La base de donn es excel de la migration — indice_sortie (%),indice_sortie (%),demography,"Part des sorties de durée de vie dans l'ensemble des natifs du territoire. Attention : l'indice d'entrées n'a pas le même dénominateur — il est rapporté à la population résidente. Les deux indices ne se soustraient pas et leur différence ne constitue pas un solde migratoire. [Traçabilité : source RGPH 2024, publication d'octobre 2025.]",%,"RGPH 2024 — Base de données de la migration interne, Octobre 2025 (HCP). Méthodologie : document de métadonnées HCP.",2024,actif,demography_cleaned_la_base_de_donn_es_excel_de_la_migration_,long,valeur,indice_sortie (%),territoire_id,Indice de sorties migratoires (durée de vie),Démographie,True,True,neutre,
8,La base de donn es excel de la migration — natifs,natifs,demography,"Nombre de personnes nées dans le territoire, qu'elles y résident encore ou non. Avec les sorties de durée de vie, les natifs résidant sur place en composent l'ensemble. [Traçabilité : source RGPH 2024, publication d'octobre 2025.]",hab,"RGPH 2024 — Base de données de la migration interne, Octobre 2025 (HCP). Méthodologie : document de métadonnées HCP.",2024,actif,demography_cleaned_la_base_de_donn_es_excel_de_la_migration_,long,valeur,natifs,territoire_id,Natifs du territoire,Démographie,True,True,neutre,
9,La base de donn es excel de la migration — natifs_residents_non_migrants,natifs_residents_non_migrants,demography,"Nombre de personnes résidant dans leur territoire de naissance. Ce sont les non-migrants au sens de la durée de vie. [Traçabilité : source RGPH 2024, publication d'octobre 2025.]",hab,"RGPH 2024 — Base de données de la migration interne, Octobre 2025 (HCP). Méthodologie : document de métadonnées HCP.",2024,actif,demography_cleaned_la_base_de_donn_es_excel_de_la_migration_,long,valeur,natifs_residents_non_migrants,territoire_id,Natifs résidant dans leur territoire de naissance,Démographie,True,True,neutre,
10,La base de donn es excel de la migration — population_sedentaire,population_sedentaire,demography,"Ensemble des personnes résidant dans le territoire au moment du recensement, hors ménages nomades et sans-abri. C'est la population de référence de tous les indicateurs de migration, et le dénominateur de l'indice d'entrées de durée de vie. [Traçabilité : source RGPH 2024, publication d'octobre 2025.]",hab,"RGPH 2024 — Base de données de la migration interne, Octobre 2025 (HCP). Méthodologie : document de métadonnées HCP.",2024,actif,demography_cleaned_la_base_de_donn_es_excel_de_la_migration_,long,valeur,population_sedentaire,territoire_id,Population sédentaire,Démographie,True,True,neutre,
11,La base de donn es excel de la migration — sorties,sorties,demography,"Nombre de personnes nées dans le territoire et résidant ailleurs, au Maroc ou à l'étranger, au moment du recensement. [Traçabilité : source RGPH 2024, publication d'octobre 2025.]",personnes,"RGPH 2024 — Base de données de la migration interne, Octobre 2025 (HCP). Méthodologie : document de métadonnées HCP.",2024,actif,demography_cleaned_la_base_de_donn_es_excel_de_la_migration_,long,valeur,sorties,territoire_id,Sorties migratoires (durée de vie),Démographie,True,True,neutre,
12,La base de donn es excel de la migration 2 — entrees,entrees,demography,"Nombre de personnes résidant dans le territoire au recensement et qui résidaient dans une autre zone, au Maroc ou à l'étranger, cinq ans auparavant. Ce sont les migrants récents. [Traçabilité : source RGPH 2024, publication d'octobre 2025.]",personnes,"RGPH 2024 — Base de données de la migration interne, Octobre 2025 (HCP). Méthodologie : document de métadonnées HCP.",2024,actif,demography_cleaned_la_base_de_donn_es_excel_de_la_migration__2,long,valeur,entrees,territoire_id,Entrées migratoires (5 dernières années),Démographie,True,True,neutre,
13,La base de donn es excel de la migration 2 — indice_entrees (%),indice_entrees (%),demography,"Part des entrées des cinq dernières années dans la population sédentaire de 5 ans et plus du territoire. Attention : l'indice de sorties à cinq ans n'a pas le même dénominateur — il est rapporté à la population qui résidait dans le territoire cinq ans auparavant. Les deux indices ne se soustraient pas. [Traçabilité : source RGPH 2024, publication d'octobre 2025.]",%,"RGPH 2024 — Base de données de la migration interne, Octobre 2025 (HCP). Méthodologie : document de métadonnées HCP.",2024,actif,demography_cleaned_la_base_de_donn_es_excel_de_la_migration__2,long,valeur,indice_entrees (%),territoire_id,Indice d'entrées migratoires (5 ans),Démographie,True,True,neutre,
14,La base de donn es excel de la migration 2 — indice_sortie (%),indice_sortie (%),demography,"Part des sorties des cinq dernières années dans la population qui résidait dans le territoire cinq ans auparavant. Attention : l'indice d'entrées à cinq ans n'a pas le même dénominateur — il est rapporté à la population sédentaire de 5 ans et plus. Les deux indices ne se soustraient pas. [Traçabilité : source RGPH 2024, publication d'octobre 2025.]",%,"RGPH 2024 — Base de données de la migration interne, Octobre 2025 (HCP). Méthodologie : document de métadonnées HCP.",2024,actif,demography_cleaned_la_base_de_donn_es_excel_de_la_migration__2,long,valeur,indice_sortie (%),territoire_id,Indice de sorties migratoires (5 ans),Démographie,True,True,neutre,
15,La base de donn es excel de la migration 2 — natifs_residents_non_migrants,natifs_residents_non_migrants,demography,"Nombre de personnes résidant dans le territoire au recensement et qui y résidaient déjà cinq ans auparavant : les non-migrants récents. [Traçabilité : source RGPH 2024, publication d'octobre 2025.]",hab,"RGPH 2024 — Base de données de la migration interne, Octobre 2025 (HCP). Méthodologie : document de métadonnées HCP.",2024,actif,demography_cleaned_la_base_de_donn_es_excel_de_la_migration__2,long,valeur,natifs_residents_non_migrants,territoire_id,Résidents non migrants (5 ans),Démographie,True,True,neutre,
16,population_sedentaire_5ans_plus,population_sedentaire_5ans_plus,demography,"Population sédentaire du territoire restreinte aux personnes de 5 ans et plus, seules interrogées sur leur résidence cinq ans auparavant. Elle sert de dénominateur à l'indice d'entrées des cinq dernières années. [Traçabilité : source RGPH 2024, publication d'octobre 2025.]",hab,"RGPH 2024 — Base de données de la migration interne, Octobre 2025 (HCP). Méthodologie : document de métadonnées HCP.",2024,actif,demography_cleaned_la_base_de_donn_es_excel_de_la_migration__2,long,valeur,population_sedentaire_5ans_plus,territoire_id,Population sédentaire de 5 ans et plus,Démographie,True,True,neutre,
17,residents_recents_5ans,residents_recents_5ans,demography,"Effectif qui résidait dans le territoire cinq ans avant le recensement : les non-migrants récents, auxquels s'ajoutent les personnes parties depuis. Sert de dénominateur à l'indice de sorties des cinq dernières années. [Traçabilité : source RGPH 2024, publication d'octobre 2025.]",hab,"RGPH 2024 — Base de données de la migration interne, Octobre 2025 (HCP). Méthodologie : document de métadonnées HCP.",2024,actif,demography_cleaned_la_base_de_donn_es_excel_de_la_migration__2,long,valeur,residents_recents_5ans,territoire_id,Population résidente 5 ans auparavant,Démographie,True,True,neutre,
18,La base de donn es excel de la migration 2 — sorties,sorties,demography,"Nombre de personnes qui résidaient dans le territoire cinq ans avant le recensement et vivaient ailleurs, au Maroc ou à l'étranger, au moment du recensement. [Traçabilité : source RGPH 2024, publication d'octobre 2025.]",personnes,"RGPH 2024 — Base de données de la migration interne, Octobre 2025 (HCP). Méthodologie : document de métadonnées HCP.",2024,actif,demography_cleaned_la_base_de_donn_es_excel_de_la_migration__2,long,valeur,sorties,territoire_id,Sorties migratoires (5 dernières années),Démographie,True,True,neutre,
19,La base de donn es excel de la migration 3 — entrees,entrees,demography,"Nombre de personnes résidant dans le territoire au recensement et qui résidaient dans une autre zone, au Maroc ou à l'étranger, dix ans auparavant. [Traçabilité : source RGPH 2024, publication d'octobre 2025.]",personnes,"RGPH 2024 — Base de données de la migration interne, Octobre 2025 (HCP). Méthodologie : document de métadonnées HCP.",2024,actif,demography_cleaned_la_base_de_donn_es_excel_de_la_migration__3,long,valeur,entrees,territoire_id,Entrées migratoires (10 dernières années),Démographie,True,True,neutre,
20,La base de donn es excel de la migration 3 — indice_entrees (%),indice_entrees (%),demography,"Part des entrées des dix dernières années dans la population sédentaire de 10 ans et plus du territoire. Attention : l'indice de sorties à dix ans n'a pas le même dénominateur — il est rapporté à la population qui résidait dans le territoire dix ans auparavant. Les deux indices ne se soustraient pas. [Traçabilité : source RGPH 2024, publication d'octobre 2025.]",%,"RGPH 2024 — Base de données de la migration interne, Octobre 2025 (HCP). Méthodologie : document de métadonnées HCP.",2024,actif,demography_cleaned_la_base_de_donn_es_excel_de_la_migration__3,long,valeur,indice_entrees (%),territoire_id,Indice d'entrées migratoires (10 ans),Démographie,True,True,neutre,
21,La base de donn es excel de la migration 3 — indice_sortie (%),indice_sortie (%),demography,"Part des sorties des dix dernières années dans la population qui résidait dans le territoire dix ans auparavant. Attention : l'indice d'entrées à dix ans n'a pas le même dénominateur — il est rapporté à la population sédentaire de 10 ans et plus. Les deux indices ne se soustraient pas. [Traçabilité : source RGPH 2024, publication d'octobre 2025.]",%,"RGPH 2024 — Base de données de la migration interne, Octobre 2025 (HCP). Méthodologie : document de métadonnées HCP.",2024,actif,demography_cleaned_la_base_de_donn_es_excel_de_la_migration__3,long,valeur,indice_sortie (%),territoire_id,Indice de sorties migratoires (10 ans),Démographie,True,True,neutre,
22,La base de donn es excel de la migration 3 — natifs_residents_non_migrants,natifs_residents_non_migrants,demography,"Nombre de personnes résidant dans le territoire au recensement et qui y résidaient déjà dix ans auparavant. [Traçabilité : source RGPH 2024, publication d'octobre 2025.]",hab,"RGPH 2024 — Base de données de la migration interne, Octobre 2025 (HCP). Méthodologie : document de métadonnées HCP.",2024,actif,demography_cleaned_la_base_de_donn_es_excel_de_la_migration__3,long,valeur,natifs_residents_non_migrants,territoire_id,Résidents non migrants (10 ans),Démographie,True,True,neutre,
23,La base de donn es excel de la migration 3 — population_sedentaire,population_sedentaire,demography,"Population sédentaire du territoire restreinte aux personnes de 10 ans et plus, seules interrogées sur leur résidence dix ans auparavant. Elle sert de dénominateur à l'indice d'entrées des dix dernières années. [Traçabilité : source RGPH 2024, publication d'octobre 2025.]",hab,"RGPH 2024 — Base de données de la migration interne, Octobre 2025 (HCP). Méthodologie : document de métadonnées HCP.",2024,actif,demography_cleaned_la_base_de_donn_es_excel_de_la_migration__3,long,valeur,population_sedentaire,territoire_id,Population sédentaire de 10 ans et plus,Démographie,True,True,neutre,
24,residents_recents_10ans,residents_recents_10ans,demography,"Effectif qui résidait dans le territoire dix ans avant le recensement : les non-migrants, auxquels s'ajoutent les personnes parties depuis. Sert de dénominateur à l'indice de sorties des dix dernières années. [Traçabilité : source RGPH 2024, publication d'octobre 2025.]",hab,"RGPH 2024 — Base de données de la migration interne, Octobre 2025 (HCP). Méthodologie : document de métadonnées HCP.",2024,actif,demography_cleaned_la_base_de_donn_es_excel_de_la_migration__3,long,valeur,residents_recents_10ans,territoire_id,Population résidente 10 ans auparavant,Démographie,True,True,neutre,
25,La base de donn es excel de la migration 3 — sorties,sorties,demography,"Nombre de personnes qui résidaient dans le territoire dix ans avant le recensement et vivaient ailleurs, au Maroc ou à l'étranger, au moment du recensement. [Traçabilité : source RGPH 2024, publication d'octobre 2025.]",personnes,"RGPH 2024 — Base de données de la migration interne, Octobre 2025 (HCP). Méthodologie : document de métadonnées HCP.",2024,actif,demography_cleaned_la_base_de_donn_es_excel_de_la_migration__3,long,valeur,sorties,territoire_id,Sorties migratoires (10 dernières années),Démographie,True,True,neutre,
26,effectif_migrants_internationaux,effectif_migrants_internationaux,demography,"Nombre de personnes résidant dans le territoire au recensement et ayant déjà résidé à l'étranger. Il ne renseigne pas la nationalité, et ne se limite pas aux personnes nées à l'étranger : une personne née au Maroc, partie puis revenue, y figure. [Traçabilité : source RGPH 2024, publication d'octobre 2025.]",personnes,"RGPH 2024 — Base de données de la migration interne, Octobre 2025 (HCP). Méthodologie : document de métadonnées HCP.",2024,actif,demography_cleaned_la_base_de_donn_es_excel_de_la_migration__4,long,valeur,effectif_migrants_internationaux,territoire_id,Migrants internationaux,Démographie,True,True,neutre,
27,Ages mariage handicap — Descendance finale des femmes,Descendance finale des femmes,demography,Ages mariage handicap — Descendance finale des femmes. Thème : demography. [Traçabilité : source RGPH 2024.],,RGPH 2024 — Recensement Général de la Population et de l'Habitat (HCP). https://resultats2024.rgphapps.ma/,2024,actif,demography_demography_ages_mariage_handicap,long,valeur,Descendance finale des femmes,territoire_id,Ages mariage handicap — Descendance finale des femmes,non cartographiable,False,False,bas_mieux,
28,Indice Synthétique de fécondité,Indice Synthétique de fécondité,demography,Indice Synthétique de fécondité. Thème : demography. [Traçabilité : source RGPH 2024.],,RGPH 2024 — Recensement Général de la Population et de l'Habitat (HCP). https://resultats2024.rgphapps.ma/,2024,actif,demography_demography_ages_mariage_handicap,long,valeur,Indice Synthétique de fécondité,territoire_id,Indice Synthétique de fécondité,non cartographiable,False,False,neutre,
29,Ages mariage handicap — Population de 15 ans et plus,Population de 15 ans et plus,demography,Ages mariage handicap — Population de 15 ans et plus. Thème : demography. [Traçabilité : source RGPH 2024.],hab,RGPH 2024 — Recensement Général de la Population et de l'Habitat (HCP). https://resultats2024.rgphapps.ma/,2024,actif,demography_demography_ages_mariage_handicap,long,valeur,Population de 15 ans et plus,territoire_id,Ages mariage handicap — Population de 15 ans et plus,non cartographiable,False,False,neutre,
30,Taux de couverture médicale (%),Taux de couverture médicale (%),demography,Taux de couverture médicale (%). Thème : demography. [Traçabilité : source RGPH 2024.],%,RGPH 2024 — Recensement Général de la Population et de l'Habitat (HCP). https://resultats2024.rgphapps.ma/,2024,actif,demography_demography_ages_mariage_handicap,long,valeur,Taux de couverture médicale (%),territoire_id,Taux de couverture médicale,non cartographiable,False,False,,
32,Taux de prévalence du handicap par groupes d'âges (%),Taux de prévalence du handicap par groupes d'âges (%),demography,Taux de prévalence du handicap par groupes d'âges (%). Thème : demography. [Traçabilité : source RGPH 2024.],%,RGPH 2024 — Recensement Général de la Population et de l'Habitat (HCP). https://resultats2024.rgphapps.ma/,2024,actif,demography_demography_ages_mariage_handicap,long,valeur,Taux de prévalence du handicap par groupes d'âges (%),territoire_id,Taux de prévalence du handicap par groupes d'âges,non cartographiable,False,False,bas_mieux,
33,Âge moyen au premier mariage,Âge moyen au premier mariage,demography,Âge moyen au premier mariage. Thème : demography. [Traçabilité : source RGPH 2024.],,RGPH 2024 — Recensement Général de la Population et de l'Habitat (HCP). https://resultats2024.rgphapps.ma/,2024,actif,demography_demography_ages_mariage_handicap,long,valeur,Âge moyen au premier mariage,territoire_id,Âge moyen au premier mariage,non cartographiable,False,False,neutre,
34,État matrimonial des 15 ans et plus (%),État matrimonial des 15 ans et plus (%),demography,État matrimonial des 15 ans et plus (%). Thème : demography. [Traçabilité : source RGPH 2024.],%,RGPH 2024 — Recensement Général de la Population et de l'Habitat (HCP). https://resultats2024.rgphapps.ma/,2024,actif,demography_demography_ages_mariage_handicap,long,valeur,État matrimonial des 15 ans et plus (%),territoire_id,État matrimonial des 15 ans et plus,non cartographiable,False,False,neutre,
35,Population rgph2024 population demogra — Descendance finale des femmes,Descendance finale des femmes,demography,"Nombre moyen d'enfants effectivement mis au monde par les femmes ayant achevé leur vie féconde. Contrairement à l'indicateur conjoncturel de fécondité, celui-ci porte sur des générations réelles et se rapporte donc au passé. [Traçabilité : vérifié : 441/441 valeurs concordantes avec la source HCP.]",enfants/femme,RGPH 2024 — Recensement Général de la Population et de l'Habitat (HCP). https://resultats2024.rgphapps.ma/,2024,actif,demography_demography_population_rgph2024_population_demogra,long,valeur,Descendance finale des femmes,territoire_id,Descendance finale des femmes,Démographie,True,True,neutre,
36,Indicateur conjoncturel de fécondité,Indicateur conjoncturel de fécondité,demography,"Nombre moyen d'enfants qu'aurait une femme au terme de sa vie féconde si elle connaissait, à chaque âge, les taux de fécondité observés l'année du recensement. Indicateur du moment, portant sur une génération fictive : il décrit une conjoncture, non la descendance réellement atteinte par une génération de femmes. [Traçabilité : vérifié : 441/441 valeurs concordantes avec la source HCP.]",enfants/femme,RGPH 2024 — Recensement Général de la Population et de l'Habitat (HCP). https://resultats2024.rgphapps.ma/,2024,actif,demography_demography_population_rgph2024_population_demogra,long,valeur,Indicateur conjoncturel de fécondité,territoire_id,Indicateur conjoncturel de fécondité,Démographie,True,True,neutre,
37,Population rgph2024 population demogra — Population de 10 ans et plus,Population de 10 ans et plus,demography,Effectif de la population âgée de 10 ans et plus. Sert de dénominateur aux indicateurs d'alphabétisation et de scolarisation. [Traçabilité : vérifié : 441/441 valeurs concordantes avec la source HCP.],hab,RGPH 2024 — Recensement Général de la Population et de l'Habitat (HCP). https://resultats2024.rgphapps.ma/,2024,actif,demography_demography_population_rgph2024_population_demogra,long,valeur,Population de 10 ans et plus,territoire_id,Population de 10 ans et plus,Démographie,True,True,neutre,
38,Population rgph2024 population demogra — Population de 15 ans et plus,Population de 15 ans et plus,demography,"Effectif de la population âgée de 15 ans et plus. Sert de dénominateur aux indicateurs d'activité, de chômage et d'état matrimonial. [Traçabilité : vérifié : 441/441 valeurs concordantes avec la source HCP.]",hab,RGPH 2024 — Recensement Général de la Population et de l'Habitat (HCP). https://resultats2024.rgphapps.ma/,2024,actif,demography_demography_population_rgph2024_population_demogra,long,valeur,Population de 15 ans et plus,territoire_id,Population de 15 ans et plus,Démographie,True,True,neutre,
39,Population rgph2024 population demogra — Population de 7-12 ans,Population de 7-12 ans,demography,"Effectif de la population âgée de 7 à 12 ans, tranche correspondant à l'âge théorique de la scolarité primaire. [Traçabilité : vérifié : 441/441 valeurs concordantes avec la source HCP.]",hab,RGPH 2024 — Recensement Général de la Population et de l'Habitat (HCP). https://resultats2024.rgphapps.ma/,2024,actif,demography_demography_population_rgph2024_population_demogra,long,valeur,Population de 7-12 ans,territoire_id,Population de 7 à 12 ans,Démographie,True,True,neutre,
40,Population légale,Population légale,demography,"Effectif officiel de la population d'un territoire au recensement, seule référence opposable pour les usages administratifs. Elle additionne la population municipale et la population comptée à part, c'est-à-dire les personnes rattachées au territoire mais résidant dans une collectivité : casernes, internats, établissements de soins de longue durée. Elle ne mesure pas le nombre de personnes présentes un jour donné : un recensement compte les résidents habituels, non les présents. [Traçabilité : vérifié : 441/441 valeurs concordantes avec la source HCP.] Renommé : le « 2025 » venait du nom du fichier source, pas de la donnée — les valeurs sont identiques à celles du millésime 2024 sur les 9 territoires communs. Cet identifiant est conservé car lui seul descend au niveau communal.",hab,RGPH 2024 — Recensement Général de la Population et de l'Habitat (HCP). https://resultats2024.rgphapps.ma/,2024,validé,demography_demography_population_rgph2024_population_demogra,long,valeur,Population légale,territoire_id,Population légale (2024),Démographie,True,True,neutre,population habitants
41,Population municipale,Population municipale,demography,"Population résidant habituellement dans les ménages et les collectivités du territoire, à l'exclusion des personnes comptées à part. C'est la composante principale de la population légale, dont elle diffère de quelques milliers de personnes à l'échelle régionale. [Traçabilité : vérifié : 441/441 valeurs concordantes avec la source HCP.]",hab,RGPH 2024 — Recensement Général de la Population et de l'Habitat (HCP). https://resultats2024.rgphapps.ma/,2024,actif,demography_demography_population_rgph2024_population_demogra,long,valeur,Population municipale,territoire_id,Population municipale,Démographie,True,True,neutre,
42,Sexe (%) - Féminin,Sexe (%) - Féminin,demography,"Répartition de la population par sexe, en pourcentage de l'effectif total du territoire. Les deux parts se complètent à cent. [Traçabilité : vérifié : 441/441 valeurs concordantes avec la source HCP.]",%,RGPH 2024 — Recensement Général de la Population et de l'Habitat (HCP). https://resultats2024.rgphapps.ma/,2024,actif,demography_demography_population_rgph2024_population_demogra,long,valeur,Sexe (%) - Féminin,territoire_id,Sexe — Féminin,Démographie,True,True,neutre,
43,Sexe (%) - Masculin,Sexe (%) - Masculin,demography,"Répartition de la population par sexe, en pourcentage de l'effectif total du territoire. Les deux parts se complètent à cent. [Traçabilité : vérifié : 441/441 valeurs concordantes avec la source HCP.]",%,RGPH 2024 — Recensement Général de la Population et de l'Habitat (HCP). https://resultats2024.rgphapps.ma/,2024,actif,demography_demography_population_rgph2024_population_demogra,long,valeur,Sexe (%) - Masculin,territoire_id,Sexe — Masculin,Démographie,True,True,neutre,
44,Âge moyen singulier au mariage,Âge moyen singulier au mariage,demography,"Âge moyen au premier mariage, estimé à partir des proportions de célibataires observées à chaque âge. Il s'agit d'une construction statistique portant sur une génération fictive : ce n'est pas la moyenne des âges des personnes mariées au cours de l'année. [Traçabilité : vérifié : 441/441 valeurs concordantes avec la source HCP.]",ans,RGPH 2024 — Recensement Général de la Population et de l'Habitat (HCP). https://resultats2024.rgphapps.ma/,2024,actif,demography_demography_population_rgph2024_population_demogra,long,valeur,Âge moyen singulier au mariage,territoire_id,Âge moyen singulier au mariage,Démographie,True,True,neutre,
45,Âge quinquennal (%) - 0-4 ans,Âge quinquennal (%) - 0-4 ans,demography,"Répartition de la population par groupe d'âges de cinq ans, en pourcentage de l'effectif total. L'ensemble des groupes se complète à cent, et leur profil dessine la pyramide des âges du territoire. [Traçabilité : vérifié : 441/441 valeurs concordantes avec la source HCP.]",%,RGPH 2024 — Recensement Général de la Population et de l'Habitat (HCP). https://resultats2024.rgphapps.ma/,2024,actif,demography_demography_population_rgph2024_population_demogra,long,valeur,Âge quinquennal (%) - 0-4 ans,territoire_id,Âge quinquennal — 0-4 ans,Démographie,True,True,neutre,
46,Âge quinquennal (%) - 10-14 ans,Âge quinquennal (%) - 10-14 ans,demography,"Répartition de la population par groupe d'âges de cinq ans, en pourcentage de l'effectif total. L'ensemble des groupes se complète à cent, et leur profil dessine la pyramide des âges du territoire. [Traçabilité : vérifié : 441/441 valeurs concordantes avec la source HCP.]",%,RGPH 2024 — Recensement Général de la Population et de l'Habitat (HCP). https://resultats2024.rgphapps.ma/,2024,actif,demography_demography_population_rgph2024_population_demogra,long,valeur,Âge quinquennal (%) - 10-14 ans,territoire_id,Âge quinquennal — 10-14 ans,Démographie,True,True,neutre,
47,Âge quinquennal (%) - 15-19 ans,Âge quinquennal (%) - 15-19 ans,demography,"Répartition de la population par groupe d'âges de cinq ans, en pourcentage de l'effectif total. L'ensemble des groupes se complète à cent, et leur profil dessine la pyramide des âges du territoire. [Traçabilité : vérifié : 441/441 valeurs concordantes avec la source HCP.]",%,RGPH 2024 — Recensement Général de la Population et de l'Habitat (HCP). https://resultats2024.rgphapps.ma/,2024,actif,demography_demography_population_rgph2024_population_demogra,long,valeur,Âge quinquennal (%) - 15-19 ans,territoire_id,Âge quinquennal — 15-19 ans,Démographie,True,True,neutre,
48,Âge quinquennal (%) - 20-24 ans,Âge quinquennal (%) - 20-24 ans,demography,"Répartition de la population par groupe d'âges de cinq ans, en pourcentage de l'effectif total. L'ensemble des groupes se complète à cent, et leur profil dessine la pyramide des âges du territoire. [Traçabilité : vérifié : 441/441 valeurs concordantes avec la source HCP.]",%,RGPH 2024 — Recensement Général de la Population et de l'Habitat (HCP). https://resultats2024.rgphapps.ma/,2024,actif,demography_demography_population_rgph2024_population_demogra,long,valeur,Âge quinquennal (%) - 20-24 ans,territoire_id,Âge quinquennal — 20-24 ans,Démographie,True,True,neutre,
49,Âge quinquennal (%) - 25-29 ans,Âge quinquennal (%) - 25-29 ans,demography,"Répartition de la population par groupe d'âges de cinq ans, en pourcentage de l'effectif total. L'ensemble des groupes se complète à cent, et leur profil dessine la pyramide des âges du territoire. [Traçabilité : vérifié : 441/441 valeurs concordantes avec la source HCP.]",%,RGPH 2024 — Recensement Général de la Population et de l'Habitat (HCP). https://resultats2024.rgphapps.ma/,2024,actif,demography_demography_population_rgph2024_population_demogra,long,valeur,Âge quinquennal (%) - 25-29 ans,territoire_id,Âge quinquennal — 25-29 ans,Démographie,True,True,neutre,
50,Âge quinquennal (%) - 30-34 ans,Âge quinquennal (%) - 30-34 ans,demography,"Répartition de la population par groupe d'âges de cinq ans, en pourcentage de l'effectif total. L'ensemble des groupes se complète à cent, et leur profil dessine la pyramide des âges du territoire. [Traçabilité : vérifié : 441/441 valeurs concordantes avec la source HCP.]",%,RGPH 2024 — Recensement Général de la Population et de l'Habitat (HCP). https://resultats2024.rgphapps.ma/,2024,actif,demography_demography_population_rgph2024_population_demogra,long,valeur,Âge quinquennal (%) - 30-34 ans,territoire_id,Âge quinquennal — 30-34 ans,Démographie,True,True,neutre,
51,Âge quinquennal (%) - 35-39 ans,Âge quinquennal (%) - 35-39 ans,demography,"Répartition de la population par groupe d'âges de cinq ans, en pourcentage de l'effectif total. L'ensemble des groupes se complète à cent, et leur profil dessine la pyramide des âges du territoire. [Traçabilité : vérifié : 441/441 valeurs concordantes avec la source HCP.]",%,RGPH 2024 — Recensement Général de la Population et de l'Habitat (HCP). https://resultats2024.rgphapps.ma/,2024,actif,demography_demography_population_rgph2024_population_demogra,long,valeur,Âge quinquennal (%) - 35-39 ans,territoire_id,Âge quinquennal — 35-39 ans,Démographie,True,True,neutre,
52,Âge quinquennal (%) - 40-44 ans,Âge quinquennal (%) - 40-44 ans,demography,"Répartition de la population par groupe d'âges de cinq ans, en pourcentage de l'effectif total. L'ensemble des groupes se complète à cent, et leur profil dessine la pyramide des âges du territoire. [Traçabilité : vérifié : 441/441 valeurs concordantes avec la source HCP.]",%,RGPH 2024 — Recensement Général de la Population et de l'Habitat (HCP). https://resultats2024.rgphapps.ma/,2024,actif,demography_demography_population_rgph2024_population_demogra,long,valeur,Âge quinquennal (%) - 40-44 ans,territoire_id,Âge quinquennal — 40-44 ans,Démographie,True,True,neutre,
53,Âge quinquennal (%) - 45-49 ans,Âge quinquennal (%) - 45-49 ans,demography,"Répartition de la population par groupe d'âges de cinq ans, en pourcentage de l'effectif total. L'ensemble des groupes se complète à cent, et leur profil dessine la pyramide des âges du territoire. [Traçabilité : vérifié : 441/441 valeurs concordantes avec la source HCP.]",%,RGPH 2024 — Recensement Général de la Population et de l'Habitat (HCP). https://resultats2024.rgphapps.ma/,2024,actif,demography_demography_population_rgph2024_population_demogra,long,valeur,Âge quinquennal (%) - 45-49 ans,territoire_id,Âge quinquennal — 45-49 ans,Démographie,True,True,neutre,
54,Âge quinquennal (%) - 5-9 ans,Âge quinquennal (%) - 5-9 ans,demography,"Répartition de la population par groupe d'âges de cinq ans, en pourcentage de l'effectif total. L'ensemble des groupes se complète à cent, et leur profil dessine la pyramide des âges du territoire. [Traçabilité : vérifié : 441/441 valeurs concordantes avec la source HCP.]",%,RGPH 2024 — Recensement Général de la Population et de l'Habitat (HCP). https://resultats2024.rgphapps.ma/,2024,actif,demography_demography_population_rgph2024_population_demogra,long,valeur,Âge quinquennal (%) - 5-9 ans,territoire_id,Âge quinquennal — 5-9 ans,Démographie,True,True,neutre,
55,Âge quinquennal (%) - 50-54 ans,Âge quinquennal (%) - 50-54 ans,demography,"Répartition de la population par groupe d'âges de cinq ans, en pourcentage de l'effectif total. L'ensemble des groupes se complète à cent, et leur profil dessine la pyramide des âges du territoire. [Traçabilité : vérifié : 441/441 valeurs concordantes avec la source HCP.]",%,RGPH 2024 — Recensement Général de la Population et de l'Habitat (HCP). https://resultats2024.rgphapps.ma/,2024,actif,demography_demography_population_rgph2024_population_demogra,long,valeur,Âge quinquennal (%) - 50-54 ans,territoire_id,Âge quinquennal — 50-54 ans,Démographie,True,True,neutre,
56,Âge quinquennal (%) - 55-59 ans,Âge quinquennal (%) - 55-59 ans,demography,"Répartition de la population par groupe d'âges de cinq ans, en pourcentage de l'effectif total. L'ensemble des groupes se complète à cent, et leur profil dessine la pyramide des âges du territoire. [Traçabilité : vérifié : 441/441 valeurs concordantes avec la source HCP.]",%,RGPH 2024 — Recensement Général de la Population et de l'Habitat (HCP). https://resultats2024.rgphapps.ma/,2024,actif,demography_demography_population_rgph2024_population_demogra,long,valeur,Âge quinquennal (%) - 55-59 ans,territoire_id,Âge quinquennal — 55-59 ans,Démographie,True,True,neutre,
57,Âge quinquennal (%) - 60-64 ans,Âge quinquennal (%) - 60-64 ans,demography,"Répartition de la population par groupe d'âges de cinq ans, en pourcentage de l'effectif total. L'ensemble des groupes se complète à cent, et leur profil dessine la pyramide des âges du territoire. [Traçabilité : vérifié : 441/441 valeurs concordantes avec la source HCP.]",%,RGPH 2024 — Recensement Général de la Population et de l'Habitat (HCP). https://resultats2024.rgphapps.ma/,2024,actif,demography_demography_population_rgph2024_population_demogra,long,valeur,Âge quinquennal (%) - 60-64 ans,territoire_id,Âge quinquennal — 60-64 ans,Démographie,True,True,neutre,
58,Âge quinquennal (%) - 65-69 ans,Âge quinquennal (%) - 65-69 ans,demography,"Répartition de la population par groupe d'âges de cinq ans, en pourcentage de l'effectif total. L'ensemble des groupes se complète à cent, et leur profil dessine la pyramide des âges du territoire. [Traçabilité : vérifié : 441/441 valeurs concordantes avec la source HCP.]",%,RGPH 2024 — Recensement Général de la Population et de l'Habitat (HCP). https://resultats2024.rgphapps.ma/,2024,actif,demography_demography_population_rgph2024_population_demogra,long,valeur,Âge quinquennal (%) - 65-69 ans,territoire_id,Âge quinquennal — 65-69 ans,Démographie,True,True,neutre,
59,Âge quinquennal (%) - 70-74 ans,Âge quinquennal (%) - 70-74 ans,demography,"Répartition de la population par groupe d'âges de cinq ans, en pourcentage de l'effectif total. L'ensemble des groupes se complète à cent, et leur profil dessine la pyramide des âges du territoire. [Traçabilité : vérifié : 441/441 valeurs concordantes avec la source HCP.]",%,RGPH 2024 — Recensement Général de la Population et de l'Habitat (HCP). https://resultats2024.rgphapps.ma/,2024,actif,demography_demography_population_rgph2024_population_demogra,long,valeur,Âge quinquennal (%) - 70-74 ans,territoire_id,Âge quinquennal — 70-74 ans,Démographie,True,True,neutre,
60,Âge quinquennal (%) - 75 ans ou plus,Âge quinquennal (%) - 75 ans ou plus,demography,"Répartition de la population par groupe d'âges de cinq ans, en pourcentage de l'effectif total. L'ensemble des groupes se complète à cent, et leur profil dessine la pyramide des âges du territoire. [Traçabilité : vérifié : 441/441 valeurs concordantes avec la source HCP.]",%,RGPH 2024 — Recensement Général de la Population et de l'Habitat (HCP). https://resultats2024.rgphapps.ma/,2024,actif,demography_demography_population_rgph2024_population_demogra,long,valeur,Âge quinquennal (%) - 75 ans ou plus,territoire_id,Âge quinquennal — 75 ans ou plus,Démographie,True,True,neutre,
61,État matrimonial des 15 ans et plus (%) - Célibataire,État matrimonial des 15 ans et plus (%) - Célibataire,demography,"Répartition de la population âgée de 15 ans et plus selon la situation matrimoniale déclarée au recensement — célibataire, marié, divorcé, veuf — en pourcentage de cette population. Elle ne renseigne pas les unions non enregistrées ni les séparations de fait. [Traçabilité : vérifié : 441/441 valeurs concordantes avec la source HCP.]",%,RGPH 2024 — Recensement Général de la Population et de l'Habitat (HCP). https://resultats2024.rgphapps.ma/,2024,actif,demography_demography_population_rgph2024_population_demogra,long,valeur,État matrimonial des 15 ans et plus (%) - Célibataire,territoire_id,État matrimonial des 15 ans et plus — Célibataire,Démographie,True,True,neutre,
62,État matrimonial des 15 ans et plus (%) - Divorcé.e,État matrimonial des 15 ans et plus (%) - Divorcé.e,demography,"Répartition de la population âgée de 15 ans et plus selon la situation matrimoniale déclarée au recensement — célibataire, marié, divorcé, veuf — en pourcentage de cette population. Elle ne renseigne pas les unions non enregistrées ni les séparations de fait. [Traçabilité : vérifié : 441/441 valeurs concordantes avec la source HCP.]",%,RGPH 2024 — Recensement Général de la Population et de l'Habitat (HCP). https://resultats2024.rgphapps.ma/,2024,actif,demography_demography_population_rgph2024_population_demogra,long,valeur,État matrimonial des 15 ans et plus (%) - Divorcé.e,territoire_id,État matrimonial des 15 ans et plus — Divorcé.e,Démographie,True,True,neutre,
63,État matrimonial des 15 ans et plus (%) - Marié.e,État matrimonial des 15 ans et plus (%) - Marié.e,demography,"Répartition de la population âgée de 15 ans et plus selon la situation matrimoniale déclarée au recensement — célibataire, marié, divorcé, veuf — en pourcentage de cette population. Elle ne renseigne pas les unions non enregistrées ni les séparations de fait. [Traçabilité : vérifié : 441/441 valeurs concordantes avec la source HCP.]",%,RGPH 2024 — Recensement Général de la Population et de l'Habitat (HCP). https://resultats2024.rgphapps.ma/,2024,actif,demography_demography_population_rgph2024_population_demogra,long,valeur,État matrimonial des 15 ans et plus (%) - Marié.e,territoire_id,État matrimonial des 15 ans et plus — Marié.e,Démographie,True,True,neutre,
64,État matrimonial des 15 ans et plus (%) - Veuf.ve,État matrimonial des 15 ans et plus (%) - Veuf.ve,demography,"Répartition de la population âgée de 15 ans et plus selon la situation matrimoniale déclarée au recensement — célibataire, marié, divorcé, veuf — en pourcentage de cette population. Elle ne renseigne pas les unions non enregistrées ni les séparations de fait. [Traçabilité : vérifié : 441/441 valeurs concordantes avec la source HCP.]",%,RGPH 2024 — Recensement Général de la Population et de l'Habitat (HCP). https://resultats2024.rgphapps.ma/,2024,actif,demography_demography_population_rgph2024_population_demogra,long,valeur,État matrimonial des 15 ans et plus (%) - Veuf.ve,territoire_id,État matrimonial des 15 ans et plus — Veuf.ve,Démographie,True,True,neutre,
65,menages_2014,menages_2014,demography,"Nombre de ménages du territoire. Un ménage réunit les personnes qui partagent le même logement et le même budget, qu'elles soient apparentées ou non ; une personne vivant seule constitue un ménage à elle seule. [Traçabilité : source RGPH 2024 (populations légales 2014 et 2024).]",ménages,RGPH 2024 — Recensement Général de la Population et de l'Habitat (HCP). https://resultats2024.rgphapps.ma/,2014,actif,demography_demography_population_population_1,long,valeur,menages_2014,territoire_id,Ménages (2014),Démographie,True,False,neutre,
66,menages_2024,menages_2024,demography,"menages_2024. Thème : demography. [Traçabilité : source RGPH 2024 (populations légales 2014 et 2024).] MASQUÉ : millésime 2024 déjà porté par un indicateur à couverture communale, valeurs identiques sur les 9 territoires communs. Conservé en base pour l'ancien fiche.py.",nombre,RGPH 2024 — Recensement Général de la Population et de l'Habitat (HCP). https://resultats2024.rgphapps.ma/,2024,actif,demography_demography_population_population_1,long,valeur,menages_2024,territoire_id,Ménages (2024),Démographie,False,False,neutre,
67,population_legale_2014,population_legale_2014,demography,"Effectif officiel de la population d'un territoire au recensement, seule référence opposable pour les usages administratifs. Elle additionne la population municipale et la population comptée à part, c'est-à-dire les personnes rattachées au territoire mais résidant dans une collectivité : casernes, internats, établissements de soins de longue durée. Elle ne mesure pas le nombre de personnes présentes un jour donné : un recensement compte les résidents habituels, non les présents. [Traçabilité : source RGPH 2024 (populations légales 2014 et 2024).]",hab,RGPH 2024 — Recensement Général de la Population et de l'Habitat (HCP). https://resultats2024.rgphapps.ma/,2014,actif,demography_demography_population_population_1,long,valeur,population_legale_2014,territoire_id,Population légale (2014),Démographie,True,False,neutre,population habitants
68,population_legale_2024,population_legale_2024,demography,"population_legale_2024. Thème : demography. [Traçabilité : source RGPH 2024 (populations légales 2014 et 2024).] MASQUÉ : millésime 2024 déjà porté par un indicateur à couverture communale, valeurs identiques sur les 9 territoires communs. Conservé en base pour l'ancien fiche.py.",hab,RGPH 2024 — Recensement Général de la Population et de l'Habitat (HCP). https://resultats2024.rgphapps.ma/,2024,actif,demography_demography_population_population_1,long,valeur,population_legale_2024,territoire_id,Population légale (2024),Démographie,False,False,neutre,
69,taux_accroissement_menages_pct,taux_accroissement_menages_pct,demography,"Rythme moyen d'évolution annuelle du nombre de ménages entre les deux derniers recensements, exprimé en pourcentage. C'est une moyenne géométrique sur la période, non la variation d'une année particulière. [Traçabilité : source RGPH 2024 (populations légales 2014 et 2024).]",%,RGPH 2024 — Recensement Général de la Population et de l'Habitat (HCP). https://resultats2024.rgphapps.ma/,2024,actif,demography_demography_population_population_1,long,valeur,taux_accroissement_menages_pct,territoire_id,Taux d'accroissement annuel des ménages,Démographie,True,False,neutre,
70,taux_accroissement_pop_pct,taux_accroissement_pop_pct,demography,"Rythme moyen d'évolution annuelle de la population entre les deux derniers recensements, exprimé en pourcentage. Une valeur négative signale une perte de population. C'est une moyenne géométrique sur la période, non la variation d'une année particulière, et elle ne distingue pas ce qui relève du solde naturel de ce qui relève des migrations. [Traçabilité : source RGPH 2024 (populations légales 2014 et 2024).]",%,RGPH 2024 — Recensement Général de la Population et de l'Habitat (HCP). https://resultats2024.rgphapps.ma/,2024,actif,demography_demography_population_population_1,long,valeur,taux_accroissement_pop_pct,territoire_id,Taux d'accroissement annuel de la population,Démographie,True,False,neutre,
71,Population legale 2025 urba — menages,menages,demography,"Nombre de ménages du territoire. Un ménage réunit les personnes qui partagent le même logement et le même budget, qu'elles soient apparentées ou non ; une personne vivant seule constitue un ménage à elle seule. [Traçabilité : vérifié : Ensemble = Urbain + Rural, concordant avec 2 sources HCP.] Renommé : le « 2025 » venait du nom du fichier source, pas de la donnée — les valeurs sont identiques à celles du millésime 2024 sur les 9 territoires communs. Cet identifiant est conservé car lui seul descend au niveau communal.",ménages,RGPH 2024 — Recensement Général de la Population et de l'Habitat (HCP). https://resultats2024.rgphapps.ma/,2024,actif,demography_demography_population_population_legale_2025_urba,long,valeur,menages,territoire_id,Ménages (2024),Démographie,True,True,neutre,
72,Population legale 2025 urba,population,demography,"DOUBLON — valeurs identiques à l'indicateur 40 « Population légale » (203 territoires comparés, aucun écart). Masqué de l'application. Sa table de faits porte aussi l'indicateur 71 (ménages) et reste donc en base tant que fiche.py et comparer.py la lisent. Population legale 2025 urba. Thème : demography. [Traçabilité : vérifié : Ensemble = Urbain + Rural, concordant avec 2 sources HCP.]",hab,RGPH 2024 — Recensement Général de la Population et de l'Habitat (HCP). https://resultats2024.rgphapps.ma/,2024,actif,demography_demography_population_population_legale_2025_urba,long,valeur,population,territoire_id,Population legale 2025 urba,Démographie,False,False,neutre,
73,distance_centre_sante_km,distance_centre_sante_km,demography,distance_centre_sante_km. Thème : demography. [Traçabilité : source RGPH 2024.],km,RGPH 2024 — Recensement Général de la Population et de l'Habitat (HCP). https://resultats2024.rgphapps.ma/,2024,actif,demography_demography_population_population_rural,long,valeur,distance_centre_sante_km,territoire_id,distance_centre_sante_km,non cartographiable,False,False,neutre,
74,distance_college_km,distance_college_km,demography,distance_college_km. Thème : demography. [Traçabilité : source RGPH 2024.],km,RGPH 2024 — Recensement Général de la Population et de l'Habitat (HCP). https://resultats2024.rgphapps.ma/,2024,actif,demography_demography_population_population_rural,long,valeur,distance_college_km,territoire_id,distance_college_km,non cartographiable,False,False,neutre,
75,distance_ecole_primaire_km,distance_ecole_primaire_km,demography,distance_ecole_primaire_km. Thème : demography. [Traçabilité : source RGPH 2024.],km,RGPH 2024 — Recensement Général de la Population et de l'Habitat (HCP). https://resultats2024.rgphapps.ma/,2024,actif,demography_demography_population_population_rural,long,valeur,distance_ecole_primaire_km,territoire_id,distance_ecole_primaire_km,non cartographiable,False,False,neutre,
76,distance_lycee_km,distance_lycee_km,demography,distance_lycee_km. Thème : demography. [Traçabilité : source RGPH 2024.],km,RGPH 2024 — Recensement Général de la Population et de l'Habitat (HCP). https://resultats2024.rgphapps.ma/,2024,actif,demography_demography_population_population_rural,long,valeur,distance_lycee_km,territoire_id,distance_lycee_km,non cartographiable,False,False,neutre,
77,distance_route_carrossable_km,distance_route_carrossable_km,demography,distance_route_carrossable_km. Thème : demography. [Traçabilité : source RGPH 2024.],km,RGPH 2024 — Recensement Général de la Population et de l'Habitat (HCP). https://resultats2024.rgphapps.ma/,2024,actif,demography_demography_population_population_rural,long,valeur,distance_route_carrossable_km,territoire_id,distance_route_carrossable_km,non cartographiable,False,False,neutre,
78,distance_route_goudronnee_km,distance_route_goudronnee_km,demography,distance_route_goudronnee_km. Thème : demography. [Traçabilité : source RGPH 2024.],km,RGPH 2024 — Recensement Général de la Population et de l'Habitat (HCP). https://resultats2024.rgphapps.ma/,2024,actif,demography_demography_population_population_rural,long,valeur,distance_route_goudronnee_km,territoire_id,distance_route_goudronnee_km,non cartographiable,False,False,neutre,
79,nombre_menages,nombre_menages,demography,nombre_menages. Thème : demography. [Traçabilité : source RGPH 2024.],nombre,RGPH 2024 — Recensement Général de la Population et de l'Habitat (HCP). https://resultats2024.rgphapps.ma/,2024,actif,demography_demography_population_population_rural,long,valeur,nombre_menages,territoire_id,nombre_menages,non cartographiable,False,False,neutre,
80,pct_15_59ans,pct_15_59ans,demography,pct_15_59ans. Thème : demography. [Traçabilité : source RGPH 2024.],%,RGPH 2024 — Recensement Général de la Population et de l'Habitat (HCP). https://resultats2024.rgphapps.ma/,2024,actif,demography_demography_population_population_rural,long,valeur,pct_15_59ans,territoire_id,pct_15_59ans,non cartographiable,False,False,,
81,pct_60ans_plus,pct_60ans_plus,demography,pct_60ans_plus. Thème : demography. [Traçabilité : source RGPH 2024.],%,RGPH 2024 — Recensement Général de la Population et de l'Habitat (HCP). https://resultats2024.rgphapps.ma/,2024,actif,demography_demography_population_population_rural,long,valeur,pct_60ans_plus,territoire_id,pct_60ans_plus,non cartographiable,False,False,,
82,pct_celibataire,pct_celibataire,demography,pct_celibataire. Thème : demography. [Traçabilité : source RGPH 2024.],%,RGPH 2024 — Recensement Général de la Population et de l'Habitat (HCP). https://resultats2024.rgphapps.ma/,2024,actif,demography_demography_population_population_rural,long,valeur,pct_celibataire,territoire_id,pct_celibataire,non cartographiable,False,False,,
83,Population rural — pct_divorce,pct_divorce,demography,Population rural — pct_divorce. Thème : demography. [Traçabilité : source RGPH 2024.],%,RGPH 2024 — Recensement Général de la Population et de l'Habitat (HCP). https://resultats2024.rgphapps.ma/,2024,actif,demography_demography_population_population_rural,long,valeur,pct_divorce,territoire_id,pct_divorce,non cartographiable,False,False,,
84,pct_enregistrement_etat_civil,pct_enregistrement_etat_civil,demography,pct_enregistrement_etat_civil. Thème : demography. [Traçabilité : source RGPH 2024.],%,RGPH 2024 — Recensement Général de la Population et de l'Habitat (HCP). https://resultats2024.rgphapps.ma/,2024,actif,demography_demography_population_population_rural,long,valeur,pct_enregistrement_etat_civil,territoire_id,pct_enregistrement_etat_civil,non cartographiable,False,False,,
85,pct_logement_appartement,pct_logement_appartement,demography,pct_logement_appartement. Thème : demography. [Traçabilité : source RGPH 2024.],%,RGPH 2024 — Recensement Général de la Population et de l'Habitat (HCP). https://resultats2024.rgphapps.ma/,2024,actif,demography_demography_population_population_rural,long,valeur,pct_logement_appartement,territoire_id,pct_logement_appartement,non cartographiable,False,False,,
86,pct_logement_autre,pct_logement_autre,demography,pct_logement_autre. Thème : demography. [Traçabilité : source RGPH 2024.],%,RGPH 2024 — Recensement Général de la Population et de l'Habitat (HCP). https://resultats2024.rgphapps.ma/,2024,actif,demography_demography_population_population_rural,long,valeur,pct_logement_autre,territoire_id,pct_logement_autre,non cartographiable,False,False,,
87,pct_logement_dur_rural,pct_logement_dur_rural,demography,pct_logement_dur_rural. Thème : demography. [Traçabilité : source RGPH 2024.],%,RGPH 2024 — Recensement Général de la Population et de l'Habitat (HCP). https://resultats2024.rgphapps.ma/,2024,actif,demography_demography_population_population_rural,long,valeur,pct_logement_dur_rural,territoire_id,pct_logement_dur_rural,non cartographiable,False,False,,
88,pct_logement_maison_marocaine_moderne,pct_logement_maison_marocaine_moderne,demography,pct_logement_maison_marocaine_moderne. Thème : demography. [Traçabilité : source RGPH 2024.],%,RGPH 2024 — Recensement Général de la Population et de l'Habitat (HCP). https://resultats2024.rgphapps.ma/,2024,actif,demography_demography_population_population_rural,long,valeur,pct_logement_maison_marocaine_moderne,territoire_id,pct_logement_maison_marocaine_moderne,non cartographiable,False,False,,
89,pct_logement_maison_marocaine_traditionnelle,pct_logement_maison_marocaine_traditionnelle,demography,pct_logement_maison_marocaine_traditionnelle. Thème : demography. [Traçabilité : source RGPH 2024.],%,RGPH 2024 — Recensement Général de la Population et de l'Habitat (HCP). https://resultats2024.rgphapps.ma/,2024,actif,demography_demography_population_population_rural,long,valeur,pct_logement_maison_marocaine_traditionnelle,territoire_id,pct_logement_maison_marocaine_traditionnelle,non cartographiable,False,False,,
90,pct_logement_pise_rural,pct_logement_pise_rural,demography,pct_logement_pise_rural. Thème : demography. [Traçabilité : source RGPH 2024.],%,RGPH 2024 — Recensement Général de la Population et de l'Habitat (HCP). https://resultats2024.rgphapps.ma/,2024,actif,demography_demography_population_population_rural,long,valeur,pct_logement_pise_rural,territoire_id,pct_logement_pise_rural,non cartographiable,False,False,,
91,pct_logement_sommaire_bidonville,pct_logement_sommaire_bidonville,demography,pct_logement_sommaire_bidonville. Thème : demography. [Traçabilité : source RGPH 2024.],%,RGPH 2024 — Recensement Général de la Population et de l'Habitat (HCP). https://resultats2024.rgphapps.ma/,2024,actif,demography_demography_population_population_rural,long,valeur,pct_logement_sommaire_bidonville,territoire_id,pct_logement_sommaire_bidonville,non cartographiable,False,False,bas_mieux,
92,pct_logement_villa,pct_logement_villa,demography,pct_logement_villa. Thème : demography. [Traçabilité : source RGPH 2024.],%,RGPH 2024 — Recensement Général de la Population et de l'Habitat (HCP). https://resultats2024.rgphapps.ma/,2024,actif,demography_demography_population_population_rural,long,valeur,pct_logement_villa,territoire_id,pct_logement_villa,non cartographiable,False,False,,
93,Population rural — pct_marie,pct_marie,demography,Population rural — pct_marie. Thème : demography. [Traçabilité : source RGPH 2024.],%,RGPH 2024 — Recensement Général de la Population et de l'Habitat (HCP). https://resultats2024.rgphapps.ma/,2024,actif,demography_demography_population_population_rural,long,valeur,pct_marie,territoire_id,pct_marie,non cartographiable,False,False,,
94,pct_moins_15ans,pct_moins_15ans,demography,pct_moins_15ans. Thème : demography. [Traçabilité : source RGPH 2024.],%,RGPH 2024 — Recensement Général de la Population et de l'Habitat (HCP). https://resultats2024.rgphapps.ma/,2024,actif,demography_demography_population_population_rural,long,valeur,pct_moins_15ans,territoire_id,pct_moins_15ans,non cartographiable,False,False,,
95,pct_nationalite_etrangere,pct_nationalite_etrangere,demography,pct_nationalite_etrangere. Thème : demography. [Traçabilité : source RGPH 2024.],%,RGPH 2024 — Recensement Général de la Population et de l'Habitat (HCP). https://resultats2024.rgphapps.ma/,2024,actif,demography_demography_population_population_rural,long,valeur,pct_nationalite_etrangere,territoire_id,pct_nationalite_etrangere,non cartographiable,False,False,,
96,pct_nationalite_marocaine,pct_nationalite_marocaine,demography,pct_nationalite_marocaine. Thème : demography. [Traçabilité : source RGPH 2024.],%,RGPH 2024 — Recensement Général de la Population et de l'Habitat (HCP). https://resultats2024.rgphapps.ma/,2024,actif,demography_demography_population_population_rural,long,valeur,pct_nationalite_marocaine,territoire_id,pct_nationalite_marocaine,non cartographiable,False,False,,
97,pct_sexe_feminin,pct_sexe_feminin,demography,pct_sexe_feminin. Thème : demography. [Traçabilité : source RGPH 2024.],%,RGPH 2024 — Recensement Général de la Population et de l'Habitat (HCP). https://resultats2024.rgphapps.ma/,2024,actif,demography_demography_population_population_rural,long,valeur,pct_sexe_feminin,territoire_id,pct_sexe_feminin,non cartographiable,False,False,,
98,pct_sexe_masculin,pct_sexe_masculin,demography,pct_sexe_masculin. Thème : demography. [Traçabilité : source RGPH 2024.],%,RGPH 2024 — Recensement Général de la Population et de l'Habitat (HCP). https://resultats2024.rgphapps.ma/,2024,actif,demography_demography_population_population_rural,long,valeur,pct_sexe_masculin,territoire_id,pct_sexe_masculin,non cartographiable,False,False,,
99,Population rural — pct_veuf,pct_veuf,demography,Population rural — pct_veuf. Thème : demography. [Traçabilité : source RGPH 2024.],%,RGPH 2024 — Recensement Général de la Population et de l'Habitat (HCP). https://resultats2024.rgphapps.ma/,2024,actif,demography_demography_population_population_rural,long,valeur,pct_veuf,territoire_id,pct_veuf,non cartographiable,False,False,,
100,Population rural,population,demography,Population rural. Thème : demography. [Traçabilité : source RGPH 2024.],hab,RGPH 2024 — Recensement Général de la Population et de l'Habitat (HCP). https://resultats2024.rgphapps.ma/,2024,actif,demography_demography_population_population_rural,long,valeur,population,territoire_id,Population rural,non cartographiable,False,False,neutre,
101,population_15ans_plus,population_15ans_plus,demography,population_15ans_plus. Thème : demography. [Traçabilité : source RGPH 2024.],hab,RGPH 2024 — Recensement Général de la Population et de l'Habitat (HCP). https://resultats2024.rgphapps.ma/,2024,actif,demography_demography_population_population_rural,long,valeur,population_15ans_plus,territoire_id,population_15ans_plus,non cartographiable,False,False,neutre,
102,Langues lues et écrites par les alphabètes de 10 ans et plus (non exclusives) (%) - Amazigh (Tifinagh),Langues lues et écrites par les alphabètes de 10 ans et plus (non exclusives) (%) - Amazigh (Tifinagh),education,Langues lues et écrites par les alphabètes de 10 ans et plus (non exclusives) (%) - Amazigh (Tifinagh). Thème : education. [Traçabilité : vérifié : 126/126 valeurs concordantes avec la source HCP.],%,RGPH 2024 — Recensement Général de la Population et de l'Habitat (HCP). https://resultats2024.rgphapps.ma/,2024,actif,education_etab_scoalires_mesures_rgph2024_population_educati,long,valeur,Langues lues et écrites par les alphabètes de 10 ans et plus (non exclusives) (%) - Amazigh (Tifinagh),territoire_id,Langues lues et écrites par les alphabètes de 10 ans et plus (non exclusives) — Amazigh (Tifinagh),Éducation,True,True,neutre,
103,Langues lues et écrites par les alphabètes de 10 ans et plus (non exclusives) (%) - Anglais,Langues lues et écrites par les alphabètes de 10 ans et plus (non exclusives) (%) - Anglais,education,Langues lues et écrites par les alphabètes de 10 ans et plus (non exclusives) (%) - Anglais. Thème : education. [Traçabilité : vérifié : 126/126 valeurs concordantes avec la source HCP.],%,RGPH 2024 — Recensement Général de la Population et de l'Habitat (HCP). https://resultats2024.rgphapps.ma/,2024,actif,education_etab_scoalires_mesures_rgph2024_population_educati,long,valeur,Langues lues et écrites par les alphabètes de 10 ans et plus (non exclusives) (%) - Anglais,territoire_id,Langues lues et écrites par les alphabètes de 10 ans et plus (non exclusives) — Anglais,Éducation,True,True,neutre,
104,Langues lues et écrites par les alphabètes de 10 ans et plus (non exclusives) (%) - Arabe,Langues lues et écrites par les alphabètes de 10 ans et plus (non exclusives) (%) - Arabe,education,Langues lues et écrites par les alphabètes de 10 ans et plus (non exclusives) (%) - Arabe. Thème : education. [Traçabilité : vérifié : 126/126 valeurs concordantes avec la source HCP.],%,RGPH 2024 — Recensement Général de la Population et de l'Habitat (HCP). https://resultats2024.rgphapps.ma/,2024,actif,education_etab_scoalires_mesures_rgph2024_population_educati,long,valeur,Langues lues et écrites par les alphabètes de 10 ans et plus (non exclusives) (%) - Arabe,territoire_id,Langues lues et écrites par les alphabètes de 10 ans et plus (non exclusives) — Arabe,Éducation,True,True,neutre,
105,Langues lues et écrites par les alphabètes de 10 ans et plus (non exclusives) (%) - Français,Langues lues et écrites par les alphabètes de 10 ans et plus (non exclusives) (%) - Français,education,Langues lues et écrites par les alphabètes de 10 ans et plus (non exclusives) (%) - Français. Thème : education. [Traçabilité : vérifié : 126/126 valeurs concordantes avec la source HCP.],%,RGPH 2024 — Recensement Général de la Population et de l'Habitat (HCP). https://resultats2024.rgphapps.ma/,2024,actif,education_etab_scoalires_mesures_rgph2024_population_educati,long,valeur,Langues lues et écrites par les alphabètes de 10 ans et plus (non exclusives) (%) - Français,territoire_id,Langues lues et écrites par les alphabètes de 10 ans et plus (non exclusives) — Français,Éducation,True,True,neutre,
106,Niveau d'études dans l'enseignement général (%) - Aucun niveau d'études,Niveau d'études dans l'enseignement général (%) - Aucun niveau d'études,education,Niveau d'études dans l'enseignement général (%) - Aucun niveau d'études. Thème : education. [Traçabilité : vérifié : 126/126 valeurs concordantes avec la source HCP.],%,RGPH 2024 — Recensement Général de la Population et de l'Habitat (HCP). https://resultats2024.rgphapps.ma/,2024,validé,education_etab_scoalires_mesures_rgph2024_population_educati,long,valeur,Niveau d'études dans l'enseignement général (%) - Aucun niveau d'études,territoire_id,Niveau d'études dans l'enseignement général — Aucun niveau d'études,Éducation,True,True,bas_mieux,
107,Niveau d'études dans l'enseignement général (%) - Primaire,Niveau d'études dans l'enseignement général (%) - Primaire,education,Niveau d'études dans l'enseignement général (%) - Primaire. Thème : education. [Traçabilité : vérifié : 126/126 valeurs concordantes avec la source HCP.],%,RGPH 2024 — Recensement Général de la Population et de l'Habitat (HCP). https://resultats2024.rgphapps.ma/,2024,actif,education_etab_scoalires_mesures_rgph2024_population_educati,long,valeur,Niveau d'études dans l'enseignement général (%) - Primaire,territoire_id,Niveau d'études dans l'enseignement général — Primaire,Éducation,True,True,neutre,
108,Niveau d'études dans l'enseignement général (%) - Préscolaire,Niveau d'études dans l'enseignement général (%) - Préscolaire,education,Niveau d'études dans l'enseignement général (%) - Préscolaire. Thème : education. [Traçabilité : vérifié : 126/126 valeurs concordantes avec la source HCP.],%,RGPH 2024 — Recensement Général de la Population et de l'Habitat (HCP). https://resultats2024.rgphapps.ma/,2024,actif,education_etab_scoalires_mesures_rgph2024_population_educati,long,valeur,Niveau d'études dans l'enseignement général (%) - Préscolaire,territoire_id,Niveau d'études dans l'enseignement général — Préscolaire,Éducation,True,True,neutre,
109,Niveau d'études dans l'enseignement général (%) - Secondaire collégial,Niveau d'études dans l'enseignement général (%) - Secondaire collégial,education,Niveau d'études dans l'enseignement général (%) - Secondaire collégial. Thème : education. [Traçabilité : vérifié : 126/126 valeurs concordantes avec la source HCP.],%,RGPH 2024 — Recensement Général de la Population et de l'Habitat (HCP). https://resultats2024.rgphapps.ma/,2024,actif,education_etab_scoalires_mesures_rgph2024_population_educati,long,valeur,Niveau d'études dans l'enseignement général (%) - Secondaire collégial,territoire_id,Niveau d'études dans l'enseignement général — Secondaire collégial,Éducation,True,True,haut_mieux,
110,Niveau d'études dans l'enseignement général (%) - Secondaire qualifiant,Niveau d'études dans l'enseignement général (%) - Secondaire qualifiant,education,Niveau d'études dans l'enseignement général (%) - Secondaire qualifiant. Thème : education. [Traçabilité : vérifié : 126/126 valeurs concordantes avec la source HCP.],%,RGPH 2024 — Recensement Général de la Population et de l'Habitat (HCP). https://resultats2024.rgphapps.ma/,2024,actif,education_etab_scoalires_mesures_rgph2024_population_educati,long,valeur,Niveau d'études dans l'enseignement général (%) - Secondaire qualifiant,territoire_id,Niveau d'études dans l'enseignement général — Secondaire qualifiant,Éducation,True,True,haut_mieux,
111,Niveau d'études dans l'enseignement général (%) - Supérieur,Niveau d'études dans l'enseignement général (%) - Supérieur,education,Niveau d'études dans l'enseignement général (%) - Supérieur. Thème : education. [Traçabilité : vérifié : 126/126 valeurs concordantes avec la source HCP.],%,RGPH 2024 — Recensement Général de la Population et de l'Habitat (HCP). https://resultats2024.rgphapps.ma/,2024,validé,education_etab_scoalires_mesures_rgph2024_population_educati,long,valeur,Niveau d'études dans l'enseignement général (%) - Supérieur,territoire_id,Niveau d'études dans l'enseignement général — Supérieur,Éducation,True,True,neutre,
112,Etab scoalires mesures rgph2024 population educati — Population alphabète de 10 ans et plus,Population alphabète de 10 ans et plus,education,Etab scoalires mesures rgph2024 population educati — Population alphabète de 10 ans et plus. Thème : education. [Traçabilité : vérifié : 126/126 valeurs concordantes avec la source HCP.],hab,RGPH 2024 — Recensement Général de la Population et de l'Habitat (HCP). https://resultats2024.rgphapps.ma/,2024,actif,education_etab_scoalires_mesures_rgph2024_population_educati,long,valeur,Population alphabète de 10 ans et plus,territoire_id,Population alphabète de 10 ans et plus,Éducation,True,True,neutre,
113,Etab scoalires mesures rgph2024 population educati — Taux d'analphabétisme des 10 ans et plus (%),Taux d'analphabétisme des 10 ans et plus (%),education,Etab scoalires mesures rgph2024 population educati — Taux d'analphabétisme des 10 ans et plus (%). Thème : education. [Traçabilité : vérifié : 126/126 valeurs concordantes avec la source HCP.],%,RGPH 2024 — Recensement Général de la Population et de l'Habitat (HCP). https://resultats2024.rgphapps.ma/,2024,validé,education_etab_scoalires_mesures_rgph2024_population_educati,long,valeur,Taux d'analphabétisme des 10 ans et plus (%),territoire_id,Taux d'analphabétisme des 10 ans et plus,Éducation,True,True,bas_mieux,
114,Etab scoalires mesures rgph2024 population educati — Taux d'analphabétisme des 15 ans et plus (%),Taux d'analphabétisme des 15 ans et plus (%),education,Etab scoalires mesures rgph2024 population educati — Taux d'analphabétisme des 15 ans et plus (%). Thème : education. [Traçabilité : vérifié : 126/126 valeurs concordantes avec la source HCP.],%,RGPH 2024 — Recensement Général de la Population et de l'Habitat (HCP). https://resultats2024.rgphapps.ma/,2024,actif,education_etab_scoalires_mesures_rgph2024_population_educati,long,valeur,Taux d'analphabétisme des 15 ans et plus (%),territoire_id,Taux d'analphabétisme des 15 ans et plus,Éducation,True,True,bas_mieux,
115,Taux de scolarisation des 6-11 ans en 2023/2024 (%),Taux de scolarisation des 6-11 ans en 2023/2024 (%),education,Taux de scolarisation des 6-11 ans en 2023/2024 (%). Thème : education. [Traçabilité : vérifié : 126/126 valeurs concordantes avec la source HCP.],%,RGPH 2024 — Recensement Général de la Population et de l'Habitat (HCP). https://resultats2024.rgphapps.ma/,2024,validé,education_etab_scoalires_mesures_rgph2024_population_educati,long,valeur,Taux de scolarisation des 6-11 ans en 2023/2024 (%),territoire_id,Taux de scolarisation des 6-11 ans en 2023/2024,Éducation,True,True,haut_mieux,
116,Écoles publiques recensées (province) — collégial,Nombre d'établissements collegial,education,Nombre d'écoles collégial PUBLIQUES dénombrées dans l'annuaire nominatif du MENPS (niveau province). ATTENTION : ne pas confondre avec le comptage officiel de l'Annuaire Statistique du Maroc — ce dénombrement exclut le privé et reflète la situation antérieure à 2022. Sert à la cartographie et au détail par commune.,établissements,"Portail Open Data data.gov.ma — MENPS, « Liste des établissements scolaires publics » (créé 15/05/2014, dernière modification 13/12/2021). Périmètre : secteur PUBLIC uniquement.",2021,actif,education_indicateur_nombre_etablissements,long,valeur,Nombre d'établissements collegial,territoire_id,Collèges publics recensés,Éducation,True,False,neutre,
117,Écoles publiques recensées (province) — primaire,Nombre d'établissements primaire,education,Nombre d'écoles primaire PUBLIQUES dénombrées dans l'annuaire nominatif du MENPS (niveau province). ATTENTION : ne pas confondre avec le comptage officiel de l'Annuaire Statistique du Maroc — ce dénombrement exclut le privé et reflète la situation antérieure à 2022. Sert à la cartographie et au détail par commune.,établissements,"Portail Open Data data.gov.ma — MENPS, « Liste des établissements scolaires publics » (créé 15/05/2014, dernière modification 13/12/2021). Périmètre : secteur PUBLIC uniquement.",2021,actif,education_indicateur_nombre_etablissements,long,valeur,Nombre d'établissements primaire,territoire_id,Écoles primaires publiques recensées,Éducation,True,False,neutre,
118,Écoles publiques recensées (province) — qualifiant,Nombre d'établissements qualifiant,education,Nombre d'écoles qualifiant PUBLIQUES dénombrées dans l'annuaire nominatif du MENPS (niveau province). ATTENTION : ne pas confondre avec le comptage officiel de l'Annuaire Statistique du Maroc — ce dénombrement exclut le privé et reflète la situation antérieure à 2022. Sert à la cartographie et au détail par commune.,établissements,"Portail Open Data data.gov.ma — MENPS, « Liste des établissements scolaires publics » (créé 15/05/2014, dernière modification 13/12/2021). Périmètre : secteur PUBLIC uniquement.",2021,actif,education_indicateur_nombre_etablissements,long,valeur,Nombre d'établissements qualifiant,territoire_id,Lycées publics recensés,Éducation,True,False,neutre,
119,Écoles publiques recensées (commune) — collégial,Nombre d'établissements collegial,education,Nombre d'écoles collégial PUBLIQUES dénombrées dans l'annuaire nominatif du MENPS (niveau commune). ATTENTION : ne pas confondre avec le comptage officiel de l'Annuaire Statistique du Maroc — ce dénombrement exclut le privé et reflète la situation antérieure à 2022. Sert à la cartographie et au détail par commune.,établissements,"Portail Open Data data.gov.ma — MENPS, « Liste des établissements scolaires publics » (créé 15/05/2014, dernière modification 13/12/2021). Périmètre : secteur PUBLIC uniquement.",2021,actif,education_indicateur_nombre_etablissements_commune,long,valeur,Nombre d'établissements collegial,territoire_id,Collèges publics recensés (commune),Éducation,False,True,neutre,
120,Écoles publiques recensées (commune) — primaire,Nombre d'établissements primaire,education,Nombre d'écoles primaire PUBLIQUES dénombrées dans l'annuaire nominatif du MENPS (niveau commune). ATTENTION : ne pas confondre avec le comptage officiel de l'Annuaire Statistique du Maroc — ce dénombrement exclut le privé et reflète la situation antérieure à 2022. Sert à la cartographie et au détail par commune.,établissements,"Portail Open Data data.gov.ma — MENPS, « Liste des établissements scolaires publics » (créé 15/05/2014, dernière modification 13/12/2021). Périmètre : secteur PUBLIC uniquement.",2021,actif,education_indicateur_nombre_etablissements_commune,long,valeur,Nombre d'établissements primaire,territoire_id,Écoles primaires publiques recensées (commune),Éducation,False,True,neutre,
121,Écoles publiques recensées (commune) — qualifiant,Nombre d'établissements qualifiant,education,Nombre d'écoles qualifiant PUBLIQUES dénombrées dans l'annuaire nominatif du MENPS (niveau commune). ATTENTION : ne pas confondre avec le comptage officiel de l'Annuaire Statistique du Maroc — ce dénombrement exclut le privé et reflète la situation antérieure à 2022. Sert à la cartographie et au détail par commune.,établissements,"Portail Open Data data.gov.ma — MENPS, « Liste des établissements scolaires publics » (créé 15/05/2014, dernière modification 13/12/2021). Périmètre : secteur PUBLIC uniquement.",2021,actif,education_indicateur_nombre_etablissements_commune,long,valeur,Nombre d'établissements qualifiant,territoire_id,Lycées publics recensés (commune),Éducation,False,True,neutre,
266,nombre_abonnes,nombre_abonnes,infrastructure,nombre_abonnes. Thème : infrastructure. [Traçabilité : source Annuaire HCP (ONEE).],abonnés,"Annuaire Statistique du Maroc (HCP). https://www.hcp.ma/downloads/Annuaire-Statistique-du-Maroc-format-Excel_t22392.html Chapitre 5 — Énergie et Eau, tableau 20.",2023,actif,infrastructure_cleaned_activit_de_l_office_national_d_electr,long,valeur,nombre_abonnes,territoire_id,Abonnés à l'électricité (ONEE),hors secteur,True,False,neutre,
267,Activit de l office national d electr — production,production,infrastructure,Activit de l office national d electr — production. Thème : infrastructure. [Traçabilité : source Annuaire HCP (ONEE).],,"Annuaire Statistique du Maroc (HCP). https://www.hcp.ma/downloads/Annuaire-Statistique-du-Maroc-format-Excel_t22392.html Chapitre 5 — Énergie et Eau, tableau 20.",2023,actif,infrastructure_cleaned_activit_de_l_office_national_d_electr,long,valeur,production,territoire_id,Production d'électricité (ONEE),hors secteur,True,False,neutre,
268,ventes_abonnes,ventes_abonnes,infrastructure,ventes_abonnes. Thème : infrastructure. [Traçabilité : source Annuaire HCP (ONEE).],,"Annuaire Statistique du Maroc (HCP). https://www.hcp.ma/downloads/Annuaire-Statistique-du-Maroc-format-Excel_t22392.html Chapitre 5 — Énergie et Eau, tableau 20.",2023,actif,infrastructure_cleaned_activit_de_l_office_national_d_electr,long,valeur,ventes_abonnes,territoire_id,Ventes d'électricité aux abonnés,hors secteur,True,False,neutre,
269,ventes_regies_concessions,ventes_regies_concessions,infrastructure,ventes_regies_concessions. Thème : infrastructure. [Traçabilité : source Annuaire HCP (ONEE).],,"Annuaire Statistique du Maroc (HCP). https://www.hcp.ma/downloads/Annuaire-Statistique-du-Maroc-format-Excel_t22392.html Chapitre 5 — Énergie et Eau, tableau 20.",2023,actif,infrastructure_cleaned_activit_de_l_office_national_d_electr,long,valeur,ventes_regies_concessions,territoire_id,Ventes d'électricité aux régies et concessions,hors secteur,True,False,neutre,
270,Bonne Qualité 2021,Bonne Qualité 2021,infrastructure,"Bonne Qualité 2021. Thème : infrastructure. [Traçabilité : origine probable, valeurs non recoupées.]",,"Annuaire Statistique du Maroc (HCP). https://www.hcp.ma/downloads/Annuaire-Statistique-du-Maroc-format-Excel_t22392.html Chapitre 23 — Environnement, tableaux 23-32 à 23-34.",2024,actif,infrastructure_cleaned_evolution_du_nombre_de_plages_par_reg,long,valeur,Bonne Qualité 2021,territoire_id,Bonne Qualité 2021,non cartographiable,False,False,,
271,Bonne Qualité 2022,Bonne Qualité 2022,infrastructure,"Bonne Qualité 2022. Thème : infrastructure. [Traçabilité : origine probable, valeurs non recoupées.]",,"Annuaire Statistique du Maroc (HCP). https://www.hcp.ma/downloads/Annuaire-Statistique-du-Maroc-format-Excel_t22392.html Chapitre 23 — Environnement, tableaux 23-32 à 23-34.",2024,actif,infrastructure_cleaned_evolution_du_nombre_de_plages_par_reg,long,valeur,Bonne Qualité 2022,territoire_id,Bonne Qualité 2022,non cartographiable,False,False,,
272,Bonne Qualité 2023,Bonne Qualité 2023,infrastructure,"Bonne Qualité 2023. Thème : infrastructure. [Traçabilité : origine probable, valeurs non recoupées.]",,"Annuaire Statistique du Maroc (HCP). https://www.hcp.ma/downloads/Annuaire-Statistique-du-Maroc-format-Excel_t22392.html Chapitre 23 — Environnement, tableaux 23-32 à 23-34.",2024,actif,infrastructure_cleaned_evolution_du_nombre_de_plages_par_reg,long,valeur,Bonne Qualité 2023,territoire_id,Bonne Qualité 2023,non cartographiable,False,False,,
273,Bonne Qualité 2024,Bonne Qualité 2024,infrastructure,"Bonne Qualité 2024. Thème : infrastructure. [Traçabilité : origine probable, valeurs non recoupées.]",,"Annuaire Statistique du Maroc (HCP). https://www.hcp.ma/downloads/Annuaire-Statistique-du-Maroc-format-Excel_t22392.html Chapitre 23 — Environnement, tableaux 23-32 à 23-34.",2024,actif,infrastructure_cleaned_evolution_du_nombre_de_plages_par_reg,long,valeur,Bonne Qualité 2024,territoire_id,Bonne Qualité 2024,non cartographiable,False,False,,
274,Execellante Qaulité 2021,Execellante Qaulité 2021,infrastructure,"Execellante Qaulité 2021. Thème : infrastructure. [Traçabilité : origine probable, valeurs non recoupées.]",,"Annuaire Statistique du Maroc (HCP). https://www.hcp.ma/downloads/Annuaire-Statistique-du-Maroc-format-Excel_t22392.html Chapitre 23 — Environnement, tableaux 23-32 à 23-34.",2024,actif,infrastructure_cleaned_evolution_du_nombre_de_plages_par_reg,long,valeur,Execellante Qaulité 2021,territoire_id,Execellante Qaulité 2021,non cartographiable,False,False,,
275,Execellante Qaulité 2022,Execellante Qaulité 2022,infrastructure,"Execellante Qaulité 2022. Thème : infrastructure. [Traçabilité : origine probable, valeurs non recoupées.]",,"Annuaire Statistique du Maroc (HCP). https://www.hcp.ma/downloads/Annuaire-Statistique-du-Maroc-format-Excel_t22392.html Chapitre 23 — Environnement, tableaux 23-32 à 23-34.",2024,actif,infrastructure_cleaned_evolution_du_nombre_de_plages_par_reg,long,valeur,Execellante Qaulité 2022,territoire_id,Execellante Qaulité 2022,non cartographiable,False,False,,
276,Execellante Qaulité 2023,Execellante Qaulité 2023,infrastructure,"Execellante Qaulité 2023. Thème : infrastructure. [Traçabilité : origine probable, valeurs non recoupées.]",,"Annuaire Statistique du Maroc (HCP). https://www.hcp.ma/downloads/Annuaire-Statistique-du-Maroc-format-Excel_t22392.html Chapitre 23 — Environnement, tableaux 23-32 à 23-34.",2024,actif,infrastructure_cleaned_evolution_du_nombre_de_plages_par_reg,long,valeur,Execellante Qaulité 2023,territoire_id,Execellante Qaulité 2023,non cartographiable,False,False,,
277,Execellante Qaulité 2024,Execellante Qaulité 2024,infrastructure,"Execellante Qaulité 2024. Thème : infrastructure. [Traçabilité : origine probable, valeurs non recoupées.]",,"Annuaire Statistique du Maroc (HCP). https://www.hcp.ma/downloads/Annuaire-Statistique-du-Maroc-format-Excel_t22392.html Chapitre 23 — Environnement, tableaux 23-32 à 23-34.",2024,actif,infrastructure_cleaned_evolution_du_nombre_de_plages_par_reg,long,valeur,Execellante Qaulité 2024,territoire_id,Execellante Qaulité 2024,non cartographiable,False,False,,
278,Qualité Suffisante 2021,Qualité Suffisante 2021,infrastructure,"Qualité Suffisante 2021. Thème : infrastructure. [Traçabilité : origine probable, valeurs non recoupées.]",,"Annuaire Statistique du Maroc (HCP). https://www.hcp.ma/downloads/Annuaire-Statistique-du-Maroc-format-Excel_t22392.html Chapitre 23 — Environnement, tableaux 23-32 à 23-34.",2024,actif,infrastructure_cleaned_evolution_du_nombre_de_plages_par_reg,long,valeur,Qualité Suffisante 2021,territoire_id,Qualité Suffisante 2021,non cartographiable,False,False,,
279,Qualité Suffisante 2022,Qualité Suffisante 2022,infrastructure,"Qualité Suffisante 2022. Thème : infrastructure. [Traçabilité : origine probable, valeurs non recoupées.]",,"Annuaire Statistique du Maroc (HCP). https://www.hcp.ma/downloads/Annuaire-Statistique-du-Maroc-format-Excel_t22392.html Chapitre 23 — Environnement, tableaux 23-32 à 23-34.",2024,actif,infrastructure_cleaned_evolution_du_nombre_de_plages_par_reg,long,valeur,Qualité Suffisante 2022,territoire_id,Qualité Suffisante 2022,non cartographiable,False,False,,
280,Qualité Suffisante 2023,Qualité Suffisante 2023,infrastructure,"Qualité Suffisante 2023. Thème : infrastructure. [Traçabilité : origine probable, valeurs non recoupées.]",,"Annuaire Statistique du Maroc (HCP). https://www.hcp.ma/downloads/Annuaire-Statistique-du-Maroc-format-Excel_t22392.html Chapitre 23 — Environnement, tableaux 23-32 à 23-34.",2024,actif,infrastructure_cleaned_evolution_du_nombre_de_plages_par_reg,long,valeur,Qualité Suffisante 2023,territoire_id,Qualité Suffisante 2023,non cartographiable,False,False,,
281,Qualité Suffisante 2024,Qualité Suffisante 2024,infrastructure,"Qualité Suffisante 2024. Thème : infrastructure. [Traçabilité : origine probable, valeurs non recoupées.]",,"Annuaire Statistique du Maroc (HCP). https://www.hcp.ma/downloads/Annuaire-Statistique-du-Maroc-format-Excel_t22392.html Chapitre 23 — Environnement, tableaux 23-32 à 23-34.",2024,actif,infrastructure_cleaned_evolution_du_nombre_de_plages_par_reg,long,valeur,Qualité Suffisante 2024,territoire_id,Qualité Suffisante 2024,non cartographiable,False,False,,
282,Qualité insuffisante 2021,Qualité insuffisante 2021,infrastructure,"Qualité insuffisante 2021. Thème : infrastructure. [Traçabilité : origine probable, valeurs non recoupées.]",,"Annuaire Statistique du Maroc (HCP). https://www.hcp.ma/downloads/Annuaire-Statistique-du-Maroc-format-Excel_t22392.html Chapitre 23 — Environnement, tableaux 23-32 à 23-34.",2024,actif,infrastructure_cleaned_evolution_du_nombre_de_plages_par_reg,long,valeur,Qualité insuffisante 2021,territoire_id,Qualité insuffisante 2021,non cartographiable,False,False,,
283,Qualité insuffisante 2022,Qualité insuffisante 2022,infrastructure,"Qualité insuffisante 2022. Thème : infrastructure. [Traçabilité : origine probable, valeurs non recoupées.]",,"Annuaire Statistique du Maroc (HCP). https://www.hcp.ma/downloads/Annuaire-Statistique-du-Maroc-format-Excel_t22392.html Chapitre 23 — Environnement, tableaux 23-32 à 23-34.",2024,actif,infrastructure_cleaned_evolution_du_nombre_de_plages_par_reg,long,valeur,Qualité insuffisante 2022,territoire_id,Qualité insuffisante 2022,non cartographiable,False,False,,
284,Qualité insuffisante 2023,Qualité insuffisante 2023,infrastructure,"Qualité insuffisante 2023. Thème : infrastructure. [Traçabilité : origine probable, valeurs non recoupées.]",,"Annuaire Statistique du Maroc (HCP). https://www.hcp.ma/downloads/Annuaire-Statistique-du-Maroc-format-Excel_t22392.html Chapitre 23 — Environnement, tableaux 23-32 à 23-34.",2024,actif,infrastructure_cleaned_evolution_du_nombre_de_plages_par_reg,long,valeur,Qualité insuffisante 2023,territoire_id,Qualité insuffisante 2023,non cartographiable,False,False,,
285,Qualité insuffisante 2024,Qualité insuffisante 2024,infrastructure,"Qualité insuffisante 2024. Thème : infrastructure. [Traçabilité : origine probable, valeurs non recoupées.]",,"Annuaire Statistique du Maroc (HCP). https://www.hcp.ma/downloads/Annuaire-Statistique-du-Maroc-format-Excel_t22392.html Chapitre 23 — Environnement, tableaux 23-32 à 23-34.",2024,actif,infrastructure_cleaned_evolution_du_nombre_de_plages_par_reg,long,valeur,Qualité insuffisante 2024,territoire_id,Qualité insuffisante 2024,non cartographiable,False,False,,
286,Evolution du nombre de plages par reg — Total 2021,Total 2021,infrastructure,"Evolution du nombre de plages par reg — Total 2021. Thème : infrastructure. [Traçabilité : origine probable, valeurs non recoupées.]",nombre,"Annuaire Statistique du Maroc (HCP). https://www.hcp.ma/downloads/Annuaire-Statistique-du-Maroc-format-Excel_t22392.html Chapitre 23 — Environnement, tableaux 23-32 à 23-34.",2024,actif,infrastructure_cleaned_evolution_du_nombre_de_plages_par_reg,long,valeur,Total 2021,territoire_id,Evolution du nombre de plages par reg — Total 2021,non cartographiable,False,False,neutre,
287,Evolution du nombre de plages par reg — Total 2022,Total 2022,infrastructure,"Evolution du nombre de plages par reg — Total 2022. Thème : infrastructure. [Traçabilité : origine probable, valeurs non recoupées.]",nombre,"Annuaire Statistique du Maroc (HCP). https://www.hcp.ma/downloads/Annuaire-Statistique-du-Maroc-format-Excel_t22392.html Chapitre 23 — Environnement, tableaux 23-32 à 23-34.",2024,actif,infrastructure_cleaned_evolution_du_nombre_de_plages_par_reg,long,valeur,Total 2022,territoire_id,Evolution du nombre de plages par reg — Total 2022,non cartographiable,False,False,neutre,
288,Evolution du nombre de plages par reg — Total 2023,Total 2023,infrastructure,"Evolution du nombre de plages par reg — Total 2023. Thème : infrastructure. [Traçabilité : origine probable, valeurs non recoupées.]",nombre,"Annuaire Statistique du Maroc (HCP). https://www.hcp.ma/downloads/Annuaire-Statistique-du-Maroc-format-Excel_t22392.html Chapitre 23 — Environnement, tableaux 23-32 à 23-34.",2024,actif,infrastructure_cleaned_evolution_du_nombre_de_plages_par_reg,long,valeur,Total 2023,territoire_id,Evolution du nombre de plages par reg — Total 2023,non cartographiable,False,False,neutre,
289,Evolution du nombre de plages par reg — Total 2024,Total 2024,infrastructure,"Evolution du nombre de plages par reg — Total 2024. Thème : infrastructure. [Traçabilité : origine probable, valeurs non recoupées.]",nombre,"Annuaire Statistique du Maroc (HCP). https://www.hcp.ma/downloads/Annuaire-Statistique-du-Maroc-format-Excel_t22392.html Chapitre 23 — Environnement, tableaux 23-32 à 23-34.",2024,actif,infrastructure_cleaned_evolution_du_nombre_de_plages_par_reg,long,valeur,Total 2024,territoire_id,Evolution du nombre de plages par reg — Total 2024,non cartographiable,False,False,neutre,
290,nbre_prelevements_2021,nbre_prelevements_2021,infrastructure,"nbre_prelevements_2021. Thème : infrastructure. [Traçabilité : origine probable, valeurs non recoupées.]",,"Annuaire Statistique du Maroc (HCP). https://www.hcp.ma/downloads/Annuaire-Statistique-du-Maroc-format-Excel_t22392.html Chapitre 23 — Environnement, tableaux 23-32 à 23-34.",2024,actif,infrastructure_cleaned_evolution_du_nombre_de_plages_par_reg_2,long,valeur,nbre_prelevements_2021,territoire_id,nbre_prelevements_2021,non cartographiable,False,False,,
291,nbre_prelevements_2022,nbre_prelevements_2022,infrastructure,"nbre_prelevements_2022. Thème : infrastructure. [Traçabilité : origine probable, valeurs non recoupées.]",,"Annuaire Statistique du Maroc (HCP). https://www.hcp.ma/downloads/Annuaire-Statistique-du-Maroc-format-Excel_t22392.html Chapitre 23 — Environnement, tableaux 23-32 à 23-34.",2024,actif,infrastructure_cleaned_evolution_du_nombre_de_plages_par_reg_2,long,valeur,nbre_prelevements_2022,territoire_id,nbre_prelevements_2022,non cartographiable,False,False,,
292,nbre_prelevements_2023,nbre_prelevements_2023,infrastructure,"nbre_prelevements_2023. Thème : infrastructure. [Traçabilité : origine probable, valeurs non recoupées.]",,"Annuaire Statistique du Maroc (HCP). https://www.hcp.ma/downloads/Annuaire-Statistique-du-Maroc-format-Excel_t22392.html Chapitre 23 — Environnement, tableaux 23-32 à 23-34.",2024,actif,infrastructure_cleaned_evolution_du_nombre_de_plages_par_reg_2,long,valeur,nbre_prelevements_2023,territoire_id,nbre_prelevements_2023,non cartographiable,False,False,,
293,nbre_prelevements_2024,nbre_prelevements_2024,infrastructure,"nbre_prelevements_2024. Thème : infrastructure. [Traçabilité : origine probable, valeurs non recoupées.]",,"Annuaire Statistique du Maroc (HCP). https://www.hcp.ma/downloads/Annuaire-Statistique-du-Maroc-format-Excel_t22392.html Chapitre 23 — Environnement, tableaux 23-32 à 23-34.",2024,actif,infrastructure_cleaned_evolution_du_nombre_de_plages_par_reg_2,long,valeur,nbre_prelevements_2024,territoire_id,nbre_prelevements_2024,non cartographiable,False,False,,
294,nbre_stations_2021,nbre_stations_2021,infrastructure,"nbre_stations_2021. Thème : infrastructure. [Traçabilité : origine probable, valeurs non recoupées.]",,"Annuaire Statistique du Maroc (HCP). https://www.hcp.ma/downloads/Annuaire-Statistique-du-Maroc-format-Excel_t22392.html Chapitre 23 — Environnement, tableaux 23-32 à 23-34.",2024,actif,infrastructure_cleaned_evolution_du_nombre_de_plages_par_reg_2,long,valeur,nbre_stations_2021,territoire_id,nbre_stations_2021,non cartographiable,False,False,,
295,nbre_stations_2022,nbre_stations_2022,infrastructure,"nbre_stations_2022. Thème : infrastructure. [Traçabilité : origine probable, valeurs non recoupées.]",,"Annuaire Statistique du Maroc (HCP). https://www.hcp.ma/downloads/Annuaire-Statistique-du-Maroc-format-Excel_t22392.html Chapitre 23 — Environnement, tableaux 23-32 à 23-34.",2024,actif,infrastructure_cleaned_evolution_du_nombre_de_plages_par_reg_2,long,valeur,nbre_stations_2022,territoire_id,nbre_stations_2022,non cartographiable,False,False,,
296,nbre_stations_2023,nbre_stations_2023,infrastructure,"nbre_stations_2023. Thème : infrastructure. [Traçabilité : origine probable, valeurs non recoupées.]",,"Annuaire Statistique du Maroc (HCP). https://www.hcp.ma/downloads/Annuaire-Statistique-du-Maroc-format-Excel_t22392.html Chapitre 23 — Environnement, tableaux 23-32 à 23-34.",2024,actif,infrastructure_cleaned_evolution_du_nombre_de_plages_par_reg_2,long,valeur,nbre_stations_2023,territoire_id,nbre_stations_2023,non cartographiable,False,False,,
297,nbre_stations_2024,nbre_stations_2024,infrastructure,"nbre_stations_2024. Thème : infrastructure. [Traçabilité : origine probable, valeurs non recoupées.]",,"Annuaire Statistique du Maroc (HCP). https://www.hcp.ma/downloads/Annuaire-Statistique-du-Maroc-format-Excel_t22392.html Chapitre 23 — Environnement, tableaux 23-32 à 23-34.",2024,actif,infrastructure_cleaned_evolution_du_nombre_de_plages_par_reg_2,long,valeur,nbre_stations_2024,territoire_id,nbre_stations_2024,non cartographiable,False,False,,
298,plages_evolution_total 2021,plages_evolution_total 2021,infrastructure,"plages_evolution_total 2021. Thème : infrastructure. [Traçabilité : origine probable, valeurs non recoupées.]",,"Annuaire Statistique du Maroc (HCP). https://www.hcp.ma/downloads/Annuaire-Statistique-du-Maroc-format-Excel_t22392.html Chapitre 23 — Environnement, tableaux 23-32 à 23-34.",2024,actif,infrastructure_cleaned_evolution_du_nombre_de_plages_par_reg_3,long,valeur,plages_evolution_total 2021,territoire_id,plages_evolution_total 2021,non cartographiable,False,False,,
299,plages_evolution_total 2022,plages_evolution_total 2022,infrastructure,"plages_evolution_total 2022. Thème : infrastructure. [Traçabilité : origine probable, valeurs non recoupées.]",,"Annuaire Statistique du Maroc (HCP). https://www.hcp.ma/downloads/Annuaire-Statistique-du-Maroc-format-Excel_t22392.html Chapitre 23 — Environnement, tableaux 23-32 à 23-34.",2024,actif,infrastructure_cleaned_evolution_du_nombre_de_plages_par_reg_3,long,valeur,plages_evolution_total 2022,territoire_id,plages_evolution_total 2022,non cartographiable,False,False,,
300,plages_evolution_total 2023,plages_evolution_total 2023,infrastructure,"plages_evolution_total 2023. Thème : infrastructure. [Traçabilité : origine probable, valeurs non recoupées.]",,"Annuaire Statistique du Maroc (HCP). https://www.hcp.ma/downloads/Annuaire-Statistique-du-Maroc-format-Excel_t22392.html Chapitre 23 — Environnement, tableaux 23-32 à 23-34.",2024,actif,infrastructure_cleaned_evolution_du_nombre_de_plages_par_reg_3,long,valeur,plages_evolution_total 2023,territoire_id,plages_evolution_total 2023,non cartographiable,False,False,,
301,plages_evolution_total 2024,plages_evolution_total 2024,infrastructure,"plages_evolution_total 2024. Thème : infrastructure. [Traçabilité : origine probable, valeurs non recoupées.]",,"Annuaire Statistique du Maroc (HCP). https://www.hcp.ma/downloads/Annuaire-Statistique-du-Maroc-format-Excel_t22392.html Chapitre 23 — Environnement, tableaux 23-32 à 23-34.",2024,actif,infrastructure_cleaned_evolution_du_nombre_de_plages_par_reg_3,long,valeur,plages_evolution_total 2024,territoire_id,plages_evolution_total 2024,non cartographiable,False,False,,
302,Mouvements des avions selon les a rop — total,total_general,infrastructure,"Mouvements des avions selon les a rop — total. Thème : infrastructure. [Traçabilité : Annuaire HCP, chapitre 8 Transport. DONNÉES INCOMPLÈTES — couverture partielle, à ne pas utiliser pour un classement.]",mouvements,"Annuaire Statistique du Maroc (HCP). https://www.hcp.ma/downloads/Annuaire-Statistique-du-Maroc-format-Excel_t22392.html Chapitre 8 — Transport, tableau 23 (ONDA).",2024,actif,infrastructure_cleaned_mouvements_des_avions_selon_les_a_rop,long,valeur,total_general,territoire_id,Mouvements d'avions — total,hors secteur,True,False,neutre,
303,trafic_commercial,trafic_commercial,infrastructure,"trafic_commercial. Thème : infrastructure. [Traçabilité : Annuaire HCP, chapitre 8 Transport. DONNÉES INCOMPLÈTES — couverture partielle, à ne pas utiliser pour un classement.]",mouvements,"Annuaire Statistique du Maroc (HCP). https://www.hcp.ma/downloads/Annuaire-Statistique-du-Maroc-format-Excel_t22392.html Chapitre 8 — Transport, tableau 23 (ONDA).",2024,actif,infrastructure_cleaned_mouvements_des_avions_selon_les_a_rop,long,valeur,trafic_commercial,territoire_id,Mouvements d'avions — trafic commercial,hors secteur,True,False,neutre,
304,trafic_non_commercial,trafic_non_commercial,infrastructure,"trafic_non_commercial. Thème : infrastructure. [Traçabilité : Annuaire HCP, chapitre 8 Transport. DONNÉES INCOMPLÈTES — couverture partielle, à ne pas utiliser pour un classement.]",mouvements,"Annuaire Statistique du Maroc (HCP). https://www.hcp.ma/downloads/Annuaire-Statistique-du-Maroc-format-Excel_t22392.html Chapitre 8 — Transport, tableau 23 (ONDA).",2024,actif,infrastructure_cleaned_mouvements_des_avions_selon_les_a_rop,long,valeur,trafic_non_commercial,territoire_id,Mouvements d'avions — trafic non commercial,hors secteur,True,False,neutre,
305,routes_nationales_dont_revetues_km,routes_nationales_dont_revetues_km,infrastructure,routes_nationales_dont_revetues_km. Thème : infrastructure. [Traçabilité : source HCP DR-TTA confirmée par la feuille de métadonnées du fichier d'origine.],km,"Direction Régionale du HCP Tanger-Tétouan-Al Hoceïma, figure « Réseau routier et autoroutier (en km) selon les préfectures/provinces, 2024 ». Niveau province — ventilation absente de l'Annuaire national, qui s'arrête à la région.",2024,actif,infrastructure_cleaned_routes_2024_routes_longueur_2024,long,valeur,routes_nationales_dont_revetues_km,territoire_id,routes_nationales_dont_revetues_km,non cartographiable,False,False,neutre,
306,routes_nationales_total_km,routes_nationales_total_km,infrastructure,routes_nationales_total_km. Thème : infrastructure. [Traçabilité : source HCP DR-TTA confirmée par la feuille de métadonnées du fichier d'origine.],km,"Direction Régionale du HCP Tanger-Tétouan-Al Hoceïma, figure « Réseau routier et autoroutier (en km) selon les préfectures/provinces, 2024 ». Niveau province — ventilation absente de l'Annuaire national, qui s'arrête à la région.",2024,actif,infrastructure_cleaned_routes_2024_routes_longueur_2024,long,valeur,routes_nationales_total_km,territoire_id,routes_nationales_total_km,non cartographiable,False,False,neutre,
307,routes_provinciales_dont_revetues_km,routes_provinciales_dont_revetues_km,infrastructure,routes_provinciales_dont_revetues_km. Thème : infrastructure. [Traçabilité : source HCP DR-TTA confirmée par la feuille de métadonnées du fichier d'origine.],km,"Direction Régionale du HCP Tanger-Tétouan-Al Hoceïma, figure « Réseau routier et autoroutier (en km) selon les préfectures/provinces, 2024 ». Niveau province — ventilation absente de l'Annuaire national, qui s'arrête à la région.",2024,actif,infrastructure_cleaned_routes_2024_routes_longueur_2024,long,valeur,routes_provinciales_dont_revetues_km,territoire_id,routes_provinciales_dont_revetues_km,non cartographiable,False,False,neutre,
308,routes_provinciales_total_km,routes_provinciales_total_km,infrastructure,routes_provinciales_total_km. Thème : infrastructure. [Traçabilité : source HCP DR-TTA confirmée par la feuille de métadonnées du fichier d'origine.],km,"Direction Régionale du HCP Tanger-Tétouan-Al Hoceïma, figure « Réseau routier et autoroutier (en km) selon les préfectures/provinces, 2024 ». Niveau province — ventilation absente de l'Annuaire national, qui s'arrête à la région.",2024,actif,infrastructure_cleaned_routes_2024_routes_longueur_2024,long,valeur,routes_provinciales_total_km,territoire_id,routes_provinciales_total_km,non cartographiable,False,False,neutre,
309,routes_regionales_dont_revetues_km,routes_regionales_dont_revetues_km,infrastructure,routes_regionales_dont_revetues_km. Thème : infrastructure. [Traçabilité : source HCP DR-TTA confirmée par la feuille de métadonnées du fichier d'origine.],km,"Direction Régionale du HCP Tanger-Tétouan-Al Hoceïma, figure « Réseau routier et autoroutier (en km) selon les préfectures/provinces, 2024 ». Niveau province — ventilation absente de l'Annuaire national, qui s'arrête à la région.",2024,actif,infrastructure_cleaned_routes_2024_routes_longueur_2024,long,valeur,routes_regionales_dont_revetues_km,territoire_id,routes_regionales_dont_revetues_km,non cartographiable,False,False,neutre,
310,routes_regionales_total_km,routes_regionales_total_km,infrastructure,routes_regionales_total_km. Thème : infrastructure. [Traçabilité : source HCP DR-TTA confirmée par la feuille de métadonnées du fichier d'origine.],km,"Direction Régionale du HCP Tanger-Tétouan-Al Hoceïma, figure « Réseau routier et autoroutier (en km) selon les préfectures/provinces, 2024 ». Niveau province — ventilation absente de l'Annuaire national, qui s'arrête à la région.",2024,actif,infrastructure_cleaned_routes_2024_routes_longueur_2024,long,valeur,routes_regionales_total_km,territoire_id,routes_regionales_total_km,non cartographiable,False,False,neutre,
311,autoroutes_km,autoroutes_km,infrastructure,autoroutes_km. Thème : infrastructure. [Traçabilité : source HCP DR-TTA confirmée par la feuille de métadonnées du fichier d'origine.],km,"Direction Régionale du HCP Tanger-Tétouan-Al Hoceïma, figure « Réseau routier et autoroutier (en km) selon les préfectures/provinces, 2024 ». Niveau province — ventilation absente de l'Annuaire national, qui s'arrête à la région.",2024,actif,infrastructure_cleaned_routes_2024_routes_provinces_2024,long,valeur,autoroutes_km,territoire_id,Autoroutes,Conditions de vie,True,False,neutre,
317,routes_nationales_km,routes_nationales_km,infrastructure,routes_nationales_km. Thème : infrastructure. [Traçabilité : source HCP DR-TTA confirmée par la feuille de métadonnées du fichier d'origine.],km,"Direction Régionale du HCP Tanger-Tétouan-Al Hoceïma, figure « Réseau routier et autoroutier (en km) selon les préfectures/provinces, 2024 ». Niveau province — ventilation absente de l'Annuaire national, qui s'arrête à la région.",2024,actif,infrastructure_cleaned_routes_2024_routes_provinces_2024,long,valeur,routes_nationales_km,territoire_id,Routes nationales,Conditions de vie,True,False,neutre,
318,routes_provinciales_km,routes_provinciales_km,infrastructure,routes_provinciales_km. Thème : infrastructure. [Traçabilité : source HCP DR-TTA confirmée par la feuille de métadonnées du fichier d'origine.],km,"Direction Régionale du HCP Tanger-Tétouan-Al Hoceïma, figure « Réseau routier et autoroutier (en km) selon les préfectures/provinces, 2024 ». Niveau province — ventilation absente de l'Annuaire national, qui s'arrête à la région.",2024,actif,infrastructure_cleaned_routes_2024_routes_provinces_2024,long,valeur,routes_provinciales_km,territoire_id,Routes provinciales,Conditions de vie,True,False,neutre,
319,routes_regionales_km,routes_regionales_km,infrastructure,routes_regionales_km. Thème : infrastructure. [Traçabilité : source HCP DR-TTA confirmée par la feuille de métadonnées du fichier d'origine.],km,"Direction Régionale du HCP Tanger-Tétouan-Al Hoceïma, figure « Réseau routier et autoroutier (en km) selon les préfectures/provinces, 2024 ». Niveau province — ventilation absente de l'Annuaire national, qui s'arrête à la région.",2024,actif,infrastructure_cleaned_routes_2024_routes_provinces_2024,long,valeur,routes_regionales_km,territoire_id,Routes régionales,Conditions de vie,True,False,neutre,
322,electricite_ventes_distributeur_2022,electricite_ventes_distributeur_2022,infrastructure,electricite_ventes_distributeur_2022. Thème : infrastructure. [Traçabilité : vérifié : valeurs 2023 et 2022 identiques à l'Annuaire 2024 ; l'année 2024 provient de l'édition 2025.],,"Annuaire Statistique du Maroc (HCP). https://www.hcp.ma/downloads/Annuaire-Statistique-du-Maroc-format-Excel_t22392.html Chapitre 5 — Énergie et Eau, tableaux 7 et 9.",2022,actif,infrastructure_electricite_ventes_distributeurs,long,valeur,electricite_ventes_distributeur_2022,territoire_id,Ventes d'électricité par distributeur (2022),hors secteur,True,False,neutre,
323,electricite_ventes_distributeur_2023,electricite_ventes_distributeur_2023,infrastructure,electricite_ventes_distributeur_2023. Thème : infrastructure. [Traçabilité : vérifié : valeurs 2023 et 2022 identiques à l'Annuaire 2024 ; l'année 2024 provient de l'édition 2025.],,"Annuaire Statistique du Maroc (HCP). https://www.hcp.ma/downloads/Annuaire-Statistique-du-Maroc-format-Excel_t22392.html Chapitre 5 — Énergie et Eau, tableaux 7 et 9.",2023,actif,infrastructure_electricite_ventes_distributeurs,long,valeur,electricite_ventes_distributeur_2023,territoire_id,Ventes d'électricité par distributeur (2023),hors secteur,True,False,neutre,
324,electricite_ventes_distributeur_2024,electricite_ventes_distributeur_2024,infrastructure,electricite_ventes_distributeur_2024. Thème : infrastructure. [Traçabilité : vérifié : valeurs 2023 et 2022 identiques à l'Annuaire 2024 ; l'année 2024 provient de l'édition 2025.],,"Annuaire Statistique du Maroc (HCP). https://www.hcp.ma/downloads/Annuaire-Statistique-du-Maroc-format-Excel_t22392.html Chapitre 5 — Énergie et Eau, tableaux 7 et 9.",2024,actif,infrastructure_electricite_ventes_distributeurs,long,valeur,electricite_ventes_distributeur_2024,territoire_id,Ventes d'électricité par distributeur (2024),hors secteur,True,False,neutre,
325,electricite_ventes_provinces_2022,electricite_ventes_provinces_2022,infrastructure,electricite_ventes_provinces_2022. Thème : infrastructure. [Traçabilité : vérifié : valeurs 2023 et 2022 identiques à l'Annuaire 2024 ; l'année 2024 provient de l'édition 2025.],,"Annuaire Statistique du Maroc (HCP). https://www.hcp.ma/downloads/Annuaire-Statistique-du-Maroc-format-Excel_t22392.html Chapitre 5 — Énergie et Eau, tableaux 7 et 9.",2022,actif,infrastructure_electricite_ventes_provinces_electricite_vent,long,valeur,electricite_ventes_provinces_2022,territoire_id,Ventes d'électricité (2022),hors secteur,True,False,neutre,
326,electricite_ventes_provinces_2023,electricite_ventes_provinces_2023,infrastructure,electricite_ventes_provinces_2023. Thème : infrastructure. [Traçabilité : vérifié : valeurs 2023 et 2022 identiques à l'Annuaire 2024 ; l'année 2024 provient de l'édition 2025.],,"Annuaire Statistique du Maroc (HCP). https://www.hcp.ma/downloads/Annuaire-Statistique-du-Maroc-format-Excel_t22392.html Chapitre 5 — Énergie et Eau, tableaux 7 et 9.",2023,actif,infrastructure_electricite_ventes_provinces_electricite_vent,long,valeur,electricite_ventes_provinces_2023,territoire_id,Ventes d'électricité (2023),hors secteur,True,False,neutre,
327,electricite_ventes_provinces_2024,electricite_ventes_provinces_2024,infrastructure,electricite_ventes_provinces_2024. Thème : infrastructure. [Traçabilité : vérifié : valeurs 2023 et 2022 identiques à l'Annuaire 2024 ; l'année 2024 provient de l'édition 2025.],,"Annuaire Statistique du Maroc (HCP). https://www.hcp.ma/downloads/Annuaire-Statistique-du-Maroc-format-Excel_t22392.html Chapitre 5 — Énergie et Eau, tableaux 7 et 9.",2024,actif,infrastructure_electricite_ventes_provinces_electricite_vent,long,valeur,electricite_ventes_provinces_2024,territoire_id,Ventes d'électricité (2024),hors secteur,True,False,neutre,
328,Niveau d'études de la population âgée de 25 ans et plus (%),Niveau d'études de la population âgée de 25 ans et plus (%),socio_economic,Niveau d'études de la population âgée de 25 ans et plus (%). Thème : socio_economic. [Traçabilité : source RGPH 2024 (comparatif région TTA / national).],%,RGPH 2024 — Recensement Général de la Population et de l'Habitat (HCP). https://resultats2024.rgphapps.ma/,2024,actif,socio_economic_cleaned_capital_humain_cleaned_capital_humain,long,valeur,Niveau d'études de la population âgée de 25 ans et plus (%),territoire_id,Niveau d'études de la population âgée de 25 ans et plus,non cartographiable,False,False,neutre,
329,Nombre moyen d'années d'études dans l'enseignement général,Nombre moyen d'années d'études dans l'enseignement général,socio_economic,Nombre moyen d'années d'études dans l'enseignement général. Thème : socio_economic. [Traçabilité : source RGPH 2024 (comparatif région TTA / national).],nombre,RGPH 2024 — Recensement Général de la Population et de l'Habitat (HCP). https://resultats2024.rgphapps.ma/,2024,actif,socio_economic_cleaned_capital_humain_cleaned_capital_humain,long,valeur,Nombre moyen d'années d'études dans l'enseignement général,territoire_id,Nombre moyen d'années d'études dans l'enseignement général,non cartographiable,False,False,neutre,
330,Capital humain cleaned capital humain — Population alphabète de 10 ans et plus,Population alphabète de 10 ans et plus,socio_economic,Capital humain cleaned capital humain — Population alphabète de 10 ans et plus. Thème : socio_economic. [Traçabilité : source RGPH 2024 (comparatif région TTA / national).],hab,RGPH 2024 — Recensement Général de la Population et de l'Habitat (HCP). https://resultats2024.rgphapps.ma/,2024,actif,socio_economic_cleaned_capital_humain_cleaned_capital_humain,long,valeur,Population alphabète de 10 ans et plus,territoire_id,Population alphabète de 10 ans et plus,non cartographiable,False,False,neutre,
331,Capital humain cleaned capital humain — Population de 10 ans et plus,Population de 10 ans et plus,socio_economic,Capital humain cleaned capital humain — Population de 10 ans et plus. Thème : socio_economic. [Traçabilité : source RGPH 2024 (comparatif région TTA / national).],hab,RGPH 2024 — Recensement Général de la Population et de l'Habitat (HCP). https://resultats2024.rgphapps.ma/,2024,actif,socio_economic_cleaned_capital_humain_cleaned_capital_humain,long,valeur,Population de 10 ans et plus,territoire_id,Population de 10 ans et plus,non cartographiable,False,False,neutre,
332,Capital humain cleaned capital humain — Population de 15 ans et plus,Population de 15 ans et plus,socio_economic,Capital humain cleaned capital humain — Population de 15 ans et plus. Thème : socio_economic. [Traçabilité : source RGPH 2024 (comparatif région TTA / national).],hab,RGPH 2024 — Recensement Général de la Population et de l'Habitat (HCP). https://resultats2024.rgphapps.ma/,2024,actif,socio_economic_cleaned_capital_humain_cleaned_capital_humain,long,valeur,Population de 15 ans et plus,territoire_id,Population de 15 ans et plus,non cartographiable,False,False,neutre,
333,Capital humain cleaned capital humain — Population de 7-12 ans,Population de 7-12 ans,socio_economic,Capital humain cleaned capital humain — Population de 7-12 ans. Thème : socio_economic. [Traçabilité : source RGPH 2024 (comparatif région TTA / national).],hab,RGPH 2024 — Recensement Général de la Population et de l'Habitat (HCP). https://resultats2024.rgphapps.ma/,2024,actif,socio_economic_cleaned_capital_humain_cleaned_capital_humain,long,valeur,Population de 7-12 ans,territoire_id,Population de 7-12 ans,non cartographiable,False,False,neutre,
334,Capital humain cleaned capital humain — Taux d'analphabétisme des 10 ans et plus (%),Taux d'analphabétisme des 10 ans et plus (%),socio_economic,Capital humain cleaned capital humain — Taux d'analphabétisme des 10 ans et plus (%). Thème : socio_economic. [Traçabilité : source RGPH 2024 (comparatif région TTA / national).],%,RGPH 2024 — Recensement Général de la Population et de l'Habitat (HCP). https://resultats2024.rgphapps.ma/,2024,actif,socio_economic_cleaned_capital_humain_cleaned_capital_humain,long,valeur,Taux d'analphabétisme des 10 ans et plus (%),territoire_id,Taux d'analphabétisme des 10 ans et plus,non cartographiable,False,False,bas_mieux,
335,Capital humain cleaned capital humain — Taux d'analphabétisme des 15 ans et plus (%),Taux d'analphabétisme des 15 ans et plus (%),socio_economic,Capital humain cleaned capital humain — Taux d'analphabétisme des 15 ans et plus (%). Thème : socio_economic. [Traçabilité : source RGPH 2024 (comparatif région TTA / national).],%,RGPH 2024 — Recensement Général de la Population et de l'Habitat (HCP). https://resultats2024.rgphapps.ma/,2024,actif,socio_economic_cleaned_capital_humain_cleaned_capital_humain,long,valeur,Taux d'analphabétisme des 15 ans et plus (%),territoire_id,Taux d'analphabétisme des 15 ans et plus,non cartographiable,False,False,bas_mieux,
336,Taux d'analphabétisme selon les groupes d’âges (%),Taux d'analphabétisme selon les groupes d’âges (%),socio_economic,Taux d'analphabétisme selon les groupes d’âges (%). Thème : socio_economic. [Traçabilité : source RGPH 2024 (comparatif région TTA / national).],%,RGPH 2024 — Recensement Général de la Population et de l'Habitat (HCP). https://resultats2024.rgphapps.ma/,2024,actif,socio_economic_cleaned_capital_humain_cleaned_capital_humain,long,valeur,Taux d'analphabétisme selon les groupes d’âges (%),territoire_id,Taux d'analphabétisme selon les groupes d’âges,non cartographiable,False,False,bas_mieux,
337,Taux de scolarisation des 12-17 ans en 2023/2024 (%),Taux de scolarisation des 12-17 ans en 2023/2024 (%),socio_economic,Taux de scolarisation des 12-17 ans en 2023/2024 (%). Thème : socio_economic. [Traçabilité : source RGPH 2024 (comparatif région TTA / national).],%,RGPH 2024 — Recensement Général de la Population et de l'Habitat (HCP). https://resultats2024.rgphapps.ma/,2024,actif,socio_economic_cleaned_capital_humain_cleaned_capital_humain,long,valeur,Taux de scolarisation des 12-17 ans en 2023/2024 (%),territoire_id,Taux de scolarisation des 12-17 ans en 2023/2024,non cartographiable,False,False,haut_mieux,
338,Taux de scolarisation des 4- 5 ans en 2023/2024 (%),Taux de scolarisation des 4- 5 ans en 2023/2024 (%),socio_economic,Taux de scolarisation des 4- 5 ans en 2023/2024 (%). Thème : socio_economic. [Traçabilité : source RGPH 2024 (comparatif région TTA / national).],%,RGPH 2024 — Recensement Général de la Population et de l'Habitat (HCP). https://resultats2024.rgphapps.ma/,2024,actif,socio_economic_cleaned_capital_humain_cleaned_capital_humain,long,valeur,Taux de scolarisation des 4- 5 ans en 2023/2024 (%),territoire_id,Taux de scolarisation des 4- 5 ans en 2023/2024,non cartographiable,False,False,haut_mieux,
367,Dataset fracture numerique fracture numerique — internet_utilisation_pct_5ansplus,internet_utilisation_pct_5ansplus,socio_economic,"Dataset fracture numerique fracture numerique — internet_utilisation_pct_5ansplus. Thème : socio_economic. [Traçabilité : source RGPH 2024 (équipement et usage, population de 5 ans et plus).]",%,RGPH 2024 — Recensement Général de la Population et de l'Habitat (HCP). https://resultats2024.rgphapps.ma/,2024,actif,socio_economic_dataset_fracture_numerique_fracture_numerique,long,valeur,internet_utilisation_pct_5ansplus,territoire_id,Utilisation d'Internet (5 ans et plus),Conditions de vie,True,False,haut_mieux,
368,Dataset fracture numerique fracture numerique — ordinateur_personnel_pct_5ansplus,ordinateur_personnel_pct_5ansplus,socio_economic,"Dataset fracture numerique fracture numerique — ordinateur_personnel_pct_5ansplus. Thème : socio_economic. [Traçabilité : source RGPH 2024 (équipement et usage, population de 5 ans et plus).]",%,RGPH 2024 — Recensement Général de la Population et de l'Habitat (HCP). https://resultats2024.rgphapps.ma/,2024,actif,socio_economic_dataset_fracture_numerique_fracture_numerique,long,valeur,ordinateur_personnel_pct_5ansplus,territoire_id,Ordinateur personnel (5 ans et plus),Conditions de vie,True,False,haut_mieux,informatique
369,Dataset fracture numerique fracture numerique — telephone_mobile_pct_5ansplus,telephone_mobile_pct_5ansplus,socio_economic,"Dataset fracture numerique fracture numerique — telephone_mobile_pct_5ansplus. Thème : socio_economic. [Traçabilité : source RGPH 2024 (équipement et usage, population de 5 ans et plus).]",%,RGPH 2024 — Recensement Général de la Population et de l'Habitat (HCP). https://resultats2024.rgphapps.ma/,2024,actif,socio_economic_dataset_fracture_numerique_fracture_numerique,long,valeur,telephone_mobile_pct_5ansplus,territoire_id,Téléphone mobile (5 ans et plus),Conditions de vie,True,False,haut_mieux,
375,Dataset fracture numerique detail milieu — telephone_mobile_pct_5ansplus,telephone_mobile_pct_5ansplus,socio_economic,"Dataset fracture numerique detail milieu — telephone_mobile_pct_5ansplus. Thème : socio_economic. [Traçabilité : source RGPH 2024 (équipement et usage, population de 5 ans et plus).]",%,RGPH 2024 — Recensement Général de la Population et de l'Habitat (HCP). https://resultats2024.rgphapps.ma/,2024,actif,socio_economic_dataset_fracture_numerique_detail_milieu,long,valeur,telephone_mobile_pct_5ansplus,territoire_id,"Téléphone mobile (5 ans et plus, détail milieu)",Conditions de vie,True,False,haut_mieux,
376,Langues locales utilisées (non exclusives) (%) - Darija,Langues locales utilisées (non exclusives) (%) - Darija,socio_economic,"Part de la population déclarant utiliser cette langue locale. Les réponses sont non exclusives : une même personne peut en déclarer plusieurs, et la somme des parts dépasse donc cent. Elles ne doivent jamais être additionnées ni présentées comme une répartition. [Traçabilité : source RGPH 2024.]",%,RGPH 2024 — Recensement Général de la Population et de l'Habitat (HCP). https://resultats2024.rgphapps.ma/,2024,actif,socio_economic_rgph2024_population_socio_econo_rgph2024_popu,long,valeur,Langues locales utilisées (non exclusives) (%) - Darija,territoire_id,Langues locales utilisées (non exclusives) — Darija,Démographie,True,True,neutre,
377,Langues locales utilisées (non exclusives) (%) - Hassania,Langues locales utilisées (non exclusives) (%) - Hassania,socio_economic,"Part de la population déclarant utiliser cette langue locale. Les réponses sont non exclusives : une même personne peut en déclarer plusieurs, et la somme des parts dépasse donc cent. Elles ne doivent jamais être additionnées ni présentées comme une répartition. [Traçabilité : source RGPH 2024.]",%,RGPH 2024 — Recensement Général de la Population et de l'Habitat (HCP). https://resultats2024.rgphapps.ma/,2024,actif,socio_economic_rgph2024_population_socio_econo_rgph2024_popu,long,valeur,Langues locales utilisées (non exclusives) (%) - Hassania,territoire_id,Langues locales utilisées (non exclusives) — Hassania,Démographie,True,True,neutre,
378,Langues locales utilisées (non exclusives) (%) - Tachelhit,Langues locales utilisées (non exclusives) (%) - Tachelhit,socio_economic,"Part de la population déclarant utiliser cette langue locale. Les réponses sont non exclusives : une même personne peut en déclarer plusieurs, et la somme des parts dépasse donc cent. Elles ne doivent jamais être additionnées ni présentées comme une répartition. [Traçabilité : source RGPH 2024.]",%,RGPH 2024 — Recensement Général de la Population et de l'Habitat (HCP). https://resultats2024.rgphapps.ma/,2024,actif,socio_economic_rgph2024_population_socio_econo_rgph2024_popu,long,valeur,Langues locales utilisées (non exclusives) (%) - Tachelhit,territoire_id,Langues locales utilisées (non exclusives) — Tachelhit,Démographie,True,True,neutre,
379,Langues locales utilisées (non exclusives) (%) - Tamazight,Langues locales utilisées (non exclusives) (%) - Tamazight,socio_economic,"Part de la population déclarant utiliser cette langue locale. Les réponses sont non exclusives : une même personne peut en déclarer plusieurs, et la somme des parts dépasse donc cent. Elles ne doivent jamais être additionnées ni présentées comme une répartition. [Traçabilité : source RGPH 2024.]",%,RGPH 2024 — Recensement Général de la Population et de l'Habitat (HCP). https://resultats2024.rgphapps.ma/,2024,actif,socio_economic_rgph2024_population_socio_econo_rgph2024_popu,long,valeur,Langues locales utilisées (non exclusives) (%) - Tamazight,territoire_id,Langues locales utilisées (non exclusives) — Tamazight,Démographie,True,True,neutre,
380,Langues locales utilisées (non exclusives) (%) - Tarifit,Langues locales utilisées (non exclusives) (%) - Tarifit,socio_economic,"Part de la population déclarant utiliser cette langue locale. Les réponses sont non exclusives : une même personne peut en déclarer plusieurs, et la somme des parts dépasse donc cent. Elles ne doivent jamais être additionnées ni présentées comme une répartition. [Traçabilité : source RGPH 2024.]",%,RGPH 2024 — Recensement Général de la Population et de l'Habitat (HCP). https://resultats2024.rgphapps.ma/,2024,actif,socio_economic_rgph2024_population_socio_econo_rgph2024_popu,long,valeur,Langues locales utilisées (non exclusives) (%) - Tarifit,territoire_id,Langues locales utilisées (non exclusives) — Tarifit,Démographie,True,True,neutre,
381,Population active de 15 ans et plus,Population active de 15 ans et plus,socio_economic,"Population âgée de 15 ans et plus qui occupe un emploi ou en recherche un activement. Elle réunit les actifs occupés et les chômeurs, et sert de dénominateur au taux de chômage. [Traçabilité : source RGPH 2024.]",hab,RGPH 2024 — Recensement Général de la Population et de l'Habitat (HCP). https://resultats2024.rgphapps.ma/,2024,actif,socio_economic_rgph2024_population_socio_econo_rgph2024_popu,long,valeur,Population active de 15 ans et plus,territoire_id,Population active de 15 ans et plus,Emploi,True,True,neutre,
382,Population active occupée de 15 ans et plus,Population active occupée de 15 ans et plus,socio_economic,"Population âgée de 15 ans et plus exerçant une activité rémunérée ou une aide familiale, même à temps partiel ou de façon occasionnelle. [Traçabilité : source RGPH 2024.]",hab,RGPH 2024 — Recensement Général de la Population et de l'Habitat (HCP). https://resultats2024.rgphapps.ma/,2024,actif,socio_economic_rgph2024_population_socio_econo_rgph2024_popu,long,valeur,Population active occupée de 15 ans et plus,territoire_id,Population active occupée de 15 ans et plus,Emploi,True,True,neutre,
383,Population inactive de 15 ans et plus,Population inactive de 15 ans et plus,socio_economic,"Population âgée de 15 ans et plus n'occupant pas d'emploi et n'en recherchant pas : élèves et étudiants, personnes au foyer, retraités, personnes empêchées. Elle ne doit pas être confondue avec les chômeurs, qui sont comptés parmi les actifs. [Traçabilité : source RGPH 2024.]",hab,RGPH 2024 — Recensement Général de la Population et de l'Habitat (HCP). https://resultats2024.rgphapps.ma/,2024,actif,socio_economic_rgph2024_population_socio_econo_rgph2024_popu,long,valeur,Population inactive de 15 ans et plus,territoire_id,Population inactive de 15 ans et plus,Emploi,True,True,neutre,
384,Statut professionnel des actifs occupés de 15 ans et plus (%) - Aide familial,Statut professionnel des actifs occupés de 15 ans et plus (%) - Aide familial,socio_economic,"Répartition des actifs occupés de 15 ans et plus selon leur statut dans l'emploi — employeur, indépendant, salarié du secteur public ou privé, coopérateur, aide familiale, apprenti, autre — en pourcentage des actifs occupés. Elle ne renseigne pas sur le secteur d'activité ni sur le niveau de rémunération. [Traçabilité : source RGPH 2024.]",%,RGPH 2024 — Recensement Général de la Population et de l'Habitat (HCP). https://resultats2024.rgphapps.ma/,2024,actif,socio_economic_rgph2024_population_socio_econo_rgph2024_popu,long,valeur,Statut professionnel des actifs occupés de 15 ans et plus (%) - Aide familial,territoire_id,Statut professionnel des actifs occupés de 15 ans et plus — Aide familial,Emploi,True,True,neutre,
385,Statut professionnel des actifs occupés de 15 ans et plus (%) - Apprenti,Statut professionnel des actifs occupés de 15 ans et plus (%) - Apprenti,socio_economic,"Répartition des actifs occupés de 15 ans et plus selon leur statut dans l'emploi — employeur, indépendant, salarié du secteur public ou privé, coopérateur, aide familiale, apprenti, autre — en pourcentage des actifs occupés. Elle ne renseigne pas sur le secteur d'activité ni sur le niveau de rémunération. [Traçabilité : source RGPH 2024.]",%,RGPH 2024 — Recensement Général de la Population et de l'Habitat (HCP). https://resultats2024.rgphapps.ma/,2024,actif,socio_economic_rgph2024_population_socio_econo_rgph2024_popu,long,valeur,Statut professionnel des actifs occupés de 15 ans et plus (%) - Apprenti,territoire_id,Statut professionnel des actifs occupés de 15 ans et plus — Apprenti,Emploi,True,True,neutre,
386,Statut professionnel des actifs occupés de 15 ans et plus (%) - Autre,Statut professionnel des actifs occupés de 15 ans et plus (%) - Autre,socio_economic,"Répartition des actifs occupés de 15 ans et plus selon leur statut dans l'emploi — employeur, indépendant, salarié du secteur public ou privé, coopérateur, aide familiale, apprenti, autre — en pourcentage des actifs occupés. Elle ne renseigne pas sur le secteur d'activité ni sur le niveau de rémunération. [Traçabilité : source RGPH 2024.]",%,RGPH 2024 — Recensement Général de la Population et de l'Habitat (HCP). https://resultats2024.rgphapps.ma/,2024,actif,socio_economic_rgph2024_population_socio_econo_rgph2024_popu,long,valeur,Statut professionnel des actifs occupés de 15 ans et plus (%) - Autre,territoire_id,Statut professionnel des actifs occupés de 15 ans et plus — Autre,Emploi,True,True,neutre,
387,Statut professionnel des actifs occupés de 15 ans et plus (%) - Coopérateur/Associé,Statut professionnel des actifs occupés de 15 ans et plus (%) - Coopérateur/Associé,socio_economic,"Répartition des actifs occupés de 15 ans et plus selon leur statut dans l'emploi — employeur, indépendant, salarié du secteur public ou privé, coopérateur, aide familiale, apprenti, autre — en pourcentage des actifs occupés. Elle ne renseigne pas sur le secteur d'activité ni sur le niveau de rémunération. [Traçabilité : source RGPH 2024.]",%,RGPH 2024 — Recensement Général de la Population et de l'Habitat (HCP). https://resultats2024.rgphapps.ma/,2024,actif,socio_economic_rgph2024_population_socio_econo_rgph2024_popu,long,valeur,Statut professionnel des actifs occupés de 15 ans et plus (%) - Coopérateur/Associé,territoire_id,Statut professionnel des actifs occupés de 15 ans et plus — Coopérateur/Associé,Emploi,True,True,neutre,
388,Statut professionnel des actifs occupés de 15 ans et plus (%) - Employeur,Statut professionnel des actifs occupés de 15 ans et plus (%) - Employeur,socio_economic,"Répartition des actifs occupés de 15 ans et plus selon leur statut dans l'emploi — employeur, indépendant, salarié du secteur public ou privé, coopérateur, aide familiale, apprenti, autre — en pourcentage des actifs occupés. Elle ne renseigne pas sur le secteur d'activité ni sur le niveau de rémunération. [Traçabilité : source RGPH 2024.]",%,RGPH 2024 — Recensement Général de la Population et de l'Habitat (HCP). https://resultats2024.rgphapps.ma/,2024,actif,socio_economic_rgph2024_population_socio_econo_rgph2024_popu,long,valeur,Statut professionnel des actifs occupés de 15 ans et plus (%) - Employeur,territoire_id,Statut professionnel des actifs occupés de 15 ans et plus — Employeur,Emploi,True,True,neutre,
389,Statut professionnel des actifs occupés de 15 ans et plus (%) - Indépendant,Statut professionnel des actifs occupés de 15 ans et plus (%) - Indépendant,socio_economic,"Répartition des actifs occupés de 15 ans et plus selon leur statut dans l'emploi — employeur, indépendant, salarié du secteur public ou privé, coopérateur, aide familiale, apprenti, autre — en pourcentage des actifs occupés. Elle ne renseigne pas sur le secteur d'activité ni sur le niveau de rémunération. [Traçabilité : source RGPH 2024.]",%,RGPH 2024 — Recensement Général de la Population et de l'Habitat (HCP). https://resultats2024.rgphapps.ma/,2024,actif,socio_economic_rgph2024_population_socio_econo_rgph2024_popu,long,valeur,Statut professionnel des actifs occupés de 15 ans et plus (%) - Indépendant,territoire_id,Statut professionnel des actifs occupés de 15 ans et plus — Indépendant,Emploi,True,True,neutre,
390,Statut professionnel des actifs occupés de 15 ans et plus (%) - Salarié du secteur privé,Statut professionnel des actifs occupés de 15 ans et plus (%) - Salarié du secteur privé,socio_economic,"Répartition des actifs occupés de 15 ans et plus selon leur statut dans l'emploi — employeur, indépendant, salarié du secteur public ou privé, coopérateur, aide familiale, apprenti, autre — en pourcentage des actifs occupés. Elle ne renseigne pas sur le secteur d'activité ni sur le niveau de rémunération. [Traçabilité : source RGPH 2024.]",%,RGPH 2024 — Recensement Général de la Population et de l'Habitat (HCP). https://resultats2024.rgphapps.ma/,2024,actif,socio_economic_rgph2024_population_socio_econo_rgph2024_popu,long,valeur,Statut professionnel des actifs occupés de 15 ans et plus (%) - Salarié du secteur privé,territoire_id,Statut professionnel des actifs occupés de 15 ans et plus — Salarié du secteur privé,Emploi,True,True,neutre,
391,Statut professionnel des actifs occupés de 15 ans et plus (%) - Salarié du secteur public,Statut professionnel des actifs occupés de 15 ans et plus (%) - Salarié du secteur public,socio_economic,"Répartition des actifs occupés de 15 ans et plus selon leur statut dans l'emploi — employeur, indépendant, salarié du secteur public ou privé, coopérateur, aide familiale, apprenti, autre — en pourcentage des actifs occupés. Elle ne renseigne pas sur le secteur d'activité ni sur le niveau de rémunération. [Traçabilité : source RGPH 2024.]",%,RGPH 2024 — Recensement Général de la Population et de l'Habitat (HCP). https://resultats2024.rgphapps.ma/,2024,actif,socio_economic_rgph2024_population_socio_econo_rgph2024_popu,long,valeur,Statut professionnel des actifs occupés de 15 ans et plus (%) - Salarié du secteur public,territoire_id,Statut professionnel des actifs occupés de 15 ans et plus — Salarié du secteur public,Emploi,True,True,neutre,
392,Taux d'activité des 15 ans et plus (%),Taux d'activité des 15 ans et plus (%),socio_economic,"Part de la population âgée de 15 ans et plus qui est active — occupée ou au chômage — rapportée à l'ensemble de cette population. Un taux d'activité bas traduit une forte inactivité, non un fort chômage. [Traçabilité : source RGPH 2024.]",%,RGPH 2024 — Recensement Général de la Population et de l'Habitat (HCP). https://resultats2024.rgphapps.ma/,2024,actif,socio_economic_rgph2024_population_socio_econo_rgph2024_popu,long,valeur,Taux d'activité des 15 ans et plus (%),territoire_id,Taux d'activité des 15 ans et plus,Emploi,True,True,haut_mieux,
393,Taux de chômage (%),Taux de chômage (%),socio_economic,Part des chômeurs dans la population active de 15 ans et plus. Le dénominateur est la population active et non la population totale : un territoire où peu de personnes se déclarent actives peut afficher un taux de chômage modéré tout en comptant peu d'emplois. À lire avec le taux d'activité. [Traçabilité : source RGPH 2024.],%,RGPH 2024 — Recensement Général de la Population et de l'Habitat (HCP). https://resultats2024.rgphapps.ma/,2024,actif,socio_economic_rgph2024_population_socio_econo_rgph2024_popu,long,valeur,Taux de chômage (%),territoire_id,Taux de chômage,Emploi,True,True,bas_mieux,chômeurs
394,Rgph2024 population socio econo rgph2024 popu — Taux de prévalence du handicap (%),Taux de prévalence du handicap (%),socio_economic,Rgph2024 population socio econo rgph2024 popu — Taux de prévalence du handicap (%). Thème : socio_economic. [Traçabilité : source RGPH 2024.],%,RGPH 2024 — Recensement Général de la Population et de l'Habitat (HCP). https://resultats2024.rgphapps.ma/,2024,actif,socio_economic_rgph2024_population_socio_econo_rgph2024_popu,long,valeur,Taux de prévalence du handicap (%),territoire_id,Taux de prévalence du handicap,Santé,True,True,bas_mieux,
402,Population urbaine (RGPH 2024),Population urbaine (RGPH 2024),demography,Population résidant dans les communes classées urbaines par le découpage administratif en vigueur. Le caractère urbain relève d'un statut administratif et non d'un seuil de densité ou de taille.,hab,HCP — RGPH 2024,2024,validé,demo_population_milieu,long,valeur,pop_urbain,territoire_id,Population urbaine (RGPH 2024),Démographie,True,False,neutre,
403,Population rurale (RGPH 2024),Population rurale (RGPH 2024),demography,Population résidant dans les communes classées rurales par le découpage administratif en vigueur.,hab,HCP — RGPH 2024,2024,validé,demo_population_milieu,long,valeur,pop_rural,territoire_id,Population rurale (RGPH 2024),Démographie,True,False,neutre,
404,Taux d'urbanisation,Taux d'urbanisation,demography,"Part de la population résidant en milieu urbain, rapportée à la population totale du territoire. Il ne mesure pas l'étalement urbain ni la densité : une commune entièrement rurale mais très peuplée reste à zéro.",%,HCP — RGPH 2024,2024,validé,demo_population_milieu,long,valeur,taux_urbanisation,territoire_id,Taux d'urbanisation,Démographie,True,False,neutre,
410,Habitants par ESSP (ensemble),hab_par_essp_total,health,"Habitants par ESSP (ensemble). Ratio officiel (nombre d'habitants pour 1 unité d'offre). Plus la valeur est élevée, plus l'accès est faible. Thème : health.",hab./unité,"Carte Sanitaire (Ministère de la Santé et de la Protection Sociale) — Tableau de Bord Interactif, export officiel 2024",2024,validé,health_offre_province,long,valeur,hab_par_essp_total,territoire_id,Habitants par ESSP (ensemble),Santé,True,False,bas_mieux,
411,Habitants par ESSP (milieu urbain),hab_par_essp_urbain,health,"Habitants par ESSP (milieu urbain). Ratio officiel (nombre d'habitants pour 1 unité d'offre). Plus la valeur est élevée, plus l'accès est faible. Thème : health.",hab./unité,"Carte Sanitaire (Ministère de la Santé et de la Protection Sociale) — Tableau de Bord Interactif, export officiel 2024",2024,validé,health_offre_province,long,valeur,hab_par_essp_urbain,territoire_id,Habitants par ESSP (milieu urbain),Santé,True,False,bas_mieux,
412,Habitants par ESSP (milieu rural),hab_par_essp_rural,health,"Habitants par ESSP (milieu rural). Ratio officiel (nombre d'habitants pour 1 unité d'offre). Plus la valeur est élevée, plus l'accès est faible. Thème : health.",hab./unité,"Carte Sanitaire (Ministère de la Santé et de la Protection Sociale) — Tableau de Bord Interactif, export officiel 2024",2024,validé,health_offre_province,long,valeur,hab_par_essp_rural,territoire_id,Habitants par ESSP (milieu rural),Santé,True,False,bas_mieux,
413,Habitants par médecin (public + privé),hab_par_medecin_public_prive,health,"Habitants par médecin (public + privé). Ratio officiel (nombre d'habitants pour 1 unité d'offre). Plus la valeur est élevée, plus l'accès est faible. Thème : health.",hab./unité,"Carte Sanitaire (Ministère de la Santé et de la Protection Sociale) — Tableau de Bord Interactif, export officiel 2024",2024,validé,health_offre_province,long,valeur,hab_par_medecin_public_prive,territoire_id,Habitants par médecin (public + privé),Santé,True,False,bas_mieux,
414,Habitants par médecin (secteur public),hab_par_medecin_public,health,"Habitants par médecin (secteur public). Ratio officiel (nombre d'habitants pour 1 unité d'offre). Plus la valeur est élevée, plus l'accès est faible. Thème : health.",hab./unité,"Carte Sanitaire (Ministère de la Santé et de la Protection Sociale) — Tableau de Bord Interactif, export officiel 2024",2024,validé,health_offre_province,long,valeur,hab_par_medecin_public,territoire_id,Habitants par médecin (secteur public),Santé,True,False,bas_mieux,
415,Habitants par médecin du RESSP (ensemble),hab_par_medecin_ressp_total,health,"Habitants par médecin du RESSP (ensemble). Ratio officiel (nombre d'habitants pour 1 unité d'offre). Plus la valeur est élevée, plus l'accès est faible. Thème : health.",hab./unité,"Carte Sanitaire (Ministère de la Santé et de la Protection Sociale) — Tableau de Bord Interactif, export officiel 2024",2024,validé,health_offre_province,long,valeur,hab_par_medecin_ressp_total,territoire_id,Habitants par médecin du RESSP (ensemble),Santé,True,False,bas_mieux,
416,Habitants par médecin du RESSP (urbain),hab_par_medecin_ressp_urbain,health,"Habitants par médecin du RESSP (urbain). Ratio officiel (nombre d'habitants pour 1 unité d'offre). Plus la valeur est élevée, plus l'accès est faible. Thème : health.",hab./unité,"Carte Sanitaire (Ministère de la Santé et de la Protection Sociale) — Tableau de Bord Interactif, export officiel 2024",2024,validé,health_offre_province,long,valeur,hab_par_medecin_ressp_urbain,territoire_id,Habitants par médecin du RESSP (urbain),Santé,True,False,bas_mieux,
417,Habitants par médecin du RESSP (rural),hab_par_medecin_ressp_rural,health,"Habitants par médecin du RESSP (rural). Ratio officiel (nombre d'habitants pour 1 unité d'offre). Plus la valeur est élevée, plus l'accès est faible. Thème : health.",hab./unité,"Carte Sanitaire (Ministère de la Santé et de la Protection Sociale) — Tableau de Bord Interactif, export officiel 2024",2024,validé,health_offre_province,long,valeur,hab_par_medecin_ressp_rural,territoire_id,Habitants par médecin du RESSP (rural),Santé,True,False,bas_mieux,
418,Habitants par infirmier (secteur public),hab_par_infirmier_public,health,"Habitants par infirmier (secteur public). Ratio officiel (nombre d'habitants pour 1 unité d'offre). Plus la valeur est élevée, plus l'accès est faible. Thème : health.",hab./unité,"Carte Sanitaire (Ministère de la Santé et de la Protection Sociale) — Tableau de Bord Interactif, export officiel 2024",2024,validé,health_offre_province,long,valeur,hab_par_infirmier_public,territoire_id,Habitants par infirmier (secteur public),Santé,True,False,bas_mieux,
419,Habitants par infirmier du RESSP (ensemble),hab_par_infirmier_ressp_total,health,"Habitants par infirmier du RESSP (ensemble). Ratio officiel (nombre d'habitants pour 1 unité d'offre). Plus la valeur est élevée, plus l'accès est faible. Thème : health.",hab./unité,"Carte Sanitaire (Ministère de la Santé et de la Protection Sociale) — Tableau de Bord Interactif, export officiel 2024",2024,validé,health_offre_province,long,valeur,hab_par_infirmier_ressp_total,territoire_id,Habitants par infirmier du RESSP (ensemble),Santé,True,False,bas_mieux,
420,Habitants par infirmier du RESSP (urbain),hab_par_infirmier_ressp_urbain,health,"Habitants par infirmier du RESSP (urbain). Ratio officiel (nombre d'habitants pour 1 unité d'offre). Plus la valeur est élevée, plus l'accès est faible. Thème : health.",hab./unité,"Carte Sanitaire (Ministère de la Santé et de la Protection Sociale) — Tableau de Bord Interactif, export officiel 2024",2024,validé,health_offre_province,long,valeur,hab_par_infirmier_ressp_urbain,territoire_id,Habitants par infirmier du RESSP (urbain),Santé,True,False,bas_mieux,
421,Habitants par infirmier du RESSP (rural),hab_par_infirmier_ressp_rural,health,"Habitants par infirmier du RESSP (rural). Ratio officiel (nombre d'habitants pour 1 unité d'offre). Plus la valeur est élevée, plus l'accès est faible. Thème : health.",hab./unité,"Carte Sanitaire (Ministère de la Santé et de la Protection Sociale) — Tableau de Bord Interactif, export officiel 2024",2024,validé,health_offre_province,long,valeur,hab_par_infirmier_ressp_rural,territoire_id,Habitants par infirmier du RESSP (rural),Santé,True,False,bas_mieux,
422,Habitants par lit hospitalier (public + privé),hab_par_lit_public_prive,health,"Habitants par lit hospitalier (public + privé). Ratio officiel (nombre d'habitants pour 1 unité d'offre). Plus la valeur est élevée, plus l'accès est faible. Thème : health.",hab./unité,"Carte Sanitaire (Ministère de la Santé et de la Protection Sociale) — Tableau de Bord Interactif, export officiel 2024",2024,validé,health_offre_province,long,valeur,hab_par_lit_public_prive,territoire_id,Habitants par lit hospitalier (public + privé),Santé,True,False,bas_mieux,
423,Habitants par lit hospitalier (secteur public),hab_par_lit_public,health,"Habitants par lit hospitalier (secteur public). Ratio officiel (nombre d'habitants pour 1 unité d'offre). Plus la valeur est élevée, plus l'accès est faible. Thème : health.",hab./unité,"Carte Sanitaire (Ministère de la Santé et de la Protection Sociale) — Tableau de Bord Interactif, export officiel 2024",2024,validé,health_offre_province,long,valeur,hab_par_lit_public,territoire_id,Habitants par lit hospitalier (secteur public),Santé,True,False,bas_mieux,
424,Habitants par médecin dentiste (public + privé),hab_par_dentiste_public_prive,health,"Habitants par médecin dentiste (public + privé). Ratio officiel (nombre d'habitants pour 1 unité d'offre). Plus la valeur est élevée, plus l'accès est faible. Thème : health.",hab./unité,"Carte Sanitaire (Ministère de la Santé et de la Protection Sociale) — Tableau de Bord Interactif, export officiel 2024",2024,validé,health_offre_province,long,valeur,hab_par_dentiste_public_prive,territoire_id,Habitants par médecin dentiste (public + privé),Santé,True,False,bas_mieux,
425,Habitants par médecin dentiste (secteur public),hab_par_dentiste_public,health,"Habitants par médecin dentiste (secteur public). Ratio officiel (nombre d'habitants pour 1 unité d'offre). Plus la valeur est élevée, plus l'accès est faible. Thème : health.",hab./unité,"Carte Sanitaire (Ministère de la Santé et de la Protection Sociale) — Tableau de Bord Interactif, export officiel 2024",2024,validé,health_offre_province,long,valeur,hab_par_dentiste_public,territoire_id,Habitants par médecin dentiste (secteur public),Santé,True,False,bas_mieux,
426,Habitants par scanner (secteur public),hab_par_scanner_public,health,"Habitants par scanner (secteur public). Ratio officiel (nombre d'habitants pour 1 unité d'offre). Plus la valeur est élevée, plus l'accès est faible. Thème : health.",hab./unité,"Carte Sanitaire (Ministère de la Santé et de la Protection Sociale) — Tableau de Bord Interactif, export officiel 2024",2024,validé,health_offre_province,long,valeur,hab_par_scanner_public,territoire_id,Habitants par scanner (secteur public),Santé,True,False,bas_mieux,
427,Habitants par officine de pharmacie (ensemble),hab_par_officine_total,health,"Habitants par officine de pharmacie (ensemble). Ratio officiel (nombre d'habitants pour 1 unité d'offre). Plus la valeur est élevée, plus l'accès est faible. Thème : health.",hab./unité,"Carte Sanitaire (Ministère de la Santé et de la Protection Sociale) — Tableau de Bord Interactif, export officiel 2024",2024,validé,health_offre_province,long,valeur,hab_par_officine_total,territoire_id,Habitants par officine de pharmacie (ensemble),Santé,True,False,bas_mieux,
428,Habitants par officine de pharmacie (milieu urbain),hab_par_officine_urbain,health,"Habitants par officine de pharmacie (milieu urbain). Ratio officiel (nombre d'habitants pour 1 unité d'offre). Plus la valeur est élevée, plus l'accès est faible. Thème : health.",hab./unité,"Carte Sanitaire (Ministère de la Santé et de la Protection Sociale) — Tableau de Bord Interactif, export officiel 2024",2024,validé,health_offre_province,long,valeur,hab_par_officine_urbain,territoire_id,Habitants par officine de pharmacie (milieu urbain),Santé,True,False,bas_mieux,
429,Habitants par officine de pharmacie (milieu rural),hab_par_officine_rural,health,"Habitants par officine de pharmacie (milieu rural). Ratio officiel (nombre d'habitants pour 1 unité d'offre). Plus la valeur est élevée, plus l'accès est faible. Thème : health.",hab./unité,"Carte Sanitaire (Ministère de la Santé et de la Protection Sociale) — Tableau de Bord Interactif, export officiel 2024",2024,validé,health_offre_province,long,valeur,hab_par_officine_rural,territoire_id,Habitants par officine de pharmacie (milieu rural),Santé,True,False,bas_mieux,
430,Privation santé — mortalité infantile (indice de pauvreté multidimensionnelle),priv_mortalite_infantile,health,"Taux de privation des ménages lié à la mortalité infantile, composante officielle de la dimension Santé de l'indice de pauvreté multidimensionnelle (HCP, méthode Alkire-Foster). Thème : health. [Traçabilité : niveau province chargé depuis le fichier source HCP, rapprochement par code géographique ; 136 valeurs relues et comparées à la source, aucun écart.]",%,"HCP — Cartographie de la pauvreté multidimensionnelle (Mai 2025), niveaux commune et province, 2024",2024,validé,health_pauvrete_communale,long,valeur,priv_mortalite_infantile,territoire_id,Privation — mortalité infantile,Santé,True,True,bas_mieux,
431,Privation santé — handicap (indice de pauvreté multidimensionnelle),priv_handicap,health,"Taux de privation des ménages lié au handicap, composante officielle de la dimension Santé de l'indice de pauvreté multidimensionnelle (HCP, méthode Alkire-Foster). Thème : health. [Traçabilité : niveau province chargé depuis le fichier source HCP, rapprochement par code géographique ; 136 valeurs relues et comparées à la source, aucun écart.]",%,"HCP — Cartographie de la pauvreté multidimensionnelle (Mai 2025), niveaux commune et province, 2024",2024,validé,health_pauvrete_communale,long,valeur,priv_handicap,territoire_id,Privation — handicap,Santé,True,True,bas_mieux,
432,Contribution de la santé à la pauvreté multidimensionnelle,contrib_sante,health,"Part (%) de la dimension santé (mortalité infantile + handicap) dans l'indice de pauvreté multidimensionnelle (MPI) de la commune. Thème : health. [Traçabilité : niveau province chargé depuis le fichier source HCP, rapprochement par code géographique ; 136 valeurs relues et comparées à la source, aucun écart.]",%,"HCP — Cartographie de la pauvreté multidimensionnelle (Mai 2025), niveaux commune et province, 2024",2024,validé,health_pauvrete_communale,long,valeur,contrib_sante,territoire_id,Contribution de la santé à la pauvreté multidimensionnelle,Santé,True,True,bas_mieux,
433,Table brute — Équipements biomédicaux lourds et haute technologie (détail établissement),health_equipements_biomedicaux,health,"Un équipement (scanner, mammographe, stérilisateur...) par ligne, par établissement. Colonnes : Province, Etablissement, Catégorie, Equipement, Nombre. Donnée établissement/localité, PAS un indicateur territoire->valeur simple : à interroger directement (filtrer par territoire_id/province/commune/établissement), ne pas moyenner ni sommer automatiquement.",,"Carte Sanitaire (Ministère de la Santé et de la Protection Sociale) — export TBI, fichiers bruts Santé_2025",2024,table_reference,health_equipements_biomedicaux,brut_etablissement,Nombre,,territoire_id,Répertoire — équipements biomédicaux lourds,Santé — répertoires,True,False,,
434,Table brute — Établissements avec module d'accouchement (détail commune),health_etablissements_accouchement,health,"Liste des établissements de santé disposant d'un module d'accouchement, au niveau commune. Colonnes : Province, Circ. sanitaire, Commune, Nom, Catégorie, Milieu. Donnée établissement/localité, PAS un indicateur territoire->valeur simple : à interroger directement (filtrer par territoire_id/province/commune/établissement), ne pas moyenner ni sommer automatiquement.",,"Carte Sanitaire (Ministère de la Santé et de la Protection Sociale) — export TBI, fichiers bruts Santé_2025",2024,table_reference,health_etablissements_accouchement,brut_etablissement,Nombre,,territoire_id,Répertoire — établissements avec module d'accouchement,Santé — répertoires,False,True,,
435,Table brute — Établissements avec unité UMP (détail commune),health_etablissements_ump,health,"Liste des établissements avec unité médicale de proximité (UMP), au niveau commune. Colonnes : Province, Circ. sanitaire, Commune, Nom, Catégorie, Milieu. Donnée établissement/localité, PAS un indicateur territoire->valeur simple : à interroger directement (filtrer par territoire_id/province/commune/établissement), ne pas moyenner ni sommer automatiquement.",,"Carte Sanitaire (Ministère de la Santé et de la Protection Sociale) — export TBI, fichiers bruts Santé_2025",2024,table_reference,health_etablissements_ump,brut_etablissement,Nombre,,territoire_id,Répertoire — établissements avec unité UMP,Santé — répertoires,False,True,,
436,Table brute — Établissements de rattachement RAMED (détail commune),health_etablissements_ramed,health,"Établissements de rattachement pour les bénéficiaires RAMED, au niveau commune. Colonnes : Province, Circ. sanitaire, Commune, Nom, Catégorie, Milieu. Donnée établissement/localité, PAS un indicateur territoire->valeur simple : à interroger directement (filtrer par territoire_id/province/commune/établissement), ne pas moyenner ni sommer automatiquement.",,"Carte Sanitaire (Ministère de la Santé et de la Protection Sociale) — export TBI, fichiers bruts Santé_2025",2024,table_reference,health_etablissements_ramed,brut_etablissement,Nombre,,territoire_id,Répertoire — établissements de rattachement RAMED,Santé — répertoires,False,True,,
437,Table brute — Personnel administratif de santé (détail établissement),health_corps_administratif,health,"Effectifs du corps administratif (administrateurs, adjoints...) par établissement. Colonnes : Province, Etablissement, Specialité, Nombre. Donnée établissement/localité, PAS un indicateur territoire->valeur simple : à interroger directement (filtrer par territoire_id/province/commune/établissement), ne pas moyenner ni sommer automatiquement.",,"Carte Sanitaire (Ministère de la Santé et de la Protection Sociale) — export TBI, fichiers bruts Santé_2025",2024,table_reference,health_corps_administratif,brut_etablissement,Nombre,,territoire_id,Répertoire — personnel administratif,Santé — répertoires,True,False,,
438,Table brute — Personnel technique de santé (détail établissement),health_corps_technique,health,"Effectifs du corps technique (techniciens, techniciens ambulanciers...) par établissement. Colonnes : Province, Etablissement, Specialité, Nombre. Donnée établissement/localité, PAS un indicateur territoire->valeur simple : à interroger directement (filtrer par territoire_id/province/commune/établissement), ne pas moyenner ni sommer automatiquement.",,"Carte Sanitaire (Ministère de la Santé et de la Protection Sociale) — export TBI, fichiers bruts Santé_2025",2024,table_reference,health_corps_technique,brut_etablissement,Nombre,,territoire_id,Répertoire — personnel technique,Santé — répertoires,True,False,,
439,"Table brute — Nombre de cliniques privées par type (détail localité, TTA uniquement)",health_cliniques_nombre,health,"Nombre de cliniques privées par type d'infrastructure (CPBL, CMP...), filtré sur la région TTA (fichier source national). Colonnes : Code, C. sanitaire, Milieu, Province, Type infrastructure, Nombre. Donnée établissement/localité, PAS un indicateur territoire->valeur simple : à interroger directement (filtrer par territoire_id/province/commune/établissement), ne pas moyenner ni sommer automatiquement.",,"Carte Sanitaire (Ministère de la Santé et de la Protection Sociale) — export TBI, fichiers bruts Santé_2025",2024,table_reference,health_cliniques_nombre,brut_etablissement,Nombre,,territoire_id,Répertoire — cliniques privées,Santé — répertoires,True,False,,
440,"Table brute — Nombre de lits en cliniques privées par type (détail localité, TTA uniquement)",health_cliniques_lits,health,"Nombre de lits en cliniques privées par type d'infrastructure, filtré sur la région TTA. Colonnes : Code, C. sanitaire, Milieu, Province, Type infrastructure, Nombre. Donnée établissement/localité, PAS un indicateur territoire->valeur simple : à interroger directement (filtrer par territoire_id/province/commune/établissement), ne pas moyenner ni sommer automatiquement.",,"Carte Sanitaire (Ministère de la Santé et de la Protection Sociale) — export TBI, fichiers bruts Santé_2025",2024,table_reference,health_cliniques_lits,brut_etablissement,Nombre,,territoire_id,Répertoire — lits en cliniques privées,Santé — répertoires,True,False,,
441,Table brute — Lits hospitaliers fonctionnels par discipline (détail établissement),health_lits_par_discipline,health,"Nombre de lits par discipline médicale (oncologie, urgences, pédiatrie...) par établissement hospitalier. Colonnes : Province, Nom, Catégorie, Discipline, Nombre. Donnée établissement/localité, PAS un indicateur territoire->valeur simple : à interroger directement (filtrer par territoire_id/province/commune/établissement), ne pas moyenner ni sommer automatiquement.",,"Carte Sanitaire (Ministère de la Santé et de la Protection Sociale) — export TBI, fichiers bruts Santé_2025",2024,table_reference,health_lits_par_discipline,brut_etablissement,Nombre,,territoire_id,Répertoire — lits hospitaliers par discipline,Santé — répertoires,True,False,,
442,"Table brute — Autres infrastructures sanitaires privées (détail localité, TTA uniquement)",health_infrastructures_privees_autres,health,"Infirmeries, cabinets de consultation, cabinets dentaires, ambulances, centres d'hémodialyse... du secteur privé, filtré TTA. Colonnes : Code, C. sanitaire, Milieu, Province, Type infrastructure, Nombre. Donnée établissement/localité, PAS un indicateur territoire->valeur simple : à interroger directement (filtrer par territoire_id/province/commune/établissement), ne pas moyenner ni sommer automatiquement.",,"Carte Sanitaire (Ministère de la Santé et de la Protection Sociale) — export TBI, fichiers bruts Santé_2025",2024,table_reference,health_infrastructures_privees_autres,brut_etablissement,Nombre,,territoire_id,Répertoire — autres infrastructures privées,Santé — répertoires,True,False,,
443,"Table brute — Médecins du secteur privé par spécialité (détail localité, TTA uniquement)",health_medecins_prive,health,"Nombre de médecins privés par spécialité médicale (cardiologie, radiologie...), filtré TTA. Colonnes : Province, C. sanitaire, Milieu, Spécialité, Nombre. Donnée établissement/localité, PAS un indicateur territoire->valeur simple : à interroger directement (filtrer par territoire_id/province/commune/établissement), ne pas moyenner ni sommer automatiquement.",,"Carte Sanitaire (Ministère de la Santé et de la Protection Sociale) — export TBI, fichiers bruts Santé_2025",2024,table_reference,health_medecins_prive,brut_etablissement,Nombre,,territoire_id,Répertoire — médecins du secteur privé,Santé — répertoires,True,False,,
444,Table brute — Médecins du secteur public par spécialité (détail établissement),health_professionnels_medicaux_public,health,"Effectifs de médecins publics par spécialité et par établissement. Colonnes : Province, Etablissement, Specialité, Nombre. Donnée établissement/localité, PAS un indicateur territoire->valeur simple : à interroger directement (filtrer par territoire_id/province/commune/établissement), ne pas moyenner ni sommer automatiquement.",,"Carte Sanitaire (Ministère de la Santé et de la Protection Sociale) — export TBI, fichiers bruts Santé_2025",2024,table_reference,health_professionnels_medicaux_public,brut_etablissement,Nombre,,territoire_id,Répertoire — médecins du secteur public,Santé — répertoires,True,False,,
445,Table brute — Personnel paramédical du secteur public (détail établissement),health_professionnels_paramedicaux_public,health,"Effectifs paramédicaux publics (infirmiers, sages-femmes...) par établissement. Colonnes : Province, Etablissement, Specialité, Nombre. Donnée établissement/localité, PAS un indicateur territoire->valeur simple : à interroger directement (filtrer par territoire_id/province/commune/établissement), ne pas moyenner ni sommer automatiquement.",,"Carte Sanitaire (Ministère de la Santé et de la Protection Sociale) — export TBI, fichiers bruts Santé_2025",2024,table_reference,health_professionnels_paramedicaux_public,brut_etablissement,Nombre,,territoire_id,Répertoire — personnel paramédical public,Santé — répertoires,True,False,,
446,Table brute — Salles de radiologie par type (détail établissement),health_salles_radiologie,health,"Nombre de salles de radiologie par type, par établissement. Colonnes : Province, Nom, Catégorie, Radiologie, Nombre. Donnée établissement/localité, PAS un indicateur territoire->valeur simple : à interroger directement (filtrer par territoire_id/province/commune/établissement), ne pas moyenner ni sommer automatiquement.",,"Carte Sanitaire (Ministère de la Santé et de la Protection Sociale) — export TBI, fichiers bruts Santé_2025",2024,table_reference,health_salles_radiologie,brut_etablissement,Nombre,,territoire_id,Répertoire — salles de radiologie,Santé — répertoires,True,False,,
447,Table brute — Salles de bloc opératoire par type (détail établissement),health_salles_bloc_operatoire,health,"Nombre de salles de bloc opératoire par type (urgences, maternité, central...), par établissement. Colonnes : Province, Nom, Catégorie, Bloc opératoire, Nombre. Donnée établissement/localité, PAS un indicateur territoire->valeur simple : à interroger directement (filtrer par territoire_id/province/commune/établissement), ne pas moyenner ni sommer automatiquement.",,"Carte Sanitaire (Ministère de la Santé et de la Protection Sociale) — export TBI, fichiers bruts Santé_2025",2024,table_reference,health_salles_bloc_operatoire,brut_etablissement,Nombre,,territoire_id,Répertoire — salles de bloc opératoire,Santé — répertoires,True,False,,
448,Table brute — Moyens de mobilité sanitaire (détail établissement),health_mobilite,health,"Ambulances et véhicules par établissement. Colonnes : Province, Etablissement, Nombre. Donnée établissement/localité, PAS un indicateur territoire->valeur simple : à interroger directement (filtrer par territoire_id/province/commune/établissement), ne pas moyenner ni sommer automatiquement.",,"Carte Sanitaire (Ministère de la Santé et de la Protection Sociale) — export TBI, fichiers bruts Santé_2025",2024,table_reference,health_mobilite,brut_etablissement,Nombre,,territoire_id,Répertoire — moyens de mobilité sanitaire,Santé — répertoires,True,False,,
449,Table brute — Répertoire des établissements de santé par réseau (détail établissement),health_etablissements_reseau,health,"Liste des établissements avec leur réseau de rattachement (RESSP, RH, REMS...). Colonnes : Nom, Catégorie, Réseau, CS, Province. Donnée établissement/localité, PAS un indicateur territoire->valeur simple : à interroger directement (filtrer par territoire_id/province/commune/établissement), ne pas moyenner ni sommer automatiquement.",,"Carte Sanitaire (Ministère de la Santé et de la Protection Sociale) — export TBI, fichiers bruts Santé_2025",2024,table_reference,health_etablissements_reseau,brut_etablissement,Nombre,,territoire_id,Répertoire — établissements de santé par réseau,Santé — répertoires,True,False,,
450,Population municipale - Pop_municipale,Population municipale - Pop_municipale,socio_economic,"Population municipale - Pop_municipale. Milieu Ensemble (urbain+rural), RGPH 2024. Remplace l'ancienne table 'habitat_conditions_combine' qui contenait en réalité des données milieu URBAIN uniquement (source mal étiquetée 'rgph2024_logement_urbain'), utilisées à tort comme valeur région/province globale. Thème : socio_economic.",hab,"HCP — Indicateurs démographiques et socioéconomiques RGPH 2024, feuille Ménages, milieu Ensemble",2024,validé,socio_economic_conditions_habitat_ensemble,long,valeur,Population municipale - Pop_municipale,territoire_id,Population municipale — Pop_municipale,Conditions de vie,True,False,neutre,
451,Ménages - Ménages population,Ménages - Ménages population,socio_economic,"Ménages - Ménages population. Milieu Ensemble (urbain+rural), RGPH 2024. Remplace l'ancienne table 'habitat_conditions_combine' qui contenait en réalité des données milieu URBAIN uniquement (source mal étiquetée 'rgph2024_logement_urbain'), utilisées à tort comme valeur région/province globale. Thème : socio_economic.",ménages,"HCP — Indicateurs démographiques et socioéconomiques RGPH 2024, feuille Ménages, milieu Ensemble",2024,validé,socio_economic_conditions_habitat_ensemble,long,valeur,Ménages - Ménages population,territoire_id,Ménages — Ménages population,Conditions de vie,True,False,neutre,
452,Taille moyenne des ménages - Taille moyenne,Taille moyenne des ménages - Taille moyenne,socio_economic,"Taille moyenne des ménages - Taille moyenne. Milieu Ensemble (urbain+rural), RGPH 2024. Remplace l'ancienne table 'habitat_conditions_combine' qui contenait en réalité des données milieu URBAIN uniquement (source mal étiquetée 'rgph2024_logement_urbain'), utilisées à tort comme valeur région/province globale. Thème : socio_economic.",pers./ménage,"HCP — Indicateurs démographiques et socioéconomiques RGPH 2024, feuille Ménages, milieu Ensemble",2024,validé,socio_economic_conditions_habitat_ensemble,long,valeur,Taille moyenne des ménages - Taille moyenne,territoire_id,Taille moyenne des ménages — Taille moyenne,Conditions de vie,True,False,neutre,
453,Ménages sédentaires,Ménages sédentaires,socio_economic,"Ménages sédentaires. Milieu Ensemble (urbain+rural), RGPH 2024. Remplace l'ancienne table 'habitat_conditions_combine' qui contenait en réalité des données milieu URBAIN uniquement (source mal étiquetée 'rgph2024_logement_urbain'), utilisées à tort comme valeur région/province globale. Thème : socio_economic.",ménages,"HCP — Indicateurs démographiques et socioéconomiques RGPH 2024, feuille Ménages, milieu Ensemble",2024,validé,socio_economic_conditions_habitat_ensemble,long,valeur,Ménages sédentaires,territoire_id,Ménages sédentaires,Conditions de vie,True,False,neutre,
454,Type de logement (%) - Villa / Étage de villa,Type de logement (%) - Villa / Étage de villa,socio_economic,"Type de logement (%) - Villa / Étage de villa. Milieu Ensemble (urbain+rural), RGPH 2024. Remplace l'ancienne table 'habitat_conditions_combine' qui contenait en réalité des données milieu URBAIN uniquement (source mal étiquetée 'rgph2024_logement_urbain'), utilisées à tort comme valeur région/province globale. Thème : socio_economic.",%,"HCP — Indicateurs démographiques et socioéconomiques RGPH 2024, feuille Ménages, milieu Ensemble",2024,validé,socio_economic_conditions_habitat_ensemble,long,valeur,Type de logement (%) - Villa / Étage de villa,territoire_id,Type de logement — Villa / Étage de villa,Conditions de vie,True,False,neutre,
455,Type de logement (%) - Appartement,Type de logement (%) - Appartement,socio_economic,"Type de logement (%) - Appartement. Milieu Ensemble (urbain+rural), RGPH 2024. Remplace l'ancienne table 'habitat_conditions_combine' qui contenait en réalité des données milieu URBAIN uniquement (source mal étiquetée 'rgph2024_logement_urbain'), utilisées à tort comme valeur région/province globale. Thème : socio_economic.",%,"HCP — Indicateurs démographiques et socioéconomiques RGPH 2024, feuille Ménages, milieu Ensemble",2024,validé,socio_economic_conditions_habitat_ensemble,long,valeur,Type de logement (%) - Appartement,territoire_id,Type de logement — Appartement,Conditions de vie,True,False,neutre,
456,Type de logement (%) - Maison marocaine,Type de logement (%) - Maison marocaine,socio_economic,"Type de logement (%) - Maison marocaine. Milieu Ensemble (urbain+rural), RGPH 2024. Remplace l'ancienne table 'habitat_conditions_combine' qui contenait en réalité des données milieu URBAIN uniquement (source mal étiquetée 'rgph2024_logement_urbain'), utilisées à tort comme valeur région/province globale. Thème : socio_economic.",%,"HCP — Indicateurs démographiques et socioéconomiques RGPH 2024, feuille Ménages, milieu Ensemble",2024,validé,socio_economic_conditions_habitat_ensemble,long,valeur,Type de logement (%) - Maison marocaine,territoire_id,Type de logement — Maison marocaine,Conditions de vie,True,False,neutre,
457,Type de logement (%) - Maison sommaire / Bidonville,Type de logement (%) - Maison sommaire / Bidonville,socio_economic,"Type de logement (%) - Maison sommaire / Bidonville. Milieu Ensemble (urbain+rural), RGPH 2024. Remplace l'ancienne table 'habitat_conditions_combine' qui contenait en réalité des données milieu URBAIN uniquement (source mal étiquetée 'rgph2024_logement_urbain'), utilisées à tort comme valeur région/province globale. Thème : socio_economic.",%,"HCP — Indicateurs démographiques et socioéconomiques RGPH 2024, feuille Ménages, milieu Ensemble",2024,validé,socio_economic_conditions_habitat_ensemble,long,valeur,Type de logement (%) - Maison sommaire / Bidonville,territoire_id,Type de logement — Maison sommaire / Bidonville,Conditions de vie,True,False,bas_mieux,
458,Type de logement (%) - Logement rural,Type de logement (%) - Logement rural,socio_economic,"Type de logement (%) - Logement rural. Milieu Ensemble (urbain+rural), RGPH 2024. Remplace l'ancienne table 'habitat_conditions_combine' qui contenait en réalité des données milieu URBAIN uniquement (source mal étiquetée 'rgph2024_logement_urbain'), utilisées à tort comme valeur région/province globale. Thème : socio_economic.",%,"HCP — Indicateurs démographiques et socioéconomiques RGPH 2024, feuille Ménages, milieu Ensemble",2024,validé,socio_economic_conditions_habitat_ensemble,long,valeur,Type de logement (%) - Logement rural,territoire_id,Type de logement — Logement rural,Conditions de vie,True,False,neutre,
459,Type de logement (%) - Autre,Type de logement (%) - Autre,socio_economic,"Type de logement (%) - Autre. Milieu Ensemble (urbain+rural), RGPH 2024. Remplace l'ancienne table 'habitat_conditions_combine' qui contenait en réalité des données milieu URBAIN uniquement (source mal étiquetée 'rgph2024_logement_urbain'), utilisées à tort comme valeur région/province globale. Thème : socio_economic.",%,"HCP — Indicateurs démographiques et socioéconomiques RGPH 2024, feuille Ménages, milieu Ensemble",2024,validé,socio_economic_conditions_habitat_ensemble,long,valeur,Type de logement (%) - Autre,territoire_id,Type de logement — Autre,Conditions de vie,True,False,neutre,
460,Nombre moyen de personnes par pièce d'habitation,Nombre moyen de personnes par pièce d'habitation,socio_economic,"Nombre moyen de personnes par pièce d'habitation. Milieu Ensemble (urbain+rural), RGPH 2024. Remplace l'ancienne table 'habitat_conditions_combine' qui contenait en réalité des données milieu URBAIN uniquement (source mal étiquetée 'rgph2024_logement_urbain'), utilisées à tort comme valeur région/province globale. Thème : socio_economic.",pers./pièce,"HCP — Indicateurs démographiques et socioéconomiques RGPH 2024, feuille Ménages, milieu Ensemble",2024,validé,socio_economic_conditions_habitat_ensemble,long,valeur,Nombre moyen de personnes par pièce d'habitation,territoire_id,Nombre moyen de personnes par pièce d'habitation,Conditions de vie,True,False,neutre,
461,Statut d'occupation du logement (%) - Propriétaire,Statut d'occupation du logement (%) - Propriétaire,socio_economic,"Statut d'occupation du logement (%) - Propriétaire. Milieu Ensemble (urbain+rural), RGPH 2024. Remplace l'ancienne table 'habitat_conditions_combine' qui contenait en réalité des données milieu URBAIN uniquement (source mal étiquetée 'rgph2024_logement_urbain'), utilisées à tort comme valeur région/province globale. Thème : socio_economic.",%,"HCP — Indicateurs démographiques et socioéconomiques RGPH 2024, feuille Ménages, milieu Ensemble",2024,validé,socio_economic_conditions_habitat_ensemble,long,valeur,Statut d'occupation du logement (%) - Propriétaire,territoire_id,Statut d'occupation du logement — Propriétaire,Conditions de vie,True,False,neutre,
462,Statut d'occupation du logement (%) - Locataire,Statut d'occupation du logement (%) - Locataire,socio_economic,"Statut d'occupation du logement (%) - Locataire. Milieu Ensemble (urbain+rural), RGPH 2024. Remplace l'ancienne table 'habitat_conditions_combine' qui contenait en réalité des données milieu URBAIN uniquement (source mal étiquetée 'rgph2024_logement_urbain'), utilisées à tort comme valeur région/province globale. Thème : socio_economic.",%,"HCP — Indicateurs démographiques et socioéconomiques RGPH 2024, feuille Ménages, milieu Ensemble",2024,validé,socio_economic_conditions_habitat_ensemble,long,valeur,Statut d'occupation du logement (%) - Locataire,territoire_id,Statut d'occupation du logement — Locataire,Conditions de vie,True,False,neutre,
463,Statut d'occupation du logement (%) - Autre,Statut d'occupation du logement (%) - Autre,socio_economic,"Statut d'occupation du logement (%) - Autre. Milieu Ensemble (urbain+rural), RGPH 2024. Remplace l'ancienne table 'habitat_conditions_combine' qui contenait en réalité des données milieu URBAIN uniquement (source mal étiquetée 'rgph2024_logement_urbain'), utilisées à tort comme valeur région/province globale. Thème : socio_economic.",%,"HCP — Indicateurs démographiques et socioéconomiques RGPH 2024, feuille Ménages, milieu Ensemble",2024,validé,socio_economic_conditions_habitat_ensemble,long,valeur,Statut d'occupation du logement (%) - Autre,territoire_id,Statut d'occupation du logement — Autre,Conditions de vie,True,False,neutre,
464,Âge du logement (%) - Moins de 10 ans,Âge du logement (%) - Moins de 10 ans,socio_economic,"Âge du logement (%) - Moins de 10 ans. Milieu Ensemble (urbain+rural), RGPH 2024. Remplace l'ancienne table 'habitat_conditions_combine' qui contenait en réalité des données milieu URBAIN uniquement (source mal étiquetée 'rgph2024_logement_urbain'), utilisées à tort comme valeur région/province globale. Thème : socio_economic.",%,"HCP — Indicateurs démographiques et socioéconomiques RGPH 2024, feuille Ménages, milieu Ensemble",2024,validé,socio_economic_conditions_habitat_ensemble,long,valeur,Âge du logement (%) - Moins de 10 ans,territoire_id,Âge du logement — Moins de 10 ans,Conditions de vie,True,False,neutre,
465,Âge du logement (%) - 10-19 ans,Âge du logement (%) - 10-19 ans,socio_economic,"Âge du logement (%) - 10-19 ans. Milieu Ensemble (urbain+rural), RGPH 2024. Remplace l'ancienne table 'habitat_conditions_combine' qui contenait en réalité des données milieu URBAIN uniquement (source mal étiquetée 'rgph2024_logement_urbain'), utilisées à tort comme valeur région/province globale. Thème : socio_economic.",%,"HCP — Indicateurs démographiques et socioéconomiques RGPH 2024, feuille Ménages, milieu Ensemble",2024,validé,socio_economic_conditions_habitat_ensemble,long,valeur,Âge du logement (%) - 10-19 ans,territoire_id,Âge du logement — 10-19 ans,Conditions de vie,True,False,neutre,
466,Âge du logement (%) - 20-49 ans,Âge du logement (%) - 20-49 ans,socio_economic,"Âge du logement (%) - 20-49 ans. Milieu Ensemble (urbain+rural), RGPH 2024. Remplace l'ancienne table 'habitat_conditions_combine' qui contenait en réalité des données milieu URBAIN uniquement (source mal étiquetée 'rgph2024_logement_urbain'), utilisées à tort comme valeur région/province globale. Thème : socio_economic.",%,"HCP — Indicateurs démographiques et socioéconomiques RGPH 2024, feuille Ménages, milieu Ensemble",2024,validé,socio_economic_conditions_habitat_ensemble,long,valeur,Âge du logement (%) - 20-49 ans,territoire_id,Âge du logement — 20-49 ans,Conditions de vie,True,False,neutre,
467,Âge du logement (%) - 50 ans ou plus,Âge du logement (%) - 50 ans ou plus,socio_economic,"Âge du logement (%) - 50 ans ou plus. Milieu Ensemble (urbain+rural), RGPH 2024. Remplace l'ancienne table 'habitat_conditions_combine' qui contenait en réalité des données milieu URBAIN uniquement (source mal étiquetée 'rgph2024_logement_urbain'), utilisées à tort comme valeur région/province globale. Thème : socio_economic.",%,"HCP — Indicateurs démographiques et socioéconomiques RGPH 2024, feuille Ménages, milieu Ensemble",2024,validé,socio_economic_conditions_habitat_ensemble,long,valeur,Âge du logement (%) - 50 ans ou plus,territoire_id,Âge du logement — 50 ans ou plus,Conditions de vie,True,False,neutre,
468,Disponibilité des éléments essentiels de confort (%) - Cuisine,Disponibilité des éléments essentiels de confort (%) - Cuisine,socio_economic,"Disponibilité des éléments essentiels de confort (%) - Cuisine. Milieu Ensemble (urbain+rural), RGPH 2024. Remplace l'ancienne table 'habitat_conditions_combine' qui contenait en réalité des données milieu URBAIN uniquement (source mal étiquetée 'rgph2024_logement_urbain'), utilisées à tort comme valeur région/province globale. Thème : socio_economic.",%,"HCP — Indicateurs démographiques et socioéconomiques RGPH 2024, feuille Ménages, milieu Ensemble",2024,validé,socio_economic_conditions_habitat_ensemble,long,valeur,Disponibilité des éléments essentiels de confort (%) - Cuisine,territoire_id,Disponibilité des éléments essentiels de confort — Cuisine,Conditions de vie,True,False,haut_mieux,
469,Disponibilité des éléments essentiels de confort (%) - W.-C.,Disponibilité des éléments essentiels de confort (%) - W.-C.,socio_economic,"Disponibilité des éléments essentiels de confort (%) - W.-C.. Milieu Ensemble (urbain+rural), RGPH 2024. Remplace l'ancienne table 'habitat_conditions_combine' qui contenait en réalité des données milieu URBAIN uniquement (source mal étiquetée 'rgph2024_logement_urbain'), utilisées à tort comme valeur région/province globale. Thème : socio_economic.",%,"HCP — Indicateurs démographiques et socioéconomiques RGPH 2024, feuille Ménages, milieu Ensemble",2024,validé,socio_economic_conditions_habitat_ensemble,long,valeur,Disponibilité des éléments essentiels de confort (%) - W.-C.,territoire_id,Disponibilité des éléments essentiels de confort — W.-C.,Conditions de vie,True,False,haut_mieux,
470,Disponibilité des éléments essentiels de confort (%) - Pièce d'eau,Disponibilité des éléments essentiels de confort (%) - Pièce d'eau,socio_economic,"Disponibilité des éléments essentiels de confort (%) - Pièce d'eau. Milieu Ensemble (urbain+rural), RGPH 2024. Remplace l'ancienne table 'habitat_conditions_combine' qui contenait en réalité des données milieu URBAIN uniquement (source mal étiquetée 'rgph2024_logement_urbain'), utilisées à tort comme valeur région/province globale. Thème : socio_economic.",%,"HCP — Indicateurs démographiques et socioéconomiques RGPH 2024, feuille Ménages, milieu Ensemble",2024,validé,socio_economic_conditions_habitat_ensemble,long,valeur,Disponibilité des éléments essentiels de confort (%) - Pièce d'eau,territoire_id,Disponibilité des éléments essentiels de confort — Pièce d'eau,Conditions de vie,True,False,haut_mieux,
471,Disponibilité des éléments essentiels de confort (%) - Électricité,Disponibilité des éléments essentiels de confort (%) - Électricité,socio_economic,"Disponibilité des éléments essentiels de confort (%) - Électricité. Milieu Ensemble (urbain+rural), RGPH 2024. Remplace l'ancienne table 'habitat_conditions_combine' qui contenait en réalité des données milieu URBAIN uniquement (source mal étiquetée 'rgph2024_logement_urbain'), utilisées à tort comme valeur région/province globale. Thème : socio_economic.",%,"HCP — Indicateurs démographiques et socioéconomiques RGPH 2024, feuille Ménages, milieu Ensemble",2024,validé,socio_economic_conditions_habitat_ensemble,long,valeur,Disponibilité des éléments essentiels de confort (%) - Électricité,territoire_id,Disponibilité des éléments essentiels de confort — Électricité,Conditions de vie,True,False,neutre,
472,Disponibilité des éléments essentiels de confort (%) - Eau courante,Disponibilité des éléments essentiels de confort (%) - Eau courante,socio_economic,"Disponibilité des éléments essentiels de confort (%) - Eau courante. Milieu Ensemble (urbain+rural), RGPH 2024. Remplace l'ancienne table 'habitat_conditions_combine' qui contenait en réalité des données milieu URBAIN uniquement (source mal étiquetée 'rgph2024_logement_urbain'), utilisées à tort comme valeur région/province globale. Thème : socio_economic.",%,"HCP — Indicateurs démographiques et socioéconomiques RGPH 2024, feuille Ménages, milieu Ensemble",2024,validé,socio_economic_conditions_habitat_ensemble,long,valeur,Disponibilité des éléments essentiels de confort (%) - Eau courante,territoire_id,Disponibilité des éléments essentiels de confort — Eau courante,Conditions de vie,True,False,haut_mieux,
473,Mode d’évacuation des eaux usées (%) - Réseau public d'assainissement,Mode d’évacuation des eaux usées (%) - Réseau public d'assainissement,socio_economic,"Mode d’évacuation des eaux usées (%) - Réseau public d'assainissement. Milieu Ensemble (urbain+rural), RGPH 2024. Remplace l'ancienne table 'habitat_conditions_combine' qui contenait en réalité des données milieu URBAIN uniquement (source mal étiquetée 'rgph2024_logement_urbain'), utilisées à tort comme valeur région/province globale. Thème : socio_economic.",%,"HCP — Indicateurs démographiques et socioéconomiques RGPH 2024, feuille Ménages, milieu Ensemble",2024,validé,socio_economic_conditions_habitat_ensemble,long,valeur,Mode d’évacuation des eaux usées (%) - Réseau public d'assainissement,territoire_id,Mode d’évacuation des eaux usées — Réseau public d'assainissement,Conditions de vie,True,False,haut_mieux,
474,Mode d’évacuation des eaux usées (%) - Fosse septique,Mode d’évacuation des eaux usées (%) - Fosse septique,socio_economic,"Mode d’évacuation des eaux usées (%) - Fosse septique. Milieu Ensemble (urbain+rural), RGPH 2024. Remplace l'ancienne table 'habitat_conditions_combine' qui contenait en réalité des données milieu URBAIN uniquement (source mal étiquetée 'rgph2024_logement_urbain'), utilisées à tort comme valeur région/province globale. Thème : socio_economic.",%,"HCP — Indicateurs démographiques et socioéconomiques RGPH 2024, feuille Ménages, milieu Ensemble",2024,validé,socio_economic_conditions_habitat_ensemble,long,valeur,Mode d’évacuation des eaux usées (%) - Fosse septique,territoire_id,Mode d’évacuation des eaux usées — Fosse septique,Conditions de vie,True,False,bas_mieux,
475,Mode d’évacuation des eaux usées (%) - Autre,Mode d’évacuation des eaux usées (%) - Autre,socio_economic,"Mode d’évacuation des eaux usées (%) - Autre. Milieu Ensemble (urbain+rural), RGPH 2024. Remplace l'ancienne table 'habitat_conditions_combine' qui contenait en réalité des données milieu URBAIN uniquement (source mal étiquetée 'rgph2024_logement_urbain'), utilisées à tort comme valeur région/province globale. Thème : socio_economic.",%,"HCP — Indicateurs démographiques et socioéconomiques RGPH 2024, feuille Ménages, milieu Ensemble",2024,validé,socio_economic_conditions_habitat_ensemble,long,valeur,Mode d’évacuation des eaux usées (%) - Autre,territoire_id,Mode d’évacuation des eaux usées — Autre,Conditions de vie,True,False,neutre,
476,Mode d’évacuation des déchets ménagers (%) - Bac à ordures de la commune,Mode d’évacuation des déchets ménagers (%) - Bac à ordures de la commune,socio_economic,"Mode d’évacuation des déchets ménagers (%) - Bac à ordures de la commune. Milieu Ensemble (urbain+rural), RGPH 2024. Remplace l'ancienne table 'habitat_conditions_combine' qui contenait en réalité des données milieu URBAIN uniquement (source mal étiquetée 'rgph2024_logement_urbain'), utilisées à tort comme valeur région/province globale. Thème : socio_economic.",%,"HCP — Indicateurs démographiques et socioéconomiques RGPH 2024, feuille Ménages, milieu Ensemble",2024,validé,socio_economic_conditions_habitat_ensemble,long,valeur,Mode d’évacuation des déchets ménagers (%) - Bac à ordures de la commune,territoire_id,Mode d’évacuation des déchets ménagers — Bac à ordures de la commune,Conditions de vie,True,False,haut_mieux,
477,Mode d’évacuation des déchets ménagers (%) - Camion de la commune / Camion privé,Mode d’évacuation des déchets ménagers (%) - Camion de la commune / Camion privé,socio_economic,"Mode d’évacuation des déchets ménagers (%) - Camion de la commune / Camion privé. Milieu Ensemble (urbain+rural), RGPH 2024. Remplace l'ancienne table 'habitat_conditions_combine' qui contenait en réalité des données milieu URBAIN uniquement (source mal étiquetée 'rgph2024_logement_urbain'), utilisées à tort comme valeur région/province globale. Thème : socio_economic.",%,"HCP — Indicateurs démographiques et socioéconomiques RGPH 2024, feuille Ménages, milieu Ensemble",2024,validé,socio_economic_conditions_habitat_ensemble,long,valeur,Mode d’évacuation des déchets ménagers (%) - Camion de la commune / Camion privé,territoire_id,Mode d’évacuation des déchets ménagers — Camion de la commune / Camion privé,Conditions de vie,True,False,neutre,
478,Mode d’évacuation des déchets ménagers (%) - Dans la nature,Mode d’évacuation des déchets ménagers (%) - Dans la nature,socio_economic,"Mode d’évacuation des déchets ménagers (%) - Dans la nature. Milieu Ensemble (urbain+rural), RGPH 2024. Remplace l'ancienne table 'habitat_conditions_combine' qui contenait en réalité des données milieu URBAIN uniquement (source mal étiquetée 'rgph2024_logement_urbain'), utilisées à tort comme valeur région/province globale. Thème : socio_economic.",%,"HCP — Indicateurs démographiques et socioéconomiques RGPH 2024, feuille Ménages, milieu Ensemble",2024,validé,socio_economic_conditions_habitat_ensemble,long,valeur,Mode d’évacuation des déchets ménagers (%) - Dans la nature,territoire_id,Mode d’évacuation des déchets ménagers — Dans la nature,Conditions de vie,True,False,bas_mieux,
479,Mode d’évacuation des déchets ménagers (%) - Autre,Mode d’évacuation des déchets ménagers (%) - Autre,socio_economic,"Mode d’évacuation des déchets ménagers (%) - Autre. Milieu Ensemble (urbain+rural), RGPH 2024. Remplace l'ancienne table 'habitat_conditions_combine' qui contenait en réalité des données milieu URBAIN uniquement (source mal étiquetée 'rgph2024_logement_urbain'), utilisées à tort comme valeur région/province globale. Thème : socio_economic.",%,"HCP — Indicateurs démographiques et socioéconomiques RGPH 2024, feuille Ménages, milieu Ensemble",2024,validé,socio_economic_conditions_habitat_ensemble,long,valeur,Mode d’évacuation des déchets ménagers (%) - Autre,territoire_id,Mode d’évacuation des déchets ménagers — Autre,Conditions de vie,True,False,neutre,
480,Combustible de cuisson utilisé (%) - Gaz,Combustible de cuisson utilisé (%) - Gaz,socio_economic,"Combustible de cuisson utilisé (%) - Gaz. Milieu Ensemble (urbain+rural), RGPH 2024. Remplace l'ancienne table 'habitat_conditions_combine' qui contenait en réalité des données milieu URBAIN uniquement (source mal étiquetée 'rgph2024_logement_urbain'), utilisées à tort comme valeur région/province globale. Thème : socio_economic.",%,"HCP — Indicateurs démographiques et socioéconomiques RGPH 2024, feuille Ménages, milieu Ensemble",2024,validé,socio_economic_conditions_habitat_ensemble,long,valeur,Combustible de cuisson utilisé (%) - Gaz,territoire_id,Combustible de cuisson utilisé — Gaz,Conditions de vie,True,False,haut_mieux,
481,Combustible de cuisson utilisé (%) - Électricité,Combustible de cuisson utilisé (%) - Électricité,socio_economic,"Combustible de cuisson utilisé (%) - Électricité. Milieu Ensemble (urbain+rural), RGPH 2024. Remplace l'ancienne table 'habitat_conditions_combine' qui contenait en réalité des données milieu URBAIN uniquement (source mal étiquetée 'rgph2024_logement_urbain'), utilisées à tort comme valeur région/province globale. Thème : socio_economic.",%,"HCP — Indicateurs démographiques et socioéconomiques RGPH 2024, feuille Ménages, milieu Ensemble",2024,validé,socio_economic_conditions_habitat_ensemble,long,valeur,Combustible de cuisson utilisé (%) - Électricité,territoire_id,Combustible de cuisson utilisé — Électricité,Conditions de vie,True,False,haut_mieux,
482,Combustible de cuisson utilisé (%) - Charbon,Combustible de cuisson utilisé (%) - Charbon,socio_economic,"Combustible de cuisson utilisé (%) - Charbon. Milieu Ensemble (urbain+rural), RGPH 2024. Remplace l'ancienne table 'habitat_conditions_combine' qui contenait en réalité des données milieu URBAIN uniquement (source mal étiquetée 'rgph2024_logement_urbain'), utilisées à tort comme valeur région/province globale. Thème : socio_economic.",%,"HCP — Indicateurs démographiques et socioéconomiques RGPH 2024, feuille Ménages, milieu Ensemble",2024,validé,socio_economic_conditions_habitat_ensemble,long,valeur,Combustible de cuisson utilisé (%) - Charbon,territoire_id,Combustible de cuisson utilisé — Charbon,Conditions de vie,True,False,bas_mieux,
483,Combustible de cuisson utilisé (%) - Bois énergie,Combustible de cuisson utilisé (%) - Bois énergie,socio_economic,"Combustible de cuisson utilisé (%) - Bois énergie. Milieu Ensemble (urbain+rural), RGPH 2024. Remplace l'ancienne table 'habitat_conditions_combine' qui contenait en réalité des données milieu URBAIN uniquement (source mal étiquetée 'rgph2024_logement_urbain'), utilisées à tort comme valeur région/province globale. Thème : socio_economic.",%,"HCP — Indicateurs démographiques et socioéconomiques RGPH 2024, feuille Ménages, milieu Ensemble",2024,validé,socio_economic_conditions_habitat_ensemble,long,valeur,Combustible de cuisson utilisé (%) - Bois énergie,territoire_id,Combustible de cuisson utilisé — Bois énergie,Conditions de vie,True,False,bas_mieux,
484,Combustible de cuisson utilisé (%) - Autre,Combustible de cuisson utilisé (%) - Autre,socio_economic,"Combustible de cuisson utilisé (%) - Autre. Milieu Ensemble (urbain+rural), RGPH 2024. Remplace l'ancienne table 'habitat_conditions_combine' qui contenait en réalité des données milieu URBAIN uniquement (source mal étiquetée 'rgph2024_logement_urbain'), utilisées à tort comme valeur région/province globale. Thème : socio_economic.",%,"HCP — Indicateurs démographiques et socioéconomiques RGPH 2024, feuille Ménages, milieu Ensemble",2024,validé,socio_economic_conditions_habitat_ensemble,long,valeur,Combustible de cuisson utilisé (%) - Autre,territoire_id,Combustible de cuisson utilisé — Autre,Conditions de vie,True,False,neutre,
485,Distance moyenne des logements à la route goudronnée (Km),Distance moyenne des logements à la route goudronnée (Km),socio_economic,"Distance moyenne des logements à la route goudronnée (Km). Milieu Ensemble (urbain+rural), RGPH 2024. Remplace l'ancienne table 'habitat_conditions_combine' qui contenait en réalité des données milieu URBAIN uniquement (source mal étiquetée 'rgph2024_logement_urbain'), utilisées à tort comme valeur région/province globale. Thème : socio_economic.",km,"HCP — Indicateurs démographiques et socioéconomiques RGPH 2024, feuille Ménages, milieu Ensemble",2024,validé,socio_economic_conditions_habitat_ensemble,long,valeur,Distance moyenne des logements à la route goudronnée (Km),territoire_id,Distance moyenne des logements à la route goudronnée (Km),Conditions de vie,True,False,neutre,
486,Privation éducation — scolarisation (indice de pauvreté multidimensionnelle),priv_scolarisation,education,"Privation éducation — scolarisation (indice de pauvreté multidimensionnelle). Niveaux commune et province, 2024. Thème : education. [Traçabilité : niveau province chargé depuis le fichier source HCP, rapprochement par code géographique ; 136 valeurs relues et comparées à la source, aucun écart.]",%,"HCP — Cartographie de la pauvreté multidimensionnelle (Mai 2025), niveaux commune et province, 2024",2024,validé,education_pauvrete_communale,long,valeur,priv_scolarisation,territoire_id,Privation — scolarisation des enfants,Éducation,True,True,bas_mieux,
487,Privation éducation — années de scolarité (indice de pauvreté multidimensionnelle),priv_annees_scolarite,education,"Privation éducation — années de scolarité (indice de pauvreté multidimensionnelle). Niveaux commune et province, 2024. Thème : education. [Traçabilité : niveau province chargé depuis le fichier source HCP, rapprochement par code géographique ; 136 valeurs relues et comparées à la source, aucun écart.]",%,"HCP — Cartographie de la pauvreté multidimensionnelle (Mai 2025), niveaux commune et province, 2024",2024,validé,education_pauvrete_communale,long,valeur,priv_annees_scolarite,territoire_id,Privation — années de scolarité,Éducation,True,True,bas_mieux,
488,Contribution de l'éducation à la pauvreté multidimensionnelle,contrib_education,education,"Contribution de l'éducation à la pauvreté multidimensionnelle. Niveaux commune et province, 2024. Thème : education. [Traçabilité : niveau province chargé depuis le fichier source HCP, rapprochement par code géographique ; 136 valeurs relues et comparées à la source, aucun écart.]",%,"HCP — Cartographie de la pauvreté multidimensionnelle (Mai 2025), niveaux commune et province, 2024",2024,validé,education_pauvrete_communale,long,valeur,contrib_education,territoire_id,Contribution de l'éducation à la pauvreté multidimensionnelle,Éducation,True,True,bas_mieux,
489,Privation conditions de vie — électricité (indice de pauvreté multidimensionnelle),priv_electricite,socio_economic,"Privation conditions de vie — électricité (indice de pauvreté multidimensionnelle). Niveaux commune et province, 2024. Thème : socio_economic. [Traçabilité : niveau province chargé depuis le fichier source HCP, rapprochement par code géographique ; 136 valeurs relues et comparées à la source, aucun écart.]",%,"HCP — Cartographie de la pauvreté multidimensionnelle (Mai 2025), niveaux commune et province, 2024",2024,validé,socio_economic_pauvrete_communale_conditions_vie,long,valeur,priv_electricite,territoire_id,Privation — électricité,Conditions de vie,True,True,bas_mieux,
490,Privation conditions de vie — eau (indice de pauvreté multidimensionnelle),priv_eau,socio_economic,"Privation conditions de vie — eau (indice de pauvreté multidimensionnelle). Niveaux commune et province, 2024. Thème : socio_economic. [Traçabilité : niveau province chargé depuis le fichier source HCP, rapprochement par code géographique ; 136 valeurs relues et comparées à la source, aucun écart.]",%,"HCP — Cartographie de la pauvreté multidimensionnelle (Mai 2025), niveaux commune et province, 2024",2024,validé,socio_economic_pauvrete_communale_conditions_vie,long,valeur,priv_eau,territoire_id,Privation — accès à l'eau,Conditions de vie,True,True,bas_mieux,
491,Privation conditions de vie — assainissement (indice de pauvreté multidimensionnelle),priv_assainissement,socio_economic,"Privation conditions de vie — assainissement (indice de pauvreté multidimensionnelle). Niveaux commune et province, 2024. Thème : socio_economic. [Traçabilité : niveau province chargé depuis le fichier source HCP, rapprochement par code géographique ; 136 valeurs relues et comparées à la source, aucun écart.]",%,"HCP — Cartographie de la pauvreté multidimensionnelle (Mai 2025), niveaux commune et province, 2024",2024,validé,socio_economic_pauvrete_communale_conditions_vie,long,valeur,priv_assainissement,territoire_id,Privation — assainissement,Conditions de vie,True,True,bas_mieux,
492,Privation conditions de vie — logement (indice de pauvreté multidimensionnelle),priv_logement,socio_economic,"Privation conditions de vie — logement (indice de pauvreté multidimensionnelle). Niveaux commune et province, 2024. Thème : socio_economic. [Traçabilité : niveau province chargé depuis le fichier source HCP, rapprochement par code géographique ; 136 valeurs relues et comparées à la source, aucun écart.]",%,"HCP — Cartographie de la pauvreté multidimensionnelle (Mai 2025), niveaux commune et province, 2024",2024,validé,socio_economic_pauvrete_communale_conditions_vie,long,valeur,priv_logement,territoire_id,Privation — logement,Conditions de vie,True,True,bas_mieux,
493,Privation conditions de vie — combustible de cuisson (indice de pauvreté multidimensionnelle),priv_cuisson,socio_economic,"Privation conditions de vie — combustible de cuisson (indice de pauvreté multidimensionnelle). Niveaux commune et province, 2024. Thème : socio_economic. [Traçabilité : niveau province chargé depuis le fichier source HCP, rapprochement par code géographique ; 136 valeurs relues et comparées à la source, aucun écart.]",%,"HCP — Cartographie de la pauvreté multidimensionnelle (Mai 2025), niveaux commune et province, 2024",2024,validé,socio_economic_pauvrete_communale_conditions_vie,long,valeur,priv_cuisson,territoire_id,Privation — combustible de cuisson,Conditions de vie,True,True,bas_mieux,
494,Privation conditions de vie — communication (indice de pauvreté multidimensionnelle),priv_communication,socio_economic,"Privation conditions de vie — communication (indice de pauvreté multidimensionnelle). Niveaux commune et province, 2024. Thème : socio_economic. [Traçabilité : niveau province chargé depuis le fichier source HCP, rapprochement par code géographique ; 136 valeurs relues et comparées à la source, aucun écart.]",%,"HCP — Cartographie de la pauvreté multidimensionnelle (Mai 2025), niveaux commune et province, 2024",2024,validé,socio_economic_pauvrete_communale_conditions_vie,long,valeur,priv_communication,territoire_id,Privation — communication,Conditions de vie,True,True,bas_mieux,
495,Contribution des conditions de vie à la pauvreté multidimensionnelle,contrib_conditions_vie,socio_economic,"Contribution des conditions de vie à la pauvreté multidimensionnelle. Niveaux commune et province, 2024. Thème : socio_economic. [Traçabilité : niveau province chargé depuis le fichier source HCP, rapprochement par code géographique ; 136 valeurs relues et comparées à la source, aucun écart.]",%,"HCP — Cartographie de la pauvreté multidimensionnelle (Mai 2025), niveaux commune et province, 2024",2024,validé,socio_economic_pauvrete_communale_conditions_vie,long,valeur,contrib_conditions_vie,territoire_id,Contribution des conditions de vie à la pauvreté multidimensionnelle,Conditions de vie,True,True,bas_mieux,
496,Indice de pauvreté multidimensionnelle MPI (2024),MPI,socio_economic,"Indice de pauvreté multidimensionnelle (MPI). Niveaux commune et province, 2024. Thème : socio_economic. [Traçabilité : niveau province chargé depuis le fichier source HCP, rapprochement par code géographique ; 136 valeurs relues et comparées à la source, aucun écart.]",,"HCP — Cartographie de la pauvreté multidimensionnelle (Mai 2025), niveaux commune et province, 2024",2024,validé,socio_economic_pauvrete_communale_indice_global,long,valeur,MPI,territoire_id,Indice de pauvreté multidimensionnelle MPI (2024),Conditions de vie,True,True,bas_mieux,
497,Taux de pauvreté multidimensionnelle incidence H (2024),taux_pauvrete_H,socio_economic,"Taux de pauvreté multidimensionnelle (incidence H). Niveaux commune et province, 2024. Thème : socio_economic. [Traçabilité : niveau province chargé depuis le fichier source HCP, rapprochement par code géographique ; 136 valeurs relues et comparées à la source, aucun écart.]",%,"HCP — Cartographie de la pauvreté multidimensionnelle (Mai 2025), niveaux commune et province, 2024",2024,validé,socio_economic_pauvrete_communale_indice_global,long,valeur,taux_pauvrete_H,territoire_id,Taux de pauvreté multidimensionnelle incidence H (2024),Conditions de vie,True,True,bas_mieux,pauvreté pauvres
498,Intensité de la pauvreté multidimensionnelle A (2024),intensite_A,socio_economic,"Intensité de la pauvreté multidimensionnelle (A). Niveaux commune et province, 2024. Thème : socio_economic. [Traçabilité : niveau province chargé depuis le fichier source HCP, rapprochement par code géographique ; 136 valeurs relues et comparées à la source, aucun écart.]",%,"HCP — Cartographie de la pauvreté multidimensionnelle (Mai 2025), niveaux commune et province, 2024",2024,validé,socio_economic_pauvrete_communale_indice_global,long,valeur,intensite_A,territoire_id,Intensité de la pauvreté multidimensionnelle A (2024),Conditions de vie,True,True,bas_mieux,
499,Taux de vulnérabilité à la pauvreté multidimensionnelle (2024),vulnerabilite,socio_economic,"Taux de vulnérabilité à la pauvreté multidimensionnelle. Niveaux commune et province, 2024. Thème : socio_economic. [Traçabilité : niveau province chargé depuis le fichier source HCP, rapprochement par code géographique ; 136 valeurs relues et comparées à la source, aucun écart.]",%,"HCP — Cartographie de la pauvreté multidimensionnelle (Mai 2025), niveaux commune et province, 2024",2024,validé,socio_economic_pauvrete_communale_indice_global,long,valeur,vulnerabilite,territoire_id,Taux de vulnérabilité à la pauvreté multidimensionnelle (2024),Conditions de vie,True,True,bas_mieux,
500,Population sédentaire active occupée (15+),Population sédentaire active occupée (15+),socio_economic,"Population sédentaire active occupée (15+). Population sédentaire active occupée de 15 ans et plus, sexe Ensemble, niveau commune/province/région. Thème : socio_economic.",hab,"HCP — Indicateurs communaux, mode de transport domicile-travail selon RGPH 2024 (juin 2026, TTA)",2024,validé,socio_economic_transport_domicile_travail,long,valeur,Population sédentaire active occupée (15+),territoire_id,Population sédentaire active occupée (15+),Conditions de vie,True,True,neutre,
501,Mode de transport (%) - À pieds,Mode de transport (%) - À pieds,socio_economic,"Mode de transport (%) - À pieds. Population sédentaire active occupée de 15 ans et plus, sexe Ensemble, niveau commune/province/région. Thème : socio_economic.",%,"HCP — Indicateurs communaux, mode de transport domicile-travail selon RGPH 2024 (juin 2026, TTA)",2024,validé,socio_economic_transport_domicile_travail,long,valeur,Mode de transport (%) - À pieds,territoire_id,Mode de transport — À pieds,Conditions de vie,True,True,neutre,
502,Mode de transport (%) - Motocycle/ Bicyclette,Mode de transport (%) - Motocycle/ Bicyclette,socio_economic,"Mode de transport (%) - Motocycle/ Bicyclette. Population sédentaire active occupée de 15 ans et plus, sexe Ensemble, niveau commune/province/région. Thème : socio_economic.",%,"HCP — Indicateurs communaux, mode de transport domicile-travail selon RGPH 2024 (juin 2026, TTA)",2024,validé,socio_economic_transport_domicile_travail,long,valeur,Mode de transport (%) - Motocycle/ Bicyclette,territoire_id,Mode de transport — Motocycle/ Bicyclette,Conditions de vie,True,True,neutre,
503,Mode de transport (%) - Voiture privée,Mode de transport (%) - Voiture privée,socio_economic,"Mode de transport (%) - Voiture privée. Population sédentaire active occupée de 15 ans et plus, sexe Ensemble, niveau commune/province/région. Thème : socio_economic.",%,"HCP — Indicateurs communaux, mode de transport domicile-travail selon RGPH 2024 (juin 2026, TTA)",2024,validé,socio_economic_transport_domicile_travail,long,valeur,Mode de transport (%) - Voiture privée,territoire_id,Mode de transport — Voiture privée,Conditions de vie,True,True,neutre,
504,Mode de transport (%) - Bus,Mode de transport (%) - Bus,socio_economic,"Mode de transport (%) - Bus. Population sédentaire active occupée de 15 ans et plus, sexe Ensemble, niveau commune/province/région. Thème : socio_economic.",%,"HCP — Indicateurs communaux, mode de transport domicile-travail selon RGPH 2024 (juin 2026, TTA)",2024,validé,socio_economic_transport_domicile_travail,long,valeur,Mode de transport (%) - Bus,territoire_id,Mode de transport — Bus,Conditions de vie,True,True,neutre,
505,Mode de transport (%) - Taxi,Mode de transport (%) - Taxi,socio_economic,"Mode de transport (%) - Taxi. Population sédentaire active occupée de 15 ans et plus, sexe Ensemble, niveau commune/province/région. Thème : socio_economic.",%,"HCP — Indicateurs communaux, mode de transport domicile-travail selon RGPH 2024 (juin 2026, TTA)",2024,validé,socio_economic_transport_domicile_travail,long,valeur,Mode de transport (%) - Taxi,territoire_id,Mode de transport — Taxi,Conditions de vie,True,True,neutre,
506,Mode de transport (%) - Transport de l'employeur / Etablissement,Mode de transport (%) - Transport de l'employeur / Etablissement,socio_economic,"Mode de transport (%) - Transport de l'employeur / Etablissement. Population sédentaire active occupée de 15 ans et plus, sexe Ensemble, niveau commune/province/région. Thème : socio_economic.",%,"HCP — Indicateurs communaux, mode de transport domicile-travail selon RGPH 2024 (juin 2026, TTA)",2024,validé,socio_economic_transport_domicile_travail,long,valeur,Mode de transport (%) - Transport de l'employeur / Etablissement,territoire_id,Mode de transport — Transport de l'employeur / Etablissement,Conditions de vie,True,True,neutre,
507,Mode de transport (%) - Train,Mode de transport (%) - Train,socio_economic,"Mode de transport (%) - Train. Population sédentaire active occupée de 15 ans et plus, sexe Ensemble, niveau commune/province/région. Thème : socio_economic.",%,"HCP — Indicateurs communaux, mode de transport domicile-travail selon RGPH 2024 (juin 2026, TTA)",2024,validé,socio_economic_transport_domicile_travail,long,valeur,Mode de transport (%) - Train,territoire_id,Mode de transport — Train,Conditions de vie,True,True,neutre,
508,Mode de transport (%) - Tram,Mode de transport (%) - Tram,socio_economic,"Mode de transport (%) - Tram. Population sédentaire active occupée de 15 ans et plus, sexe Ensemble, niveau commune/province/région. Thème : socio_economic.",%,"HCP — Indicateurs communaux, mode de transport domicile-travail selon RGPH 2024 (juin 2026, TTA)",2024,validé,socio_economic_transport_domicile_travail,long,valeur,Mode de transport (%) - Tram,territoire_id,Mode de transport — Tram,Conditions de vie,True,True,neutre,
509,Mode de transport (%) - Transport informel,Mode de transport (%) - Transport informel,socio_economic,"Mode de transport (%) - Transport informel. Population sédentaire active occupée de 15 ans et plus, sexe Ensemble, niveau commune/province/région. Thème : socio_economic.",%,"HCP — Indicateurs communaux, mode de transport domicile-travail selon RGPH 2024 (juin 2026, TTA)",2024,validé,socio_economic_transport_domicile_travail,long,valeur,Mode de transport (%) - Transport informel,territoire_id,Mode de transport — Transport informel,Conditions de vie,True,True,neutre,
510,Mode de transport (%) - Animaux,Mode de transport (%) - Animaux,socio_economic,"Mode de transport (%) - Animaux. Population sédentaire active occupée de 15 ans et plus, sexe Ensemble, niveau commune/province/région. Thème : socio_economic.",%,"HCP — Indicateurs communaux, mode de transport domicile-travail selon RGPH 2024 (juin 2026, TTA)",2024,validé,socio_economic_transport_domicile_travail,long,valeur,Mode de transport (%) - Animaux,territoire_id,Mode de transport — Animaux,Conditions de vie,True,True,neutre,
511,Mode de transport (%) - Autre,Mode de transport (%) - Autre,socio_economic,"Mode de transport (%) - Autre. Population sédentaire active occupée de 15 ans et plus, sexe Ensemble, niveau commune/province/région. Thème : socio_economic.",%,"HCP — Indicateurs communaux, mode de transport domicile-travail selon RGPH 2024 (juin 2026, TTA)",2024,validé,socio_economic_transport_domicile_travail,long,valeur,Mode de transport (%) - Autre,territoire_id,Mode de transport — Autre,Conditions de vie,True,True,neutre,
512,Mode de transport (%) - Ne se déplace pas,Mode de transport (%) - Ne se déplace pas,socio_economic,"Mode de transport (%) - Ne se déplace pas. Population sédentaire active occupée de 15 ans et plus, sexe Ensemble, niveau commune/province/région. Thème : socio_economic.",%,"HCP — Indicateurs communaux, mode de transport domicile-travail selon RGPH 2024 (juin 2026, TTA)",2024,validé,socio_economic_transport_domicile_travail,long,valeur,Mode de transport (%) - Ne se déplace pas,territoire_id,Mode de transport — Ne se déplace pas,Conditions de vie,True,True,neutre,
513,Établissements primaire public (Annuaire officiel),etab_primaire_public,education,"Nombre d'établissements scolaires — Établissements primaire public (Annuaire officiel). Source officielle, année scolaire 2023-2024. Disponible au niveau région et province uniquement (l'Annuaire ne descend pas à la commune).",établissements,"Annuaire Statistique du Maroc 2024 (HCP), Chapitre XI — Tableau 11-5",2023-2024,actif,education_etablissements_officiel,long,valeur,etab_primaire_public,territoire_id,Établissements primaire public (Annuaire officiel),Éducation,True,False,neutre,
514,Établissements primaire privé (Annuaire officiel),etab_primaire_prive,education,"Nombre d'établissements scolaires — Établissements primaire privé (Annuaire officiel). Source officielle, année scolaire 2023-2024. Disponible au niveau région et province uniquement (l'Annuaire ne descend pas à la commune).",établissements,"Annuaire Statistique du Maroc 2024 (HCP), Chapitre XI — Tableau 11-15",2023-2024,actif,education_etablissements_officiel,long,valeur,etab_primaire_prive,territoire_id,Établissements primaire privé (Annuaire officiel),Éducation,True,False,neutre,
515,Établissements primaire public + privé (Annuaire officiel),etab_primaire_total,education,"Nombre d'établissements scolaires — Établissements primaire public + privé (Annuaire officiel). Source officielle, année scolaire 2023-2024. Disponible au niveau région et province uniquement (l'Annuaire ne descend pas à la commune).",établissements,"Annuaire Statistique du Maroc 2024 (HCP), Chapitre XI — Tableaux 11-5 et 11-15",2023-2024,actif,education_etablissements_officiel,long,valeur,etab_primaire_total,territoire_id,Établissements primaire public + privé (Annuaire officiel),Éducation,True,False,neutre,
516,Satellites (unités scolaires) du primaire public,etab_primaire_satellites,education,"Nombre d'établissements scolaires — Satellites (unités scolaires) du primaire public. Source officielle, année scolaire 2023-2024. Disponible au niveau région et province uniquement (l'Annuaire ne descend pas à la commune). Un satellite est une unité scolaire rattachée à un établissement principal, fréquente en milieu rural.",satellites,"Annuaire Statistique du Maroc 2024 (HCP), Chapitre XI — Tableau 11-5",2023-2024,actif,education_etablissements_officiel,long,valeur,etab_primaire_satellites,territoire_id,Satellites (unités scolaires) du primaire public,Éducation,True,False,neutre,
517,Établissements collégial public (Annuaire officiel),etab_collegial_public,education,"Nombre d'établissements scolaires — Établissements collégial public (Annuaire officiel). Source officielle, année scolaire 2023-2024. Disponible au niveau région et province uniquement (l'Annuaire ne descend pas à la commune).",établissements,"Annuaire Statistique du Maroc 2024 (HCP), Chapitre XI — Tableau 11-17",2023-2024,actif,education_etablissements_officiel,long,valeur,etab_collegial_public,territoire_id,Établissements collégial public (Annuaire officiel),Éducation,True,False,neutre,
518,Établissements collégial privé (Annuaire officiel),etab_collegial_prive,education,"Nombre d'établissements scolaires — Établissements collégial privé (Annuaire officiel). Source officielle, année scolaire 2023-2024. Disponible au niveau région et province uniquement (l'Annuaire ne descend pas à la commune).",établissements,"Annuaire Statistique du Maroc 2024 (HCP), Chapitre XI — Tableau 11-24",2023-2024,actif,education_etablissements_officiel,long,valeur,etab_collegial_prive,territoire_id,Établissements collégial privé (Annuaire officiel),Éducation,True,False,neutre,
519,Établissements collégial public + privé (Annuaire officiel),etab_collegial_total,education,"Nombre d'établissements scolaires — Établissements collégial public + privé (Annuaire officiel). Source officielle, année scolaire 2023-2024. Disponible au niveau région et province uniquement (l'Annuaire ne descend pas à la commune).",établissements,"Annuaire Statistique du Maroc 2024 (HCP), Chapitre XI — Tableaux 11-17 et 11-24",2023-2024,actif,education_etablissements_officiel,long,valeur,etab_collegial_total,territoire_id,Établissements collégial public + privé (Annuaire officiel),Éducation,True,False,neutre,
520,Établissements qualifiant public (Annuaire officiel),etab_qualifiant_public,education,"Nombre d'établissements scolaires — Établissements qualifiant public (Annuaire officiel). Source officielle, année scolaire 2023-2024. Disponible au niveau région et province uniquement (l'Annuaire ne descend pas à la commune).",établissements,"Annuaire Statistique du Maroc 2024 (HCP), Chapitre XI — Tableau 11-26",2023-2024,actif,education_etablissements_officiel,long,valeur,etab_qualifiant_public,territoire_id,Établissements qualifiant public (Annuaire officiel),Éducation,True,False,neutre,
521,Établissements qualifiant privé (Annuaire officiel),etab_qualifiant_prive,education,"Nombre d'établissements scolaires — Établissements qualifiant privé (Annuaire officiel). Source officielle, année scolaire 2023-2024. Disponible au niveau région et province uniquement (l'Annuaire ne descend pas à la commune).",établissements,"Annuaire Statistique du Maroc 2024 (HCP), Chapitre XI — Tableau 11-32",2023-2024,actif,education_etablissements_officiel,long,valeur,etab_qualifiant_prive,territoire_id,Établissements qualifiant privé (Annuaire officiel),Éducation,True,False,neutre,
522,Établissements qualifiant public + privé (Annuaire officiel),etab_qualifiant_total,education,"Nombre d'établissements scolaires — Établissements qualifiant public + privé (Annuaire officiel). Source officielle, année scolaire 2023-2024. Disponible au niveau région et province uniquement (l'Annuaire ne descend pas à la commune).",établissements,"Annuaire Statistique du Maroc 2024 (HCP), Chapitre XI — Tableaux 11-26 et 11-32",2023-2024,actif,education_etablissements_officiel,long,valeur,etab_qualifiant_total,territoire_id,Établissements qualifiant public + privé (Annuaire officiel),Éducation,True,False,neutre,
523,Établissements avec module d'accouchement,etab_accouchement_nb,health,"Nombre d'établissements de soins de santé primaires disposant d'un module d'accouchement, recensés par la Carte Sanitaire. NE MESURE PAS la présence d'un établissement de soins : de nombreux centres de santé ruraux fonctionnent sans module d'accouchement. Un zéro signale l'absence de ce module, pas l'absence de soins. [Portée : cet indicateur dénombre un ÉQUIPEMENT ou un STATUT au sein d'établissements existants, et non les établissements eux-mêmes. Le catalogue ne contient aucun dénombrement d'établissements de soins au niveau communal : ne produire aucune affirmation sur la couverture sanitaire d'une commune.] [Traçabilité : registre exhaustif — le fichier de même source couvre les 57 provinces du Maroc, y compris celles n'ayant qu'un seul établissement. Un territoire absent du registre n'a donc aucun établissement : sa valeur est zéro, et non une donnée manquante.]",établissements,"Carte Sanitaire (Ministère de la Santé et de la Protection Sociale) — registres des établissements, export officiel 2024. Dénombrement des établissements recensés par territoire.",2024,denombrement,health_etablissements_denombrement,long,valeur,etab_accouchement_nb,territoire_id,Établissements avec module d'accouchement,Santé,True,True,neutre,
524,Établissements avec unité UMP,etab_ump_nb,health,"Nombre d'établissements de soins de santé primaires disposant d'une Unité Médicale de Proximité (UMP), recensés par la Carte Sanitaire. L'UMP assure une présence médicale continue ou renforcée, parfois avec un service d'urgence de proximité hors heures ouvrables. NE MESURE PAS la présence d'un établissement de soins : la grande majorité des centres de santé ruraux n'en sont pas dotés, et une commune sans UMP dispose le plus souvent d'un centre de santé ou d'un dispensaire. Ne jamais en déduire qu'un territoire est dépourvu de structure médicale. [Portée : dénombre un ÉQUIPEMENT au sein d'établissements existants, non les établissements eux-mêmes. Le catalogue ne contient aucun dénombrement d'établissements de soins au niveau communal : ne produire aucune affirmation sur la couverture sanitaire d'une commune.] [Traçabilité : recoupé ligne à ligne avec le tableau de bord officiel de la Carte Sanitaire — province de Tétouan, 4 établissements dans 4 communes (Al Hamra, Dar Bni Karrich, Jbel Lahbib, Oued Laou), valeurs identiques.]",établissements,"Carte Sanitaire (Ministère de la Santé et de la Protection Sociale) — registres des établissements, export officiel 2024. Dénombrement des établissements recensés par territoire.",2024,denombrement,health_etablissements_denombrement,long,valeur,etab_ump_nb,territoire_id,Établissements avec unité UMP,Santé,True,True,neutre,
525,Établissements de rattachement RAMED,etab_ramed_nb,health,"Nombre d'établissements de rattachement au régime RAMED situés dans le territoire, recensés par la Carte Sanitaire. NE MESURE PAS l'accès aux soins ni la couverture médicale de la population : le rattachement administratif d'un établissement ne dit rien du nombre de bénéficiaires ni de la densité de l'offre. [Portée : cet indicateur dénombre un ÉQUIPEMENT ou un STATUT au sein d'établissements existants, et non les établissements eux-mêmes. Le catalogue ne contient aucun dénombrement d'établissements de soins au niveau communal : ne produire aucune affirmation sur la couverture sanitaire d'une commune.] [Traçabilité : registre exhaustif — le fichier de même source couvre les 57 provinces du Maroc, y compris celles n'ayant qu'un seul établissement. Un territoire absent du registre n'a donc aucun établissement : sa valeur est zéro, et non une donnée manquante.]",établissements,"Carte Sanitaire (Ministère de la Santé et de la Protection Sociale) — registres des établissements, export officiel 2024. Dénombrement des établissements recensés par territoire.",2024,denombrement,health_etablissements_denombrement,long,valeur,etab_ramed_nb,territoire_id,Établissements de rattachement RAMED,Santé,True,True,neutre,
526,Indice de pauvreté multidimensionnelle MPI (2014),MPI,socio_economic,"Indice de pauvreté multidimensionnelle MPI, millésime 2014. Valeur publiée par le HCP sur le découpage territorial actuel, donc comparable à celle de 2024. [Traçabilité : millésime 2014 publié par le HCP sur le découpage territorial actuel, donc comparable à 2024 ; 616 valeurs vérifiées contre la source, aucun écart.]",,"HCP — Cartographie de la pauvreté multidimensionnelle (Mai 2025), niveaux commune et province, 2014",2014,validé,socio_economic_pauvrete_indice_2014,long,valeur,MPI_2014,territoire_id,Indice de pauvreté multidimensionnelle MPI (2014),Conditions de vie,True,True,bas_mieux,
527,Taux de pauvreté multidimensionnelle incidence H (2014),taux_pauvrete_H,socio_economic,"Taux de pauvreté multidimensionnelle incidence H, millésime 2014. Valeur publiée par le HCP sur le découpage territorial actuel, donc comparable à celle de 2024. [Traçabilité : millésime 2014 publié par le HCP sur le découpage territorial actuel, donc comparable à 2024 ; 616 valeurs vérifiées contre la source, aucun écart.]",%,"HCP — Cartographie de la pauvreté multidimensionnelle (Mai 2025), niveaux commune et province, 2014",2014,validé,socio_economic_pauvrete_indice_2014,long,valeur,taux_pauvrete_H_2014,territoire_id,Taux de pauvreté multidimensionnelle incidence H (2014),Conditions de vie,True,True,bas_mieux,pauvreté pauvres
528,Intensité de la pauvreté multidimensionnelle A (2014),intensite_A,socio_economic,"Intensité de la pauvreté multidimensionnelle A, millésime 2014. Valeur publiée par le HCP sur le découpage territorial actuel, donc comparable à celle de 2024. [Traçabilité : millésime 2014 publié par le HCP sur le découpage territorial actuel, donc comparable à 2024 ; 616 valeurs vérifiées contre la source, aucun écart.]",%,"HCP — Cartographie de la pauvreté multidimensionnelle (Mai 2025), niveaux commune et province, 2014",2014,validé,socio_economic_pauvrete_indice_2014,long,valeur,intensite_A_2014,territoire_id,Intensité de la pauvreté multidimensionnelle A (2014),Conditions de vie,True,True,bas_mieux,
529,Taux de vulnérabilité à la pauvreté multidimensionnelle (2014),vulnerabilite,socio_economic,"Taux de vulnérabilité à la pauvreté multidimensionnelle, millésime 2014. Valeur publiée par le HCP sur le découpage territorial actuel, donc comparable à celle de 2024. [Traçabilité : millésime 2014 publié par le HCP sur le découpage territorial actuel, donc comparable à 2024 ; 616 valeurs vérifiées contre la source, aucun écart.]",%,"HCP — Cartographie de la pauvreté multidimensionnelle (Mai 2025), niveaux commune et province, 2014",2014,validé,socio_economic_pauvrete_indice_2014,long,valeur,vulnerabilite_2014,territoire_id,Taux de vulnérabilité à la pauvreté multidimensionnelle (2014),Conditions de vie,True,True,bas_mieux,
530,Contribution au MPI — Mortalité infantile,contrib_ind_mortalite_infantile,socio_economic,"Part de la privation « Mortalité infantile » dans l'indice de pauvreté multidimensionnelle. Les dix privations totalisent 100 %. [Traçabilité : 1 540 valeurs vérifiées contre la source ; les dix contributions totalisent 100 % sur les 154 territoires, à 0,000008 point près.]",%,"HCP — Cartographie de la pauvreté multidimensionnelle (Mai 2025), niveaux commune et province, 2024",2024,validé,socio_economic_pauvrete_decomposition_mpi,long,valeur,contrib_ind_mortalite_infantile,territoire_id,Contribution au MPI — Mortalité infantile,Conditions de vie,True,True,neutre,
531,Contribution au MPI — Handicap,contrib_ind_handicap,socio_economic,"Part de la privation « Handicap » dans l'indice de pauvreté multidimensionnelle. Les dix privations totalisent 100 %. [Traçabilité : 1 540 valeurs vérifiées contre la source ; les dix contributions totalisent 100 % sur les 154 territoires, à 0,000008 point près.]",%,"HCP — Cartographie de la pauvreté multidimensionnelle (Mai 2025), niveaux commune et province, 2024",2024,validé,socio_economic_pauvrete_decomposition_mpi,long,valeur,contrib_ind_handicap,territoire_id,Contribution au MPI — Handicap,Conditions de vie,True,True,neutre,
532,Contribution au MPI — Scolarisation des enfants,contrib_ind_scolarisation,socio_economic,"Part de la privation « Scolarisation des enfants » dans l'indice de pauvreté multidimensionnelle. Les dix privations totalisent 100 %. [Traçabilité : 1 540 valeurs vérifiées contre la source ; les dix contributions totalisent 100 % sur les 154 territoires, à 0,000008 point près.]",%,"HCP — Cartographie de la pauvreté multidimensionnelle (Mai 2025), niveaux commune et province, 2024",2024,validé,socio_economic_pauvrete_decomposition_mpi,long,valeur,contrib_ind_scolarisation,territoire_id,Contribution au MPI — Scolarisation des enfants,Conditions de vie,True,True,neutre,
533,Contribution au MPI — Années de scolarité,contrib_ind_annees_scolarite,socio_economic,"Part de la privation « Années de scolarité » dans l'indice de pauvreté multidimensionnelle. Les dix privations totalisent 100 %. [Traçabilité : 1 540 valeurs vérifiées contre la source ; les dix contributions totalisent 100 % sur les 154 territoires, à 0,000008 point près.]",%,"HCP — Cartographie de la pauvreté multidimensionnelle (Mai 2025), niveaux commune et province, 2024",2024,validé,socio_economic_pauvrete_decomposition_mpi,long,valeur,contrib_ind_annees_scolarite,territoire_id,Contribution au MPI — Années de scolarité,Conditions de vie,True,True,neutre,
534,Contribution au MPI — Électricité,contrib_ind_electricite,socio_economic,"Part de la privation « Électricité » dans l'indice de pauvreté multidimensionnelle. Les dix privations totalisent 100 %. [Traçabilité : 1 540 valeurs vérifiées contre la source ; les dix contributions totalisent 100 % sur les 154 territoires, à 0,000008 point près.]",%,"HCP — Cartographie de la pauvreté multidimensionnelle (Mai 2025), niveaux commune et province, 2024",2024,validé,socio_economic_pauvrete_decomposition_mpi,long,valeur,contrib_ind_electricite,territoire_id,Contribution au MPI — Électricité,Conditions de vie,True,True,neutre,
535,Contribution au MPI — Eau,contrib_ind_eau,socio_economic,"Part de la privation « Eau » dans l'indice de pauvreté multidimensionnelle. Les dix privations totalisent 100 %. [Traçabilité : 1 540 valeurs vérifiées contre la source ; les dix contributions totalisent 100 % sur les 154 territoires, à 0,000008 point près.]",%,"HCP — Cartographie de la pauvreté multidimensionnelle (Mai 2025), niveaux commune et province, 2024",2024,validé,socio_economic_pauvrete_decomposition_mpi,long,valeur,contrib_ind_eau,territoire_id,Contribution au MPI — Eau,Conditions de vie,True,True,neutre,
536,Contribution au MPI — Assainissement,contrib_ind_assainissement,socio_economic,"Part de la privation « Assainissement » dans l'indice de pauvreté multidimensionnelle. Les dix privations totalisent 100 %. [Traçabilité : 1 540 valeurs vérifiées contre la source ; les dix contributions totalisent 100 % sur les 154 territoires, à 0,000008 point près.]",%,"HCP — Cartographie de la pauvreté multidimensionnelle (Mai 2025), niveaux commune et province, 2024",2024,validé,socio_economic_pauvrete_decomposition_mpi,long,valeur,contrib_ind_assainissement,territoire_id,Contribution au MPI — Assainissement,Conditions de vie,True,True,neutre,
537,Contribution au MPI — Logement,contrib_ind_logement,socio_economic,"Part de la privation « Logement » dans l'indice de pauvreté multidimensionnelle. Les dix privations totalisent 100 %. [Traçabilité : 1 540 valeurs vérifiées contre la source ; les dix contributions totalisent 100 % sur les 154 territoires, à 0,000008 point près.]",%,"HCP — Cartographie de la pauvreté multidimensionnelle (Mai 2025), niveaux commune et province, 2024",2024,validé,socio_economic_pauvrete_decomposition_mpi,long,valeur,contrib_ind_logement,territoire_id,Contribution au MPI — Logement,Conditions de vie,True,True,neutre,
538,Contribution au MPI — Mode de cuisson,contrib_ind_cuisson,socio_economic,"Part de la privation « Mode de cuisson » dans l'indice de pauvreté multidimensionnelle. Les dix privations totalisent 100 %. [Traçabilité : 1 540 valeurs vérifiées contre la source ; les dix contributions totalisent 100 % sur les 154 territoires, à 0,000008 point près.]",%,"HCP — Cartographie de la pauvreté multidimensionnelle (Mai 2025), niveaux commune et province, 2024",2024,validé,socio_economic_pauvrete_decomposition_mpi,long,valeur,contrib_ind_cuisson,territoire_id,Contribution au MPI — Mode de cuisson,Conditions de vie,True,True,neutre,
539,Contribution au MPI — Moyens de communication,contrib_ind_communication,socio_economic,"Part de la privation « Moyens de communication » dans l'indice de pauvreté multidimensionnelle. Les dix privations totalisent 100 %. [Traçabilité : 1 540 valeurs vérifiées contre la source ; les dix contributions totalisent 100 % sur les 154 territoires, à 0,000008 point près.]",%,"HCP — Cartographie de la pauvreté multidimensionnelle (Mai 2025), niveaux commune et province, 2024",2024,validé,socio_economic_pauvrete_decomposition_mpi,long,valeur,contrib_ind_communication,territoire_id,Contribution au MPI — Moyens de communication,Conditions de vie,True,True,neutre,
