indicateur_id,nom_indicateur,nom_origine,theme,definition,unite,source,annee,statut,table_pg,mode_stockage,colonne_valeur,filtre_indicateur,colonne_territoire,libelle_court,secteur
1,Climat region tta — humidite,humidite,climate,"Climat region tta — humidite. Thème : climate. [Traçabilité : vérifié : Al Hoceïma 2020-2021 = 19,2 °C, identique à l'Annuaire.]",%,"Annuaire Statistique du Maroc (HCP). https://www.hcp.ma/downloads/Annuaire-Statistique-du-Maroc-format-Excel_t22392.html Chapitre 23 — Environnement, tableaux 23-5, 23-6 et 23-7 (stations de la Direction de la Météorologie Nationale).",2020-2024,actif,climate_cleaned_climat_region_tta,long,valeur,humidite,territoire_id,Humidité relative moyenne,Conditions de vie
2,Climat region tta — temp_max,temp_max,climate,"Climat region tta — temp_max. Thème : climate. [Traçabilité : vérifié : Al Hoceïma 2020-2021 = 19,2 °C, identique à l'Annuaire.]",°C,"Annuaire Statistique du Maroc (HCP). https://www.hcp.ma/downloads/Annuaire-Statistique-du-Maroc-format-Excel_t22392.html Chapitre 23 — Environnement, tableaux 23-5, 23-6 et 23-7 (stations de la Direction de la Météorologie Nationale).",2020-2024,actif,climate_cleaned_climat_region_tta,long,valeur,temp_max,territoire_id,Température maximale moyenne,Conditions de vie
3,Climat region tta — temp_min,temp_min,climate,"Climat region tta — temp_min. Thème : climate. [Traçabilité : vérifié : Al Hoceïma 2020-2021 = 19,2 °C, identique à l'Annuaire.]",°C,"Annuaire Statistique du Maroc (HCP). https://www.hcp.ma/downloads/Annuaire-Statistique-du-Maroc-format-Excel_t22392.html Chapitre 23 — Environnement, tableaux 23-5, 23-6 et 23-7 (stations de la Direction de la Météorologie Nationale).",2020-2024,actif,climate_cleaned_climat_region_tta,long,valeur,temp_min,territoire_id,Température minimale moyenne,Conditions de vie
4,temp_moyenne,temp_moyenne,climate,"temp_moyenne. Thème : climate. [Traçabilité : vérifié : Al Hoceïma 2020-2021 = 19,2 °C, identique à l'Annuaire.]",°C,"Annuaire Statistique du Maroc (HCP). https://www.hcp.ma/downloads/Annuaire-Statistique-du-Maroc-format-Excel_t22392.html Chapitre 23 — Environnement, tableaux 23-5, 23-6 et 23-7 (stations de la Direction de la Météorologie Nationale).",2020-2024,actif,climate_cleaned_climat_region_tta,long,valeur,temp_moyenne,territoire_id,Température moyenne,Conditions de vie
5,La base de donn es excel de la migration — entrees,entrees,demography,"La base de donn es excel de la migration — entrees. Thème : demography. [Traçabilité : source RGPH 2024, publication d'octobre 2025.]",nombre,"RGPH 2024 — Base de données de la migration interne, Octobre 2025 (HCP). Méthodologie : document de métadonnées HCP.",2024,actif,demography_cleaned_la_base_de_donn_es_excel_de_la_migration_,long,valeur,entrees,territoire_id,Entrées migratoires (durée de vie),Démographie
6,La base de donn es excel de la migration — indice_entrees (%),indice_entrees (%),demography,"La base de donn es excel de la migration — indice_entrees (%). Thème : demography. [Traçabilité : source RGPH 2024, publication d'octobre 2025.]",%,"RGPH 2024 — Base de données de la migration interne, Octobre 2025 (HCP). Méthodologie : document de métadonnées HCP.",2024,actif,demography_cleaned_la_base_de_donn_es_excel_de_la_migration_,long,valeur,indice_entrees (%),territoire_id,Indice d'entrées migratoires (durée de vie),Démographie
7,La base de donn es excel de la migration — indice_sortie (%),indice_sortie (%),demography,"La base de donn es excel de la migration — indice_sortie (%). Thème : demography. [Traçabilité : source RGPH 2024, publication d'octobre 2025.]",%,"RGPH 2024 — Base de données de la migration interne, Octobre 2025 (HCP). Méthodologie : document de métadonnées HCP.",2024,actif,demography_cleaned_la_base_de_donn_es_excel_de_la_migration_,long,valeur,indice_sortie (%),territoire_id,Indice de sorties migratoires (durée de vie),Démographie
8,La base de donn es excel de la migration — natifs,natifs,demography,"La base de donn es excel de la migration — natifs. Thème : demography. [Traçabilité : source RGPH 2024, publication d'octobre 2025.]",hab,"RGPH 2024 — Base de données de la migration interne, Octobre 2025 (HCP). Méthodologie : document de métadonnées HCP.",2024,actif,demography_cleaned_la_base_de_donn_es_excel_de_la_migration_,long,valeur,natifs,territoire_id,Natifs du territoire,Démographie
9,La base de donn es excel de la migration — natifs_residents_non_migrants,natifs_residents_non_migrants,demography,"La base de donn es excel de la migration — natifs_residents_non_migrants. Thème : demography. [Traçabilité : source RGPH 2024, publication d'octobre 2025.]",hab,"RGPH 2024 — Base de données de la migration interne, Octobre 2025 (HCP). Méthodologie : document de métadonnées HCP.",2024,actif,demography_cleaned_la_base_de_donn_es_excel_de_la_migration_,long,valeur,natifs_residents_non_migrants,territoire_id,Natifs résidant dans leur territoire de naissance,Démographie
10,La base de donn es excel de la migration — population_sedentaire,population_sedentaire,demography,"La base de donn es excel de la migration — population_sedentaire. Thème : demography. [Traçabilité : source RGPH 2024, publication d'octobre 2025.]",hab,"RGPH 2024 — Base de données de la migration interne, Octobre 2025 (HCP). Méthodologie : document de métadonnées HCP.",2024,actif,demography_cleaned_la_base_de_donn_es_excel_de_la_migration_,long,valeur,population_sedentaire,territoire_id,Population sédentaire,Démographie
11,La base de donn es excel de la migration — sorties,sorties,demography,"La base de donn es excel de la migration — sorties. Thème : demography. [Traçabilité : source RGPH 2024, publication d'octobre 2025.]",nombre,"RGPH 2024 — Base de données de la migration interne, Octobre 2025 (HCP). Méthodologie : document de métadonnées HCP.",2024,actif,demography_cleaned_la_base_de_donn_es_excel_de_la_migration_,long,valeur,sorties,territoire_id,Sorties migratoires (durée de vie),Démographie
12,La base de donn es excel de la migration 2 — entrees,entrees,demography,"La base de donn es excel de la migration 2 — entrees. Thème : demography. [Traçabilité : source RGPH 2024, publication d'octobre 2025.]",nombre,"RGPH 2024 — Base de données de la migration interne, Octobre 2025 (HCP). Méthodologie : document de métadonnées HCP.",2024,actif,demography_cleaned_la_base_de_donn_es_excel_de_la_migration__2,long,valeur,entrees,territoire_id,Entrées migratoires (5 dernières années),Démographie
13,La base de donn es excel de la migration 2 — indice_entrees (%),indice_entrees (%),demography,"La base de donn es excel de la migration 2 — indice_entrees (%). Thème : demography. [Traçabilité : source RGPH 2024, publication d'octobre 2025.]",%,"RGPH 2024 — Base de données de la migration interne, Octobre 2025 (HCP). Méthodologie : document de métadonnées HCP.",2024,actif,demography_cleaned_la_base_de_donn_es_excel_de_la_migration__2,long,valeur,indice_entrees (%),territoire_id,Indice d'entrées migratoires (5 ans),Démographie
14,La base de donn es excel de la migration 2 — indice_sortie (%),indice_sortie (%),demography,"La base de donn es excel de la migration 2 — indice_sortie (%). Thème : demography. [Traçabilité : source RGPH 2024, publication d'octobre 2025.]",%,"RGPH 2024 — Base de données de la migration interne, Octobre 2025 (HCP). Méthodologie : document de métadonnées HCP.",2024,actif,demography_cleaned_la_base_de_donn_es_excel_de_la_migration__2,long,valeur,indice_sortie (%),territoire_id,Indice de sorties migratoires (5 ans),Démographie
15,La base de donn es excel de la migration 2 — natifs_residents_non_migrants,natifs_residents_non_migrants,demography,"La base de donn es excel de la migration 2 — natifs_residents_non_migrants. Thème : demography. [Traçabilité : source RGPH 2024, publication d'octobre 2025.]",hab,"RGPH 2024 — Base de données de la migration interne, Octobre 2025 (HCP). Méthodologie : document de métadonnées HCP.",2024,actif,demography_cleaned_la_base_de_donn_es_excel_de_la_migration__2,long,valeur,natifs_residents_non_migrants,territoire_id,Résidents non migrants (5 ans),Démographie
16,population_sedentaire_5ans_plus,population_sedentaire_5ans_plus,demography,"population_sedentaire_5ans_plus. Thème : demography. [Traçabilité : source RGPH 2024, publication d'octobre 2025.]",hab,"RGPH 2024 — Base de données de la migration interne, Octobre 2025 (HCP). Méthodologie : document de métadonnées HCP.",2024,actif,demography_cleaned_la_base_de_donn_es_excel_de_la_migration__2,long,valeur,population_sedentaire_5ans_plus,territoire_id,Population sédentaire de 5 ans et plus,Démographie
17,residents_recents_5ans,residents_recents_5ans,demography,"residents_recents_5ans. Thème : demography. [Traçabilité : source RGPH 2024, publication d'octobre 2025.]",hab,"RGPH 2024 — Base de données de la migration interne, Octobre 2025 (HCP). Méthodologie : document de métadonnées HCP.",2024,actif,demography_cleaned_la_base_de_donn_es_excel_de_la_migration__2,long,valeur,residents_recents_5ans,territoire_id,Résidents installés depuis moins de 5 ans,Démographie
18,La base de donn es excel de la migration 2 — sorties,sorties,demography,"La base de donn es excel de la migration 2 — sorties. Thème : demography. [Traçabilité : source RGPH 2024, publication d'octobre 2025.]",nombre,"RGPH 2024 — Base de données de la migration interne, Octobre 2025 (HCP). Méthodologie : document de métadonnées HCP.",2024,actif,demography_cleaned_la_base_de_donn_es_excel_de_la_migration__2,long,valeur,sorties,territoire_id,Sorties migratoires (5 dernières années),Démographie
19,La base de donn es excel de la migration 3 — entrees,entrees,demography,"La base de donn es excel de la migration 3 — entrees. Thème : demography. [Traçabilité : source RGPH 2024, publication d'octobre 2025.]",nombre,"RGPH 2024 — Base de données de la migration interne, Octobre 2025 (HCP). Méthodologie : document de métadonnées HCP.",2024,actif,demography_cleaned_la_base_de_donn_es_excel_de_la_migration__3,long,valeur,entrees,territoire_id,Entrées migratoires (10 dernières années),Démographie
20,La base de donn es excel de la migration 3 — indice_entrees (%),indice_entrees (%),demography,"La base de donn es excel de la migration 3 — indice_entrees (%). Thème : demography. [Traçabilité : source RGPH 2024, publication d'octobre 2025.]",%,"RGPH 2024 — Base de données de la migration interne, Octobre 2025 (HCP). Méthodologie : document de métadonnées HCP.",2024,actif,demography_cleaned_la_base_de_donn_es_excel_de_la_migration__3,long,valeur,indice_entrees (%),territoire_id,Indice d'entrées migratoires (10 ans),Démographie
21,La base de donn es excel de la migration 3 — indice_sortie (%),indice_sortie (%),demography,"La base de donn es excel de la migration 3 — indice_sortie (%). Thème : demography. [Traçabilité : source RGPH 2024, publication d'octobre 2025.]",%,"RGPH 2024 — Base de données de la migration interne, Octobre 2025 (HCP). Méthodologie : document de métadonnées HCP.",2024,actif,demography_cleaned_la_base_de_donn_es_excel_de_la_migration__3,long,valeur,indice_sortie (%),territoire_id,Indice de sorties migratoires (10 ans),Démographie
22,La base de donn es excel de la migration 3 — natifs_residents_non_migrants,natifs_residents_non_migrants,demography,"La base de donn es excel de la migration 3 — natifs_residents_non_migrants. Thème : demography. [Traçabilité : source RGPH 2024, publication d'octobre 2025.]",hab,"RGPH 2024 — Base de données de la migration interne, Octobre 2025 (HCP). Méthodologie : document de métadonnées HCP.",2024,actif,demography_cleaned_la_base_de_donn_es_excel_de_la_migration__3,long,valeur,natifs_residents_non_migrants,territoire_id,Résidents non migrants (10 ans),Démographie
23,La base de donn es excel de la migration 3 — population_sedentaire,population_sedentaire,demography,"La base de donn es excel de la migration 3 — population_sedentaire. Thème : demography. [Traçabilité : source RGPH 2024, publication d'octobre 2025.]",hab,"RGPH 2024 — Base de données de la migration interne, Octobre 2025 (HCP). Méthodologie : document de métadonnées HCP.",2024,actif,demography_cleaned_la_base_de_donn_es_excel_de_la_migration__3,long,valeur,population_sedentaire,territoire_id,Population sédentaire (référence 10 ans),Démographie
24,residents_recents_10ans,residents_recents_10ans,demography,"residents_recents_10ans. Thème : demography. [Traçabilité : source RGPH 2024, publication d'octobre 2025.]",hab,"RGPH 2024 — Base de données de la migration interne, Octobre 2025 (HCP). Méthodologie : document de métadonnées HCP.",2024,actif,demography_cleaned_la_base_de_donn_es_excel_de_la_migration__3,long,valeur,residents_recents_10ans,territoire_id,Résidents installés depuis moins de 10 ans,Démographie
25,La base de donn es excel de la migration 3 — sorties,sorties,demography,"La base de donn es excel de la migration 3 — sorties. Thème : demography. [Traçabilité : source RGPH 2024, publication d'octobre 2025.]",nombre,"RGPH 2024 — Base de données de la migration interne, Octobre 2025 (HCP). Méthodologie : document de métadonnées HCP.",2024,actif,demography_cleaned_la_base_de_donn_es_excel_de_la_migration__3,long,valeur,sorties,territoire_id,Sorties migratoires (10 dernières années),Démographie
26,effectif_migrants_internationaux,effectif_migrants_internationaux,demography,"effectif_migrants_internationaux. Thème : demography. [Traçabilité : source RGPH 2024, publication d'octobre 2025.]",nombre,"RGPH 2024 — Base de données de la migration interne, Octobre 2025 (HCP). Méthodologie : document de métadonnées HCP.",2024,actif,demography_cleaned_la_base_de_donn_es_excel_de_la_migration__4,long,valeur,effectif_migrants_internationaux,territoire_id,Migrants internationaux,Démographie
27,Ages mariage handicap — Descendance finale des femmes,Descendance finale des femmes,demography,Ages mariage handicap — Descendance finale des femmes. Thème : demography. [Traçabilité : source RGPH 2024.],,RGPH 2024 — Recensement Général de la Population et de l'Habitat (HCP). https://resultats2024.rgphapps.ma/,2024,actif,demography_demography_ages_mariage_handicap,long,valeur,Descendance finale des femmes,territoire_id,Ages mariage handicap — Descendance finale des femmes,non cartographiable
28,Indice Synthétique de fécondité,Indice Synthétique de fécondité,demography,Indice Synthétique de fécondité. Thème : demography. [Traçabilité : source RGPH 2024.],,RGPH 2024 — Recensement Général de la Population et de l'Habitat (HCP). https://resultats2024.rgphapps.ma/,2024,actif,demography_demography_ages_mariage_handicap,long,valeur,Indice Synthétique de fécondité,territoire_id,Indice Synthétique de fécondité,non cartographiable
29,Ages mariage handicap — Population de 15 ans et plus,Population de 15 ans et plus,demography,Ages mariage handicap — Population de 15 ans et plus. Thème : demography. [Traçabilité : source RGPH 2024.],hab,RGPH 2024 — Recensement Général de la Population et de l'Habitat (HCP). https://resultats2024.rgphapps.ma/,2024,actif,demography_demography_ages_mariage_handicap,long,valeur,Population de 15 ans et plus,territoire_id,Ages mariage handicap — Population de 15 ans et plus,non cartographiable
30,Taux de couverture médicale (%),Taux de couverture médicale (%),demography,Taux de couverture médicale (%). Thème : demography. [Traçabilité : source RGPH 2024.],%,RGPH 2024 — Recensement Général de la Population et de l'Habitat (HCP). https://resultats2024.rgphapps.ma/,2024,actif,demography_demography_ages_mariage_handicap,long,valeur,Taux de couverture médicale (%),territoire_id,Taux de couverture médicale,non cartographiable
32,Taux de prévalence du handicap par groupes d'âges (%),Taux de prévalence du handicap par groupes d'âges (%),demography,Taux de prévalence du handicap par groupes d'âges (%). Thème : demography. [Traçabilité : source RGPH 2024.],%,RGPH 2024 — Recensement Général de la Population et de l'Habitat (HCP). https://resultats2024.rgphapps.ma/,2024,actif,demography_demography_ages_mariage_handicap,long,valeur,Taux de prévalence du handicap par groupes d'âges (%),territoire_id,Taux de prévalence du handicap par groupes d'âges,non cartographiable
33,Âge moyen au premier mariage,Âge moyen au premier mariage,demography,Âge moyen au premier mariage. Thème : demography. [Traçabilité : source RGPH 2024.],,RGPH 2024 — Recensement Général de la Population et de l'Habitat (HCP). https://resultats2024.rgphapps.ma/,2024,actif,demography_demography_ages_mariage_handicap,long,valeur,Âge moyen au premier mariage,territoire_id,Âge moyen au premier mariage,non cartographiable
34,État matrimonial des 15 ans et plus (%),État matrimonial des 15 ans et plus (%),demography,État matrimonial des 15 ans et plus (%). Thème : demography. [Traçabilité : source RGPH 2024.],%,RGPH 2024 — Recensement Général de la Population et de l'Habitat (HCP). https://resultats2024.rgphapps.ma/,2024,actif,demography_demography_ages_mariage_handicap,long,valeur,État matrimonial des 15 ans et plus (%),territoire_id,État matrimonial des 15 ans et plus,non cartographiable
35,Population rgph2024 population demogra — Descendance finale des femmes,Descendance finale des femmes,demography,Population rgph2024 population demogra — Descendance finale des femmes. Thème : demography. [Traçabilité : vérifié : 441/441 valeurs concordantes avec la source HCP.],enfants/femme,RGPH 2024 — Recensement Général de la Population et de l'Habitat (HCP). https://resultats2024.rgphapps.ma/,2024,actif,demography_demography_population_rgph2024_population_demogra,long,valeur,Descendance finale des femmes,territoire_id,Descendance finale des femmes,Démographie
36,Indicateur conjoncturel de fécondité,Indicateur conjoncturel de fécondité,demography,Indicateur conjoncturel de fécondité. Thème : demography. [Traçabilité : vérifié : 441/441 valeurs concordantes avec la source HCP.],enfants/femme,RGPH 2024 — Recensement Général de la Population et de l'Habitat (HCP). https://resultats2024.rgphapps.ma/,2024,actif,demography_demography_population_rgph2024_population_demogra,long,valeur,Indicateur conjoncturel de fécondité,territoire_id,Indicateur conjoncturel de fécondité,Démographie
37,Population rgph2024 population demogra — Population de 10 ans et plus,Population de 10 ans et plus,demography,Population rgph2024 population demogra — Population de 10 ans et plus. Thème : demography. [Traçabilité : vérifié : 441/441 valeurs concordantes avec la source HCP.],hab,RGPH 2024 — Recensement Général de la Population et de l'Habitat (HCP). https://resultats2024.rgphapps.ma/,2024,actif,demography_demography_population_rgph2024_population_demogra,long,valeur,Population de 10 ans et plus,territoire_id,Population de 10 ans et plus,Démographie
38,Population rgph2024 population demogra — Population de 15 ans et plus,Population de 15 ans et plus,demography,Population rgph2024 population demogra — Population de 15 ans et plus. Thème : demography. [Traçabilité : vérifié : 441/441 valeurs concordantes avec la source HCP.],hab,RGPH 2024 — Recensement Général de la Population et de l'Habitat (HCP). https://resultats2024.rgphapps.ma/,2024,actif,demography_demography_population_rgph2024_population_demogra,long,valeur,Population de 15 ans et plus,territoire_id,Population de 15 ans et plus,Démographie
39,Population rgph2024 population demogra — Population de 7-12 ans,Population de 7-12 ans,demography,Population rgph2024 population demogra — Population de 7-12 ans. Thème : demography. [Traçabilité : vérifié : 441/441 valeurs concordantes avec la source HCP.],hab,RGPH 2024 — Recensement Général de la Population et de l'Habitat (HCP). https://resultats2024.rgphapps.ma/,2024,actif,demography_demography_population_rgph2024_population_demogra,long,valeur,Population de 7-12 ans,territoire_id,Population de 7 à 12 ans,Démographie
40,Population légale,Population légale,demography,Population légale. Thème : demography. [Traçabilité : vérifié : 441/441 valeurs concordantes avec la source HCP.],hab,RGPH 2024 — Recensement Général de la Population et de l'Habitat (HCP). https://resultats2024.rgphapps.ma/,2024,validé,demography_demography_population_rgph2024_population_demogra,long,valeur,Population légale,territoire_id,Population légale,Démographie
41,Population municipale,Population municipale,demography,Population municipale. Thème : demography. [Traçabilité : vérifié : 441/441 valeurs concordantes avec la source HCP.],hab,RGPH 2024 — Recensement Général de la Population et de l'Habitat (HCP). https://resultats2024.rgphapps.ma/,2024,actif,demography_demography_population_rgph2024_population_demogra,long,valeur,Population municipale,territoire_id,Population municipale,Démographie
42,Sexe (%) - Féminin,Sexe (%) - Féminin,demography,Sexe (%) - Féminin. Thème : demography. [Traçabilité : vérifié : 441/441 valeurs concordantes avec la source HCP.],%,RGPH 2024 — Recensement Général de la Population et de l'Habitat (HCP). https://resultats2024.rgphapps.ma/,2024,actif,demography_demography_population_rgph2024_population_demogra,long,valeur,Sexe (%) - Féminin,territoire_id,Sexe — Féminin,Démographie
43,Sexe (%) - Masculin,Sexe (%) - Masculin,demography,Sexe (%) - Masculin. Thème : demography. [Traçabilité : vérifié : 441/441 valeurs concordantes avec la source HCP.],%,RGPH 2024 — Recensement Général de la Population et de l'Habitat (HCP). https://resultats2024.rgphapps.ma/,2024,actif,demography_demography_population_rgph2024_population_demogra,long,valeur,Sexe (%) - Masculin,territoire_id,Sexe — Masculin,Démographie
44,Âge moyen singulier au mariage,Âge moyen singulier au mariage,demography,Âge moyen singulier au mariage. Thème : demography. [Traçabilité : vérifié : 441/441 valeurs concordantes avec la source HCP.],ans,RGPH 2024 — Recensement Général de la Population et de l'Habitat (HCP). https://resultats2024.rgphapps.ma/,2024,actif,demography_demography_population_rgph2024_population_demogra,long,valeur,Âge moyen singulier au mariage,territoire_id,Âge moyen singulier au mariage,Démographie
45,Âge quinquennal (%) - 0-4 ans,Âge quinquennal (%) - 0-4 ans,demography,Âge quinquennal (%) - 0-4 ans. Thème : demography. [Traçabilité : vérifié : 441/441 valeurs concordantes avec la source HCP.],%,RGPH 2024 — Recensement Général de la Population et de l'Habitat (HCP). https://resultats2024.rgphapps.ma/,2024,actif,demography_demography_population_rgph2024_population_demogra,long,valeur,Âge quinquennal (%) - 0-4 ans,territoire_id,Âge quinquennal — 0-4 ans,Démographie
46,Âge quinquennal (%) - 10-14 ans,Âge quinquennal (%) - 10-14 ans,demography,Âge quinquennal (%) - 10-14 ans. Thème : demography. [Traçabilité : vérifié : 441/441 valeurs concordantes avec la source HCP.],%,RGPH 2024 — Recensement Général de la Population et de l'Habitat (HCP). https://resultats2024.rgphapps.ma/,2024,actif,demography_demography_population_rgph2024_population_demogra,long,valeur,Âge quinquennal (%) - 10-14 ans,territoire_id,Âge quinquennal — 10-14 ans,Démographie
47,Âge quinquennal (%) - 15-19 ans,Âge quinquennal (%) - 15-19 ans,demography,Âge quinquennal (%) - 15-19 ans. Thème : demography. [Traçabilité : vérifié : 441/441 valeurs concordantes avec la source HCP.],%,RGPH 2024 — Recensement Général de la Population et de l'Habitat (HCP). https://resultats2024.rgphapps.ma/,2024,actif,demography_demography_population_rgph2024_population_demogra,long,valeur,Âge quinquennal (%) - 15-19 ans,territoire_id,Âge quinquennal — 15-19 ans,Démographie
48,Âge quinquennal (%) - 20-24 ans,Âge quinquennal (%) - 20-24 ans,demography,Âge quinquennal (%) - 20-24 ans. Thème : demography. [Traçabilité : vérifié : 441/441 valeurs concordantes avec la source HCP.],%,RGPH 2024 — Recensement Général de la Population et de l'Habitat (HCP). https://resultats2024.rgphapps.ma/,2024,actif,demography_demography_population_rgph2024_population_demogra,long,valeur,Âge quinquennal (%) - 20-24 ans,territoire_id,Âge quinquennal — 20-24 ans,Démographie
49,Âge quinquennal (%) - 25-29 ans,Âge quinquennal (%) - 25-29 ans,demography,Âge quinquennal (%) - 25-29 ans. Thème : demography. [Traçabilité : vérifié : 441/441 valeurs concordantes avec la source HCP.],%,RGPH 2024 — Recensement Général de la Population et de l'Habitat (HCP). https://resultats2024.rgphapps.ma/,2024,actif,demography_demography_population_rgph2024_population_demogra,long,valeur,Âge quinquennal (%) - 25-29 ans,territoire_id,Âge quinquennal — 25-29 ans,Démographie
50,Âge quinquennal (%) - 30-34 ans,Âge quinquennal (%) - 30-34 ans,demography,Âge quinquennal (%) - 30-34 ans. Thème : demography. [Traçabilité : vérifié : 441/441 valeurs concordantes avec la source HCP.],%,RGPH 2024 — Recensement Général de la Population et de l'Habitat (HCP). https://resultats2024.rgphapps.ma/,2024,actif,demography_demography_population_rgph2024_population_demogra,long,valeur,Âge quinquennal (%) - 30-34 ans,territoire_id,Âge quinquennal — 30-34 ans,Démographie
51,Âge quinquennal (%) - 35-39 ans,Âge quinquennal (%) - 35-39 ans,demography,Âge quinquennal (%) - 35-39 ans. Thème : demography. [Traçabilité : vérifié : 441/441 valeurs concordantes avec la source HCP.],%,RGPH 2024 — Recensement Général de la Population et de l'Habitat (HCP). https://resultats2024.rgphapps.ma/,2024,actif,demography_demography_population_rgph2024_population_demogra,long,valeur,Âge quinquennal (%) - 35-39 ans,territoire_id,Âge quinquennal — 35-39 ans,Démographie
52,Âge quinquennal (%) - 40-44 ans,Âge quinquennal (%) - 40-44 ans,demography,Âge quinquennal (%) - 40-44 ans. Thème : demography. [Traçabilité : vérifié : 441/441 valeurs concordantes avec la source HCP.],%,RGPH 2024 — Recensement Général de la Population et de l'Habitat (HCP). https://resultats2024.rgphapps.ma/,2024,actif,demography_demography_population_rgph2024_population_demogra,long,valeur,Âge quinquennal (%) - 40-44 ans,territoire_id,Âge quinquennal — 40-44 ans,Démographie
53,Âge quinquennal (%) - 45-49 ans,Âge quinquennal (%) - 45-49 ans,demography,Âge quinquennal (%) - 45-49 ans. Thème : demography. [Traçabilité : vérifié : 441/441 valeurs concordantes avec la source HCP.],%,RGPH 2024 — Recensement Général de la Population et de l'Habitat (HCP). https://resultats2024.rgphapps.ma/,2024,actif,demography_demography_population_rgph2024_population_demogra,long,valeur,Âge quinquennal (%) - 45-49 ans,territoire_id,Âge quinquennal — 45-49 ans,Démographie
54,Âge quinquennal (%) - 5-9 ans,Âge quinquennal (%) - 5-9 ans,demography,Âge quinquennal (%) - 5-9 ans. Thème : demography. [Traçabilité : vérifié : 441/441 valeurs concordantes avec la source HCP.],%,RGPH 2024 — Recensement Général de la Population et de l'Habitat (HCP). https://resultats2024.rgphapps.ma/,2024,actif,demography_demography_population_rgph2024_population_demogra,long,valeur,Âge quinquennal (%) - 5-9 ans,territoire_id,Âge quinquennal — 5-9 ans,Démographie
55,Âge quinquennal (%) - 50-54 ans,Âge quinquennal (%) - 50-54 ans,demography,Âge quinquennal (%) - 50-54 ans. Thème : demography. [Traçabilité : vérifié : 441/441 valeurs concordantes avec la source HCP.],%,RGPH 2024 — Recensement Général de la Population et de l'Habitat (HCP). https://resultats2024.rgphapps.ma/,2024,actif,demography_demography_population_rgph2024_population_demogra,long,valeur,Âge quinquennal (%) - 50-54 ans,territoire_id,Âge quinquennal — 50-54 ans,Démographie
56,Âge quinquennal (%) - 55-59 ans,Âge quinquennal (%) - 55-59 ans,demography,Âge quinquennal (%) - 55-59 ans. Thème : demography. [Traçabilité : vérifié : 441/441 valeurs concordantes avec la source HCP.],%,RGPH 2024 — Recensement Général de la Population et de l'Habitat (HCP). https://resultats2024.rgphapps.ma/,2024,actif,demography_demography_population_rgph2024_population_demogra,long,valeur,Âge quinquennal (%) - 55-59 ans,territoire_id,Âge quinquennal — 55-59 ans,Démographie
57,Âge quinquennal (%) - 60-64 ans,Âge quinquennal (%) - 60-64 ans,demography,Âge quinquennal (%) - 60-64 ans. Thème : demography. [Traçabilité : vérifié : 441/441 valeurs concordantes avec la source HCP.],%,RGPH 2024 — Recensement Général de la Population et de l'Habitat (HCP). https://resultats2024.rgphapps.ma/,2024,actif,demography_demography_population_rgph2024_population_demogra,long,valeur,Âge quinquennal (%) - 60-64 ans,territoire_id,Âge quinquennal — 60-64 ans,Démographie
58,Âge quinquennal (%) - 65-69 ans,Âge quinquennal (%) - 65-69 ans,demography,Âge quinquennal (%) - 65-69 ans. Thème : demography. [Traçabilité : vérifié : 441/441 valeurs concordantes avec la source HCP.],%,RGPH 2024 — Recensement Général de la Population et de l'Habitat (HCP). https://resultats2024.rgphapps.ma/,2024,actif,demography_demography_population_rgph2024_population_demogra,long,valeur,Âge quinquennal (%) - 65-69 ans,territoire_id,Âge quinquennal — 65-69 ans,Démographie
59,Âge quinquennal (%) - 70-74 ans,Âge quinquennal (%) - 70-74 ans,demography,Âge quinquennal (%) - 70-74 ans. Thème : demography. [Traçabilité : vérifié : 441/441 valeurs concordantes avec la source HCP.],%,RGPH 2024 — Recensement Général de la Population et de l'Habitat (HCP). https://resultats2024.rgphapps.ma/,2024,actif,demography_demography_population_rgph2024_population_demogra,long,valeur,Âge quinquennal (%) - 70-74 ans,territoire_id,Âge quinquennal — 70-74 ans,Démographie
60,Âge quinquennal (%) - 75 ans ou plus,Âge quinquennal (%) - 75 ans ou plus,demography,Âge quinquennal (%) - 75 ans ou plus. Thème : demography. [Traçabilité : vérifié : 441/441 valeurs concordantes avec la source HCP.],%,RGPH 2024 — Recensement Général de la Population et de l'Habitat (HCP). https://resultats2024.rgphapps.ma/,2024,actif,demography_demography_population_rgph2024_population_demogra,long,valeur,Âge quinquennal (%) - 75 ans ou plus,territoire_id,Âge quinquennal — 75 ans ou plus,Démographie
61,État matrimonial des 15 ans et plus (%) - Célibataire,État matrimonial des 15 ans et plus (%) - Célibataire,demography,État matrimonial des 15 ans et plus (%) - Célibataire. Thème : demography. [Traçabilité : vérifié : 441/441 valeurs concordantes avec la source HCP.],%,RGPH 2024 — Recensement Général de la Population et de l'Habitat (HCP). https://resultats2024.rgphapps.ma/,2024,actif,demography_demography_population_rgph2024_population_demogra,long,valeur,État matrimonial des 15 ans et plus (%) - Célibataire,territoire_id,État matrimonial des 15 ans et plus — Célibataire,Démographie
62,État matrimonial des 15 ans et plus (%) - Divorcé.e,État matrimonial des 15 ans et plus (%) - Divorcé.e,demography,État matrimonial des 15 ans et plus (%) - Divorcé.e. Thème : demography. [Traçabilité : vérifié : 441/441 valeurs concordantes avec la source HCP.],%,RGPH 2024 — Recensement Général de la Population et de l'Habitat (HCP). https://resultats2024.rgphapps.ma/,2024,actif,demography_demography_population_rgph2024_population_demogra,long,valeur,État matrimonial des 15 ans et plus (%) - Divorcé.e,territoire_id,État matrimonial des 15 ans et plus — Divorcé.e,Démographie
63,État matrimonial des 15 ans et plus (%) - Marié.e,État matrimonial des 15 ans et plus (%) - Marié.e,demography,État matrimonial des 15 ans et plus (%) - Marié.e. Thème : demography. [Traçabilité : vérifié : 441/441 valeurs concordantes avec la source HCP.],%,RGPH 2024 — Recensement Général de la Population et de l'Habitat (HCP). https://resultats2024.rgphapps.ma/,2024,actif,demography_demography_population_rgph2024_population_demogra,long,valeur,État matrimonial des 15 ans et plus (%) - Marié.e,territoire_id,État matrimonial des 15 ans et plus — Marié.e,Démographie
64,État matrimonial des 15 ans et plus (%) - Veuf.ve,État matrimonial des 15 ans et plus (%) - Veuf.ve,demography,État matrimonial des 15 ans et plus (%) - Veuf.ve. Thème : demography. [Traçabilité : vérifié : 441/441 valeurs concordantes avec la source HCP.],%,RGPH 2024 — Recensement Général de la Population et de l'Habitat (HCP). https://resultats2024.rgphapps.ma/,2024,actif,demography_demography_population_rgph2024_population_demogra,long,valeur,État matrimonial des 15 ans et plus (%) - Veuf.ve,territoire_id,État matrimonial des 15 ans et plus — Veuf.ve,Démographie
65,menages_2014,menages_2014,demography,menages_2014. Thème : demography. [Traçabilité : source RGPH 2024 (populations légales 2014 et 2024).],nombre,RGPH 2024 — Recensement Général de la Population et de l'Habitat (HCP). https://resultats2024.rgphapps.ma/,2024,actif,demography_demography_population_population_1,long,valeur,menages_2014,territoire_id,Ménages (2014),Démographie
66,menages_2024,menages_2024,demography,menages_2024. Thème : demography. [Traçabilité : source RGPH 2024 (populations légales 2014 et 2024).],nombre,RGPH 2024 — Recensement Général de la Population et de l'Habitat (HCP). https://resultats2024.rgphapps.ma/,2024,actif,demography_demography_population_population_1,long,valeur,menages_2024,territoire_id,Ménages (2024),Démographie
67,population_legale_2014,population_legale_2014,demography,population_legale_2014. Thème : demography. [Traçabilité : source RGPH 2024 (populations légales 2014 et 2024).],hab,RGPH 2024 — Recensement Général de la Population et de l'Habitat (HCP). https://resultats2024.rgphapps.ma/,2024,actif,demography_demography_population_population_1,long,valeur,population_legale_2014,territoire_id,Population légale (2014),Démographie
68,population_legale_2024,population_legale_2024,demography,population_legale_2024. Thème : demography. [Traçabilité : source RGPH 2024 (populations légales 2014 et 2024).],hab,RGPH 2024 — Recensement Général de la Population et de l'Habitat (HCP). https://resultats2024.rgphapps.ma/,2024,actif,demography_demography_population_population_1,long,valeur,population_legale_2024,territoire_id,Population légale (2024),Démographie
69,taux_accroissement_menages_pct,taux_accroissement_menages_pct,demography,taux_accroissement_menages_pct. Thème : demography. [Traçabilité : source RGPH 2024 (populations légales 2014 et 2024).],%,RGPH 2024 — Recensement Général de la Population et de l'Habitat (HCP). https://resultats2024.rgphapps.ma/,2024,actif,demography_demography_population_population_1,long,valeur,taux_accroissement_menages_pct,territoire_id,Taux d'accroissement annuel des ménages,Démographie
70,taux_accroissement_pop_pct,taux_accroissement_pop_pct,demography,taux_accroissement_pop_pct. Thème : demography. [Traçabilité : source RGPH 2024 (populations légales 2014 et 2024).],%,RGPH 2024 — Recensement Général de la Population et de l'Habitat (HCP). https://resultats2024.rgphapps.ma/,2024,actif,demography_demography_population_population_1,long,valeur,taux_accroissement_pop_pct,territoire_id,Taux d'accroissement annuel de la population,Démographie
71,Population legale 2025 urba — menages,menages,demography,"Population legale 2025 urba — menages. Thème : demography. [Traçabilité : vérifié : Ensemble = Urbain + Rural, concordant avec 2 sources HCP.]",ménages,RGPH 2024 — Recensement Général de la Population et de l'Habitat (HCP). https://resultats2024.rgphapps.ma/,2024,actif,demography_demography_population_population_legale_2025_urba,long,valeur,menages,territoire_id,Ménages (2025),Démographie
72,Population legale 2025 urba,population,demography,"Population legale 2025 urba. Thème : demography. [Traçabilité : vérifié : Ensemble = Urbain + Rural, concordant avec 2 sources HCP.]",hab,RGPH 2024 — Recensement Général de la Population et de l'Habitat (HCP). https://resultats2024.rgphapps.ma/,2024,actif,demography_demography_population_population_legale_2025_urba,long,valeur,population,territoire_id,Population legale 2025 urba,Démographie
73,distance_centre_sante_km,distance_centre_sante_km,demography,distance_centre_sante_km. Thème : demography. [Traçabilité : source RGPH 2024.],km,RGPH 2024 — Recensement Général de la Population et de l'Habitat (HCP). https://resultats2024.rgphapps.ma/,2024,actif,demography_demography_population_population_rural,long,valeur,distance_centre_sante_km,territoire_id,distance_centre_sante_km,non cartographiable
74,distance_college_km,distance_college_km,demography,distance_college_km. Thème : demography. [Traçabilité : source RGPH 2024.],km,RGPH 2024 — Recensement Général de la Population et de l'Habitat (HCP). https://resultats2024.rgphapps.ma/,2024,actif,demography_demography_population_population_rural,long,valeur,distance_college_km,territoire_id,distance_college_km,non cartographiable
75,distance_ecole_primaire_km,distance_ecole_primaire_km,demography,distance_ecole_primaire_km. Thème : demography. [Traçabilité : source RGPH 2024.],km,RGPH 2024 — Recensement Général de la Population et de l'Habitat (HCP). https://resultats2024.rgphapps.ma/,2024,actif,demography_demography_population_population_rural,long,valeur,distance_ecole_primaire_km,territoire_id,distance_ecole_primaire_km,non cartographiable
76,distance_lycee_km,distance_lycee_km,demography,distance_lycee_km. Thème : demography. [Traçabilité : source RGPH 2024.],km,RGPH 2024 — Recensement Général de la Population et de l'Habitat (HCP). https://resultats2024.rgphapps.ma/,2024,actif,demography_demography_population_population_rural,long,valeur,distance_lycee_km,territoire_id,distance_lycee_km,non cartographiable
77,distance_route_carrossable_km,distance_route_carrossable_km,demography,distance_route_carrossable_km. Thème : demography. [Traçabilité : source RGPH 2024.],km,RGPH 2024 — Recensement Général de la Population et de l'Habitat (HCP). https://resultats2024.rgphapps.ma/,2024,actif,demography_demography_population_population_rural,long,valeur,distance_route_carrossable_km,territoire_id,distance_route_carrossable_km,non cartographiable
78,distance_route_goudronnee_km,distance_route_goudronnee_km,demography,distance_route_goudronnee_km. Thème : demography. [Traçabilité : source RGPH 2024.],km,RGPH 2024 — Recensement Général de la Population et de l'Habitat (HCP). https://resultats2024.rgphapps.ma/,2024,actif,demography_demography_population_population_rural,long,valeur,distance_route_goudronnee_km,territoire_id,distance_route_goudronnee_km,non cartographiable
79,nombre_menages,nombre_menages,demography,nombre_menages. Thème : demography. [Traçabilité : source RGPH 2024.],nombre,RGPH 2024 — Recensement Général de la Population et de l'Habitat (HCP). https://resultats2024.rgphapps.ma/,2024,actif,demography_demography_population_population_rural,long,valeur,nombre_menages,territoire_id,nombre_menages,non cartographiable
80,pct_15_59ans,pct_15_59ans,demography,pct_15_59ans. Thème : demography. [Traçabilité : source RGPH 2024.],%,RGPH 2024 — Recensement Général de la Population et de l'Habitat (HCP). https://resultats2024.rgphapps.ma/,2024,actif,demography_demography_population_population_rural,long,valeur,pct_15_59ans,territoire_id,pct_15_59ans,non cartographiable
81,pct_60ans_plus,pct_60ans_plus,demography,pct_60ans_plus. Thème : demography. [Traçabilité : source RGPH 2024.],%,RGPH 2024 — Recensement Général de la Population et de l'Habitat (HCP). https://resultats2024.rgphapps.ma/,2024,actif,demography_demography_population_population_rural,long,valeur,pct_60ans_plus,territoire_id,pct_60ans_plus,non cartographiable
82,pct_celibataire,pct_celibataire,demography,pct_celibataire. Thème : demography. [Traçabilité : source RGPH 2024.],%,RGPH 2024 — Recensement Général de la Population et de l'Habitat (HCP). https://resultats2024.rgphapps.ma/,2024,actif,demography_demography_population_population_rural,long,valeur,pct_celibataire,territoire_id,pct_celibataire,non cartographiable
83,Population rural — pct_divorce,pct_divorce,demography,Population rural — pct_divorce. Thème : demography. [Traçabilité : source RGPH 2024.],%,RGPH 2024 — Recensement Général de la Population et de l'Habitat (HCP). https://resultats2024.rgphapps.ma/,2024,actif,demography_demography_population_population_rural,long,valeur,pct_divorce,territoire_id,pct_divorce,non cartographiable
84,pct_enregistrement_etat_civil,pct_enregistrement_etat_civil,demography,pct_enregistrement_etat_civil. Thème : demography. [Traçabilité : source RGPH 2024.],%,RGPH 2024 — Recensement Général de la Population et de l'Habitat (HCP). https://resultats2024.rgphapps.ma/,2024,actif,demography_demography_population_population_rural,long,valeur,pct_enregistrement_etat_civil,territoire_id,pct_enregistrement_etat_civil,non cartographiable
85,pct_logement_appartement,pct_logement_appartement,demography,pct_logement_appartement. Thème : demography. [Traçabilité : source RGPH 2024.],%,RGPH 2024 — Recensement Général de la Population et de l'Habitat (HCP). https://resultats2024.rgphapps.ma/,2024,actif,demography_demography_population_population_rural,long,valeur,pct_logement_appartement,territoire_id,pct_logement_appartement,non cartographiable
86,pct_logement_autre,pct_logement_autre,demography,pct_logement_autre. Thème : demography. [Traçabilité : source RGPH 2024.],%,RGPH 2024 — Recensement Général de la Population et de l'Habitat (HCP). https://resultats2024.rgphapps.ma/,2024,actif,demography_demography_population_population_rural,long,valeur,pct_logement_autre,territoire_id,pct_logement_autre,non cartographiable
87,pct_logement_dur_rural,pct_logement_dur_rural,demography,pct_logement_dur_rural. Thème : demography. [Traçabilité : source RGPH 2024.],%,RGPH 2024 — Recensement Général de la Population et de l'Habitat (HCP). https://resultats2024.rgphapps.ma/,2024,actif,demography_demography_population_population_rural,long,valeur,pct_logement_dur_rural,territoire_id,pct_logement_dur_rural,non cartographiable
88,pct_logement_maison_marocaine_moderne,pct_logement_maison_marocaine_moderne,demography,pct_logement_maison_marocaine_moderne. Thème : demography. [Traçabilité : source RGPH 2024.],%,RGPH 2024 — Recensement Général de la Population et de l'Habitat (HCP). https://resultats2024.rgphapps.ma/,2024,actif,demography_demography_population_population_rural,long,valeur,pct_logement_maison_marocaine_moderne,territoire_id,pct_logement_maison_marocaine_moderne,non cartographiable
89,pct_logement_maison_marocaine_traditionnelle,pct_logement_maison_marocaine_traditionnelle,demography,pct_logement_maison_marocaine_traditionnelle. Thème : demography. [Traçabilité : source RGPH 2024.],%,RGPH 2024 — Recensement Général de la Population et de l'Habitat (HCP). https://resultats2024.rgphapps.ma/,2024,actif,demography_demography_population_population_rural,long,valeur,pct_logement_maison_marocaine_traditionnelle,territoire_id,pct_logement_maison_marocaine_traditionnelle,non cartographiable
90,pct_logement_pise_rural,pct_logement_pise_rural,demography,pct_logement_pise_rural. Thème : demography. [Traçabilité : source RGPH 2024.],%,RGPH 2024 — Recensement Général de la Population et de l'Habitat (HCP). https://resultats2024.rgphapps.ma/,2024,actif,demography_demography_population_population_rural,long,valeur,pct_logement_pise_rural,territoire_id,pct_logement_pise_rural,non cartographiable
91,pct_logement_sommaire_bidonville,pct_logement_sommaire_bidonville,demography,pct_logement_sommaire_bidonville. Thème : demography. [Traçabilité : source RGPH 2024.],%,RGPH 2024 — Recensement Général de la Population et de l'Habitat (HCP). https://resultats2024.rgphapps.ma/,2024,actif,demography_demography_population_population_rural,long,valeur,pct_logement_sommaire_bidonville,territoire_id,pct_logement_sommaire_bidonville,non cartographiable
92,pct_logement_villa,pct_logement_villa,demography,pct_logement_villa. Thème : demography. [Traçabilité : source RGPH 2024.],%,RGPH 2024 — Recensement Général de la Population et de l'Habitat (HCP). https://resultats2024.rgphapps.ma/,2024,actif,demography_demography_population_population_rural,long,valeur,pct_logement_villa,territoire_id,pct_logement_villa,non cartographiable
93,Population rural — pct_marie,pct_marie,demography,Population rural — pct_marie. Thème : demography. [Traçabilité : source RGPH 2024.],%,RGPH 2024 — Recensement Général de la Population et de l'Habitat (HCP). https://resultats2024.rgphapps.ma/,2024,actif,demography_demography_population_population_rural,long,valeur,pct_marie,territoire_id,pct_marie,non cartographiable
94,pct_moins_15ans,pct_moins_15ans,demography,pct_moins_15ans. Thème : demography. [Traçabilité : source RGPH 2024.],%,RGPH 2024 — Recensement Général de la Population et de l'Habitat (HCP). https://resultats2024.rgphapps.ma/,2024,actif,demography_demography_population_population_rural,long,valeur,pct_moins_15ans,territoire_id,pct_moins_15ans,non cartographiable
95,pct_nationalite_etrangere,pct_nationalite_etrangere,demography,pct_nationalite_etrangere. Thème : demography. [Traçabilité : source RGPH 2024.],%,RGPH 2024 — Recensement Général de la Population et de l'Habitat (HCP). https://resultats2024.rgphapps.ma/,2024,actif,demography_demography_population_population_rural,long,valeur,pct_nationalite_etrangere,territoire_id,pct_nationalite_etrangere,non cartographiable
96,pct_nationalite_marocaine,pct_nationalite_marocaine,demography,pct_nationalite_marocaine. Thème : demography. [Traçabilité : source RGPH 2024.],%,RGPH 2024 — Recensement Général de la Population et de l'Habitat (HCP). https://resultats2024.rgphapps.ma/,2024,actif,demography_demography_population_population_rural,long,valeur,pct_nationalite_marocaine,territoire_id,pct_nationalite_marocaine,non cartographiable
97,pct_sexe_feminin,pct_sexe_feminin,demography,pct_sexe_feminin. Thème : demography. [Traçabilité : source RGPH 2024.],%,RGPH 2024 — Recensement Général de la Population et de l'Habitat (HCP). https://resultats2024.rgphapps.ma/,2024,actif,demography_demography_population_population_rural,long,valeur,pct_sexe_feminin,territoire_id,pct_sexe_feminin,non cartographiable
98,pct_sexe_masculin,pct_sexe_masculin,demography,pct_sexe_masculin. Thème : demography. [Traçabilité : source RGPH 2024.],%,RGPH 2024 — Recensement Général de la Population et de l'Habitat (HCP). https://resultats2024.rgphapps.ma/,2024,actif,demography_demography_population_population_rural,long,valeur,pct_sexe_masculin,territoire_id,pct_sexe_masculin,non cartographiable
99,Population rural — pct_veuf,pct_veuf,demography,Population rural — pct_veuf. Thème : demography. [Traçabilité : source RGPH 2024.],%,RGPH 2024 — Recensement Général de la Population et de l'Habitat (HCP). https://resultats2024.rgphapps.ma/,2024,actif,demography_demography_population_population_rural,long,valeur,pct_veuf,territoire_id,pct_veuf,non cartographiable
100,Population rural,population,demography,Population rural. Thème : demography. [Traçabilité : source RGPH 2024.],hab,RGPH 2024 — Recensement Général de la Population et de l'Habitat (HCP). https://resultats2024.rgphapps.ma/,2024,actif,demography_demography_population_population_rural,long,valeur,population,territoire_id,Population rural,non cartographiable
101,population_15ans_plus,population_15ans_plus,demography,population_15ans_plus. Thème : demography. [Traçabilité : source RGPH 2024.],hab,RGPH 2024 — Recensement Général de la Population et de l'Habitat (HCP). https://resultats2024.rgphapps.ma/,2024,actif,demography_demography_population_population_rural,long,valeur,population_15ans_plus,territoire_id,population_15ans_plus,non cartographiable
102,Langues lues et écrites par les alphabètes de 10 ans et plus (non exclusives) (%) - Amazigh (Tifinagh),Langues lues et écrites par les alphabètes de 10 ans et plus (non exclusives) (%) - Amazigh (Tifinagh),education,Langues lues et écrites par les alphabètes de 10 ans et plus (non exclusives) (%) - Amazigh (Tifinagh). Thème : education. [Traçabilité : vérifié : 126/126 valeurs concordantes avec la source HCP.],%,RGPH 2024 — Recensement Général de la Population et de l'Habitat (HCP). https://resultats2024.rgphapps.ma/,2024,actif,education_etab_scoalires_mesures_rgph2024_population_educati,long,valeur,Langues lues et écrites par les alphabètes de 10 ans et plus (non exclusives) (%) - Amazigh (Tifinagh),territoire_id,Langues lues et écrites par les alphabètes de 10 ans et plus (non exclusives) — Amazigh (Tifinagh),Éducation
103,Langues lues et écrites par les alphabètes de 10 ans et plus (non exclusives) (%) - Anglais,Langues lues et écrites par les alphabètes de 10 ans et plus (non exclusives) (%) - Anglais,education,Langues lues et écrites par les alphabètes de 10 ans et plus (non exclusives) (%) - Anglais. Thème : education. [Traçabilité : vérifié : 126/126 valeurs concordantes avec la source HCP.],%,RGPH 2024 — Recensement Général de la Population et de l'Habitat (HCP). https://resultats2024.rgphapps.ma/,2024,actif,education_etab_scoalires_mesures_rgph2024_population_educati,long,valeur,Langues lues et écrites par les alphabètes de 10 ans et plus (non exclusives) (%) - Anglais,territoire_id,Langues lues et écrites par les alphabètes de 10 ans et plus (non exclusives) — Anglais,Éducation
104,Langues lues et écrites par les alphabètes de 10 ans et plus (non exclusives) (%) - Arabe,Langues lues et écrites par les alphabètes de 10 ans et plus (non exclusives) (%) - Arabe,education,Langues lues et écrites par les alphabètes de 10 ans et plus (non exclusives) (%) - Arabe. Thème : education. [Traçabilité : vérifié : 126/126 valeurs concordantes avec la source HCP.],%,RGPH 2024 — Recensement Général de la Population et de l'Habitat (HCP). https://resultats2024.rgphapps.ma/,2024,actif,education_etab_scoalires_mesures_rgph2024_population_educati,long,valeur,Langues lues et écrites par les alphabètes de 10 ans et plus (non exclusives) (%) - Arabe,territoire_id,Langues lues et écrites par les alphabètes de 10 ans et plus (non exclusives) — Arabe,Éducation
105,Langues lues et écrites par les alphabètes de 10 ans et plus (non exclusives) (%) - Français,Langues lues et écrites par les alphabètes de 10 ans et plus (non exclusives) (%) - Français,education,Langues lues et écrites par les alphabètes de 10 ans et plus (non exclusives) (%) - Français. Thème : education. [Traçabilité : vérifié : 126/126 valeurs concordantes avec la source HCP.],%,RGPH 2024 — Recensement Général de la Population et de l'Habitat (HCP). https://resultats2024.rgphapps.ma/,2024,actif,education_etab_scoalires_mesures_rgph2024_population_educati,long,valeur,Langues lues et écrites par les alphabètes de 10 ans et plus (non exclusives) (%) - Français,territoire_id,Langues lues et écrites par les alphabètes de 10 ans et plus (non exclusives) — Français,Éducation
106,Niveau d'études dans l'enseignement général (%) - Aucun niveau d'études,Niveau d'études dans l'enseignement général (%) - Aucun niveau d'études,education,Niveau d'études dans l'enseignement général (%) - Aucun niveau d'études. Thème : education. [Traçabilité : vérifié : 126/126 valeurs concordantes avec la source HCP.],%,RGPH 2024 — Recensement Général de la Population et de l'Habitat (HCP). https://resultats2024.rgphapps.ma/,2024,validé,education_etab_scoalires_mesures_rgph2024_population_educati,long,valeur,Niveau d'études dans l'enseignement général (%) - Aucun niveau d'études,territoire_id,Niveau d'études dans l'enseignement général — Aucun niveau d'études,Éducation
107,Niveau d'études dans l'enseignement général (%) - Primaire,Niveau d'études dans l'enseignement général (%) - Primaire,education,Niveau d'études dans l'enseignement général (%) - Primaire. Thème : education. [Traçabilité : vérifié : 126/126 valeurs concordantes avec la source HCP.],%,RGPH 2024 — Recensement Général de la Population et de l'Habitat (HCP). https://resultats2024.rgphapps.ma/,2024,actif,education_etab_scoalires_mesures_rgph2024_population_educati,long,valeur,Niveau d'études dans l'enseignement général (%) - Primaire,territoire_id,Niveau d'études dans l'enseignement général — Primaire,Éducation
108,Niveau d'études dans l'enseignement général (%) - Préscolaire,Niveau d'études dans l'enseignement général (%) - Préscolaire,education,Niveau d'études dans l'enseignement général (%) - Préscolaire. Thème : education. [Traçabilité : vérifié : 126/126 valeurs concordantes avec la source HCP.],%,RGPH 2024 — Recensement Général de la Population et de l'Habitat (HCP). https://resultats2024.rgphapps.ma/,2024,actif,education_etab_scoalires_mesures_rgph2024_population_educati,long,valeur,Niveau d'études dans l'enseignement général (%) - Préscolaire,territoire_id,Niveau d'études dans l'enseignement général — Préscolaire,Éducation
109,Niveau d'études dans l'enseignement général (%) - Secondaire collégial,Niveau d'études dans l'enseignement général (%) - Secondaire collégial,education,Niveau d'études dans l'enseignement général (%) - Secondaire collégial. Thème : education. [Traçabilité : vérifié : 126/126 valeurs concordantes avec la source HCP.],%,RGPH 2024 — Recensement Général de la Population et de l'Habitat (HCP). https://resultats2024.rgphapps.ma/,2024,actif,education_etab_scoalires_mesures_rgph2024_population_educati,long,valeur,Niveau d'études dans l'enseignement général (%) - Secondaire collégial,territoire_id,Niveau d'études dans l'enseignement général — Secondaire collégial,Éducation
110,Niveau d'études dans l'enseignement général (%) - Secondaire qualifiant,Niveau d'études dans l'enseignement général (%) - Secondaire qualifiant,education,Niveau d'études dans l'enseignement général (%) - Secondaire qualifiant. Thème : education. [Traçabilité : vérifié : 126/126 valeurs concordantes avec la source HCP.],%,RGPH 2024 — Recensement Général de la Population et de l'Habitat (HCP). https://resultats2024.rgphapps.ma/,2024,actif,education_etab_scoalires_mesures_rgph2024_population_educati,long,valeur,Niveau d'études dans l'enseignement général (%) - Secondaire qualifiant,territoire_id,Niveau d'études dans l'enseignement général — Secondaire qualifiant,Éducation
111,Niveau d'études dans l'enseignement général (%) - Supérieur,Niveau d'études dans l'enseignement général (%) - Supérieur,education,Niveau d'études dans l'enseignement général (%) - Supérieur. Thème : education. [Traçabilité : vérifié : 126/126 valeurs concordantes avec la source HCP.],%,RGPH 2024 — Recensement Général de la Population et de l'Habitat (HCP). https://resultats2024.rgphapps.ma/,2024,validé,education_etab_scoalires_mesures_rgph2024_population_educati,long,valeur,Niveau d'études dans l'enseignement général (%) - Supérieur,territoire_id,Niveau d'études dans l'enseignement général — Supérieur,Éducation
112,Etab scoalires mesures rgph2024 population educati — Population alphabète de 10 ans et plus,Population alphabète de 10 ans et plus,education,Etab scoalires mesures rgph2024 population educati — Population alphabète de 10 ans et plus. Thème : education. [Traçabilité : vérifié : 126/126 valeurs concordantes avec la source HCP.],hab,RGPH 2024 — Recensement Général de la Population et de l'Habitat (HCP). https://resultats2024.rgphapps.ma/,2024,actif,education_etab_scoalires_mesures_rgph2024_population_educati,long,valeur,Population alphabète de 10 ans et plus,territoire_id,Population alphabète de 10 ans et plus,Éducation
113,Etab scoalires mesures rgph2024 population educati — Taux d'analphabétisme des 10 ans et plus (%),Taux d'analphabétisme des 10 ans et plus (%),education,Etab scoalires mesures rgph2024 population educati — Taux d'analphabétisme des 10 ans et plus (%). Thème : education. [Traçabilité : vérifié : 126/126 valeurs concordantes avec la source HCP.],%,RGPH 2024 — Recensement Général de la Population et de l'Habitat (HCP). https://resultats2024.rgphapps.ma/,2024,validé,education_etab_scoalires_mesures_rgph2024_population_educati,long,valeur,Taux d'analphabétisme des 10 ans et plus (%),territoire_id,Taux d'analphabétisme des 10 ans et plus,Éducation
114,Etab scoalires mesures rgph2024 population educati — Taux d'analphabétisme des 15 ans et plus (%),Taux d'analphabétisme des 15 ans et plus (%),education,Etab scoalires mesures rgph2024 population educati — Taux d'analphabétisme des 15 ans et plus (%). Thème : education. [Traçabilité : vérifié : 126/126 valeurs concordantes avec la source HCP.],%,RGPH 2024 — Recensement Général de la Population et de l'Habitat (HCP). https://resultats2024.rgphapps.ma/,2024,actif,education_etab_scoalires_mesures_rgph2024_population_educati,long,valeur,Taux d'analphabétisme des 15 ans et plus (%),territoire_id,Taux d'analphabétisme des 15 ans et plus,Éducation
115,Taux de scolarisation des 6-11 ans en 2023/2024 (%),Taux de scolarisation des 6-11 ans en 2023/2024 (%),education,Taux de scolarisation des 6-11 ans en 2023/2024 (%). Thème : education. [Traçabilité : vérifié : 126/126 valeurs concordantes avec la source HCP.],%,RGPH 2024 — Recensement Général de la Population et de l'Habitat (HCP). https://resultats2024.rgphapps.ma/,2024,validé,education_etab_scoalires_mesures_rgph2024_population_educati,long,valeur,Taux de scolarisation des 6-11 ans en 2023/2024 (%),territoire_id,Taux de scolarisation des 6-11 ans en 2023/2024,Éducation
116,Écoles publiques recensées (province) — collégial,Nombre d'établissements collegial,education,Nombre d'écoles collégial PUBLIQUES dénombrées dans l'annuaire nominatif du MENPS (niveau province). ATTENTION : ne pas confondre avec le comptage officiel de l'Annuaire Statistique du Maroc — ce dénombrement exclut le privé et reflète la situation antérieure à 2022. Sert à la cartographie et au détail par commune.,nombre,"Portail Open Data data.gov.ma — MENPS, « Liste des établissements scolaires publics » (créé 15/05/2014, dernière modification 13/12/2021). Périmètre : secteur PUBLIC uniquement.",2021,actif,education_indicateur_nombre_etablissements,long,valeur,Nombre d'établissements collegial,territoire_id,Collèges publics recensés,Éducation
117,Écoles publiques recensées (province) — primaire,Nombre d'établissements primaire,education,Nombre d'écoles primaire PUBLIQUES dénombrées dans l'annuaire nominatif du MENPS (niveau province). ATTENTION : ne pas confondre avec le comptage officiel de l'Annuaire Statistique du Maroc — ce dénombrement exclut le privé et reflète la situation antérieure à 2022. Sert à la cartographie et au détail par commune.,nombre,"Portail Open Data data.gov.ma — MENPS, « Liste des établissements scolaires publics » (créé 15/05/2014, dernière modification 13/12/2021). Périmètre : secteur PUBLIC uniquement.",2021,actif,education_indicateur_nombre_etablissements,long,valeur,Nombre d'établissements primaire,territoire_id,Écoles primaires publiques recensées,Éducation
118,Écoles publiques recensées (province) — qualifiant,Nombre d'établissements qualifiant,education,Nombre d'écoles qualifiant PUBLIQUES dénombrées dans l'annuaire nominatif du MENPS (niveau province). ATTENTION : ne pas confondre avec le comptage officiel de l'Annuaire Statistique du Maroc — ce dénombrement exclut le privé et reflète la situation antérieure à 2022. Sert à la cartographie et au détail par commune.,nombre,"Portail Open Data data.gov.ma — MENPS, « Liste des établissements scolaires publics » (créé 15/05/2014, dernière modification 13/12/2021). Périmètre : secteur PUBLIC uniquement.",2021,actif,education_indicateur_nombre_etablissements,long,valeur,Nombre d'établissements qualifiant,territoire_id,Lycées publics recensés,Éducation
119,Écoles publiques recensées (commune) — collégial,Nombre d'établissements collegial,education,Nombre d'écoles collégial PUBLIQUES dénombrées dans l'annuaire nominatif du MENPS (niveau commune). ATTENTION : ne pas confondre avec le comptage officiel de l'Annuaire Statistique du Maroc — ce dénombrement exclut le privé et reflète la situation antérieure à 2022. Sert à la cartographie et au détail par commune.,nombre,"Portail Open Data data.gov.ma — MENPS, « Liste des établissements scolaires publics » (créé 15/05/2014, dernière modification 13/12/2021). Périmètre : secteur PUBLIC uniquement.",2021,actif,education_indicateur_nombre_etablissements_commune,long,valeur,Nombre d'établissements collegial,territoire_id,Collèges publics recensés (commune),Éducation
120,Écoles publiques recensées (commune) — primaire,Nombre d'établissements primaire,education,Nombre d'écoles primaire PUBLIQUES dénombrées dans l'annuaire nominatif du MENPS (niveau commune). ATTENTION : ne pas confondre avec le comptage officiel de l'Annuaire Statistique du Maroc — ce dénombrement exclut le privé et reflète la situation antérieure à 2022. Sert à la cartographie et au détail par commune.,nombre,"Portail Open Data data.gov.ma — MENPS, « Liste des établissements scolaires publics » (créé 15/05/2014, dernière modification 13/12/2021). Périmètre : secteur PUBLIC uniquement.",2021,actif,education_indicateur_nombre_etablissements_commune,long,valeur,Nombre d'établissements primaire,territoire_id,Écoles primaires publiques recensées (commune),Éducation
121,Écoles publiques recensées (commune) — qualifiant,Nombre d'établissements qualifiant,education,Nombre d'écoles qualifiant PUBLIQUES dénombrées dans l'annuaire nominatif du MENPS (niveau commune). ATTENTION : ne pas confondre avec le comptage officiel de l'Annuaire Statistique du Maroc — ce dénombrement exclut le privé et reflète la situation antérieure à 2022. Sert à la cartographie et au détail par commune.,nombre,"Portail Open Data data.gov.ma — MENPS, « Liste des établissements scolaires publics » (créé 15/05/2014, dernière modification 13/12/2021). Périmètre : secteur PUBLIC uniquement.",2021,actif,education_indicateur_nombre_etablissements_commune,long,valeur,Nombre d'établissements qualifiant,territoire_id,Lycées publics recensés (commune),Éducation
266,nombre_abonnes,nombre_abonnes,infrastructure,nombre_abonnes. Thème : infrastructure. [Traçabilité : source Annuaire HCP (ONEE).],nombre,"Annuaire Statistique du Maroc (HCP). https://www.hcp.ma/downloads/Annuaire-Statistique-du-Maroc-format-Excel_t22392.html Chapitre 5 — Énergie et Eau, tableau 20.",2023,actif,infrastructure_cleaned_activit_de_l_office_national_d_electr,long,valeur,nombre_abonnes,territoire_id,Abonnés à l'électricité (ONEE),hors secteur
267,Activit de l office national d electr — production,production,infrastructure,Activit de l office national d electr — production. Thème : infrastructure. [Traçabilité : source Annuaire HCP (ONEE).],,"Annuaire Statistique du Maroc (HCP). https://www.hcp.ma/downloads/Annuaire-Statistique-du-Maroc-format-Excel_t22392.html Chapitre 5 — Énergie et Eau, tableau 20.",2023,actif,infrastructure_cleaned_activit_de_l_office_national_d_electr,long,valeur,production,territoire_id,Production d'électricité (ONEE),hors secteur
268,ventes_abonnes,ventes_abonnes,infrastructure,ventes_abonnes. Thème : infrastructure. [Traçabilité : source Annuaire HCP (ONEE).],,"Annuaire Statistique du Maroc (HCP). https://www.hcp.ma/downloads/Annuaire-Statistique-du-Maroc-format-Excel_t22392.html Chapitre 5 — Énergie et Eau, tableau 20.",2023,actif,infrastructure_cleaned_activit_de_l_office_national_d_electr,long,valeur,ventes_abonnes,territoire_id,Ventes d'électricité aux abonnés,hors secteur
269,ventes_regies_concessions,ventes_regies_concessions,infrastructure,ventes_regies_concessions. Thème : infrastructure. [Traçabilité : source Annuaire HCP (ONEE).],,"Annuaire Statistique du Maroc (HCP). https://www.hcp.ma/downloads/Annuaire-Statistique-du-Maroc-format-Excel_t22392.html Chapitre 5 — Énergie et Eau, tableau 20.",2023,actif,infrastructure_cleaned_activit_de_l_office_national_d_electr,long,valeur,ventes_regies_concessions,territoire_id,Ventes d'électricité aux régies et concessions,hors secteur
270,Bonne Qualité 2021,Bonne Qualité 2021,infrastructure,"Bonne Qualité 2021. Thème : infrastructure. [Traçabilité : origine probable, valeurs non recoupées.]",,"Annuaire Statistique du Maroc (HCP). https://www.hcp.ma/downloads/Annuaire-Statistique-du-Maroc-format-Excel_t22392.html Chapitre 23 — Environnement, tableaux 23-32 à 23-34.",2024,actif,infrastructure_cleaned_evolution_du_nombre_de_plages_par_reg,long,valeur,Bonne Qualité 2021,territoire_id,Bonne Qualité 2021,non cartographiable
271,Bonne Qualité 2022,Bonne Qualité 2022,infrastructure,"Bonne Qualité 2022. Thème : infrastructure. [Traçabilité : origine probable, valeurs non recoupées.]",,"Annuaire Statistique du Maroc (HCP). https://www.hcp.ma/downloads/Annuaire-Statistique-du-Maroc-format-Excel_t22392.html Chapitre 23 — Environnement, tableaux 23-32 à 23-34.",2024,actif,infrastructure_cleaned_evolution_du_nombre_de_plages_par_reg,long,valeur,Bonne Qualité 2022,territoire_id,Bonne Qualité 2022,non cartographiable
272,Bonne Qualité 2023,Bonne Qualité 2023,infrastructure,"Bonne Qualité 2023. Thème : infrastructure. [Traçabilité : origine probable, valeurs non recoupées.]",,"Annuaire Statistique du Maroc (HCP). https://www.hcp.ma/downloads/Annuaire-Statistique-du-Maroc-format-Excel_t22392.html Chapitre 23 — Environnement, tableaux 23-32 à 23-34.",2024,actif,infrastructure_cleaned_evolution_du_nombre_de_plages_par_reg,long,valeur,Bonne Qualité 2023,territoire_id,Bonne Qualité 2023,non cartographiable
273,Bonne Qualité 2024,Bonne Qualité 2024,infrastructure,"Bonne Qualité 2024. Thème : infrastructure. [Traçabilité : origine probable, valeurs non recoupées.]",,"Annuaire Statistique du Maroc (HCP). https://www.hcp.ma/downloads/Annuaire-Statistique-du-Maroc-format-Excel_t22392.html Chapitre 23 — Environnement, tableaux 23-32 à 23-34.",2024,actif,infrastructure_cleaned_evolution_du_nombre_de_plages_par_reg,long,valeur,Bonne Qualité 2024,territoire_id,Bonne Qualité 2024,non cartographiable
274,Execellante Qaulité 2021,Execellante Qaulité 2021,infrastructure,"Execellante Qaulité 2021. Thème : infrastructure. [Traçabilité : origine probable, valeurs non recoupées.]",,"Annuaire Statistique du Maroc (HCP). https://www.hcp.ma/downloads/Annuaire-Statistique-du-Maroc-format-Excel_t22392.html Chapitre 23 — Environnement, tableaux 23-32 à 23-34.",2024,actif,infrastructure_cleaned_evolution_du_nombre_de_plages_par_reg,long,valeur,Execellante Qaulité 2021,territoire_id,Execellante Qaulité 2021,non cartographiable
275,Execellante Qaulité 2022,Execellante Qaulité 2022,infrastructure,"Execellante Qaulité 2022. Thème : infrastructure. [Traçabilité : origine probable, valeurs non recoupées.]",,"Annuaire Statistique du Maroc (HCP). https://www.hcp.ma/downloads/Annuaire-Statistique-du-Maroc-format-Excel_t22392.html Chapitre 23 — Environnement, tableaux 23-32 à 23-34.",2024,actif,infrastructure_cleaned_evolution_du_nombre_de_plages_par_reg,long,valeur,Execellante Qaulité 2022,territoire_id,Execellante Qaulité 2022,non cartographiable
276,Execellante Qaulité 2023,Execellante Qaulité 2023,infrastructure,"Execellante Qaulité 2023. Thème : infrastructure. [Traçabilité : origine probable, valeurs non recoupées.]",,"Annuaire Statistique du Maroc (HCP). https://www.hcp.ma/downloads/Annuaire-Statistique-du-Maroc-format-Excel_t22392.html Chapitre 23 — Environnement, tableaux 23-32 à 23-34.",2024,actif,infrastructure_cleaned_evolution_du_nombre_de_plages_par_reg,long,valeur,Execellante Qaulité 2023,territoire_id,Execellante Qaulité 2023,non cartographiable
277,Execellante Qaulité 2024,Execellante Qaulité 2024,infrastructure,"Execellante Qaulité 2024. Thème : infrastructure. [Traçabilité : origine probable, valeurs non recoupées.]",,"Annuaire Statistique du Maroc (HCP). https://www.hcp.ma/downloads/Annuaire-Statistique-du-Maroc-format-Excel_t22392.html Chapitre 23 — Environnement, tableaux 23-32 à 23-34.",2024,actif,infrastructure_cleaned_evolution_du_nombre_de_plages_par_reg,long,valeur,Execellante Qaulité 2024,territoire_id,Execellante Qaulité 2024,non cartographiable
278,Qualité Suffisante 2021,Qualité Suffisante 2021,infrastructure,"Qualité Suffisante 2021. Thème : infrastructure. [Traçabilité : origine probable, valeurs non recoupées.]",,"Annuaire Statistique du Maroc (HCP). https://www.hcp.ma/downloads/Annuaire-Statistique-du-Maroc-format-Excel_t22392.html Chapitre 23 — Environnement, tableaux 23-32 à 23-34.",2024,actif,infrastructure_cleaned_evolution_du_nombre_de_plages_par_reg,long,valeur,Qualité Suffisante 2021,territoire_id,Qualité Suffisante 2021,non cartographiable
279,Qualité Suffisante 2022,Qualité Suffisante 2022,infrastructure,"Qualité Suffisante 2022. Thème : infrastructure. [Traçabilité : origine probable, valeurs non recoupées.]",,"Annuaire Statistique du Maroc (HCP). https://www.hcp.ma/downloads/Annuaire-Statistique-du-Maroc-format-Excel_t22392.html Chapitre 23 — Environnement, tableaux 23-32 à 23-34.",2024,actif,infrastructure_cleaned_evolution_du_nombre_de_plages_par_reg,long,valeur,Qualité Suffisante 2022,territoire_id,Qualité Suffisante 2022,non cartographiable
280,Qualité Suffisante 2023,Qualité Suffisante 2023,infrastructure,"Qualité Suffisante 2023. Thème : infrastructure. [Traçabilité : origine probable, valeurs non recoupées.]",,"Annuaire Statistique du Maroc (HCP). https://www.hcp.ma/downloads/Annuaire-Statistique-du-Maroc-format-Excel_t22392.html Chapitre 23 — Environnement, tableaux 23-32 à 23-34.",2024,actif,infrastructure_cleaned_evolution_du_nombre_de_plages_par_reg,long,valeur,Qualité Suffisante 2023,territoire_id,Qualité Suffisante 2023,non cartographiable
281,Qualité Suffisante 2024,Qualité Suffisante 2024,infrastructure,"Qualité Suffisante 2024. Thème : infrastructure. [Traçabilité : origine probable, valeurs non recoupées.]",,"Annuaire Statistique du Maroc (HCP). https://www.hcp.ma/downloads/Annuaire-Statistique-du-Maroc-format-Excel_t22392.html Chapitre 23 — Environnement, tableaux 23-32 à 23-34.",2024,actif,infrastructure_cleaned_evolution_du_nombre_de_plages_par_reg,long,valeur,Qualité Suffisante 2024,territoire_id,Qualité Suffisante 2024,non cartographiable
282,Qualité insuffisante 2021,Qualité insuffisante 2021,infrastructure,"Qualité insuffisante 2021. Thème : infrastructure. [Traçabilité : origine probable, valeurs non recoupées.]",,"Annuaire Statistique du Maroc (HCP). https://www.hcp.ma/downloads/Annuaire-Statistique-du-Maroc-format-Excel_t22392.html Chapitre 23 — Environnement, tableaux 23-32 à 23-34.",2024,actif,infrastructure_cleaned_evolution_du_nombre_de_plages_par_reg,long,valeur,Qualité insuffisante 2021,territoire_id,Qualité insuffisante 2021,non cartographiable
283,Qualité insuffisante 2022,Qualité insuffisante 2022,infrastructure,"Qualité insuffisante 2022. Thème : infrastructure. [Traçabilité : origine probable, valeurs non recoupées.]",,"Annuaire Statistique du Maroc (HCP). https://www.hcp.ma/downloads/Annuaire-Statistique-du-Maroc-format-Excel_t22392.html Chapitre 23 — Environnement, tableaux 23-32 à 23-34.",2024,actif,infrastructure_cleaned_evolution_du_nombre_de_plages_par_reg,long,valeur,Qualité insuffisante 2022,territoire_id,Qualité insuffisante 2022,non cartographiable
284,Qualité insuffisante 2023,Qualité insuffisante 2023,infrastructure,"Qualité insuffisante 2023. Thème : infrastructure. [Traçabilité : origine probable, valeurs non recoupées.]",,"Annuaire Statistique du Maroc (HCP). https://www.hcp.ma/downloads/Annuaire-Statistique-du-Maroc-format-Excel_t22392.html Chapitre 23 — Environnement, tableaux 23-32 à 23-34.",2024,actif,infrastructure_cleaned_evolution_du_nombre_de_plages_par_reg,long,valeur,Qualité insuffisante 2023,territoire_id,Qualité insuffisante 2023,non cartographiable
285,Qualité insuffisante 2024,Qualité insuffisante 2024,infrastructure,"Qualité insuffisante 2024. Thème : infrastructure. [Traçabilité : origine probable, valeurs non recoupées.]",,"Annuaire Statistique du Maroc (HCP). https://www.hcp.ma/downloads/Annuaire-Statistique-du-Maroc-format-Excel_t22392.html Chapitre 23 — Environnement, tableaux 23-32 à 23-34.",2024,actif,infrastructure_cleaned_evolution_du_nombre_de_plages_par_reg,long,valeur,Qualité insuffisante 2024,territoire_id,Qualité insuffisante 2024,non cartographiable
286,Evolution du nombre de plages par reg — Total 2021,Total 2021,infrastructure,"Evolution du nombre de plages par reg — Total 2021. Thème : infrastructure. [Traçabilité : origine probable, valeurs non recoupées.]",nombre,"Annuaire Statistique du Maroc (HCP). https://www.hcp.ma/downloads/Annuaire-Statistique-du-Maroc-format-Excel_t22392.html Chapitre 23 — Environnement, tableaux 23-32 à 23-34.",2024,actif,infrastructure_cleaned_evolution_du_nombre_de_plages_par_reg,long,valeur,Total 2021,territoire_id,Evolution du nombre de plages par reg — Total 2021,non cartographiable
287,Evolution du nombre de plages par reg — Total 2022,Total 2022,infrastructure,"Evolution du nombre de plages par reg — Total 2022. Thème : infrastructure. [Traçabilité : origine probable, valeurs non recoupées.]",nombre,"Annuaire Statistique du Maroc (HCP). https://www.hcp.ma/downloads/Annuaire-Statistique-du-Maroc-format-Excel_t22392.html Chapitre 23 — Environnement, tableaux 23-32 à 23-34.",2024,actif,infrastructure_cleaned_evolution_du_nombre_de_plages_par_reg,long,valeur,Total 2022,territoire_id,Evolution du nombre de plages par reg — Total 2022,non cartographiable
288,Evolution du nombre de plages par reg — Total 2023,Total 2023,infrastructure,"Evolution du nombre de plages par reg — Total 2023. Thème : infrastructure. [Traçabilité : origine probable, valeurs non recoupées.]",nombre,"Annuaire Statistique du Maroc (HCP). https://www.hcp.ma/downloads/Annuaire-Statistique-du-Maroc-format-Excel_t22392.html Chapitre 23 — Environnement, tableaux 23-32 à 23-34.",2024,actif,infrastructure_cleaned_evolution_du_nombre_de_plages_par_reg,long,valeur,Total 2023,territoire_id,Evolution du nombre de plages par reg — Total 2023,non cartographiable
289,Evolution du nombre de plages par reg — Total 2024,Total 2024,infrastructure,"Evolution du nombre de plages par reg — Total 2024. Thème : infrastructure. [Traçabilité : origine probable, valeurs non recoupées.]",nombre,"Annuaire Statistique du Maroc (HCP). https://www.hcp.ma/downloads/Annuaire-Statistique-du-Maroc-format-Excel_t22392.html Chapitre 23 — Environnement, tableaux 23-32 à 23-34.",2024,actif,infrastructure_cleaned_evolution_du_nombre_de_plages_par_reg,long,valeur,Total 2024,territoire_id,Evolution du nombre de plages par reg — Total 2024,non cartographiable
290,nbre_prelevements_2021,nbre_prelevements_2021,infrastructure,"nbre_prelevements_2021. Thème : infrastructure. [Traçabilité : origine probable, valeurs non recoupées.]",,"Annuaire Statistique du Maroc (HCP). https://www.hcp.ma/downloads/Annuaire-Statistique-du-Maroc-format-Excel_t22392.html Chapitre 23 — Environnement, tableaux 23-32 à 23-34.",2024,actif,infrastructure_cleaned_evolution_du_nombre_de_plages_par_reg_2,long,valeur,nbre_prelevements_2021,territoire_id,nbre_prelevements_2021,non cartographiable
291,nbre_prelevements_2022,nbre_prelevements_2022,infrastructure,"nbre_prelevements_2022. Thème : infrastructure. [Traçabilité : origine probable, valeurs non recoupées.]",,"Annuaire Statistique du Maroc (HCP). https://www.hcp.ma/downloads/Annuaire-Statistique-du-Maroc-format-Excel_t22392.html Chapitre 23 — Environnement, tableaux 23-32 à 23-34.",2024,actif,infrastructure_cleaned_evolution_du_nombre_de_plages_par_reg_2,long,valeur,nbre_prelevements_2022,territoire_id,nbre_prelevements_2022,non cartographiable
292,nbre_prelevements_2023,nbre_prelevements_2023,infrastructure,"nbre_prelevements_2023. Thème : infrastructure. [Traçabilité : origine probable, valeurs non recoupées.]",,"Annuaire Statistique du Maroc (HCP). https://www.hcp.ma/downloads/Annuaire-Statistique-du-Maroc-format-Excel_t22392.html Chapitre 23 — Environnement, tableaux 23-32 à 23-34.",2024,actif,infrastructure_cleaned_evolution_du_nombre_de_plages_par_reg_2,long,valeur,nbre_prelevements_2023,territoire_id,nbre_prelevements_2023,non cartographiable
293,nbre_prelevements_2024,nbre_prelevements_2024,infrastructure,"nbre_prelevements_2024. Thème : infrastructure. [Traçabilité : origine probable, valeurs non recoupées.]",,"Annuaire Statistique du Maroc (HCP). https://www.hcp.ma/downloads/Annuaire-Statistique-du-Maroc-format-Excel_t22392.html Chapitre 23 — Environnement, tableaux 23-32 à 23-34.",2024,actif,infrastructure_cleaned_evolution_du_nombre_de_plages_par_reg_2,long,valeur,nbre_prelevements_2024,territoire_id,nbre_prelevements_2024,non cartographiable
294,nbre_stations_2021,nbre_stations_2021,infrastructure,"nbre_stations_2021. Thème : infrastructure. [Traçabilité : origine probable, valeurs non recoupées.]",,"Annuaire Statistique du Maroc (HCP). https://www.hcp.ma/downloads/Annuaire-Statistique-du-Maroc-format-Excel_t22392.html Chapitre 23 — Environnement, tableaux 23-32 à 23-34.",2024,actif,infrastructure_cleaned_evolution_du_nombre_de_plages_par_reg_2,long,valeur,nbre_stations_2021,territoire_id,nbre_stations_2021,non cartographiable
295,nbre_stations_2022,nbre_stations_2022,infrastructure,"nbre_stations_2022. Thème : infrastructure. [Traçabilité : origine probable, valeurs non recoupées.]",,"Annuaire Statistique du Maroc (HCP). https://www.hcp.ma/downloads/Annuaire-Statistique-du-Maroc-format-Excel_t22392.html Chapitre 23 — Environnement, tableaux 23-32 à 23-34.",2024,actif,infrastructure_cleaned_evolution_du_nombre_de_plages_par_reg_2,long,valeur,nbre_stations_2022,territoire_id,nbre_stations_2022,non cartographiable
296,nbre_stations_2023,nbre_stations_2023,infrastructure,"nbre_stations_2023. Thème : infrastructure. [Traçabilité : origine probable, valeurs non recoupées.]",,"Annuaire Statistique du Maroc (HCP). https://www.hcp.ma/downloads/Annuaire-Statistique-du-Maroc-format-Excel_t22392.html Chapitre 23 — Environnement, tableaux 23-32 à 23-34.",2024,actif,infrastructure_cleaned_evolution_du_nombre_de_plages_par_reg_2,long,valeur,nbre_stations_2023,territoire_id,nbre_stations_2023,non cartographiable
297,nbre_stations_2024,nbre_stations_2024,infrastructure,"nbre_stations_2024. Thème : infrastructure. [Traçabilité : origine probable, valeurs non recoupées.]",,"Annuaire Statistique du Maroc (HCP). https://www.hcp.ma/downloads/Annuaire-Statistique-du-Maroc-format-Excel_t22392.html Chapitre 23 — Environnement, tableaux 23-32 à 23-34.",2024,actif,infrastructure_cleaned_evolution_du_nombre_de_plages_par_reg_2,long,valeur,nbre_stations_2024,territoire_id,nbre_stations_2024,non cartographiable
298,plages_evolution_total 2021,plages_evolution_total 2021,infrastructure,"plages_evolution_total 2021. Thème : infrastructure. [Traçabilité : origine probable, valeurs non recoupées.]",,"Annuaire Statistique du Maroc (HCP). https://www.hcp.ma/downloads/Annuaire-Statistique-du-Maroc-format-Excel_t22392.html Chapitre 23 — Environnement, tableaux 23-32 à 23-34.",2024,actif,infrastructure_cleaned_evolution_du_nombre_de_plages_par_reg_3,long,valeur,plages_evolution_total 2021,territoire_id,plages_evolution_total 2021,non cartographiable
299,plages_evolution_total 2022,plages_evolution_total 2022,infrastructure,"plages_evolution_total 2022. Thème : infrastructure. [Traçabilité : origine probable, valeurs non recoupées.]",,"Annuaire Statistique du Maroc (HCP). https://www.hcp.ma/downloads/Annuaire-Statistique-du-Maroc-format-Excel_t22392.html Chapitre 23 — Environnement, tableaux 23-32 à 23-34.",2024,actif,infrastructure_cleaned_evolution_du_nombre_de_plages_par_reg_3,long,valeur,plages_evolution_total 2022,territoire_id,plages_evolution_total 2022,non cartographiable
300,plages_evolution_total 2023,plages_evolution_total 2023,infrastructure,"plages_evolution_total 2023. Thème : infrastructure. [Traçabilité : origine probable, valeurs non recoupées.]",,"Annuaire Statistique du Maroc (HCP). https://www.hcp.ma/downloads/Annuaire-Statistique-du-Maroc-format-Excel_t22392.html Chapitre 23 — Environnement, tableaux 23-32 à 23-34.",2024,actif,infrastructure_cleaned_evolution_du_nombre_de_plages_par_reg_3,long,valeur,plages_evolution_total 2023,territoire_id,plages_evolution_total 2023,non cartographiable
301,plages_evolution_total 2024,plages_evolution_total 2024,infrastructure,"plages_evolution_total 2024. Thème : infrastructure. [Traçabilité : origine probable, valeurs non recoupées.]",,"Annuaire Statistique du Maroc (HCP). https://www.hcp.ma/downloads/Annuaire-Statistique-du-Maroc-format-Excel_t22392.html Chapitre 23 — Environnement, tableaux 23-32 à 23-34.",2024,actif,infrastructure_cleaned_evolution_du_nombre_de_plages_par_reg_3,long,valeur,plages_evolution_total 2024,territoire_id,plages_evolution_total 2024,non cartographiable
302,Mouvements des avions selon les a rop — total,total_general,infrastructure,"Mouvements des avions selon les a rop — total. Thème : infrastructure. [Traçabilité : Annuaire HCP, chapitre 8 Transport. DONNÉES INCOMPLÈTES — couverture partielle, à ne pas utiliser pour un classement.]",nombre,"Annuaire Statistique du Maroc (HCP). https://www.hcp.ma/downloads/Annuaire-Statistique-du-Maroc-format-Excel_t22392.html Chapitre 8 — Transport, tableau 23 (ONDA).",2024,actif,infrastructure_cleaned_mouvements_des_avions_selon_les_a_rop,long,valeur,total_general,territoire_id,Mouvements d'avions — total,hors secteur
303,trafic_commercial,trafic_commercial,infrastructure,"trafic_commercial. Thème : infrastructure. [Traçabilité : Annuaire HCP, chapitre 8 Transport. DONNÉES INCOMPLÈTES — couverture partielle, à ne pas utiliser pour un classement.]",nombre,"Annuaire Statistique du Maroc (HCP). https://www.hcp.ma/downloads/Annuaire-Statistique-du-Maroc-format-Excel_t22392.html Chapitre 8 — Transport, tableau 23 (ONDA).",2024,actif,infrastructure_cleaned_mouvements_des_avions_selon_les_a_rop,long,valeur,trafic_commercial,territoire_id,Mouvements d'avions — trafic commercial,hors secteur
304,trafic_non_commercial,trafic_non_commercial,infrastructure,"trafic_non_commercial. Thème : infrastructure. [Traçabilité : Annuaire HCP, chapitre 8 Transport. DONNÉES INCOMPLÈTES — couverture partielle, à ne pas utiliser pour un classement.]",nombre,"Annuaire Statistique du Maroc (HCP). https://www.hcp.ma/downloads/Annuaire-Statistique-du-Maroc-format-Excel_t22392.html Chapitre 8 — Transport, tableau 23 (ONDA).",2024,actif,infrastructure_cleaned_mouvements_des_avions_selon_les_a_rop,long,valeur,trafic_non_commercial,territoire_id,Mouvements d'avions — trafic non commercial,hors secteur
305,routes_nationales_dont_revetues_km,routes_nationales_dont_revetues_km,infrastructure,routes_nationales_dont_revetues_km. Thème : infrastructure. [Traçabilité : source HCP DR-TTA confirmée par la feuille de métadonnées du fichier d'origine.],km,"Direction Régionale du HCP Tanger-Tétouan-Al Hoceïma, figure « Réseau routier et autoroutier (en km) selon les préfectures/provinces, 2024 ». Niveau province — ventilation absente de l'Annuaire national, qui s'arrête à la région.",2024,actif,infrastructure_cleaned_routes_2024_routes_longueur_2024,long,valeur,routes_nationales_dont_revetues_km,territoire_id,routes_nationales_dont_revetues_km,non cartographiable
306,routes_nationales_total_km,routes_nationales_total_km,infrastructure,routes_nationales_total_km. Thème : infrastructure. [Traçabilité : source HCP DR-TTA confirmée par la feuille de métadonnées du fichier d'origine.],km,"Direction Régionale du HCP Tanger-Tétouan-Al Hoceïma, figure « Réseau routier et autoroutier (en km) selon les préfectures/provinces, 2024 ». Niveau province — ventilation absente de l'Annuaire national, qui s'arrête à la région.",2024,actif,infrastructure_cleaned_routes_2024_routes_longueur_2024,long,valeur,routes_nationales_total_km,territoire_id,routes_nationales_total_km,non cartographiable
307,routes_provinciales_dont_revetues_km,routes_provinciales_dont_revetues_km,infrastructure,routes_provinciales_dont_revetues_km. Thème : infrastructure. [Traçabilité : source HCP DR-TTA confirmée par la feuille de métadonnées du fichier d'origine.],km,"Direction Régionale du HCP Tanger-Tétouan-Al Hoceïma, figure « Réseau routier et autoroutier (en km) selon les préfectures/provinces, 2024 ». Niveau province — ventilation absente de l'Annuaire national, qui s'arrête à la région.",2024,actif,infrastructure_cleaned_routes_2024_routes_longueur_2024,long,valeur,routes_provinciales_dont_revetues_km,territoire_id,routes_provinciales_dont_revetues_km,non cartographiable
308,routes_provinciales_total_km,routes_provinciales_total_km,infrastructure,routes_provinciales_total_km. Thème : infrastructure. [Traçabilité : source HCP DR-TTA confirmée par la feuille de métadonnées du fichier d'origine.],km,"Direction Régionale du HCP Tanger-Tétouan-Al Hoceïma, figure « Réseau routier et autoroutier (en km) selon les préfectures/provinces, 2024 ». Niveau province — ventilation absente de l'Annuaire national, qui s'arrête à la région.",2024,actif,infrastructure_cleaned_routes_2024_routes_longueur_2024,long,valeur,routes_provinciales_total_km,territoire_id,routes_provinciales_total_km,non cartographiable
309,routes_regionales_dont_revetues_km,routes_regionales_dont_revetues_km,infrastructure,routes_regionales_dont_revetues_km. Thème : infrastructure. [Traçabilité : source HCP DR-TTA confirmée par la feuille de métadonnées du fichier d'origine.],km,"Direction Régionale du HCP Tanger-Tétouan-Al Hoceïma, figure « Réseau routier et autoroutier (en km) selon les préfectures/provinces, 2024 ». Niveau province — ventilation absente de l'Annuaire national, qui s'arrête à la région.",2024,actif,infrastructure_cleaned_routes_2024_routes_longueur_2024,long,valeur,routes_regionales_dont_revetues_km,territoire_id,routes_regionales_dont_revetues_km,non cartographiable
310,routes_regionales_total_km,routes_regionales_total_km,infrastructure,routes_regionales_total_km. Thème : infrastructure. [Traçabilité : source HCP DR-TTA confirmée par la feuille de métadonnées du fichier d'origine.],km,"Direction Régionale du HCP Tanger-Tétouan-Al Hoceïma, figure « Réseau routier et autoroutier (en km) selon les préfectures/provinces, 2024 ». Niveau province — ventilation absente de l'Annuaire national, qui s'arrête à la région.",2024,actif,infrastructure_cleaned_routes_2024_routes_longueur_2024,long,valeur,routes_regionales_total_km,territoire_id,routes_regionales_total_km,non cartographiable
311,autoroutes_km,autoroutes_km,infrastructure,autoroutes_km. Thème : infrastructure. [Traçabilité : source HCP DR-TTA confirmée par la feuille de métadonnées du fichier d'origine.],km,"Direction Régionale du HCP Tanger-Tétouan-Al Hoceïma, figure « Réseau routier et autoroutier (en km) selon les préfectures/provinces, 2024 ». Niveau province — ventilation absente de l'Annuaire national, qui s'arrête à la région.",2024,actif,infrastructure_cleaned_routes_2024_routes_provinces_2024,long,valeur,autoroutes_km,territoire_id,Autoroutes,Conditions de vie
312,niveau_fragilite_transport,niveau_fragilite_transport,infrastructure,"Score heuristique d'accessibilité routière (plus il est élevé, plus le territoire paraît fragile : peu d'autoroute, poids fort des routes provinciales, revêtement plus faible). ATTENTION : ce n'est PAS un indicateur officiel. Conservé à titre exploratoire uniquement.",,"NON OFFICIEL — score heuristique construit par l'auteure du jeu de données, et non une statistique publiée. À ne pas présenter comme une donnée source.",2024,non_officiel,infrastructure_cleaned_routes_2024_routes_provinces_2024,long,valeur,niveau_fragilite_transport,territoire_id,niveau_fragilite_transport,retiré
313,part_autoroute_pct_du_reseau,part_autoroute_pct_du_reseau,infrastructure,part_autoroute_pct_du_reseau. Thème : infrastructure. [Traçabilité : source HCP DR-TTA confirmée par la feuille de métadonnées du fichier d'origine.],%,"Direction Régionale du HCP Tanger-Tétouan-Al Hoceïma, figure « Réseau routier et autoroutier (en km) selon les préfectures/provinces, 2024 ». Niveau province — ventilation absente de l'Annuaire national, qui s'arrête à la région.",2024,actif,infrastructure_cleaned_routes_2024_routes_provinces_2024,long,valeur,part_autoroute_pct_du_reseau,territoire_id,Part des autoroutes dans le réseau,calculé par le pipeline
314,part_routes_provinciales_pct,part_routes_provinciales_pct,infrastructure,part_routes_provinciales_pct. Thème : infrastructure. [Traçabilité : source HCP DR-TTA confirmée par la feuille de métadonnées du fichier d'origine.],%,"Direction Régionale du HCP Tanger-Tétouan-Al Hoceïma, figure « Réseau routier et autoroutier (en km) selon les préfectures/provinces, 2024 ». Niveau province — ventilation absente de l'Annuaire national, qui s'arrête à la région.",2024,actif,infrastructure_cleaned_routes_2024_routes_provinces_2024,long,valeur,part_routes_provinciales_pct,territoire_id,Part des routes provinciales,calculé par le pipeline
315,reseau_revetu_km,reseau_revetu_km,infrastructure,reseau_revetu_km. Thème : infrastructure. [Traçabilité : source HCP DR-TTA confirmée par la feuille de métadonnées du fichier d'origine.],km,"Direction Régionale du HCP Tanger-Tétouan-Al Hoceïma, figure « Réseau routier et autoroutier (en km) selon les préfectures/provinces, 2024 ». Niveau province — ventilation absente de l'Annuaire national, qui s'arrête à la région.",2024,actif,infrastructure_cleaned_routes_2024_routes_provinces_2024,long,valeur,reseau_revetu_km,territoire_id,Réseau revêtu,calculé par le pipeline
316,reseau_total_km,reseau_total_km,infrastructure,reseau_total_km. Thème : infrastructure. [Traçabilité : source HCP DR-TTA confirmée par la feuille de métadonnées du fichier d'origine.],km,"Direction Régionale du HCP Tanger-Tétouan-Al Hoceïma, figure « Réseau routier et autoroutier (en km) selon les préfectures/provinces, 2024 ». Niveau province — ventilation absente de l'Annuaire national, qui s'arrête à la région.",2024,actif,infrastructure_cleaned_routes_2024_routes_provinces_2024,long,valeur,reseau_total_km,territoire_id,Réseau routier total,calculé par le pipeline
317,routes_nationales_km,routes_nationales_km,infrastructure,routes_nationales_km. Thème : infrastructure. [Traçabilité : source HCP DR-TTA confirmée par la feuille de métadonnées du fichier d'origine.],km,"Direction Régionale du HCP Tanger-Tétouan-Al Hoceïma, figure « Réseau routier et autoroutier (en km) selon les préfectures/provinces, 2024 ». Niveau province — ventilation absente de l'Annuaire national, qui s'arrête à la région.",2024,actif,infrastructure_cleaned_routes_2024_routes_provinces_2024,long,valeur,routes_nationales_km,territoire_id,Routes nationales,Conditions de vie
318,routes_provinciales_km,routes_provinciales_km,infrastructure,routes_provinciales_km. Thème : infrastructure. [Traçabilité : source HCP DR-TTA confirmée par la feuille de métadonnées du fichier d'origine.],km,"Direction Régionale du HCP Tanger-Tétouan-Al Hoceïma, figure « Réseau routier et autoroutier (en km) selon les préfectures/provinces, 2024 ». Niveau province — ventilation absente de l'Annuaire national, qui s'arrête à la région.",2024,actif,infrastructure_cleaned_routes_2024_routes_provinces_2024,long,valeur,routes_provinciales_km,territoire_id,Routes provinciales,Conditions de vie
319,routes_regionales_km,routes_regionales_km,infrastructure,routes_regionales_km. Thème : infrastructure. [Traçabilité : source HCP DR-TTA confirmée par la feuille de métadonnées du fichier d'origine.],km,"Direction Régionale du HCP Tanger-Tétouan-Al Hoceïma, figure « Réseau routier et autoroutier (en km) selon les préfectures/provinces, 2024 ». Niveau province — ventilation absente de l'Annuaire national, qui s'arrête à la région.",2024,actif,infrastructure_cleaned_routes_2024_routes_provinces_2024,long,valeur,routes_regionales_km,territoire_id,Routes régionales,Conditions de vie
320,score_fragilite_transport,score_fragilite_transport,infrastructure,"Score heuristique d'accessibilité routière (plus il est élevé, plus le territoire paraît fragile : peu d'autoroute, poids fort des routes provinciales, revêtement plus faible). ATTENTION : ce n'est PAS un indicateur officiel. Conservé à titre exploratoire uniquement.",,"NON OFFICIEL — score heuristique construit par l'auteure du jeu de données, et non une statistique publiée. À ne pas présenter comme une donnée source.",2024,non_officiel,infrastructure_cleaned_routes_2024_routes_provinces_2024,long,valeur,score_fragilite_transport,territoire_id,score_fragilite_transport,retiré
321,taux_revetement_pct,taux_revetement_pct,infrastructure,taux_revetement_pct. Thème : infrastructure. [Traçabilité : source HCP DR-TTA confirmée par la feuille de métadonnées du fichier d'origine.],%,"Direction Régionale du HCP Tanger-Tétouan-Al Hoceïma, figure « Réseau routier et autoroutier (en km) selon les préfectures/provinces, 2024 ». Niveau province — ventilation absente de l'Annuaire national, qui s'arrête à la région.",2024,actif,infrastructure_cleaned_routes_2024_routes_provinces_2024,long,valeur,taux_revetement_pct,territoire_id,Taux de revêtement du réseau,calculé par le pipeline
322,electricite_ventes_distributeur_2022,electricite_ventes_distributeur_2022,infrastructure,electricite_ventes_distributeur_2022. Thème : infrastructure. [Traçabilité : vérifié : valeurs 2023 et 2022 identiques à l'Annuaire 2024 ; l'année 2024 provient de l'édition 2025.],,"Annuaire Statistique du Maroc (HCP). https://www.hcp.ma/downloads/Annuaire-Statistique-du-Maroc-format-Excel_t22392.html Chapitre 5 — Énergie et Eau, tableaux 7 et 9.",2022-2024,actif,infrastructure_electricite_ventes_distributeurs,long,valeur,electricite_ventes_distributeur_2022,territoire_id,Ventes d'électricité par distributeur (2022),hors secteur
323,electricite_ventes_distributeur_2023,electricite_ventes_distributeur_2023,infrastructure,electricite_ventes_distributeur_2023. Thème : infrastructure. [Traçabilité : vérifié : valeurs 2023 et 2022 identiques à l'Annuaire 2024 ; l'année 2024 provient de l'édition 2025.],,"Annuaire Statistique du Maroc (HCP). https://www.hcp.ma/downloads/Annuaire-Statistique-du-Maroc-format-Excel_t22392.html Chapitre 5 — Énergie et Eau, tableaux 7 et 9.",2022-2024,actif,infrastructure_electricite_ventes_distributeurs,long,valeur,electricite_ventes_distributeur_2023,territoire_id,Ventes d'électricité par distributeur (2023),hors secteur
324,electricite_ventes_distributeur_2024,electricite_ventes_distributeur_2024,infrastructure,electricite_ventes_distributeur_2024. Thème : infrastructure. [Traçabilité : vérifié : valeurs 2023 et 2022 identiques à l'Annuaire 2024 ; l'année 2024 provient de l'édition 2025.],,"Annuaire Statistique du Maroc (HCP). https://www.hcp.ma/downloads/Annuaire-Statistique-du-Maroc-format-Excel_t22392.html Chapitre 5 — Énergie et Eau, tableaux 7 et 9.",2022-2024,actif,infrastructure_electricite_ventes_distributeurs,long,valeur,electricite_ventes_distributeur_2024,territoire_id,Ventes d'électricité par distributeur (2024),hors secteur
325,electricite_ventes_provinces_2022,electricite_ventes_provinces_2022,infrastructure,electricite_ventes_provinces_2022. Thème : infrastructure. [Traçabilité : vérifié : valeurs 2023 et 2022 identiques à l'Annuaire 2024 ; l'année 2024 provient de l'édition 2025.],,"Annuaire Statistique du Maroc (HCP). https://www.hcp.ma/downloads/Annuaire-Statistique-du-Maroc-format-Excel_t22392.html Chapitre 5 — Énergie et Eau, tableaux 7 et 9.",2022-2024,actif,infrastructure_electricite_ventes_provinces_electricite_vent,long,valeur,electricite_ventes_provinces_2022,territoire_id,Ventes d'électricité (2022),hors secteur
326,electricite_ventes_provinces_2023,electricite_ventes_provinces_2023,infrastructure,electricite_ventes_provinces_2023. Thème : infrastructure. [Traçabilité : vérifié : valeurs 2023 et 2022 identiques à l'Annuaire 2024 ; l'année 2024 provient de l'édition 2025.],,"Annuaire Statistique du Maroc (HCP). https://www.hcp.ma/downloads/Annuaire-Statistique-du-Maroc-format-Excel_t22392.html Chapitre 5 — Énergie et Eau, tableaux 7 et 9.",2022-2024,actif,infrastructure_electricite_ventes_provinces_electricite_vent,long,valeur,electricite_ventes_provinces_2023,territoire_id,Ventes d'électricité (2023),hors secteur
327,electricite_ventes_provinces_2024,electricite_ventes_provinces_2024,infrastructure,electricite_ventes_provinces_2024. Thème : infrastructure. [Traçabilité : vérifié : valeurs 2023 et 2022 identiques à l'Annuaire 2024 ; l'année 2024 provient de l'édition 2025.],,"Annuaire Statistique du Maroc (HCP). https://www.hcp.ma/downloads/Annuaire-Statistique-du-Maroc-format-Excel_t22392.html Chapitre 5 — Énergie et Eau, tableaux 7 et 9.",2022-2024,actif,infrastructure_electricite_ventes_provinces_electricite_vent,long,valeur,electricite_ventes_provinces_2024,territoire_id,Ventes d'électricité (2024),hors secteur
328,Niveau d'études de la population âgée de 25 ans et plus (%),Niveau d'études de la population âgée de 25 ans et plus (%),socio_economic,Niveau d'études de la population âgée de 25 ans et plus (%). Thème : socio_economic. [Traçabilité : source RGPH 2024 (comparatif région TTA / national).],%,RGPH 2024 — Recensement Général de la Population et de l'Habitat (HCP). https://resultats2024.rgphapps.ma/,2024,actif,socio_economic_cleaned_capital_humain_cleaned_capital_humain,long,valeur,Niveau d'études de la population âgée de 25 ans et plus (%),territoire_id,Niveau d'études de la population âgée de 25 ans et plus,non cartographiable
329,Nombre moyen d'années d'études dans l'enseignement général,Nombre moyen d'années d'études dans l'enseignement général,socio_economic,Nombre moyen d'années d'études dans l'enseignement général. Thème : socio_economic. [Traçabilité : source RGPH 2024 (comparatif région TTA / national).],nombre,RGPH 2024 — Recensement Général de la Population et de l'Habitat (HCP). https://resultats2024.rgphapps.ma/,2024,actif,socio_economic_cleaned_capital_humain_cleaned_capital_humain,long,valeur,Nombre moyen d'années d'études dans l'enseignement général,territoire_id,Nombre moyen d'années d'études dans l'enseignement général,non cartographiable
330,Capital humain cleaned capital humain — Population alphabète de 10 ans et plus,Population alphabète de 10 ans et plus,socio_economic,Capital humain cleaned capital humain — Population alphabète de 10 ans et plus. Thème : socio_economic. [Traçabilité : source RGPH 2024 (comparatif région TTA / national).],hab,RGPH 2024 — Recensement Général de la Population et de l'Habitat (HCP). https://resultats2024.rgphapps.ma/,2024,actif,socio_economic_cleaned_capital_humain_cleaned_capital_humain,long,valeur,Population alphabète de 10 ans et plus,territoire_id,Population alphabète de 10 ans et plus,non cartographiable
331,Capital humain cleaned capital humain — Population de 10 ans et plus,Population de 10 ans et plus,socio_economic,Capital humain cleaned capital humain — Population de 10 ans et plus. Thème : socio_economic. [Traçabilité : source RGPH 2024 (comparatif région TTA / national).],hab,RGPH 2024 — Recensement Général de la Population et de l'Habitat (HCP). https://resultats2024.rgphapps.ma/,2024,actif,socio_economic_cleaned_capital_humain_cleaned_capital_humain,long,valeur,Population de 10 ans et plus,territoire_id,Population de 10 ans et plus,non cartographiable
332,Capital humain cleaned capital humain — Population de 15 ans et plus,Population de 15 ans et plus,socio_economic,Capital humain cleaned capital humain — Population de 15 ans et plus. Thème : socio_economic. [Traçabilité : source RGPH 2024 (comparatif région TTA / national).],hab,RGPH 2024 — Recensement Général de la Population et de l'Habitat (HCP). https://resultats2024.rgphapps.ma/,2024,actif,socio_economic_cleaned_capital_humain_cleaned_capital_humain,long,valeur,Population de 15 ans et plus,territoire_id,Population de 15 ans et plus,non cartographiable
333,Capital humain cleaned capital humain — Population de 7-12 ans,Population de 7-12 ans,socio_economic,Capital humain cleaned capital humain — Population de 7-12 ans. Thème : socio_economic. [Traçabilité : source RGPH 2024 (comparatif région TTA / national).],hab,RGPH 2024 — Recensement Général de la Population et de l'Habitat (HCP). https://resultats2024.rgphapps.ma/,2024,actif,socio_economic_cleaned_capital_humain_cleaned_capital_humain,long,valeur,Population de 7-12 ans,territoire_id,Population de 7-12 ans,non cartographiable
334,Capital humain cleaned capital humain — Taux d'analphabétisme des 10 ans et plus (%),Taux d'analphabétisme des 10 ans et plus (%),socio_economic,Capital humain cleaned capital humain — Taux d'analphabétisme des 10 ans et plus (%). Thème : socio_economic. [Traçabilité : source RGPH 2024 (comparatif région TTA / national).],%,RGPH 2024 — Recensement Général de la Population et de l'Habitat (HCP). https://resultats2024.rgphapps.ma/,2024,actif,socio_economic_cleaned_capital_humain_cleaned_capital_humain,long,valeur,Taux d'analphabétisme des 10 ans et plus (%),territoire_id,Taux d'analphabétisme des 10 ans et plus,non cartographiable
335,Capital humain cleaned capital humain — Taux d'analphabétisme des 15 ans et plus (%),Taux d'analphabétisme des 15 ans et plus (%),socio_economic,Capital humain cleaned capital humain — Taux d'analphabétisme des 15 ans et plus (%). Thème : socio_economic. [Traçabilité : source RGPH 2024 (comparatif région TTA / national).],%,RGPH 2024 — Recensement Général de la Population et de l'Habitat (HCP). https://resultats2024.rgphapps.ma/,2024,actif,socio_economic_cleaned_capital_humain_cleaned_capital_humain,long,valeur,Taux d'analphabétisme des 15 ans et plus (%),territoire_id,Taux d'analphabétisme des 15 ans et plus,non cartographiable
336,Taux d'analphabétisme selon les groupes d’âges (%),Taux d'analphabétisme selon les groupes d’âges (%),socio_economic,Taux d'analphabétisme selon les groupes d’âges (%). Thème : socio_economic. [Traçabilité : source RGPH 2024 (comparatif région TTA / national).],%,RGPH 2024 — Recensement Général de la Population et de l'Habitat (HCP). https://resultats2024.rgphapps.ma/,2024,actif,socio_economic_cleaned_capital_humain_cleaned_capital_humain,long,valeur,Taux d'analphabétisme selon les groupes d’âges (%),territoire_id,Taux d'analphabétisme selon les groupes d’âges,non cartographiable
337,Taux de scolarisation des 12-17 ans en 2023/2024 (%),Taux de scolarisation des 12-17 ans en 2023/2024 (%),socio_economic,Taux de scolarisation des 12-17 ans en 2023/2024 (%). Thème : socio_economic. [Traçabilité : source RGPH 2024 (comparatif région TTA / national).],%,RGPH 2024 — Recensement Général de la Population et de l'Habitat (HCP). https://resultats2024.rgphapps.ma/,2024,actif,socio_economic_cleaned_capital_humain_cleaned_capital_humain,long,valeur,Taux de scolarisation des 12-17 ans en 2023/2024 (%),territoire_id,Taux de scolarisation des 12-17 ans en 2023/2024,non cartographiable
338,Taux de scolarisation des 4- 5 ans en 2023/2024 (%),Taux de scolarisation des 4- 5 ans en 2023/2024 (%),socio_economic,Taux de scolarisation des 4- 5 ans en 2023/2024 (%). Thème : socio_economic. [Traçabilité : source RGPH 2024 (comparatif région TTA / national).],%,RGPH 2024 — Recensement Général de la Population et de l'Habitat (HCP). https://resultats2024.rgphapps.ma/,2024,actif,socio_economic_cleaned_capital_humain_cleaned_capital_humain,long,valeur,Taux de scolarisation des 4- 5 ans en 2023/2024 (%),territoire_id,Taux de scolarisation des 4- 5 ans en 2023/2024,non cartographiable
367,Dataset fracture numerique fracture numerique — internet_utilisation_pct_5ansplus,internet_utilisation_pct_5ansplus,socio_economic,"Dataset fracture numerique fracture numerique — internet_utilisation_pct_5ansplus. Thème : socio_economic. [Traçabilité : source RGPH 2024 (équipement et usage, population de 5 ans et plus).]",%,RGPH 2024 — Recensement Général de la Population et de l'Habitat (HCP). https://resultats2024.rgphapps.ma/,2024,actif,socio_economic_dataset_fracture_numerique_fracture_numerique,long,valeur,internet_utilisation_pct_5ansplus,territoire_id,Utilisation d'Internet (5 ans et plus),Conditions de vie
368,Dataset fracture numerique fracture numerique — ordinateur_personnel_pct_5ansplus,ordinateur_personnel_pct_5ansplus,socio_economic,"Dataset fracture numerique fracture numerique — ordinateur_personnel_pct_5ansplus. Thème : socio_economic. [Traçabilité : source RGPH 2024 (équipement et usage, population de 5 ans et plus).]",%,RGPH 2024 — Recensement Général de la Population et de l'Habitat (HCP). https://resultats2024.rgphapps.ma/,2024,actif,socio_economic_dataset_fracture_numerique_fracture_numerique,long,valeur,ordinateur_personnel_pct_5ansplus,territoire_id,Ordinateur personnel (5 ans et plus),Conditions de vie
369,Dataset fracture numerique fracture numerique — telephone_mobile_pct_5ansplus,telephone_mobile_pct_5ansplus,socio_economic,"Dataset fracture numerique fracture numerique — telephone_mobile_pct_5ansplus. Thème : socio_economic. [Traçabilité : source RGPH 2024 (équipement et usage, population de 5 ans et plus).]",%,RGPH 2024 — Recensement Général de la Population et de l'Habitat (HCP). https://resultats2024.rgphapps.ma/,2024,actif,socio_economic_dataset_fracture_numerique_fracture_numerique,long,valeur,telephone_mobile_pct_5ansplus,territoire_id,Téléphone mobile (5 ans et plus),Conditions de vie
370,Dataset fracture numerique provinces 2024,ordinateur_personnel_pct_5ansplus,socio_economic,"Dataset fracture numerique provinces 2024. Thème : socio_economic. [Traçabilité : source RGPH 2024 (équipement et usage, population de 5 ans et plus).]",,RGPH 2024 — Recensement Général de la Population et de l'Habitat (HCP). https://resultats2024.rgphapps.ma/,2024,actif,socio_economic_dataset_fracture_numerique_provinces_2024,large,ordinateur_personnel_pct_5ansplus,,territoire_id,Ordinateur personnel (doublon du mode large),doublon
371,"Dataset fracture numerique provinces 2024 (socio_economic, id371)",internet_utilisation_pct_5ansplus,socio_economic,"Dataset fracture numerique provinces 2024 (socio_economic, id371). Thème : socio_economic. [Traçabilité : source RGPH 2024 (équipement et usage, population de 5 ans et plus).]",,RGPH 2024 — Recensement Général de la Population et de l'Habitat (HCP). https://resultats2024.rgphapps.ma/,2024,actif,socio_economic_dataset_fracture_numerique_provinces_2024,large,internet_utilisation_pct_5ansplus,,territoire_id,Utilisation d'Internet (doublon du mode large),doublon
372,"Dataset fracture numerique provinces 2024 (socio_economic, id372)",telephone_mobile_pct_5ansplus,socio_economic,"Dataset fracture numerique provinces 2024 (socio_economic, id372). Thème : socio_economic. [Traçabilité : source RGPH 2024 (équipement et usage, population de 5 ans et plus).]",,RGPH 2024 — Recensement Général de la Population et de l'Habitat (HCP). https://resultats2024.rgphapps.ma/,2024,actif,socio_economic_dataset_fracture_numerique_provinces_2024,large,telephone_mobile_pct_5ansplus,,territoire_id,Téléphone mobile (doublon du mode large),doublon
375,Dataset fracture numerique detail milieu — telephone_mobile_pct_5ansplus,telephone_mobile_pct_5ansplus,socio_economic,"Dataset fracture numerique detail milieu — telephone_mobile_pct_5ansplus. Thème : socio_economic. [Traçabilité : source RGPH 2024 (équipement et usage, population de 5 ans et plus).]",%,RGPH 2024 — Recensement Général de la Population et de l'Habitat (HCP). https://resultats2024.rgphapps.ma/,2024,actif,socio_economic_dataset_fracture_numerique_detail_milieu,long,valeur,telephone_mobile_pct_5ansplus,territoire_id,"Téléphone mobile (5 ans et plus, détail milieu)",Conditions de vie
376,Langues locales utilisées (non exclusives) (%) - Darija,Langues locales utilisées (non exclusives) (%) - Darija,socio_economic,Langues locales utilisées (non exclusives) (%) - Darija. Thème : socio_economic. [Traçabilité : source RGPH 2024.],%,RGPH 2024 — Recensement Général de la Population et de l'Habitat (HCP). https://resultats2024.rgphapps.ma/,2024,actif,socio_economic_rgph2024_population_socio_econo_rgph2024_popu,long,valeur,Langues locales utilisées (non exclusives) (%) - Darija,territoire_id,Langues locales utilisées (non exclusives) — Darija,Démographie
377,Langues locales utilisées (non exclusives) (%) - Hassania,Langues locales utilisées (non exclusives) (%) - Hassania,socio_economic,Langues locales utilisées (non exclusives) (%) - Hassania. Thème : socio_economic. [Traçabilité : source RGPH 2024.],%,RGPH 2024 — Recensement Général de la Population et de l'Habitat (HCP). https://resultats2024.rgphapps.ma/,2024,actif,socio_economic_rgph2024_population_socio_econo_rgph2024_popu,long,valeur,Langues locales utilisées (non exclusives) (%) - Hassania,territoire_id,Langues locales utilisées (non exclusives) — Hassania,Démographie
378,Langues locales utilisées (non exclusives) (%) - Tachelhit,Langues locales utilisées (non exclusives) (%) - Tachelhit,socio_economic,Langues locales utilisées (non exclusives) (%) - Tachelhit. Thème : socio_economic. [Traçabilité : source RGPH 2024.],%,RGPH 2024 — Recensement Général de la Population et de l'Habitat (HCP). https://resultats2024.rgphapps.ma/,2024,actif,socio_economic_rgph2024_population_socio_econo_rgph2024_popu,long,valeur,Langues locales utilisées (non exclusives) (%) - Tachelhit,territoire_id,Langues locales utilisées (non exclusives) — Tachelhit,Démographie
379,Langues locales utilisées (non exclusives) (%) - Tamazight,Langues locales utilisées (non exclusives) (%) - Tamazight,socio_economic,Langues locales utilisées (non exclusives) (%) - Tamazight. Thème : socio_economic. [Traçabilité : source RGPH 2024.],%,RGPH 2024 — Recensement Général de la Population et de l'Habitat (HCP). https://resultats2024.rgphapps.ma/,2024,actif,socio_economic_rgph2024_population_socio_econo_rgph2024_popu,long,valeur,Langues locales utilisées (non exclusives) (%) - Tamazight,territoire_id,Langues locales utilisées (non exclusives) — Tamazight,Démographie
380,Langues locales utilisées (non exclusives) (%) - Tarifit,Langues locales utilisées (non exclusives) (%) - Tarifit,socio_economic,Langues locales utilisées (non exclusives) (%) - Tarifit. Thème : socio_economic. [Traçabilité : source RGPH 2024.],%,RGPH 2024 — Recensement Général de la Population et de l'Habitat (HCP). https://resultats2024.rgphapps.ma/,2024,actif,socio_economic_rgph2024_population_socio_econo_rgph2024_popu,long,valeur,Langues locales utilisées (non exclusives) (%) - Tarifit,territoire_id,Langues locales utilisées (non exclusives) — Tarifit,Démographie
381,Population active de 15 ans et plus,Population active de 15 ans et plus,socio_economic,Population active de 15 ans et plus. Thème : socio_economic. [Traçabilité : source RGPH 2024.],hab,RGPH 2024 — Recensement Général de la Population et de l'Habitat (HCP). https://resultats2024.rgphapps.ma/,2024,actif,socio_economic_rgph2024_population_socio_econo_rgph2024_popu,long,valeur,Population active de 15 ans et plus,territoire_id,Population active de 15 ans et plus,Emploi
382,Population active occupée de 15 ans et plus,Population active occupée de 15 ans et plus,socio_economic,Population active occupée de 15 ans et plus. Thème : socio_economic. [Traçabilité : source RGPH 2024.],hab,RGPH 2024 — Recensement Général de la Population et de l'Habitat (HCP). https://resultats2024.rgphapps.ma/,2024,actif,socio_economic_rgph2024_population_socio_econo_rgph2024_popu,long,valeur,Population active occupée de 15 ans et plus,territoire_id,Population active occupée de 15 ans et plus,Emploi
383,Population inactive de 15 ans et plus,Population inactive de 15 ans et plus,socio_economic,Population inactive de 15 ans et plus. Thème : socio_economic. [Traçabilité : source RGPH 2024.],hab,RGPH 2024 — Recensement Général de la Population et de l'Habitat (HCP). https://resultats2024.rgphapps.ma/,2024,actif,socio_economic_rgph2024_population_socio_econo_rgph2024_popu,long,valeur,Population inactive de 15 ans et plus,territoire_id,Population inactive de 15 ans et plus,Emploi
384,Statut professionnel des actifs occupés de 15 ans et plus (%) - Aide familial,Statut professionnel des actifs occupés de 15 ans et plus (%) - Aide familial,socio_economic,Statut professionnel des actifs occupés de 15 ans et plus (%) - Aide familial. Thème : socio_economic. [Traçabilité : source RGPH 2024.],%,RGPH 2024 — Recensement Général de la Population et de l'Habitat (HCP). https://resultats2024.rgphapps.ma/,2024,actif,socio_economic_rgph2024_population_socio_econo_rgph2024_popu,long,valeur,Statut professionnel des actifs occupés de 15 ans et plus (%) - Aide familial,territoire_id,Statut professionnel des actifs occupés de 15 ans et plus — Aide familial,Emploi
385,Statut professionnel des actifs occupés de 15 ans et plus (%) - Apprenti,Statut professionnel des actifs occupés de 15 ans et plus (%) - Apprenti,socio_economic,Statut professionnel des actifs occupés de 15 ans et plus (%) - Apprenti. Thème : socio_economic. [Traçabilité : source RGPH 2024.],%,RGPH 2024 — Recensement Général de la Population et de l'Habitat (HCP). https://resultats2024.rgphapps.ma/,2024,actif,socio_economic_rgph2024_population_socio_econo_rgph2024_popu,long,valeur,Statut professionnel des actifs occupés de 15 ans et plus (%) - Apprenti,territoire_id,Statut professionnel des actifs occupés de 15 ans et plus — Apprenti,Emploi
386,Statut professionnel des actifs occupés de 15 ans et plus (%) - Autre,Statut professionnel des actifs occupés de 15 ans et plus (%) - Autre,socio_economic,Statut professionnel des actifs occupés de 15 ans et plus (%) - Autre. Thème : socio_economic. [Traçabilité : source RGPH 2024.],%,RGPH 2024 — Recensement Général de la Population et de l'Habitat (HCP). https://resultats2024.rgphapps.ma/,2024,actif,socio_economic_rgph2024_population_socio_econo_rgph2024_popu,long,valeur,Statut professionnel des actifs occupés de 15 ans et plus (%) - Autre,territoire_id,Statut professionnel des actifs occupés de 15 ans et plus — Autre,Emploi
387,Statut professionnel des actifs occupés de 15 ans et plus (%) - Coopérateur/Associé,Statut professionnel des actifs occupés de 15 ans et plus (%) - Coopérateur/Associé,socio_economic,Statut professionnel des actifs occupés de 15 ans et plus (%) - Coopérateur/Associé. Thème : socio_economic. [Traçabilité : source RGPH 2024.],%,RGPH 2024 — Recensement Général de la Population et de l'Habitat (HCP). https://resultats2024.rgphapps.ma/,2024,actif,socio_economic_rgph2024_population_socio_econo_rgph2024_popu,long,valeur,Statut professionnel des actifs occupés de 15 ans et plus (%) - Coopérateur/Associé,territoire_id,Statut professionnel des actifs occupés de 15 ans et plus — Coopérateur/Associé,Emploi
388,Statut professionnel des actifs occupés de 15 ans et plus (%) - Employeur,Statut professionnel des actifs occupés de 15 ans et plus (%) - Employeur,socio_economic,Statut professionnel des actifs occupés de 15 ans et plus (%) - Employeur. Thème : socio_economic. [Traçabilité : source RGPH 2024.],%,RGPH 2024 — Recensement Général de la Population et de l'Habitat (HCP). https://resultats2024.rgphapps.ma/,2024,actif,socio_economic_rgph2024_population_socio_econo_rgph2024_popu,long,valeur,Statut professionnel des actifs occupés de 15 ans et plus (%) - Employeur,territoire_id,Statut professionnel des actifs occupés de 15 ans et plus — Employeur,Emploi
389,Statut professionnel des actifs occupés de 15 ans et plus (%) - Indépendant,Statut professionnel des actifs occupés de 15 ans et plus (%) - Indépendant,socio_economic,Statut professionnel des actifs occupés de 15 ans et plus (%) - Indépendant. Thème : socio_economic. [Traçabilité : source RGPH 2024.],%,RGPH 2024 — Recensement Général de la Population et de l'Habitat (HCP). https://resultats2024.rgphapps.ma/,2024,actif,socio_economic_rgph2024_population_socio_econo_rgph2024_popu,long,valeur,Statut professionnel des actifs occupés de 15 ans et plus (%) - Indépendant,territoire_id,Statut professionnel des actifs occupés de 15 ans et plus — Indépendant,Emploi
390,Statut professionnel des actifs occupés de 15 ans et plus (%) - Salarié du secteur privé,Statut professionnel des actifs occupés de 15 ans et plus (%) - Salarié du secteur privé,socio_economic,Statut professionnel des actifs occupés de 15 ans et plus (%) - Salarié du secteur privé. Thème : socio_economic. [Traçabilité : source RGPH 2024.],%,RGPH 2024 — Recensement Général de la Population et de l'Habitat (HCP). https://resultats2024.rgphapps.ma/,2024,actif,socio_economic_rgph2024_population_socio_econo_rgph2024_popu,long,valeur,Statut professionnel des actifs occupés de 15 ans et plus (%) - Salarié du secteur privé,territoire_id,Statut professionnel des actifs occupés de 15 ans et plus — Salarié du secteur privé,Emploi
391,Statut professionnel des actifs occupés de 15 ans et plus (%) - Salarié du secteur public,Statut professionnel des actifs occupés de 15 ans et plus (%) - Salarié du secteur public,socio_economic,Statut professionnel des actifs occupés de 15 ans et plus (%) - Salarié du secteur public. Thème : socio_economic. [Traçabilité : source RGPH 2024.],%,RGPH 2024 — Recensement Général de la Population et de l'Habitat (HCP). https://resultats2024.rgphapps.ma/,2024,actif,socio_economic_rgph2024_population_socio_econo_rgph2024_popu,long,valeur,Statut professionnel des actifs occupés de 15 ans et plus (%) - Salarié du secteur public,territoire_id,Statut professionnel des actifs occupés de 15 ans et plus — Salarié du secteur public,Emploi
392,Taux d'activité des 15 ans et plus (%),Taux d'activité des 15 ans et plus (%),socio_economic,Taux d'activité des 15 ans et plus (%). Thème : socio_economic. [Traçabilité : source RGPH 2024.],%,RGPH 2024 — Recensement Général de la Population et de l'Habitat (HCP). https://resultats2024.rgphapps.ma/,2024,actif,socio_economic_rgph2024_population_socio_econo_rgph2024_popu,long,valeur,Taux d'activité des 15 ans et plus (%),territoire_id,Taux d'activité des 15 ans et plus,Emploi
393,Taux de chômage (%),Taux de chômage (%),socio_economic,Taux de chômage (%). Thème : socio_economic. [Traçabilité : source RGPH 2024.],%,RGPH 2024 — Recensement Général de la Population et de l'Habitat (HCP). https://resultats2024.rgphapps.ma/,2024,actif,socio_economic_rgph2024_population_socio_econo_rgph2024_popu,long,valeur,Taux de chômage (%),territoire_id,Taux de chômage,Emploi
394,Rgph2024 population socio econo rgph2024 popu — Taux de prévalence du handicap (%),Taux de prévalence du handicap (%),socio_economic,Rgph2024 population socio econo rgph2024 popu — Taux de prévalence du handicap (%). Thème : socio_economic. [Traçabilité : source RGPH 2024.],%,RGPH 2024 — Recensement Général de la Population et de l'Habitat (HCP). https://resultats2024.rgphapps.ma/,2024,actif,socio_economic_rgph2024_population_socio_econo_rgph2024_popu,long,valeur,Taux de prévalence du handicap (%),territoire_id,Taux de prévalence du handicap,Santé
402,Population urbaine (RGPH 2024),Population urbaine (RGPH 2024),demography,Population urbaine (RGPH 2024). Thème : demography.,hab,HCP — RGPH 2024,2024,validé,demo_population_milieu,long,valeur,pop_urbain,territoire_id,Population urbaine (RGPH 2024),Démographie
403,Population rurale (RGPH 2024),Population rurale (RGPH 2024),demography,Population rurale (RGPH 2024). Thème : demography.,hab,HCP — RGPH 2024,2024,validé,demo_population_milieu,long,valeur,pop_rural,territoire_id,Population rurale (RGPH 2024),Démographie
404,Taux d'urbanisation,Taux d'urbanisation,demography,Taux d'urbanisation. Thème : demography.,%,HCP — RGPH 2024,2024,validé,demo_population_milieu,long,valeur,taux_urbanisation,territoire_id,Taux d'urbanisation,Démographie
405,Accès aux soins — distance moyenne au centre de santé (commune rurale),Accès aux soins — distance moyenne au centre de santé (commune rurale),demography,"Distance moyenne au centre de santé le plus proche, pour les communes rurales. MÉTHODE : moyenne des distances déclarées par chaque douar au RGPH, pondérée par son nombre de ménages — soit Σ(distance × ménages) ÷ Σ(ménages). CONTRÔLE : la méthode a été validée sur la distance à la route goudronnée, seule des cinq à être publiée par le HCP au niveau province (écart 0,11 km, corrélation 0,997). Ce contrôle porte sur la méthode, non sur cet indicateur en particulier.",km,"ORVSIT — calculé à partir des distances douar du RGPH 2024 (HCP), pondérées par les ménages",2024,calcule_observatoire,demo_acces_communal,long,valeur,acces_sante_km,territoire_id,Accès aux soins — distance moyenne au centre de santé (commune rurale),retiré
406,Enclavement routier — distance moyenne à la route goudronnée (commune rurale),Enclavement routier — distance moyenne à la route goudronnée (commune rurale),demography,"Distance moyenne à la route goudronnée, pour les communes rurales. MÉTHODE : Σ(distance × ménages) ÷ Σ(ménages), à partir des distances déclarées par douar au RGPH. CONTRÔLE : confronté à la série publiée par le HCP au niveau province — écart absolu moyen 0,11 km, corrélation 0,997, classement des provinces identique. Au niveau province, on affiche le chiffre du HCP, jamais cet agrégat.",km,"ORVSIT — calculé à partir des distances douar du RGPH 2024 (HCP), pondérées par les ménages",2024,calcule_observatoire,demo_acces_communal,long,valeur,acces_route_goudronnee_km,territoire_id,Enclavement routier — distance moyenne à la route goudronnée (commune rurale),retiré
407,Accès à l'école primaire — distance moyenne (commune rurale),Accès à l'école primaire — distance moyenne (commune rurale),demography,"Distance moyenne à l'école primaire la plus proche, pour les communes rurales. MÉTHODE : Σ(distance × ménages) ÷ Σ(ménages), à partir des distances déclarées par douar au RGPH. COHÉRENCE : 99,0 % des 3 010 douars respectent la règle école ≤ collège.",km,"ORVSIT — calculé à partir des distances douar du RGPH 2024 (HCP), pondérées par les ménages",2024,calcule_observatoire,demo_acces_communal,long,valeur,acces_ecole_primaire_km,territoire_id,Accès à l'école primaire — distance moyenne (commune rurale),retiré
408,Accès au collège — distance moyenne (commune rurale),Accès au collège — distance moyenne (commune rurale),demography,"Distance moyenne au collège le plus proche, pour les communes rurales. MÉTHODE : Σ(distance × ménages) ÷ Σ(ménages), à partir des distances déclarées par douar au RGPH. COHÉRENCE : 94,3 % des douars respectent la règle collège ≤ lycée.",km,"ORVSIT — calculé à partir des distances douar du RGPH 2024 (HCP), pondérées par les ménages",2024,calcule_observatoire,demo_acces_communal,long,valeur,acces_college_km,territoire_id,Accès au collège — distance moyenne (commune rurale),retiré
409,Part des douars à plus de 5 km d'un centre de santé,Part des douars à plus de 5 km d'un centre de santé,demography,"Part des douars de la commune situés à plus de 5 km d'un centre de santé. MÉTHODE : simple comptage, sans moyenne ni pondération — nombre de douars au-delà de 5 km ÷ nombre total de douars de la commune. C'est le plus robuste des cinq indicateurs d'accès.",%,"ORVSIT — calculé à partir des distances douar du RGPH 2024 (HCP), pondérées par les ménages",2024,calcule_observatoire,demo_acces_communal,long,valeur,pct_douars_sante_plus5km,territoire_id,Part des douars à plus de 5 km d'un centre de santé,retiré
410,Habitants par ESSP (ensemble),hab_par_essp_total,health,"Habitants par ESSP (ensemble). Ratio officiel (nombre d'habitants pour 1 unité d'offre). Plus la valeur est élevée, plus l'accès est faible. Thème : health.",hab./unité,"Carte Sanitaire (Ministère de la Santé et de la Protection Sociale) — Tableau de Bord Interactif, export officiel 2024",2024,validé,health_offre_province,long,valeur,hab_par_essp_total,territoire_id,Habitants par ESSP (ensemble),Santé
411,Habitants par ESSP (milieu urbain),hab_par_essp_urbain,health,"Habitants par ESSP (milieu urbain). Ratio officiel (nombre d'habitants pour 1 unité d'offre). Plus la valeur est élevée, plus l'accès est faible. Thème : health.",hab./unité,"Carte Sanitaire (Ministère de la Santé et de la Protection Sociale) — Tableau de Bord Interactif, export officiel 2024",2024,validé,health_offre_province,long,valeur,hab_par_essp_urbain,territoire_id,Habitants par ESSP (milieu urbain),Santé
412,Habitants par ESSP (milieu rural),hab_par_essp_rural,health,"Habitants par ESSP (milieu rural). Ratio officiel (nombre d'habitants pour 1 unité d'offre). Plus la valeur est élevée, plus l'accès est faible. Thème : health.",hab./unité,"Carte Sanitaire (Ministère de la Santé et de la Protection Sociale) — Tableau de Bord Interactif, export officiel 2024",2024,validé,health_offre_province,long,valeur,hab_par_essp_rural,territoire_id,Habitants par ESSP (milieu rural),Santé
413,Habitants par médecin (public + privé),hab_par_medecin_public_prive,health,"Habitants par médecin (public + privé). Ratio officiel (nombre d'habitants pour 1 unité d'offre). Plus la valeur est élevée, plus l'accès est faible. Thème : health.",hab./unité,"Carte Sanitaire (Ministère de la Santé et de la Protection Sociale) — Tableau de Bord Interactif, export officiel 2024",2024,validé,health_offre_province,long,valeur,hab_par_medecin_public_prive,territoire_id,Habitants par médecin (public + privé),Santé
414,Habitants par médecin (secteur public),hab_par_medecin_public,health,"Habitants par médecin (secteur public). Ratio officiel (nombre d'habitants pour 1 unité d'offre). Plus la valeur est élevée, plus l'accès est faible. Thème : health.",hab./unité,"Carte Sanitaire (Ministère de la Santé et de la Protection Sociale) — Tableau de Bord Interactif, export officiel 2024",2024,validé,health_offre_province,long,valeur,hab_par_medecin_public,territoire_id,Habitants par médecin (secteur public),Santé
415,Habitants par médecin du RESSP (ensemble),hab_par_medecin_ressp_total,health,"Habitants par médecin du RESSP (ensemble). Ratio officiel (nombre d'habitants pour 1 unité d'offre). Plus la valeur est élevée, plus l'accès est faible. Thème : health.",hab./unité,"Carte Sanitaire (Ministère de la Santé et de la Protection Sociale) — Tableau de Bord Interactif, export officiel 2024",2024,validé,health_offre_province,long,valeur,hab_par_medecin_ressp_total,territoire_id,Habitants par médecin du RESSP (ensemble),Santé
416,Habitants par médecin du RESSP (urbain),hab_par_medecin_ressp_urbain,health,"Habitants par médecin du RESSP (urbain). Ratio officiel (nombre d'habitants pour 1 unité d'offre). Plus la valeur est élevée, plus l'accès est faible. Thème : health.",hab./unité,"Carte Sanitaire (Ministère de la Santé et de la Protection Sociale) — Tableau de Bord Interactif, export officiel 2024",2024,validé,health_offre_province,long,valeur,hab_par_medecin_ressp_urbain,territoire_id,Habitants par médecin du RESSP (urbain),Santé
417,Habitants par médecin du RESSP (rural),hab_par_medecin_ressp_rural,health,"Habitants par médecin du RESSP (rural). Ratio officiel (nombre d'habitants pour 1 unité d'offre). Plus la valeur est élevée, plus l'accès est faible. Thème : health.",hab./unité,"Carte Sanitaire (Ministère de la Santé et de la Protection Sociale) — Tableau de Bord Interactif, export officiel 2024",2024,validé,health_offre_province,long,valeur,hab_par_medecin_ressp_rural,territoire_id,Habitants par médecin du RESSP (rural),Santé
418,Habitants par infirmier (secteur public),hab_par_infirmier_public,health,"Habitants par infirmier (secteur public). Ratio officiel (nombre d'habitants pour 1 unité d'offre). Plus la valeur est élevée, plus l'accès est faible. Thème : health.",hab./unité,"Carte Sanitaire (Ministère de la Santé et de la Protection Sociale) — Tableau de Bord Interactif, export officiel 2024",2024,validé,health_offre_province,long,valeur,hab_par_infirmier_public,territoire_id,Habitants par infirmier (secteur public),Santé
419,Habitants par infirmier du RESSP (ensemble),hab_par_infirmier_ressp_total,health,"Habitants par infirmier du RESSP (ensemble). Ratio officiel (nombre d'habitants pour 1 unité d'offre). Plus la valeur est élevée, plus l'accès est faible. Thème : health.",hab./unité,"Carte Sanitaire (Ministère de la Santé et de la Protection Sociale) — Tableau de Bord Interactif, export officiel 2024",2024,validé,health_offre_province,long,valeur,hab_par_infirmier_ressp_total,territoire_id,Habitants par infirmier du RESSP (ensemble),Santé
420,Habitants par infirmier du RESSP (urbain),hab_par_infirmier_ressp_urbain,health,"Habitants par infirmier du RESSP (urbain). Ratio officiel (nombre d'habitants pour 1 unité d'offre). Plus la valeur est élevée, plus l'accès est faible. Thème : health.",hab./unité,"Carte Sanitaire (Ministère de la Santé et de la Protection Sociale) — Tableau de Bord Interactif, export officiel 2024",2024,validé,health_offre_province,long,valeur,hab_par_infirmier_ressp_urbain,territoire_id,Habitants par infirmier du RESSP (urbain),Santé
421,Habitants par infirmier du RESSP (rural),hab_par_infirmier_ressp_rural,health,"Habitants par infirmier du RESSP (rural). Ratio officiel (nombre d'habitants pour 1 unité d'offre). Plus la valeur est élevée, plus l'accès est faible. Thème : health.",hab./unité,"Carte Sanitaire (Ministère de la Santé et de la Protection Sociale) — Tableau de Bord Interactif, export officiel 2024",2024,validé,health_offre_province,long,valeur,hab_par_infirmier_ressp_rural,territoire_id,Habitants par infirmier du RESSP (rural),Santé
422,Habitants par lit hospitalier (public + privé),hab_par_lit_public_prive,health,"Habitants par lit hospitalier (public + privé). Ratio officiel (nombre d'habitants pour 1 unité d'offre). Plus la valeur est élevée, plus l'accès est faible. Thème : health.",hab./unité,"Carte Sanitaire (Ministère de la Santé et de la Protection Sociale) — Tableau de Bord Interactif, export officiel 2024",2024,validé,health_offre_province,long,valeur,hab_par_lit_public_prive,territoire_id,Habitants par lit hospitalier (public + privé),Santé
423,Habitants par lit hospitalier (secteur public),hab_par_lit_public,health,"Habitants par lit hospitalier (secteur public). Ratio officiel (nombre d'habitants pour 1 unité d'offre). Plus la valeur est élevée, plus l'accès est faible. Thème : health.",hab./unité,"Carte Sanitaire (Ministère de la Santé et de la Protection Sociale) — Tableau de Bord Interactif, export officiel 2024",2024,validé,health_offre_province,long,valeur,hab_par_lit_public,territoire_id,Habitants par lit hospitalier (secteur public),Santé
424,Habitants par médecin dentiste (public + privé),hab_par_dentiste_public_prive,health,"Habitants par médecin dentiste (public + privé). Ratio officiel (nombre d'habitants pour 1 unité d'offre). Plus la valeur est élevée, plus l'accès est faible. Thème : health.",hab./unité,"Carte Sanitaire (Ministère de la Santé et de la Protection Sociale) — Tableau de Bord Interactif, export officiel 2024",2024,validé,health_offre_province,long,valeur,hab_par_dentiste_public_prive,territoire_id,Habitants par médecin dentiste (public + privé),Santé
425,Habitants par médecin dentiste (secteur public),hab_par_dentiste_public,health,"Habitants par médecin dentiste (secteur public). Ratio officiel (nombre d'habitants pour 1 unité d'offre). Plus la valeur est élevée, plus l'accès est faible. Thème : health.",hab./unité,"Carte Sanitaire (Ministère de la Santé et de la Protection Sociale) — Tableau de Bord Interactif, export officiel 2024",2024,validé,health_offre_province,long,valeur,hab_par_dentiste_public,territoire_id,Habitants par médecin dentiste (secteur public),Santé
426,Habitants par scanner (secteur public),hab_par_scanner_public,health,"Habitants par scanner (secteur public). Ratio officiel (nombre d'habitants pour 1 unité d'offre). Plus la valeur est élevée, plus l'accès est faible. Thème : health.",hab./unité,"Carte Sanitaire (Ministère de la Santé et de la Protection Sociale) — Tableau de Bord Interactif, export officiel 2024",2024,validé,health_offre_province,long,valeur,hab_par_scanner_public,territoire_id,Habitants par scanner (secteur public),Santé
427,Habitants par officine de pharmacie (ensemble),hab_par_officine_total,health,"Habitants par officine de pharmacie (ensemble). Ratio officiel (nombre d'habitants pour 1 unité d'offre). Plus la valeur est élevée, plus l'accès est faible. Thème : health.",hab./unité,"Carte Sanitaire (Ministère de la Santé et de la Protection Sociale) — Tableau de Bord Interactif, export officiel 2024",2024,validé,health_offre_province,long,valeur,hab_par_officine_total,territoire_id,Habitants par officine de pharmacie (ensemble),Santé
428,Habitants par officine de pharmacie (milieu urbain),hab_par_officine_urbain,health,"Habitants par officine de pharmacie (milieu urbain). Ratio officiel (nombre d'habitants pour 1 unité d'offre). Plus la valeur est élevée, plus l'accès est faible. Thème : health.",hab./unité,"Carte Sanitaire (Ministère de la Santé et de la Protection Sociale) — Tableau de Bord Interactif, export officiel 2024",2024,validé,health_offre_province,long,valeur,hab_par_officine_urbain,territoire_id,Habitants par officine de pharmacie (milieu urbain),Santé
429,Habitants par officine de pharmacie (milieu rural),hab_par_officine_rural,health,"Habitants par officine de pharmacie (milieu rural). Ratio officiel (nombre d'habitants pour 1 unité d'offre). Plus la valeur est élevée, plus l'accès est faible. Thème : health.",hab./unité,"Carte Sanitaire (Ministère de la Santé et de la Protection Sociale) — Tableau de Bord Interactif, export officiel 2024",2024,validé,health_offre_province,long,valeur,hab_par_officine_rural,territoire_id,Habitants par officine de pharmacie (milieu rural),Santé
430,Privation santé — mortalité infantile (indice de pauvreté multidimensionnelle),priv_mortalite_infantile,health,"Taux de privation des ménages lié à la mortalité infantile, composante officielle de la dimension Santé de l'indice de pauvreté multidimensionnelle (HCP, méthode Alkire-Foster). Thème : health.",%,"HCP — Cartographie de la pauvreté multidimensionnelle (Mai 2025), niveau commune, 2024",2024,validé,health_pauvrete_communale,long,valeur,priv_mortalite_infantile,territoire_id,Privation — mortalité infantile,Santé
431,Privation santé — handicap (indice de pauvreté multidimensionnelle),priv_handicap,health,"Taux de privation des ménages lié au handicap, composante officielle de la dimension Santé de l'indice de pauvreté multidimensionnelle (HCP, méthode Alkire-Foster). Thème : health.",%,"HCP — Cartographie de la pauvreté multidimensionnelle (Mai 2025), niveau commune, 2024",2024,validé,health_pauvrete_communale,long,valeur,priv_handicap,territoire_id,Privation — handicap,Santé
432,Contribution de la santé à la pauvreté multidimensionnelle,contrib_sante,health,Part (%) de la dimension santé (mortalité infantile + handicap) dans l'indice de pauvreté multidimensionnelle (MPI) de la commune. Thème : health.,%,"HCP — Cartographie de la pauvreté multidimensionnelle (Mai 2025), niveau commune, 2024",2024,validé,health_pauvrete_communale,long,valeur,contrib_sante,territoire_id,Contribution de la santé à la pauvreté multidimensionnelle,Santé
433,Table brute — Équipements biomédicaux lourds et haute technologie (détail établissement),health_equipements_biomedicaux,health,"Un équipement (scanner, mammographe, stérilisateur...) par ligne, par établissement. Colonnes : Province, Etablissement, Catégorie, Equipement, Nombre. Donnée établissement/localité, PAS un indicateur territoire->valeur simple : à interroger directement (filtrer par territoire_id/province/commune/établissement), ne pas moyenner ni sommer automatiquement.",,"Carte Sanitaire (Ministère de la Santé et de la Protection Sociale) — export TBI, fichiers bruts Santé_2025",2024,table_reference,health_equipements_biomedicaux,brut_etablissement,Nombre,,territoire_id,Répertoire — équipements biomédicaux lourds,Santé — répertoires
434,Table brute — Établissements avec module d'accouchement (détail commune),health_etablissements_accouchement,health,"Liste des établissements de santé disposant d'un module d'accouchement, au niveau commune. Colonnes : Province, Circ. sanitaire, Commune, Nom, Catégorie, Milieu. Donnée établissement/localité, PAS un indicateur territoire->valeur simple : à interroger directement (filtrer par territoire_id/province/commune/établissement), ne pas moyenner ni sommer automatiquement.",,"Carte Sanitaire (Ministère de la Santé et de la Protection Sociale) — export TBI, fichiers bruts Santé_2025",2024,table_reference,health_etablissements_accouchement,brut_etablissement,Nombre,,territoire_id,Répertoire — établissements avec module d'accouchement,Santé — répertoires
435,Table brute — Établissements avec unité UMP (détail commune),health_etablissements_ump,health,"Liste des établissements avec unité médicale de proximité (UMP), au niveau commune. Colonnes : Province, Circ. sanitaire, Commune, Nom, Catégorie, Milieu. Donnée établissement/localité, PAS un indicateur territoire->valeur simple : à interroger directement (filtrer par territoire_id/province/commune/établissement), ne pas moyenner ni sommer automatiquement.",,"Carte Sanitaire (Ministère de la Santé et de la Protection Sociale) — export TBI, fichiers bruts Santé_2025",2024,table_reference,health_etablissements_ump,brut_etablissement,Nombre,,territoire_id,Répertoire — établissements avec unité UMP,Santé — répertoires
436,Table brute — Établissements de rattachement RAMED (détail commune),health_etablissements_ramed,health,"Établissements de rattachement pour les bénéficiaires RAMED, au niveau commune. Colonnes : Province, Circ. sanitaire, Commune, Nom, Catégorie, Milieu. Donnée établissement/localité, PAS un indicateur territoire->valeur simple : à interroger directement (filtrer par territoire_id/province/commune/établissement), ne pas moyenner ni sommer automatiquement.",,"Carte Sanitaire (Ministère de la Santé et de la Protection Sociale) — export TBI, fichiers bruts Santé_2025",2024,table_reference,health_etablissements_ramed,brut_etablissement,Nombre,,territoire_id,Répertoire — établissements de rattachement RAMED,Santé — répertoires
437,Table brute — Personnel administratif de santé (détail établissement),health_corps_administratif,health,"Effectifs du corps administratif (administrateurs, adjoints...) par établissement. Colonnes : Province, Etablissement, Specialité, Nombre. Donnée établissement/localité, PAS un indicateur territoire->valeur simple : à interroger directement (filtrer par territoire_id/province/commune/établissement), ne pas moyenner ni sommer automatiquement.",,"Carte Sanitaire (Ministère de la Santé et de la Protection Sociale) — export TBI, fichiers bruts Santé_2025",2024,table_reference,health_corps_administratif,brut_etablissement,Nombre,,territoire_id,Répertoire — personnel administratif,Santé — répertoires
438,Table brute — Personnel technique de santé (détail établissement),health_corps_technique,health,"Effectifs du corps technique (techniciens, techniciens ambulanciers...) par établissement. Colonnes : Province, Etablissement, Specialité, Nombre. Donnée établissement/localité, PAS un indicateur territoire->valeur simple : à interroger directement (filtrer par territoire_id/province/commune/établissement), ne pas moyenner ni sommer automatiquement.",,"Carte Sanitaire (Ministère de la Santé et de la Protection Sociale) — export TBI, fichiers bruts Santé_2025",2024,table_reference,health_corps_technique,brut_etablissement,Nombre,,territoire_id,Répertoire — personnel technique,Santé — répertoires
439,"Table brute — Nombre de cliniques privées par type (détail localité, TTA uniquement)",health_cliniques_nombre,health,"Nombre de cliniques privées par type d'infrastructure (CPBL, CMP...), filtré sur la région TTA (fichier source national). Colonnes : Code, C. sanitaire, Milieu, Province, Type infrastructure, Nombre. Donnée établissement/localité, PAS un indicateur territoire->valeur simple : à interroger directement (filtrer par territoire_id/province/commune/établissement), ne pas moyenner ni sommer automatiquement.",,"Carte Sanitaire (Ministère de la Santé et de la Protection Sociale) — export TBI, fichiers bruts Santé_2025",2024,table_reference,health_cliniques_nombre,brut_etablissement,Nombre,,territoire_id,Répertoire — cliniques privées,Santé — répertoires
440,"Table brute — Nombre de lits en cliniques privées par type (détail localité, TTA uniquement)",health_cliniques_lits,health,"Nombre de lits en cliniques privées par type d'infrastructure, filtré sur la région TTA. Colonnes : Code, C. sanitaire, Milieu, Province, Type infrastructure, Nombre. Donnée établissement/localité, PAS un indicateur territoire->valeur simple : à interroger directement (filtrer par territoire_id/province/commune/établissement), ne pas moyenner ni sommer automatiquement.",,"Carte Sanitaire (Ministère de la Santé et de la Protection Sociale) — export TBI, fichiers bruts Santé_2025",2024,table_reference,health_cliniques_lits,brut_etablissement,Nombre,,territoire_id,Répertoire — lits en cliniques privées,Santé — répertoires
441,Table brute — Lits hospitaliers fonctionnels par discipline (détail établissement),health_lits_par_discipline,health,"Nombre de lits par discipline médicale (oncologie, urgences, pédiatrie...) par établissement hospitalier. Colonnes : Province, Nom, Catégorie, Discipline, Nombre. Donnée établissement/localité, PAS un indicateur territoire->valeur simple : à interroger directement (filtrer par territoire_id/province/commune/établissement), ne pas moyenner ni sommer automatiquement.",,"Carte Sanitaire (Ministère de la Santé et de la Protection Sociale) — export TBI, fichiers bruts Santé_2025",2024,table_reference,health_lits_par_discipline,brut_etablissement,Nombre,,territoire_id,Répertoire — lits hospitaliers par discipline,Santé — répertoires
442,"Table brute — Autres infrastructures sanitaires privées (détail localité, TTA uniquement)",health_infrastructures_privees_autres,health,"Infirmeries, cabinets de consultation, cabinets dentaires, ambulances, centres d'hémodialyse... du secteur privé, filtré TTA. Colonnes : Code, C. sanitaire, Milieu, Province, Type infrastructure, Nombre. Donnée établissement/localité, PAS un indicateur territoire->valeur simple : à interroger directement (filtrer par territoire_id/province/commune/établissement), ne pas moyenner ni sommer automatiquement.",,"Carte Sanitaire (Ministère de la Santé et de la Protection Sociale) — export TBI, fichiers bruts Santé_2025",2024,table_reference,health_infrastructures_privees_autres,brut_etablissement,Nombre,,territoire_id,Répertoire — autres infrastructures privées,Santé — répertoires
443,"Table brute — Médecins du secteur privé par spécialité (détail localité, TTA uniquement)",health_medecins_prive,health,"Nombre de médecins privés par spécialité médicale (cardiologie, radiologie...), filtré TTA. Colonnes : Province, C. sanitaire, Milieu, Spécialité, Nombre. Donnée établissement/localité, PAS un indicateur territoire->valeur simple : à interroger directement (filtrer par territoire_id/province/commune/établissement), ne pas moyenner ni sommer automatiquement.",,"Carte Sanitaire (Ministère de la Santé et de la Protection Sociale) — export TBI, fichiers bruts Santé_2025",2024,table_reference,health_medecins_prive,brut_etablissement,Nombre,,territoire_id,Répertoire — médecins du secteur privé,Santé — répertoires
444,Table brute — Médecins du secteur public par spécialité (détail établissement),health_professionnels_medicaux_public,health,"Effectifs de médecins publics par spécialité et par établissement. Colonnes : Province, Etablissement, Specialité, Nombre. Donnée établissement/localité, PAS un indicateur territoire->valeur simple : à interroger directement (filtrer par territoire_id/province/commune/établissement), ne pas moyenner ni sommer automatiquement.",,"Carte Sanitaire (Ministère de la Santé et de la Protection Sociale) — export TBI, fichiers bruts Santé_2025",2024,table_reference,health_professionnels_medicaux_public,brut_etablissement,Nombre,,territoire_id,Répertoire — médecins du secteur public,Santé — répertoires
445,Table brute — Personnel paramédical du secteur public (détail établissement),health_professionnels_paramedicaux_public,health,"Effectifs paramédicaux publics (infirmiers, sages-femmes...) par établissement. Colonnes : Province, Etablissement, Specialité, Nombre. Donnée établissement/localité, PAS un indicateur territoire->valeur simple : à interroger directement (filtrer par territoire_id/province/commune/établissement), ne pas moyenner ni sommer automatiquement.",,"Carte Sanitaire (Ministère de la Santé et de la Protection Sociale) — export TBI, fichiers bruts Santé_2025",2024,table_reference,health_professionnels_paramedicaux_public,brut_etablissement,Nombre,,territoire_id,Répertoire — personnel paramédical public,Santé — répertoires
446,Table brute — Salles de radiologie par type (détail établissement),health_salles_radiologie,health,"Nombre de salles de radiologie par type, par établissement. Colonnes : Province, Nom, Catégorie, Radiologie, Nombre. Donnée établissement/localité, PAS un indicateur territoire->valeur simple : à interroger directement (filtrer par territoire_id/province/commune/établissement), ne pas moyenner ni sommer automatiquement.",,"Carte Sanitaire (Ministère de la Santé et de la Protection Sociale) — export TBI, fichiers bruts Santé_2025",2024,table_reference,health_salles_radiologie,brut_etablissement,Nombre,,territoire_id,Répertoire — salles de radiologie,Santé — répertoires
447,Table brute — Salles de bloc opératoire par type (détail établissement),health_salles_bloc_operatoire,health,"Nombre de salles de bloc opératoire par type (urgences, maternité, central...), par établissement. Colonnes : Province, Nom, Catégorie, Bloc opératoire, Nombre. Donnée établissement/localité, PAS un indicateur territoire->valeur simple : à interroger directement (filtrer par territoire_id/province/commune/établissement), ne pas moyenner ni sommer automatiquement.",,"Carte Sanitaire (Ministère de la Santé et de la Protection Sociale) — export TBI, fichiers bruts Santé_2025",2024,table_reference,health_salles_bloc_operatoire,brut_etablissement,Nombre,,territoire_id,Répertoire — salles de bloc opératoire,Santé — répertoires
448,Table brute — Moyens de mobilité sanitaire (détail établissement),health_mobilite,health,"Ambulances et véhicules par établissement. Colonnes : Province, Etablissement, Nombre. Donnée établissement/localité, PAS un indicateur territoire->valeur simple : à interroger directement (filtrer par territoire_id/province/commune/établissement), ne pas moyenner ni sommer automatiquement.",,"Carte Sanitaire (Ministère de la Santé et de la Protection Sociale) — export TBI, fichiers bruts Santé_2025",2024,table_reference,health_mobilite,brut_etablissement,Nombre,,territoire_id,Répertoire — moyens de mobilité sanitaire,Santé — répertoires
449,Table brute — Répertoire des établissements de santé par réseau (détail établissement),health_etablissements_reseau,health,"Liste des établissements avec leur réseau de rattachement (RESSP, RH, REMS...). Colonnes : Nom, Catégorie, Réseau, CS, Province. Donnée établissement/localité, PAS un indicateur territoire->valeur simple : à interroger directement (filtrer par territoire_id/province/commune/établissement), ne pas moyenner ni sommer automatiquement.",,"Carte Sanitaire (Ministère de la Santé et de la Protection Sociale) — export TBI, fichiers bruts Santé_2025",2024,table_reference,health_etablissements_reseau,brut_etablissement,Nombre,,territoire_id,Répertoire — établissements de santé par réseau,Santé — répertoires
450,Population municipale - Pop_municipale,Population municipale - Pop_municipale,socio_economic,"Population municipale - Pop_municipale. Milieu Ensemble (urbain+rural), RGPH 2024. Remplace l'ancienne table 'habitat_conditions_combine' qui contenait en réalité des données milieu URBAIN uniquement (source mal étiquetée 'rgph2024_logement_urbain'), utilisées à tort comme valeur région/province globale. Thème : socio_economic.",hab,"HCP — Indicateurs démographiques et socioéconomiques RGPH 2024, feuille Ménages, milieu Ensemble",2024,validé,socio_economic_conditions_habitat_ensemble,long,valeur,Population municipale - Pop_municipale,territoire_id,Population municipale — Pop_municipale,Conditions de vie
451,Ménages - Ménages population,Ménages - Ménages population,socio_economic,"Ménages - Ménages population. Milieu Ensemble (urbain+rural), RGPH 2024. Remplace l'ancienne table 'habitat_conditions_combine' qui contenait en réalité des données milieu URBAIN uniquement (source mal étiquetée 'rgph2024_logement_urbain'), utilisées à tort comme valeur région/province globale. Thème : socio_economic.",ménages,"HCP — Indicateurs démographiques et socioéconomiques RGPH 2024, feuille Ménages, milieu Ensemble",2024,validé,socio_economic_conditions_habitat_ensemble,long,valeur,Ménages - Ménages population,territoire_id,Ménages — Ménages population,Conditions de vie
452,Taille moyenne des ménages - Taille moyenne,Taille moyenne des ménages - Taille moyenne,socio_economic,"Taille moyenne des ménages - Taille moyenne. Milieu Ensemble (urbain+rural), RGPH 2024. Remplace l'ancienne table 'habitat_conditions_combine' qui contenait en réalité des données milieu URBAIN uniquement (source mal étiquetée 'rgph2024_logement_urbain'), utilisées à tort comme valeur région/province globale. Thème : socio_economic.",pers./ménage,"HCP — Indicateurs démographiques et socioéconomiques RGPH 2024, feuille Ménages, milieu Ensemble",2024,validé,socio_economic_conditions_habitat_ensemble,long,valeur,Taille moyenne des ménages - Taille moyenne,territoire_id,Taille moyenne des ménages — Taille moyenne,Conditions de vie
453,Ménages sédentaires,Ménages sédentaires,socio_economic,"Ménages sédentaires. Milieu Ensemble (urbain+rural), RGPH 2024. Remplace l'ancienne table 'habitat_conditions_combine' qui contenait en réalité des données milieu URBAIN uniquement (source mal étiquetée 'rgph2024_logement_urbain'), utilisées à tort comme valeur région/province globale. Thème : socio_economic.",ménages,"HCP — Indicateurs démographiques et socioéconomiques RGPH 2024, feuille Ménages, milieu Ensemble",2024,validé,socio_economic_conditions_habitat_ensemble,long,valeur,Ménages sédentaires,territoire_id,Ménages sédentaires,Conditions de vie
454,Type de logement (%) - Villa / Étage de villa,Type de logement (%) - Villa / Étage de villa,socio_economic,"Type de logement (%) - Villa / Étage de villa. Milieu Ensemble (urbain+rural), RGPH 2024. Remplace l'ancienne table 'habitat_conditions_combine' qui contenait en réalité des données milieu URBAIN uniquement (source mal étiquetée 'rgph2024_logement_urbain'), utilisées à tort comme valeur région/province globale. Thème : socio_economic.",%,"HCP — Indicateurs démographiques et socioéconomiques RGPH 2024, feuille Ménages, milieu Ensemble",2024,validé,socio_economic_conditions_habitat_ensemble,long,valeur,Type de logement (%) - Villa / Étage de villa,territoire_id,Type de logement — Villa / Étage de villa,Conditions de vie
455,Type de logement (%) - Appartement,Type de logement (%) - Appartement,socio_economic,"Type de logement (%) - Appartement. Milieu Ensemble (urbain+rural), RGPH 2024. Remplace l'ancienne table 'habitat_conditions_combine' qui contenait en réalité des données milieu URBAIN uniquement (source mal étiquetée 'rgph2024_logement_urbain'), utilisées à tort comme valeur région/province globale. Thème : socio_economic.",%,"HCP — Indicateurs démographiques et socioéconomiques RGPH 2024, feuille Ménages, milieu Ensemble",2024,validé,socio_economic_conditions_habitat_ensemble,long,valeur,Type de logement (%) - Appartement,territoire_id,Type de logement — Appartement,Conditions de vie
456,Type de logement (%) - Maison marocaine,Type de logement (%) - Maison marocaine,socio_economic,"Type de logement (%) - Maison marocaine. Milieu Ensemble (urbain+rural), RGPH 2024. Remplace l'ancienne table 'habitat_conditions_combine' qui contenait en réalité des données milieu URBAIN uniquement (source mal étiquetée 'rgph2024_logement_urbain'), utilisées à tort comme valeur région/province globale. Thème : socio_economic.",%,"HCP — Indicateurs démographiques et socioéconomiques RGPH 2024, feuille Ménages, milieu Ensemble",2024,validé,socio_economic_conditions_habitat_ensemble,long,valeur,Type de logement (%) - Maison marocaine,territoire_id,Type de logement — Maison marocaine,Conditions de vie
457,Type de logement (%) - Maison sommaire / Bidonville,Type de logement (%) - Maison sommaire / Bidonville,socio_economic,"Type de logement (%) - Maison sommaire / Bidonville. Milieu Ensemble (urbain+rural), RGPH 2024. Remplace l'ancienne table 'habitat_conditions_combine' qui contenait en réalité des données milieu URBAIN uniquement (source mal étiquetée 'rgph2024_logement_urbain'), utilisées à tort comme valeur région/province globale. Thème : socio_economic.",%,"HCP — Indicateurs démographiques et socioéconomiques RGPH 2024, feuille Ménages, milieu Ensemble",2024,validé,socio_economic_conditions_habitat_ensemble,long,valeur,Type de logement (%) - Maison sommaire / Bidonville,territoire_id,Type de logement — Maison sommaire / Bidonville,Conditions de vie
458,Type de logement (%) - Logement rural,Type de logement (%) - Logement rural,socio_economic,"Type de logement (%) - Logement rural. Milieu Ensemble (urbain+rural), RGPH 2024. Remplace l'ancienne table 'habitat_conditions_combine' qui contenait en réalité des données milieu URBAIN uniquement (source mal étiquetée 'rgph2024_logement_urbain'), utilisées à tort comme valeur région/province globale. Thème : socio_economic.",%,"HCP — Indicateurs démographiques et socioéconomiques RGPH 2024, feuille Ménages, milieu Ensemble",2024,validé,socio_economic_conditions_habitat_ensemble,long,valeur,Type de logement (%) - Logement rural,territoire_id,Type de logement — Logement rural,Conditions de vie
459,Type de logement (%) - Autre,Type de logement (%) - Autre,socio_economic,"Type de logement (%) - Autre. Milieu Ensemble (urbain+rural), RGPH 2024. Remplace l'ancienne table 'habitat_conditions_combine' qui contenait en réalité des données milieu URBAIN uniquement (source mal étiquetée 'rgph2024_logement_urbain'), utilisées à tort comme valeur région/province globale. Thème : socio_economic.",%,"HCP — Indicateurs démographiques et socioéconomiques RGPH 2024, feuille Ménages, milieu Ensemble",2024,validé,socio_economic_conditions_habitat_ensemble,long,valeur,Type de logement (%) - Autre,territoire_id,Type de logement — Autre,Conditions de vie
460,Nombre moyen de personnes par pièce d'habitation,Nombre moyen de personnes par pièce d'habitation,socio_economic,"Nombre moyen de personnes par pièce d'habitation. Milieu Ensemble (urbain+rural), RGPH 2024. Remplace l'ancienne table 'habitat_conditions_combine' qui contenait en réalité des données milieu URBAIN uniquement (source mal étiquetée 'rgph2024_logement_urbain'), utilisées à tort comme valeur région/province globale. Thème : socio_economic.",pers./pièce,"HCP — Indicateurs démographiques et socioéconomiques RGPH 2024, feuille Ménages, milieu Ensemble",2024,validé,socio_economic_conditions_habitat_ensemble,long,valeur,Nombre moyen de personnes par pièce d'habitation,territoire_id,Nombre moyen de personnes par pièce d'habitation,Conditions de vie
461,Statut d'occupation du logement (%) - Propriétaire,Statut d'occupation du logement (%) - Propriétaire,socio_economic,"Statut d'occupation du logement (%) - Propriétaire. Milieu Ensemble (urbain+rural), RGPH 2024. Remplace l'ancienne table 'habitat_conditions_combine' qui contenait en réalité des données milieu URBAIN uniquement (source mal étiquetée 'rgph2024_logement_urbain'), utilisées à tort comme valeur région/province globale. Thème : socio_economic.",%,"HCP — Indicateurs démographiques et socioéconomiques RGPH 2024, feuille Ménages, milieu Ensemble",2024,validé,socio_economic_conditions_habitat_ensemble,long,valeur,Statut d'occupation du logement (%) - Propriétaire,territoire_id,Statut d'occupation du logement — Propriétaire,Conditions de vie
462,Statut d'occupation du logement (%) - Locataire,Statut d'occupation du logement (%) - Locataire,socio_economic,"Statut d'occupation du logement (%) - Locataire. Milieu Ensemble (urbain+rural), RGPH 2024. Remplace l'ancienne table 'habitat_conditions_combine' qui contenait en réalité des données milieu URBAIN uniquement (source mal étiquetée 'rgph2024_logement_urbain'), utilisées à tort comme valeur région/province globale. Thème : socio_economic.",%,"HCP — Indicateurs démographiques et socioéconomiques RGPH 2024, feuille Ménages, milieu Ensemble",2024,validé,socio_economic_conditions_habitat_ensemble,long,valeur,Statut d'occupation du logement (%) - Locataire,territoire_id,Statut d'occupation du logement — Locataire,Conditions de vie
463,Statut d'occupation du logement (%) - Autre,Statut d'occupation du logement (%) - Autre,socio_economic,"Statut d'occupation du logement (%) - Autre. Milieu Ensemble (urbain+rural), RGPH 2024. Remplace l'ancienne table 'habitat_conditions_combine' qui contenait en réalité des données milieu URBAIN uniquement (source mal étiquetée 'rgph2024_logement_urbain'), utilisées à tort comme valeur région/province globale. Thème : socio_economic.",%,"HCP — Indicateurs démographiques et socioéconomiques RGPH 2024, feuille Ménages, milieu Ensemble",2024,validé,socio_economic_conditions_habitat_ensemble,long,valeur,Statut d'occupation du logement (%) - Autre,territoire_id,Statut d'occupation du logement — Autre,Conditions de vie
464,Âge du logement (%) - Moins de 10 ans,Âge du logement (%) - Moins de 10 ans,socio_economic,"Âge du logement (%) - Moins de 10 ans. Milieu Ensemble (urbain+rural), RGPH 2024. Remplace l'ancienne table 'habitat_conditions_combine' qui contenait en réalité des données milieu URBAIN uniquement (source mal étiquetée 'rgph2024_logement_urbain'), utilisées à tort comme valeur région/province globale. Thème : socio_economic.",%,"HCP — Indicateurs démographiques et socioéconomiques RGPH 2024, feuille Ménages, milieu Ensemble",2024,validé,socio_economic_conditions_habitat_ensemble,long,valeur,Âge du logement (%) - Moins de 10 ans,territoire_id,Âge du logement — Moins de 10 ans,Conditions de vie
465,Âge du logement (%) - 10-19 ans,Âge du logement (%) - 10-19 ans,socio_economic,"Âge du logement (%) - 10-19 ans. Milieu Ensemble (urbain+rural), RGPH 2024. Remplace l'ancienne table 'habitat_conditions_combine' qui contenait en réalité des données milieu URBAIN uniquement (source mal étiquetée 'rgph2024_logement_urbain'), utilisées à tort comme valeur région/province globale. Thème : socio_economic.",%,"HCP — Indicateurs démographiques et socioéconomiques RGPH 2024, feuille Ménages, milieu Ensemble",2024,validé,socio_economic_conditions_habitat_ensemble,long,valeur,Âge du logement (%) - 10-19 ans,territoire_id,Âge du logement — 10-19 ans,Conditions de vie
466,Âge du logement (%) - 20-49 ans,Âge du logement (%) - 20-49 ans,socio_economic,"Âge du logement (%) - 20-49 ans. Milieu Ensemble (urbain+rural), RGPH 2024. Remplace l'ancienne table 'habitat_conditions_combine' qui contenait en réalité des données milieu URBAIN uniquement (source mal étiquetée 'rgph2024_logement_urbain'), utilisées à tort comme valeur région/province globale. Thème : socio_economic.",%,"HCP — Indicateurs démographiques et socioéconomiques RGPH 2024, feuille Ménages, milieu Ensemble",2024,validé,socio_economic_conditions_habitat_ensemble,long,valeur,Âge du logement (%) - 20-49 ans,territoire_id,Âge du logement — 20-49 ans,Conditions de vie
467,Âge du logement (%) - 50 ans ou plus,Âge du logement (%) - 50 ans ou plus,socio_economic,"Âge du logement (%) - 50 ans ou plus. Milieu Ensemble (urbain+rural), RGPH 2024. Remplace l'ancienne table 'habitat_conditions_combine' qui contenait en réalité des données milieu URBAIN uniquement (source mal étiquetée 'rgph2024_logement_urbain'), utilisées à tort comme valeur région/province globale. Thème : socio_economic.",%,"HCP — Indicateurs démographiques et socioéconomiques RGPH 2024, feuille Ménages, milieu Ensemble",2024,validé,socio_economic_conditions_habitat_ensemble,long,valeur,Âge du logement (%) - 50 ans ou plus,territoire_id,Âge du logement — 50 ans ou plus,Conditions de vie
468,Disponibilité des éléments essentiels de confort (%) - Cuisine,Disponibilité des éléments essentiels de confort (%) - Cuisine,socio_economic,"Disponibilité des éléments essentiels de confort (%) - Cuisine. Milieu Ensemble (urbain+rural), RGPH 2024. Remplace l'ancienne table 'habitat_conditions_combine' qui contenait en réalité des données milieu URBAIN uniquement (source mal étiquetée 'rgph2024_logement_urbain'), utilisées à tort comme valeur région/province globale. Thème : socio_economic.",%,"HCP — Indicateurs démographiques et socioéconomiques RGPH 2024, feuille Ménages, milieu Ensemble",2024,validé,socio_economic_conditions_habitat_ensemble,long,valeur,Disponibilité des éléments essentiels de confort (%) - Cuisine,territoire_id,Disponibilité des éléments essentiels de confort — Cuisine,Conditions de vie
469,Disponibilité des éléments essentiels de confort (%) - W.-C.,Disponibilité des éléments essentiels de confort (%) - W.-C.,socio_economic,"Disponibilité des éléments essentiels de confort (%) - W.-C.. Milieu Ensemble (urbain+rural), RGPH 2024. Remplace l'ancienne table 'habitat_conditions_combine' qui contenait en réalité des données milieu URBAIN uniquement (source mal étiquetée 'rgph2024_logement_urbain'), utilisées à tort comme valeur région/province globale. Thème : socio_economic.",%,"HCP — Indicateurs démographiques et socioéconomiques RGPH 2024, feuille Ménages, milieu Ensemble",2024,validé,socio_economic_conditions_habitat_ensemble,long,valeur,Disponibilité des éléments essentiels de confort (%) - W.-C.,territoire_id,Disponibilité des éléments essentiels de confort — W.-C.,Conditions de vie
470,Disponibilité des éléments essentiels de confort (%) - Pièce d'eau,Disponibilité des éléments essentiels de confort (%) - Pièce d'eau,socio_economic,"Disponibilité des éléments essentiels de confort (%) - Pièce d'eau. Milieu Ensemble (urbain+rural), RGPH 2024. Remplace l'ancienne table 'habitat_conditions_combine' qui contenait en réalité des données milieu URBAIN uniquement (source mal étiquetée 'rgph2024_logement_urbain'), utilisées à tort comme valeur région/province globale. Thème : socio_economic.",%,"HCP — Indicateurs démographiques et socioéconomiques RGPH 2024, feuille Ménages, milieu Ensemble",2024,validé,socio_economic_conditions_habitat_ensemble,long,valeur,Disponibilité des éléments essentiels de confort (%) - Pièce d'eau,territoire_id,Disponibilité des éléments essentiels de confort — Pièce d'eau,Conditions de vie
471,Disponibilité des éléments essentiels de confort (%) - Électricité,Disponibilité des éléments essentiels de confort (%) - Électricité,socio_economic,"Disponibilité des éléments essentiels de confort (%) - Électricité. Milieu Ensemble (urbain+rural), RGPH 2024. Remplace l'ancienne table 'habitat_conditions_combine' qui contenait en réalité des données milieu URBAIN uniquement (source mal étiquetée 'rgph2024_logement_urbain'), utilisées à tort comme valeur région/province globale. Thème : socio_economic.",%,"HCP — Indicateurs démographiques et socioéconomiques RGPH 2024, feuille Ménages, milieu Ensemble",2024,validé,socio_economic_conditions_habitat_ensemble,long,valeur,Disponibilité des éléments essentiels de confort (%) - Électricité,territoire_id,Disponibilité des éléments essentiels de confort — Électricité,Conditions de vie
472,Disponibilité des éléments essentiels de confort (%) - Eau courante,Disponibilité des éléments essentiels de confort (%) - Eau courante,socio_economic,"Disponibilité des éléments essentiels de confort (%) - Eau courante. Milieu Ensemble (urbain+rural), RGPH 2024. Remplace l'ancienne table 'habitat_conditions_combine' qui contenait en réalité des données milieu URBAIN uniquement (source mal étiquetée 'rgph2024_logement_urbain'), utilisées à tort comme valeur région/province globale. Thème : socio_economic.",%,"HCP — Indicateurs démographiques et socioéconomiques RGPH 2024, feuille Ménages, milieu Ensemble",2024,validé,socio_economic_conditions_habitat_ensemble,long,valeur,Disponibilité des éléments essentiels de confort (%) - Eau courante,territoire_id,Disponibilité des éléments essentiels de confort — Eau courante,Conditions de vie
473,Mode d’évacuation des eaux usées (%) - Réseau public d'assainissement,Mode d’évacuation des eaux usées (%) - Réseau public d'assainissement,socio_economic,"Mode d’évacuation des eaux usées (%) - Réseau public d'assainissement. Milieu Ensemble (urbain+rural), RGPH 2024. Remplace l'ancienne table 'habitat_conditions_combine' qui contenait en réalité des données milieu URBAIN uniquement (source mal étiquetée 'rgph2024_logement_urbain'), utilisées à tort comme valeur région/province globale. Thème : socio_economic.",%,"HCP — Indicateurs démographiques et socioéconomiques RGPH 2024, feuille Ménages, milieu Ensemble",2024,validé,socio_economic_conditions_habitat_ensemble,long,valeur,Mode d’évacuation des eaux usées (%) - Réseau public d'assainissement,territoire_id,Mode d’évacuation des eaux usées — Réseau public d'assainissement,Conditions de vie
474,Mode d’évacuation des eaux usées (%) - Fosse septique,Mode d’évacuation des eaux usées (%) - Fosse septique,socio_economic,"Mode d’évacuation des eaux usées (%) - Fosse septique. Milieu Ensemble (urbain+rural), RGPH 2024. Remplace l'ancienne table 'habitat_conditions_combine' qui contenait en réalité des données milieu URBAIN uniquement (source mal étiquetée 'rgph2024_logement_urbain'), utilisées à tort comme valeur région/province globale. Thème : socio_economic.",%,"HCP — Indicateurs démographiques et socioéconomiques RGPH 2024, feuille Ménages, milieu Ensemble",2024,validé,socio_economic_conditions_habitat_ensemble,long,valeur,Mode d’évacuation des eaux usées (%) - Fosse septique,territoire_id,Mode d’évacuation des eaux usées — Fosse septique,Conditions de vie
475,Mode d’évacuation des eaux usées (%) - Autre,Mode d’évacuation des eaux usées (%) - Autre,socio_economic,"Mode d’évacuation des eaux usées (%) - Autre. Milieu Ensemble (urbain+rural), RGPH 2024. Remplace l'ancienne table 'habitat_conditions_combine' qui contenait en réalité des données milieu URBAIN uniquement (source mal étiquetée 'rgph2024_logement_urbain'), utilisées à tort comme valeur région/province globale. Thème : socio_economic.",%,"HCP — Indicateurs démographiques et socioéconomiques RGPH 2024, feuille Ménages, milieu Ensemble",2024,validé,socio_economic_conditions_habitat_ensemble,long,valeur,Mode d’évacuation des eaux usées (%) - Autre,territoire_id,Mode d’évacuation des eaux usées — Autre,Conditions de vie
476,Mode d’évacuation des déchets ménagers (%) - Bac à ordures de la commune,Mode d’évacuation des déchets ménagers (%) - Bac à ordures de la commune,socio_economic,"Mode d’évacuation des déchets ménagers (%) - Bac à ordures de la commune. Milieu Ensemble (urbain+rural), RGPH 2024. Remplace l'ancienne table 'habitat_conditions_combine' qui contenait en réalité des données milieu URBAIN uniquement (source mal étiquetée 'rgph2024_logement_urbain'), utilisées à tort comme valeur région/province globale. Thème : socio_economic.",%,"HCP — Indicateurs démographiques et socioéconomiques RGPH 2024, feuille Ménages, milieu Ensemble",2024,validé,socio_economic_conditions_habitat_ensemble,long,valeur,Mode d’évacuation des déchets ménagers (%) - Bac à ordures de la commune,territoire_id,Mode d’évacuation des déchets ménagers — Bac à ordures de la commune,Conditions de vie
477,Mode d’évacuation des déchets ménagers (%) - Camion de la commune / Camion privé,Mode d’évacuation des déchets ménagers (%) - Camion de la commune / Camion privé,socio_economic,"Mode d’évacuation des déchets ménagers (%) - Camion de la commune / Camion privé. Milieu Ensemble (urbain+rural), RGPH 2024. Remplace l'ancienne table 'habitat_conditions_combine' qui contenait en réalité des données milieu URBAIN uniquement (source mal étiquetée 'rgph2024_logement_urbain'), utilisées à tort comme valeur région/province globale. Thème : socio_economic.",%,"HCP — Indicateurs démographiques et socioéconomiques RGPH 2024, feuille Ménages, milieu Ensemble",2024,validé,socio_economic_conditions_habitat_ensemble,long,valeur,Mode d’évacuation des déchets ménagers (%) - Camion de la commune / Camion privé,territoire_id,Mode d’évacuation des déchets ménagers — Camion de la commune / Camion privé,Conditions de vie
478,Mode d’évacuation des déchets ménagers (%) - Dans la nature,Mode d’évacuation des déchets ménagers (%) - Dans la nature,socio_economic,"Mode d’évacuation des déchets ménagers (%) - Dans la nature. Milieu Ensemble (urbain+rural), RGPH 2024. Remplace l'ancienne table 'habitat_conditions_combine' qui contenait en réalité des données milieu URBAIN uniquement (source mal étiquetée 'rgph2024_logement_urbain'), utilisées à tort comme valeur région/province globale. Thème : socio_economic.",%,"HCP — Indicateurs démographiques et socioéconomiques RGPH 2024, feuille Ménages, milieu Ensemble",2024,validé,socio_economic_conditions_habitat_ensemble,long,valeur,Mode d’évacuation des déchets ménagers (%) - Dans la nature,territoire_id,Mode d’évacuation des déchets ménagers — Dans la nature,Conditions de vie
479,Mode d’évacuation des déchets ménagers (%) - Autre,Mode d’évacuation des déchets ménagers (%) - Autre,socio_economic,"Mode d’évacuation des déchets ménagers (%) - Autre. Milieu Ensemble (urbain+rural), RGPH 2024. Remplace l'ancienne table 'habitat_conditions_combine' qui contenait en réalité des données milieu URBAIN uniquement (source mal étiquetée 'rgph2024_logement_urbain'), utilisées à tort comme valeur région/province globale. Thème : socio_economic.",%,"HCP — Indicateurs démographiques et socioéconomiques RGPH 2024, feuille Ménages, milieu Ensemble",2024,validé,socio_economic_conditions_habitat_ensemble,long,valeur,Mode d’évacuation des déchets ménagers (%) - Autre,territoire_id,Mode d’évacuation des déchets ménagers — Autre,Conditions de vie
480,Combustible de cuisson utilisé (%) - Gaz,Combustible de cuisson utilisé (%) - Gaz,socio_economic,"Combustible de cuisson utilisé (%) - Gaz. Milieu Ensemble (urbain+rural), RGPH 2024. Remplace l'ancienne table 'habitat_conditions_combine' qui contenait en réalité des données milieu URBAIN uniquement (source mal étiquetée 'rgph2024_logement_urbain'), utilisées à tort comme valeur région/province globale. Thème : socio_economic.",%,"HCP — Indicateurs démographiques et socioéconomiques RGPH 2024, feuille Ménages, milieu Ensemble",2024,validé,socio_economic_conditions_habitat_ensemble,long,valeur,Combustible de cuisson utilisé (%) - Gaz,territoire_id,Combustible de cuisson utilisé — Gaz,Conditions de vie
481,Combustible de cuisson utilisé (%) - Électricité,Combustible de cuisson utilisé (%) - Électricité,socio_economic,"Combustible de cuisson utilisé (%) - Électricité. Milieu Ensemble (urbain+rural), RGPH 2024. Remplace l'ancienne table 'habitat_conditions_combine' qui contenait en réalité des données milieu URBAIN uniquement (source mal étiquetée 'rgph2024_logement_urbain'), utilisées à tort comme valeur région/province globale. Thème : socio_economic.",%,"HCP — Indicateurs démographiques et socioéconomiques RGPH 2024, feuille Ménages, milieu Ensemble",2024,validé,socio_economic_conditions_habitat_ensemble,long,valeur,Combustible de cuisson utilisé (%) - Électricité,territoire_id,Combustible de cuisson utilisé — Électricité,Conditions de vie
482,Combustible de cuisson utilisé (%) - Charbon,Combustible de cuisson utilisé (%) - Charbon,socio_economic,"Combustible de cuisson utilisé (%) - Charbon. Milieu Ensemble (urbain+rural), RGPH 2024. Remplace l'ancienne table 'habitat_conditions_combine' qui contenait en réalité des données milieu URBAIN uniquement (source mal étiquetée 'rgph2024_logement_urbain'), utilisées à tort comme valeur région/province globale. Thème : socio_economic.",%,"HCP — Indicateurs démographiques et socioéconomiques RGPH 2024, feuille Ménages, milieu Ensemble",2024,validé,socio_economic_conditions_habitat_ensemble,long,valeur,Combustible de cuisson utilisé (%) - Charbon,territoire_id,Combustible de cuisson utilisé — Charbon,Conditions de vie
483,Combustible de cuisson utilisé (%) - Bois énergie,Combustible de cuisson utilisé (%) - Bois énergie,socio_economic,"Combustible de cuisson utilisé (%) - Bois énergie. Milieu Ensemble (urbain+rural), RGPH 2024. Remplace l'ancienne table 'habitat_conditions_combine' qui contenait en réalité des données milieu URBAIN uniquement (source mal étiquetée 'rgph2024_logement_urbain'), utilisées à tort comme valeur région/province globale. Thème : socio_economic.",%,"HCP — Indicateurs démographiques et socioéconomiques RGPH 2024, feuille Ménages, milieu Ensemble",2024,validé,socio_economic_conditions_habitat_ensemble,long,valeur,Combustible de cuisson utilisé (%) - Bois énergie,territoire_id,Combustible de cuisson utilisé — Bois énergie,Conditions de vie
484,Combustible de cuisson utilisé (%) - Autre,Combustible de cuisson utilisé (%) - Autre,socio_economic,"Combustible de cuisson utilisé (%) - Autre. Milieu Ensemble (urbain+rural), RGPH 2024. Remplace l'ancienne table 'habitat_conditions_combine' qui contenait en réalité des données milieu URBAIN uniquement (source mal étiquetée 'rgph2024_logement_urbain'), utilisées à tort comme valeur région/province globale. Thème : socio_economic.",%,"HCP — Indicateurs démographiques et socioéconomiques RGPH 2024, feuille Ménages, milieu Ensemble",2024,validé,socio_economic_conditions_habitat_ensemble,long,valeur,Combustible de cuisson utilisé (%) - Autre,territoire_id,Combustible de cuisson utilisé — Autre,Conditions de vie
485,Distance moyenne des logements à la route goudronnée (Km),Distance moyenne des logements à la route goudronnée (Km),socio_economic,"Distance moyenne des logements à la route goudronnée (Km). Milieu Ensemble (urbain+rural), RGPH 2024. Remplace l'ancienne table 'habitat_conditions_combine' qui contenait en réalité des données milieu URBAIN uniquement (source mal étiquetée 'rgph2024_logement_urbain'), utilisées à tort comme valeur région/province globale. Thème : socio_economic.",km,"HCP — Indicateurs démographiques et socioéconomiques RGPH 2024, feuille Ménages, milieu Ensemble",2024,validé,socio_economic_conditions_habitat_ensemble,long,valeur,Distance moyenne des logements à la route goudronnée (Km),territoire_id,Distance moyenne des logements à la route goudronnée (Km),Conditions de vie
486,Privation éducation — scolarisation (indice de pauvreté multidimensionnelle),priv_scolarisation,education,"Privation éducation — scolarisation (indice de pauvreté multidimensionnelle). Niveau commune, 2024. Thème : education.",%,"HCP — Cartographie de la pauvreté multidimensionnelle (Mai 2025), niveau commune, 2024",2024,validé,education_pauvrete_communale,long,valeur,priv_scolarisation,territoire_id,Privation — scolarisation des enfants,Éducation
487,Privation éducation — années de scolarité (indice de pauvreté multidimensionnelle),priv_annees_scolarite,education,"Privation éducation — années de scolarité (indice de pauvreté multidimensionnelle). Niveau commune, 2024. Thème : education.",%,"HCP — Cartographie de la pauvreté multidimensionnelle (Mai 2025), niveau commune, 2024",2024,validé,education_pauvrete_communale,long,valeur,priv_annees_scolarite,territoire_id,Privation — années de scolarité,Éducation
488,Contribution de l'éducation à la pauvreté multidimensionnelle,contrib_education,education,"Contribution de l'éducation à la pauvreté multidimensionnelle. Niveau commune, 2024. Thème : education.",%,"HCP — Cartographie de la pauvreté multidimensionnelle (Mai 2025), niveau commune, 2024",2024,validé,education_pauvrete_communale,long,valeur,contrib_education,territoire_id,Contribution de l'éducation à la pauvreté multidimensionnelle,Éducation
489,Privation conditions de vie — électricité (indice de pauvreté multidimensionnelle),priv_electricite,socio_economic,"Privation conditions de vie — électricité (indice de pauvreté multidimensionnelle). Niveau commune, 2024. Thème : socio_economic.",%,"HCP — Cartographie de la pauvreté multidimensionnelle (Mai 2025), niveau commune, 2024",2024,validé,socio_economic_pauvrete_communale_conditions_vie,long,valeur,priv_electricite,territoire_id,Privation — électricité,Conditions de vie
490,Privation conditions de vie — eau (indice de pauvreté multidimensionnelle),priv_eau,socio_economic,"Privation conditions de vie — eau (indice de pauvreté multidimensionnelle). Niveau commune, 2024. Thème : socio_economic.",%,"HCP — Cartographie de la pauvreté multidimensionnelle (Mai 2025), niveau commune, 2024",2024,validé,socio_economic_pauvrete_communale_conditions_vie,long,valeur,priv_eau,territoire_id,Privation — accès à l'eau,Conditions de vie
491,Privation conditions de vie — assainissement (indice de pauvreté multidimensionnelle),priv_assainissement,socio_economic,"Privation conditions de vie — assainissement (indice de pauvreté multidimensionnelle). Niveau commune, 2024. Thème : socio_economic.",%,"HCP — Cartographie de la pauvreté multidimensionnelle (Mai 2025), niveau commune, 2024",2024,validé,socio_economic_pauvrete_communale_conditions_vie,long,valeur,priv_assainissement,territoire_id,Privation — assainissement,Conditions de vie
492,Privation conditions de vie — logement (indice de pauvreté multidimensionnelle),priv_logement,socio_economic,"Privation conditions de vie — logement (indice de pauvreté multidimensionnelle). Niveau commune, 2024. Thème : socio_economic.",%,"HCP — Cartographie de la pauvreté multidimensionnelle (Mai 2025), niveau commune, 2024",2024,validé,socio_economic_pauvrete_communale_conditions_vie,long,valeur,priv_logement,territoire_id,Privation — logement,Conditions de vie
493,Privation conditions de vie — combustible de cuisson (indice de pauvreté multidimensionnelle),priv_cuisson,socio_economic,"Privation conditions de vie — combustible de cuisson (indice de pauvreté multidimensionnelle). Niveau commune, 2024. Thème : socio_economic.",%,"HCP — Cartographie de la pauvreté multidimensionnelle (Mai 2025), niveau commune, 2024",2024,validé,socio_economic_pauvrete_communale_conditions_vie,long,valeur,priv_cuisson,territoire_id,Privation — combustible de cuisson,Conditions de vie
494,Privation conditions de vie — communication (indice de pauvreté multidimensionnelle),priv_communication,socio_economic,"Privation conditions de vie — communication (indice de pauvreté multidimensionnelle). Niveau commune, 2024. Thème : socio_economic.",%,"HCP — Cartographie de la pauvreté multidimensionnelle (Mai 2025), niveau commune, 2024",2024,validé,socio_economic_pauvrete_communale_conditions_vie,long,valeur,priv_communication,territoire_id,Privation — communication,Conditions de vie
495,Contribution des conditions de vie à la pauvreté multidimensionnelle,contrib_conditions_vie,socio_economic,"Contribution des conditions de vie à la pauvreté multidimensionnelle. Niveau commune, 2024. Thème : socio_economic.",%,"HCP — Cartographie de la pauvreté multidimensionnelle (Mai 2025), niveau commune, 2024",2024,validé,socio_economic_pauvrete_communale_conditions_vie,long,valeur,contrib_conditions_vie,territoire_id,Contribution des conditions de vie à la pauvreté multidimensionnelle,Conditions de vie
496,Indice de pauvreté multidimensionnelle (MPI),MPI,socio_economic,"Indice de pauvreté multidimensionnelle (MPI). Niveau commune, 2024. Thème : socio_economic.",indice,"HCP — Cartographie de la pauvreté multidimensionnelle (Mai 2025), niveau commune, 2024",2024,validé,socio_economic_pauvrete_communale_indice_global,long,valeur,MPI,territoire_id,Indice de pauvreté multidimensionnelle (MPI),Conditions de vie
497,Taux de pauvreté multidimensionnelle (incidence H),taux_pauvrete_H,socio_economic,"Taux de pauvreté multidimensionnelle (incidence H). Niveau commune, 2024. Thème : socio_economic.",%,"HCP — Cartographie de la pauvreté multidimensionnelle (Mai 2025), niveau commune, 2024",2024,validé,socio_economic_pauvrete_communale_indice_global,long,valeur,taux_pauvrete_H,territoire_id,Taux de pauvreté multidimensionnelle (incidence H),Conditions de vie
498,Intensité de la pauvreté multidimensionnelle (A),intensite_A,socio_economic,"Intensité de la pauvreté multidimensionnelle (A). Niveau commune, 2024. Thème : socio_economic.",%,"HCP — Cartographie de la pauvreté multidimensionnelle (Mai 2025), niveau commune, 2024",2024,validé,socio_economic_pauvrete_communale_indice_global,long,valeur,intensite_A,territoire_id,Intensité de la pauvreté multidimensionnelle (A),Conditions de vie
499,Taux de vulnérabilité à la pauvreté multidimensionnelle,vulnerabilite,socio_economic,"Taux de vulnérabilité à la pauvreté multidimensionnelle. Niveau commune, 2024. Thème : socio_economic.",%,"HCP — Cartographie de la pauvreté multidimensionnelle (Mai 2025), niveau commune, 2024",2024,validé,socio_economic_pauvrete_communale_indice_global,long,valeur,vulnerabilite,territoire_id,Taux de vulnérabilité à la pauvreté multidimensionnelle,Conditions de vie
500,Population sédentaire active occupée (15+),Population sédentaire active occupée (15+),socio_economic,"Population sédentaire active occupée (15+). Population sédentaire active occupée de 15 ans et plus, sexe Ensemble, niveau commune/province/région. Thème : socio_economic.",hab,"HCP — Indicateurs communaux, mode de transport domicile-travail selon RGPH 2024 (juin 2026, TTA)",2024,validé,socio_economic_transport_domicile_travail,long,valeur,Population sédentaire active occupée (15+),territoire_id,Population sédentaire active occupée (15+),Conditions de vie
501,Mode de transport (%) - À pieds,Mode de transport (%) - À pieds,socio_economic,"Mode de transport (%) - À pieds. Population sédentaire active occupée de 15 ans et plus, sexe Ensemble, niveau commune/province/région. Thème : socio_economic.",%,"HCP — Indicateurs communaux, mode de transport domicile-travail selon RGPH 2024 (juin 2026, TTA)",2024,validé,socio_economic_transport_domicile_travail,long,valeur,Mode de transport (%) - À pieds,territoire_id,Mode de transport — À pieds,Conditions de vie
502,Mode de transport (%) - Motocycle/ Bicyclette,Mode de transport (%) - Motocycle/ Bicyclette,socio_economic,"Mode de transport (%) - Motocycle/ Bicyclette. Population sédentaire active occupée de 15 ans et plus, sexe Ensemble, niveau commune/province/région. Thème : socio_economic.",%,"HCP — Indicateurs communaux, mode de transport domicile-travail selon RGPH 2024 (juin 2026, TTA)",2024,validé,socio_economic_transport_domicile_travail,long,valeur,Mode de transport (%) - Motocycle/ Bicyclette,territoire_id,Mode de transport — Motocycle/ Bicyclette,Conditions de vie
503,Mode de transport (%) - Voiture privée,Mode de transport (%) - Voiture privée,socio_economic,"Mode de transport (%) - Voiture privée. Population sédentaire active occupée de 15 ans et plus, sexe Ensemble, niveau commune/province/région. Thème : socio_economic.",%,"HCP — Indicateurs communaux, mode de transport domicile-travail selon RGPH 2024 (juin 2026, TTA)",2024,validé,socio_economic_transport_domicile_travail,long,valeur,Mode de transport (%) - Voiture privée,territoire_id,Mode de transport — Voiture privée,Conditions de vie
504,Mode de transport (%) - Bus,Mode de transport (%) - Bus,socio_economic,"Mode de transport (%) - Bus. Population sédentaire active occupée de 15 ans et plus, sexe Ensemble, niveau commune/province/région. Thème : socio_economic.",%,"HCP — Indicateurs communaux, mode de transport domicile-travail selon RGPH 2024 (juin 2026, TTA)",2024,validé,socio_economic_transport_domicile_travail,long,valeur,Mode de transport (%) - Bus,territoire_id,Mode de transport — Bus,Conditions de vie
505,Mode de transport (%) - Taxi,Mode de transport (%) - Taxi,socio_economic,"Mode de transport (%) - Taxi. Population sédentaire active occupée de 15 ans et plus, sexe Ensemble, niveau commune/province/région. Thème : socio_economic.",%,"HCP — Indicateurs communaux, mode de transport domicile-travail selon RGPH 2024 (juin 2026, TTA)",2024,validé,socio_economic_transport_domicile_travail,long,valeur,Mode de transport (%) - Taxi,territoire_id,Mode de transport — Taxi,Conditions de vie
506,Mode de transport (%) - Transport de l'employeur / Etablissement,Mode de transport (%) - Transport de l'employeur / Etablissement,socio_economic,"Mode de transport (%) - Transport de l'employeur / Etablissement. Population sédentaire active occupée de 15 ans et plus, sexe Ensemble, niveau commune/province/région. Thème : socio_economic.",%,"HCP — Indicateurs communaux, mode de transport domicile-travail selon RGPH 2024 (juin 2026, TTA)",2024,validé,socio_economic_transport_domicile_travail,long,valeur,Mode de transport (%) - Transport de l'employeur / Etablissement,territoire_id,Mode de transport — Transport de l'employeur / Etablissement,Conditions de vie
507,Mode de transport (%) - Train,Mode de transport (%) - Train,socio_economic,"Mode de transport (%) - Train. Population sédentaire active occupée de 15 ans et plus, sexe Ensemble, niveau commune/province/région. Thème : socio_economic.",%,"HCP — Indicateurs communaux, mode de transport domicile-travail selon RGPH 2024 (juin 2026, TTA)",2024,validé,socio_economic_transport_domicile_travail,long,valeur,Mode de transport (%) - Train,territoire_id,Mode de transport — Train,Conditions de vie
508,Mode de transport (%) - Tram,Mode de transport (%) - Tram,socio_economic,"Mode de transport (%) - Tram. Population sédentaire active occupée de 15 ans et plus, sexe Ensemble, niveau commune/province/région. Thème : socio_economic.",%,"HCP — Indicateurs communaux, mode de transport domicile-travail selon RGPH 2024 (juin 2026, TTA)",2024,validé,socio_economic_transport_domicile_travail,long,valeur,Mode de transport (%) - Tram,territoire_id,Mode de transport — Tram,Conditions de vie
509,Mode de transport (%) - Transport informel,Mode de transport (%) - Transport informel,socio_economic,"Mode de transport (%) - Transport informel. Population sédentaire active occupée de 15 ans et plus, sexe Ensemble, niveau commune/province/région. Thème : socio_economic.",%,"HCP — Indicateurs communaux, mode de transport domicile-travail selon RGPH 2024 (juin 2026, TTA)",2024,validé,socio_economic_transport_domicile_travail,long,valeur,Mode de transport (%) - Transport informel,territoire_id,Mode de transport — Transport informel,Conditions de vie
510,Mode de transport (%) - Animaux,Mode de transport (%) - Animaux,socio_economic,"Mode de transport (%) - Animaux. Population sédentaire active occupée de 15 ans et plus, sexe Ensemble, niveau commune/province/région. Thème : socio_economic.",%,"HCP — Indicateurs communaux, mode de transport domicile-travail selon RGPH 2024 (juin 2026, TTA)",2024,validé,socio_economic_transport_domicile_travail,long,valeur,Mode de transport (%) - Animaux,territoire_id,Mode de transport — Animaux,Conditions de vie
511,Mode de transport (%) - Autre,Mode de transport (%) - Autre,socio_economic,"Mode de transport (%) - Autre. Population sédentaire active occupée de 15 ans et plus, sexe Ensemble, niveau commune/province/région. Thème : socio_economic.",%,"HCP — Indicateurs communaux, mode de transport domicile-travail selon RGPH 2024 (juin 2026, TTA)",2024,validé,socio_economic_transport_domicile_travail,long,valeur,Mode de transport (%) - Autre,territoire_id,Mode de transport — Autre,Conditions de vie
512,Mode de transport (%) - Ne se déplace pas,Mode de transport (%) - Ne se déplace pas,socio_economic,"Mode de transport (%) - Ne se déplace pas. Population sédentaire active occupée de 15 ans et plus, sexe Ensemble, niveau commune/province/région. Thème : socio_economic.",%,"HCP — Indicateurs communaux, mode de transport domicile-travail selon RGPH 2024 (juin 2026, TTA)",2024,validé,socio_economic_transport_domicile_travail,long,valeur,Mode de transport (%) - Ne se déplace pas,territoire_id,Mode de transport — Ne se déplace pas,Conditions de vie
513,Établissements primaire public (Annuaire officiel),etab_primaire_public,education,"Nombre d'établissements scolaires — Établissements primaire public (Annuaire officiel). Source officielle, année scolaire 2023-2024. Disponible au niveau région et province uniquement (l'Annuaire ne descend pas à la commune).",nombre,"Annuaire Statistique du Maroc 2024 (HCP), Chapitre XI — Tableau 11-5",2023-2024,actif,education_etablissements_officiel,long,valeur,etab_primaire_public,territoire_id,Établissements primaire public (Annuaire officiel),Éducation
514,Établissements primaire privé (Annuaire officiel),etab_primaire_prive,education,"Nombre d'établissements scolaires — Établissements primaire privé (Annuaire officiel). Source officielle, année scolaire 2023-2024. Disponible au niveau région et province uniquement (l'Annuaire ne descend pas à la commune).",nombre,"Annuaire Statistique du Maroc 2024 (HCP), Chapitre XI — Tableau 11-15",2023-2024,actif,education_etablissements_officiel,long,valeur,etab_primaire_prive,territoire_id,Établissements primaire privé (Annuaire officiel),Éducation
515,Établissements primaire public + privé (Annuaire officiel),etab_primaire_total,education,"Nombre d'établissements scolaires — Établissements primaire public + privé (Annuaire officiel). Source officielle, année scolaire 2023-2024. Disponible au niveau région et province uniquement (l'Annuaire ne descend pas à la commune).",nombre,"Annuaire Statistique du Maroc 2024 (HCP), Chapitre XI — Tableaux 11-5 et 11-15",2023-2024,actif,education_etablissements_officiel,long,valeur,etab_primaire_total,territoire_id,Établissements primaire public + privé (Annuaire officiel),Éducation
516,Satellites (unités scolaires) du primaire public,etab_primaire_satellites,education,"Nombre d'établissements scolaires — Satellites (unités scolaires) du primaire public. Source officielle, année scolaire 2023-2024. Disponible au niveau région et province uniquement (l'Annuaire ne descend pas à la commune). Un satellite est une unité scolaire rattachée à un établissement principal, fréquente en milieu rural.",nombre,"Annuaire Statistique du Maroc 2024 (HCP), Chapitre XI — Tableau 11-5",2023-2024,actif,education_etablissements_officiel,long,valeur,etab_primaire_satellites,territoire_id,Satellites (unités scolaires) du primaire public,Éducation
517,Établissements collégial public (Annuaire officiel),etab_collegial_public,education,"Nombre d'établissements scolaires — Établissements collégial public (Annuaire officiel). Source officielle, année scolaire 2023-2024. Disponible au niveau région et province uniquement (l'Annuaire ne descend pas à la commune).",nombre,"Annuaire Statistique du Maroc 2024 (HCP), Chapitre XI — Tableau 11-17",2023-2024,actif,education_etablissements_officiel,long,valeur,etab_collegial_public,territoire_id,Établissements collégial public (Annuaire officiel),Éducation
518,Établissements collégial privé (Annuaire officiel),etab_collegial_prive,education,"Nombre d'établissements scolaires — Établissements collégial privé (Annuaire officiel). Source officielle, année scolaire 2023-2024. Disponible au niveau région et province uniquement (l'Annuaire ne descend pas à la commune).",nombre,"Annuaire Statistique du Maroc 2024 (HCP), Chapitre XI — Tableau 11-24",2023-2024,actif,education_etablissements_officiel,long,valeur,etab_collegial_prive,territoire_id,Établissements collégial privé (Annuaire officiel),Éducation
519,Établissements collégial public + privé (Annuaire officiel),etab_collegial_total,education,"Nombre d'établissements scolaires — Établissements collégial public + privé (Annuaire officiel). Source officielle, année scolaire 2023-2024. Disponible au niveau région et province uniquement (l'Annuaire ne descend pas à la commune).",nombre,"Annuaire Statistique du Maroc 2024 (HCP), Chapitre XI — Tableaux 11-17 et 11-24",2023-2024,actif,education_etablissements_officiel,long,valeur,etab_collegial_total,territoire_id,Établissements collégial public + privé (Annuaire officiel),Éducation
520,Établissements qualifiant public (Annuaire officiel),etab_qualifiant_public,education,"Nombre d'établissements scolaires — Établissements qualifiant public (Annuaire officiel). Source officielle, année scolaire 2023-2024. Disponible au niveau région et province uniquement (l'Annuaire ne descend pas à la commune).",nombre,"Annuaire Statistique du Maroc 2024 (HCP), Chapitre XI — Tableau 11-26",2023-2024,actif,education_etablissements_officiel,long,valeur,etab_qualifiant_public,territoire_id,Établissements qualifiant public (Annuaire officiel),Éducation
521,Établissements qualifiant privé (Annuaire officiel),etab_qualifiant_prive,education,"Nombre d'établissements scolaires — Établissements qualifiant privé (Annuaire officiel). Source officielle, année scolaire 2023-2024. Disponible au niveau région et province uniquement (l'Annuaire ne descend pas à la commune).",nombre,"Annuaire Statistique du Maroc 2024 (HCP), Chapitre XI — Tableau 11-32",2023-2024,actif,education_etablissements_officiel,long,valeur,etab_qualifiant_prive,territoire_id,Établissements qualifiant privé (Annuaire officiel),Éducation
522,Établissements qualifiant public + privé (Annuaire officiel),etab_qualifiant_total,education,"Nombre d'établissements scolaires — Établissements qualifiant public + privé (Annuaire officiel). Source officielle, année scolaire 2023-2024. Disponible au niveau région et province uniquement (l'Annuaire ne descend pas à la commune).",nombre,"Annuaire Statistique du Maroc 2024 (HCP), Chapitre XI — Tableaux 11-26 et 11-32",2023-2024,actif,education_etablissements_officiel,long,valeur,etab_qualifiant_total,territoire_id,Établissements qualifiant public + privé (Annuaire officiel),Éducation
